contract_id,contract_number,customer_id,account_manager_id,contract_tier,contract_status,start_date,end_date_raw,minimum_monthly_commitment,deposit_amount,billing_currency,cancellation_reason
1,CTR-2024-00001,157,68,strategic ,Active,2024-07-19,2025-07-19,25000.00,10000.00,CAD,
2,CTR-2024-00002,1219,22,Standard,Active,2024-08-12,2026-08-12,1000.00,2500.00,GBP,
3,CTR-2025-00003,2210,193,Standard,Active,2025-08-22,2026-08-22,5000.00,2500.00,USD,
4,CTR-2023-00004,25,187,Spot,Active,2023-12-21,2024-12-20,10000.00,0.00,USD,
5,CTR-2024-00005,1659,210,Strategic,active,2024-03-19,2024-09-15,10000.00,2500.00,USD,
6,CTR-2023-00006,1152,231,Spot,Active,2023-04-26,2024-04-25,25000.00,500.00,USD,
7,CTR-2024-00007,2428,20,Strategic,Suspended,2024-03-19,2027-03-19,5000.00,500.00,USD,
8,CTR-2024-00008,1246,69,Standard,Active,2024-05-26,2026-05-26,10000.00,1000.00,EUR,
9,CTR-2023-00009,862,12,strategic ,Expired,2023-07-03,2024-07-02,2500.00,0.00,USD,
10,CTR-2024-00010,402,269,Standard,Active,2024-05-06,2026-05-06,5000.00,500.00,USD,
11,CTR-2025-00011,1891,273,Preferred,Cancelled,2025-09-29,2027-09-29,1000.00,2500.00,usd, 
12,CTR-2024-00012,103,254,Strategic,Cancelled,2024-09-04,2025-09-04,25000.00,5000.00,USD,Moved to competitor
13,CTR-2024-00013,1007,278,Strategic,Active,2024-08-11,2026-08-11,5000.00,0.00,GBP,
14,CTR-2024-00014,637,39,Spot,Active,2024-12-26,2027-12-26,2500.00,5000.00,USD,
15,CTR-2025-00015,2155,7,Strategic,Expired,2025-04-16,2026-04-16,10000.00,1000.00,GBP,
16,CTR-2025-00016,1187,64,strategic ,Active,2025-03-20,2028-03-19,2500.00,0.00,USD,
17,CTR-2025-00017,1612,105,Standard,Active,2025-06-08,08/06/2026,1000.00,5000.00,USD,
18,CTR-2025-00018,2274,234,strategic ,Active,2025-02-08,2026-02-08,10000.00,5000.00,USD,
19,CTR-2024-00019,58,299,Preferred,Active,2024-11-18,2025-11-18,25000.00,5000.00,USD,
20,CTR-2023-00020,1906,243,Standard,Suspended,2023-12-30,2024-06-27,2500.00,500.00,USD,
21,CTR-2024-00021,2197,242,Standard,Cancelled,2024-09-06,2025-09-06,500.00,10000.00,GBP, 
22,CTR-2024-00022,785,152,Spot,Cancelled,2024-04-12,2025-04-12,1000.00,500.00,USD, 
23,CTR-2023-00023,1024,60,Strategic,Active,2023-12-06,2024-06-03,500.00,0.00,USD,
24,CTR-2024-00024,1119,108,Preferred,Expired,2024-02-05,2025-02-04,2500.00,1000.00,USD,
25,CTR-2023-00025,1210,69,strategic ,Cancelled,2023-02-03,2024-02-03,10000.00,2500.00,USD, 
26,CTR-2025-00026,1739,12,Preferred,Expired,2025-07-07,06/07/2028,500.00,10000.00,USD,
27,CTR-2023-00027,2380,146,Spot,Cancelled,2023-08-24,2025-08-23,1000.00,10000.00,EUR,Moved to competitor
28,CTR-2024-00028,1765,7,Spot,Cancelled,2024-08-30,26/02/2025,5000.00,10000.00,USD,Moved to competitor
29,CTR-2024-00029,2145,269,Strategic,Active,2024-10-19,2026-10-19,25000.00,0.00,EUR,
30,CTR-2025-00030,1572,280,Strategic,Cancelled,2025-03-16,2025-09-12,2500.00,5000.00,USD, 
31,CTR-2025-00031,1992,26,Spot,Cancelled,2025-04-24,2026-04-24,5000.00,1000.00,EUR,Price increase
32,CTR-2024-00032,245,22,strategic ,Active,2024-07-11,2025-01-07,2500.00,2500.00,USD,
33,CTR-2023-00033,1045,15,Standard,Active,2023-05-09,2025-05-08,2500.00,10000.00,USD,
34,CTR-2025-00034,1099,149,Strategic,Active,2025-05-20,2026-05-20,5000.00,500.00,usd,
35,CTR-2025-00035,2059,310,Strategic,Active,2025-07-07,2026-01-03,1000.00,10000.00,CAD,
36,CTR-2024-00036,2359,119,Spot,Active,2024-03-11,2025-03-11,2500.00,0.00,USD,
37,CTR-2023-00037,683,193,Strategic,Active,2023-02-08, 2024-02-08 ,25000.00,500.00,usd,
38,CTR-2024-00038,363,57,Preferred,Active,2024-09-10,10/09/2025,25000.00,5000.00,USD,
39,CTR-2024-00039,1050,236,Preferred,Active,2024-01-17, 2025-01-16 ,10000.00,500.00,USD,
40,CTR-2023-00040,1502,39,strategic ,active,2023-12-23,2025-12-22,10000.00,500.00,GBP,
41,CTR-2025-00041,1880,12,Spot,Expired,2025-04-11,2027-04-11,2500.00,5000.00,GBP,
42,CTR-2024-00042,157,299,Spot,Active,2024-06-21,21/06/2026,25000.00,0.00,USD,
43,CTR-2024-00043,1929,193,Spot,Cancelled,2024-11-26,2025-11-26,25000.00,500.00,USD,Unknown
44,CTR-2024-00044,1279,193,Preferred,Active,2024-01-24,2024-07-22,1000.00,2500.00,GBP,
45,CTR-2023-00045,139,26,Spot,Cancelled,2023-01-26,2023-07-25,10000.00,10000.00,USD,Customer consolidation
46,CTR-2023-00046,2047,165,Spot,Active,2023-09-22,2024-09-21,25000.00,1000.00,USD,
47,CTR-2025-00047,243,67,Preferred,Active,2025-09-02,2028-09-01,500.00,0.00,USD,
48,CTR-2025-00048,1725,290,Spot,Active,2025-04-09,2027-04-09,5000.00,10000.00,USD,
49,CTR-2024-00049,386,248,strategic ,Active,2024-05-19,2025-05-19,2500.00,1000.00,usd,
50,CTR-2024-00050,99,290,strategic ,Cancelled,2024-09-09,09/09/2025,10000.00,500.00,USD,Unknown
51,CTR-2025-00051,45,41,strategic ,Expired,2025-01-22,2025-07-21,5000.00,500.00,USD,
52,CTR-2023-00052,1525,7,Spot,active,2023-09-04,2025-09-03,10000.00,0.00,CAD,
53,CTR-2024-00053,1464,266,Preferred,Cancelled,2024-05-16,2026-05-16,5000.00,500.00,USD, 
54,CTR-2023-00054,7,241,Spot,Cancelled,2023-10-04,2025-10-03,5000.00,500.00,EUR,Moved to competitor
55,CTR-2024-00055,1144,240,Standard,Active,2024-06-28,28/06/2027,1000.00,1000.00,GBP,
56,CTR-2023-00056,2041,74,strategic ,Suspended,2023-08-21,2026-08-20,25000.00,2500.00,EUR,
57,CTR-2024-00057,633,191,Preferred,Active,2024-02-13,2/12/2025,25000.00,0.00,USD,
58,CTR-2024-00058,2410,269,Preferred,Expired,2024-01-04,2025-01-03,500.00,10000.00,USD,
59,CTR-2023-00059,1379,106,strategic ,Expired,2023-02-06,2023-08-05,5000.00,500.00,USD,
60,CTR-2024-00060,903,108,Standard,active,2024-01-12,2027-01-11,25000.00,2500.00,USD,
61,CTR-2024-00061,2271,231,Standard,Active,2024-08-12,2026-08-12,2500.00,10000.00,USD,
62,CTR-2023-00062,347,22,Preferred,Active,2023-12-09,08/12/2024,500.00,2500.00,CAD,
63,CTR-2024-00063,279,266,strategic ,Expired,2024-10-25,2025-04-23,1000.00,1000.00,USD,
64,CTR-2024-00064,1163,33,Standard,Active,2024-04-25,2025-04-25,1000.00,1000.00,EUR,
65,CTR-2024-00065,716,310,Preferred,Active,2024-02-12,2025-02-11,10000.00,5000.00,USD,
66,CTR-2023-00066,1497,57,strategic ,Active,2023-09-02,2024-09-01,2500.00,500.00,USD,
67,CTR-2025-00067,1811,20,strategic ,Active,2025-02-06,06/02/2026,1000.00,2500.00,USD,
68,CTR-2024-00068,1791,254,Strategic,Expired,2024-08-30,2/26/2025,5000.00,2500.00,usd,
69,CTR-2023-00069,139,220,strategic ,Active,2023-06-23,2024-06-22,1000.00,10000.00,GBP,
70,CTR-2025-00070,2332,231,Strategic,Active,2025-03-21,2027-03-21,5000.00,500.00,CAD,
71,CTR-2025-00071,1929,121,Spot,Suspended,2025-07-10,2027-07-10,10000.00,2500.00,USD,
72,CTR-2024-00072,2462,226,Strategic,active,2024-06-10,2026-06-10,5000.00,2500.00,USD,
73,CTR-2023-00073,412,20,strategic ,Cancelled,2023-09-05,2026-09-04,25000.00,2500.00,USD,Customer consolidation
74,CTR-2024-00074,1183,19,Strategic,Cancelled,2024-11-11,2027-11-11,10000.00,10000.00,USD, 
75,CTR-2024-00075,685,190,Spot,Expired,2024-05-18,2024-11-14,500.00,1000.00,USD,
76,CTR-2024-00076,936,12,Strategic,Cancelled,2024-06-14,2025-06-14,25000.00,2500.00,USD,Customer consolidation
77,CTR-2023-00077,1618,241,Standard,Active,2023-05-27,2023-11-23,5000.00,5000.00,USD,
78,CTR-2023-00078,2002,193,Spot,Cancelled,2023-02-08,2024-02-08,1000.00,0.00,USD, 
79,CTR-2023-00079,2238,295,Standard,Active,2023-03-05,2025-03-04,10000.00,500.00,EUR,
80,CTR-2023-00080,2021,193,strategic ,Active,2023-09-20,2026-09-19,2500.00,1000.00,USD,
81,CTR-2025-00081,219,210,strategic ,Active,2025-06-20,2028-06-19,2500.00,0.00,USD,
82,CTR-2023-00082,42,156,Strategic,Expired,2023-03-03,2024-03-02,1000.00,500.00,USD,
83,CTR-2025-00083,940,14,strategic ,Active,2025-09-23,2026-09-23,500.00,5000.00,USD,
84,CTR-2025-00084,1606,22,Spot,Active,2025-07-28,2027-07-28,10000.00,0.00,CAD,
85,CTR-2023-00085,1625,165,Preferred,Suspended,2023-12-05,2024-06-02,25000.00,500.00,USD,
86,CTR-2024-00086,2242,218,Strategic,Active,2024-05-08,2026-05-08,5000.00,5000.00,USD,
87,CTR-2023-00087,1616,149,Standard,Cancelled,2023-08-18, 2026-08-17 ,2500.00,500.00,USD,Moved to competitor
88,CTR-2024-00088,1455,243,Strategic,Active,2024-08-15,2025-08-15,5000.00,0.00,USD,
89,CTR-2025-00089,676,94,Preferred,Active,2025-10-08,2028-10-07,2500.00,500.00,USD,
90,CTR-2023-00090,176,51,strategic ,active,2023-01-01,2023-06-30,500.00,10000.00,USD,
91,CTR-2024-00091,1938,191,Strategic,Expired,2024-04-15,2025-04-15,10000.00,10000.00,USD,
92,CTR-2024-00092,1861,179,Spot,Active,2024-08-19,2025-02-15,5000.00,10000.00,USD,
93,CTR-2025-00093,448,39,Strategic,Active,2025-09-25,2026-09-25,10000.00,2500.00,USD,
94,CTR-2023-00094,2011,22,strategic ,active,2023-07-04,2026-07-03,5000.00,1000.00,USD,
95,CTR-2023-00095,2310,236,Standard,Cancelled,2023-07-04,2025-07-03,10000.00,5000.00,USD,Unknown
96,CTR-2023-00096,1615,226,Preferred,Active,2023-03-26,2023-09-22,500.00,5000.00,CAD,
97,CTR-2023-00097,1629,210,Strategic,Suspended,2023-07-30,2024-01-26,5000.00,0.00,USD,
98,CTR-2023-00098,438,156,strategic ,Expired,2023-01-01,2024-12-31,25000.00,5000.00,USD,
99,CTR-2024-00099,2139,68,Strategic,Cancelled,2024-03-23, 2025-03-23 ,25000.00,0.00,USD,Moved to competitor
100,CTR-2024-00100,2085,74,Standard,Active,2024-09-03,2025-09-03,2500.00,500.00,USD,
101,CTR-2024-00101,2217,290,strategic ,Cancelled,2024-05-13,2025-05-13,25000.00,10000.00,USD,Unknown
102,CTR-2025-00102,49,121,strategic ,Expired,2025-04-07,2028-04-06,10000.00,0.00,EUR,
103,CTR-2024-00103,2232,218,strategic ,Cancelled,2024-12-29,2025-12-29,500.00,5000.00,USD,Moved to competitor
104,CTR-2024-00104,1875,22,Strategic,Active,2024-04-28,2026-04-28,500.00,500.00,USD,
105,CTR-2024-00105,433,234,Strategic,Active,2024-12-27,2026-12-27,5000.00,0.00,EUR,
106,CTR-2024-00106,913,240,Strategic,Active,2024-06-27,2026-06-27,2500.00,500.00,USD,
107,CTR-2024-00107,438,201,strategic ,Expired,2024-06-28,2026-06-28,10000.00,5000.00,EUR,
108,CTR-2024-00108,2210,254,strategic ,Cancelled,2024-01-14,2025-01-13,25000.00,0.00,USD,Unknown
109,CTR-2025-00109,980,210,strategic ,Active,2025-03-21,2026/03/21,25000.00,0.00,USD,
110,CTR-2025-00110,1064,252,Spot,Suspended,2025-03-25,2027-03-25,25000.00,1000.00,USD,
111,CTR-2024-00111,122,39,Spot,Cancelled,2024-06-04,6/4/2025,2500.00,500.00,USD,Service unreliability
112,CTR-2025-00112,1103,273,Preferred,Active,2025-01-09,2027-01-09,500.00,5000.00,USD,
113,CTR-2024-00113,2085,249,strategic ,active,2024-06-28,2025-06-28,2500.00,10000.00,USD,
114,CTR-2024-00114,107,26,Strategic,Active,2024-09-17,2027-09-17,5000.00,5000.00,USD,
115,CTR-2024-00115,1521,119,strategic ,Active,2024-05-09,2025-05-09,10000.00,1000.00,USD,
116,CTR-2023-00116,320,14,Preferred,Active,2023-02-06,2024-02-06,5000.00,500.00,CAD,
117,CTR-2025-00117,2010,82,Standard,Active,2025-05-07,03/11/2025,2500.00,2500.00,CAD,
118,CTR-2025-00118,632,295,Strategic,Active,2025-01-28,2027-01-28,1000.00,500.00,USD,
119,CTR-2024-00119,1675,7,Preferred,Cancelled,2024-02-02,2024-07-31,2500.00,1000.00,USD,Unknown
120,CTR-2024-00120,1931,165,Spot,Cancelled,2024-02-29,2024/08/27,25000.00,1000.00,USD, 
121,CTR-2025-00121,1434,190,Spot,Active,2025-01-19,19/01/2026,5000.00,1000.00,GBP,
122,CTR-2023-00122,2184,269,strategic ,active,2023-02-21,2025-02-20,500.00,5000.00,USD,
123,CTR-2023-00123,1164,193,strategic ,active,2023-05-26,2024-05-25,25000.00,2500.00,EUR,
124,CTR-2023-00124,892,242,strategic ,Active,2023-12-20,2024-06-17,5000.00,5000.00,EUR,
125,CTR-2023-00125,1916,64,strategic ,Expired,2023-05-27,2025-05-26,5000.00,2500.00,CAD,
126,CTR-2024-00126,447,19,strategic ,Active,2024-08-10,2025-02-06,10000.00,0.00,CAD,
127,CTR-2023-00127,1490,79,Preferred,Cancelled,2023-11-15,2024-11-14,2500.00,5000.00,CAD,Customer consolidation
128,CTR-2023-00128,70,106,Spot,Active,2023-02-15,2025-02-14,2500.00,10000.00,USD,
129,CTR-2023-00129,1839,57,Standard,Active,2023-01-09,2024/01/09,2500.00,1000.00,USD,
130,CTR-2023-00130,1408,57,Spot,Suspended,2023-05-25,11/21/2023,2500.00,10000.00,USD,
131,CTR-2024-00131,2444,299,Strategic,Expired,2024-12-23,2025-12-23,500.00,500.00,EUR,
132,CTR-2023-00132,1596,78,Strategic,Active,2023-05-04,2026-05-03,500.00,500.00,USD,
133,CTR-2025-00133,916,243,Preferred,Active,2025-02-28,2028-02-28,25000.00,0.00,EUR,
134,CTR-2023-00134,2086,14,Standard,Active,2023-06-11,2026-06-10,10000.00,0.00,USD,
135,CTR-2025-00135,507,14,Standard,Cancelled,2025-04-29,2026/04/29,25000.00,1000.00,USD,Customer consolidation
136,CTR-2024-00136,83,267,Strategic,Expired,2024-06-01,2026-06-01,5000.00,5000.00,CAD,
137,CTR-2023-00137,895,289,Strategic,Cancelled,2023-02-27,2024-02-27,25000.00,5000.00,GBP,Unknown
138,CTR-2024-00138,1910,299,Strategic,Expired,2024-09-16,2027-09-16,25000.00,10000.00,USD,
139,CTR-2024-00139,2239,289,Strategic,Active,2024-08-17, 2025-08-17 ,10000.00,1000.00,USD,
140,CTR-2023-00140,657,30,Standard,active,2023-09-13,2024/09/12,10000.00,500.00,GBP,
141,CTR-2025-00141,1424,82,Spot,active,2025-03-18,2026-03-18,500.00,1000.00,USD,
142,CTR-2023-00142,2329,236,strategic ,Expired,2023-09-22,2024-09-21,10000.00,0.00,USD,
143,CTR-2023-00143,872,12,Spot,Active,2023-04-02,2026-04-01,5000.00,500.00,USD,
144,CTR-2024-00144,306,7,Spot,Expired,2024-07-03,2025-07-03,10000.00,5000.00,USD,
145,CTR-2025-00145,2422,51,Standard,Expired,2025-02-06,2026-02-06,1000.00,0.00,USD,
146,CTR-2024-00146,1645,295,Standard,Expired,2024-01-08, 2026-01-07 ,5000.00,10000.00,USD,
147,CTR-2023-00147,1932,269,Spot,Active,2023-07-31,30/07/2024,5000.00,5000.00,USD,
148,CTR-2024-00148,471,51,Standard,Active,2024-06-13,2024-12-10,25000.00,0.00,USD,
149,CTR-2024-00149,2243,39,Standard,Cancelled,2024-04-28,4/28/2025,1000.00,10000.00,USD,Service unreliability
150,CTR-2025-00150,2222,119,Strategic,Cancelled,2025-09-26,2026-03-25,2500.00,2500.00,USD,Moved to competitor
151,CTR-2023-00151,2168,187,strategic ,Expired,2023-03-20,3/19/2026,500.00,10000.00,USD,
152,CTR-2023-00152,491,242,strategic ,active,2023-04-19,2023-10-16,2500.00,5000.00,USD,
153,CTR-2023-00153,66,51,Strategic,Active,2023-08-07,2025-08-06,10000.00,5000.00,USD,
154,CTR-2023-00154,834,22,Spot,Active,2023-03-14,2024-03-13,1000.00,0.00,USD,
155,CTR-2023-00155,397,236,Spot,Active,2023-01-09,2025-01-08,1000.00,1000.00,USD,
156,CTR-2023-00156,1289,30,Standard,active,2023-12-14,13/12/2024,500.00,1000.00,USD,
157,CTR-2025-00157,1902,226,strategic ,Expired,2025-01-26,2026-01-26,2500.00,2500.00,USD,
158,CTR-2023-00158,615,74,Strategic,Active,2023-10-11,2024-10-10,25000.00,5000.00,USD,
159,CTR-2023-00159,2363,266,strategic ,Active,2023-03-30,2024-03-29,500.00,500.00,USD,
160,CTR-2024-00160,1079,267,Standard,Active,2024-07-06,06/07/2026,10000.00,2500.00,USD,
161,CTR-2025-00161,1796,156,Strategic,Active,2025-05-19,2028-05-18,25000.00,2500.00,USD,
162,CTR-2025-00162,1232,280,Preferred,Cancelled,2025-02-18,2025-08-17,5000.00,1000.00,EUR,Service unreliability
163,CTR-2025-00163,527,262,Spot,Active,2025-01-21,1/21/2026,10000.00,5000.00,CAD,
164,CTR-2024-00164,812,234,Preferred,Active,2024-05-17,2025-05-17,1000.00,0.00,USD,
165,CTR-2024-00165,1736,51,Spot,Suspended,2024-04-16,2024-10-13,5000.00,500.00,CAD,
166,CTR-2023-00166,1877,258,Strategic,active,2023-01-03,2024-01-03,2500.00,0.00,USD,
167,CTR-2024-00167,2241,128,strategic ,Active,2024-04-24,2025-04-24,5000.00,2500.00,USD,
168,CTR-2024-00168,2449,258,Strategic,active,2024-04-23,2025-04-23,10000.00,500.00,USD,
169,CTR-2023-00169,2479,239,Preferred,Active,2023-03-11,2024-03-10,500.00,1000.00,usd,
170,CTR-2024-00170,2440,39,Standard,Active,2024-06-14,2027/06/14,25000.00,0.00,USD,
171,CTR-2024-00171,1221,192,Spot,Active,2024-10-11,2025-10-11,500.00,500.00,USD,
172,CTR-2023-00172,1583,257,strategic ,Active,2023-02-05,2024-02-05,10000.00,5000.00,GBP,
173,CTR-2025-00173,1307,74,strategic ,Active,2025-08-21,2026-08-21,25000.00,2500.00,USD,
174,CTR-2023-00174,323,152,Standard,Cancelled,2023-05-05,2026-05-04,500.00,10000.00,USD,Customer consolidation
175,CTR-2023-00175,708,149,Preferred,Active,2023-08-17,2024-08-16,5000.00,0.00,CAD,
176,CTR-2025-00176,1373,299,Preferred,Active,2025-03-27,2028-03-26,2500.00,5000.00,USD,
177,CTR-2023-00177,1139,147,strategic ,Cancelled,2023-10-11,2024-04-08,2500.00,5000.00,usd,Customer consolidation
178,CTR-2025-00178,1304,51,Standard,Active,2025-03-31,2027-03-31,500.00,10000.00,USD,
179,CTR-2024-00179,2476,201,Spot,Active,2024-06-16,6/16/2025,1000.00,0.00,USD,
180,CTR-2023-00180,851,310,Spot,Active,2023-03-14,2026/03/13,10000.00,2500.00,USD,
181,CTR-2025-00181,1149,220,Spot,Active,2025-06-20,2026-06-20,500.00,10000.00,USD,
182,CTR-2024-00182,251,236,Spot,Cancelled,2024-08-26,2025/02/22,2500.00,500.00,USD,Unknown
183,CTR-2025-00183,1518,68,Preferred,active,2025-01-29,2025-07-28,500.00,5000.00,USD,
184,CTR-2023-00184,940,243,Standard,active,2023-11-05,2024-05-03,25000.00,10000.00,USD,
185,CTR-2024-00185,1139,119,Spot,Expired,2024-10-12,2027-10-12,25000.00,10000.00,USD,
186,CTR-2025-00186,1006,191,Strategic,Active,2025-07-07,2026-07-07,25000.00,10000.00,USD,
187,CTR-2025-00187,242,14,Preferred,Active,2025-02-07,2028-02-07,1000.00,1000.00,USD,
188,CTR-2023-00188,1524,218,Preferred,Active,2023-08-13,8/12/2024,5000.00,5000.00,EUR,
189,CTR-2025-00189,1086,201,strategic ,Expired,2025-01-27,2028-01-27,2500.00,10000.00,USD,
190,CTR-2024-00190,16,51,Spot,Expired,2024-01-15,2025-01-14,2500.00,500.00,USD,
191,CTR-2025-00191,1647,140,strategic ,Active,2025-05-10,2025-11-06,25000.00,2500.00,USD,
192,CTR-2024-00192,2386,7,strategic ,Cancelled,2024-01-21,2025-01-20,2500.00,10000.00,USD,Service unreliability
193,CTR-2023-00193,158,94,Strategic,Active,2023-03-14,2023-09-10,10000.00,2500.00,USD,
194,CTR-2025-00194,985,67,Spot,Active,2025-04-15,4/15/2027,10000.00,5000.00,USD,
195,CTR-2023-00195,542,7,strategic ,Cancelled,2023-12-25,2024-12-24,5000.00,2500.00,CAD, 
196,CTR-2023-00196,819,105,strategic ,Active,2023-05-03,2024-05-02,2500.00,2500.00,USD,
197,CTR-2024-00197,1405,226,Preferred,Cancelled,2024-09-12,2027-09-12,25000.00,1000.00,USD, 
198,CTR-2025-00198,1514,140,Standard,Active,2025-03-15,2027-03-15,2500.00,500.00,USD,
199,CTR-2025-00199,1279,201,Spot,Cancelled,2025-01-20,2027-01-20,25000.00,5000.00,USD, 
200,CTR-2023-00200,1802,254,Spot,active,2023-06-13,2026-06-12,25000.00,10000.00,USD,
201,CTR-2025-00201,272,273,Spot,Active,2025-04-13,2026-04-13,25000.00,10000.00,USD,
202,CTR-2024-00202,1679,57,Strategic,Active,2024-05-05,2026-05-05,500.00,10000.00,USD,
203,CTR-2023-00203,1951,296,strategic ,Cancelled,2023-09-29,2024-09-28,5000.00,5000.00,USD,Customer consolidation
204,CTR-2025-00204,281,69,Preferred,Active,2025-05-18,2026-05-18,1000.00,500.00,USD,
205,CTR-2024-00205,882,258,Standard,Cancelled,2024-12-26,2025-12-26,500.00,2500.00,USD,Unknown
206,CTR-2025-00206,2270,60,Preferred,Active,2025-08-10,2027-08-10,5000.00,1000.00,USD,
207,CTR-2023-00207,488,12,Strategic,Active,2023-05-03,2025-05-02,10000.00,5000.00,USD,
208,CTR-2023-00208,630,254,Preferred,Active,2023-10-22,2024-04-19,500.00,2500.00,usd,
209,CTR-2024-00209,1530,156,Strategic,Active,2024-05-24,2025-05-24,10000.00,2500.00,USD,
210,CTR-2025-00210,533,7,strategic ,Expired,2025-08-05,2026-02-01,5000.00,0.00,USD,
211,CTR-2024-00211,2294,190,Preferred,Active,2024-06-04,6/4/2025,500.00,500.00,USD,
212,CTR-2023-00212,2103,149,Spot,Active,2023-12-21,2024-12-20,25000.00,1000.00,USD,
213,CTR-2023-00213,1101,245,Spot,Cancelled,2023-05-20,2023-11-16,5000.00,500.00,USD, 
214,CTR-2025-00214,1862,165,Spot,active,2025-07-12,2028-07-11,25000.00,2500.00,USD,
215,CTR-2024-00215,2180,242,Preferred,Active,2024-11-21,2025-11-21,2500.00,10000.00,USD,
216,CTR-2023-00216,1560,147,Standard,Expired,2023-12-30,2026-12-29,5000.00,10000.00,USD,
217,CTR-2025-00217,1807,174,strategic ,Expired,2025-09-08,2028-09-07,10000.00,10000.00,USD,
218,CTR-2025-00218,235,190,strategic ,Active,2025-01-26,2028-01-26,25000.00,10000.00,USD,
219,CTR-2024-00219,2345,241,Spot,Active,2024-04-12,2026-04-12,5000.00,10000.00,GBP,
220,CTR-2025-00220,2073,119,strategic ,Active,2025-05-27,2026-05-27,5000.00,1000.00,EUR,
221,CTR-2024-00221,1294,241,Spot,Active,2024-10-08,2025-10-08,10000.00,500.00,USD,
222,CTR-2025-00222,639,226,strategic ,Active,2025-05-28,2026-05-28,5000.00,0.00,USD,
223,CTR-2025-00223,300,68,Standard,Expired,2025-01-30,2026-01-30,1000.00,1000.00,USD,
224,CTR-2023-00224,58,68,Spot,Cancelled,2023-10-28,2024-10-27,500.00,2500.00,usd,Customer consolidation
225,CTR-2023-00225,860,128,Standard,Active,2023-07-18,2026-07-17,1000.00,0.00,USD,
226,CTR-2023-00226,1836,187,Standard,Active,2023-10-20,2025-10-19,5000.00,0.00,USD,
227,CTR-2023-00227,455,15,strategic ,Active,2023-05-27,26/05/2024,1000.00,5000.00,USD,
228,CTR-2023-00228,2083,64,Preferred,Cancelled,2023-08-10,2024-08-09,5000.00,500.00,CAD,Customer consolidation
229,CTR-2025-00229,1818,299,Preferred,Suspended,2025-04-11,4/10/2028,5000.00,500.00,EUR,
230,CTR-2024-00230,2316,240,Preferred,Expired,2024-06-28,2025-06-28,2500.00,2500.00,USD,
231,CTR-2024-00231,556,258,Standard,active,2024-11-28,11/28/2025,25000.00,0.00,USD,
232,CTR-2024-00232,1211,147,Spot,Active,2024-04-30,2027-04-30,5000.00,10000.00,USD,
233,CTR-2023-00233,1037,78,Standard,Cancelled,2023-12-19,2024-12-18,10000.00,10000.00,usd, 
234,CTR-2025-00234,2365,254,strategic ,Active,2025-05-22,2025-11-18,2500.00,5000.00,USD,
235,CTR-2025-00235,350,273,Preferred,Active,2025-01-02,2026-01-02,500.00,2500.00,USD,
236,CTR-2024-00236,238,193,Spot,Active,2024-05-15,2025-05-15,10000.00,5000.00,USD,
237,CTR-2025-00237,741,146,Standard,Active,2025-07-26,2026-07-26,500.00,0.00,USD,
238,CTR-2025-00238,2490,68,Preferred,Expired,2025-02-04,2027-02-04,5000.00,500.00,USD,
239,CTR-2024-00239,301,33,Preferred,Active,2024-11-09,2027-11-09,500.00,5000.00,USD,
240,CTR-2023-00240,2273,165,Spot,Active,2023-09-15,2024-09-14,10000.00,0.00,USD,
241,CTR-2023-00241,2316,299,Preferred,Active,2023-11-26,2024-05-24,25000.00,2500.00,USD,
242,CTR-2023-00242,1941,190,Standard,Active,2023-05-04,2026/05/03,25000.00,0.00,USD,
243,CTR-2025-00243,434,60,Spot,Active,2025-05-03,2026-05-03,500.00,1000.00,USD,
244,CTR-2025-00244,1702,94,Strategic,Cancelled,2025-04-10,2027-04-10,500.00,10000.00,EUR,Price increase
245,CTR-2023-00245,1969,128,Strategic,Active,2023-12-29,2024-12-28,10000.00,500.00,usd,
246,CTR-2024-00246,2431,60,strategic ,Cancelled,2024-08-20,2025-08-20,5000.00,10000.00,EUR, 
247,CTR-2024-00247,2371,243,Strategic,Active,2024-01-13,2025-01-12,5000.00,2500.00,USD,
248,CTR-2023-00248,693,57,Strategic,Active,2023-06-23,2024-06-22,2500.00,5000.00,USD,
249,CTR-2023-00249,259,67,Strategic,Expired,2023-02-06,2024-02-06,25000.00,2500.00,USD,
250,CTR-2024-00250,1477,289,Preferred,Cancelled,2024-02-12,2024-08-10,1000.00,10000.00,usd,Moved to competitor
251,CTR-2023-00251,1887,183,Standard,Active,2023-06-05,2023-12-02,25000.00,0.00,USD,
252,CTR-2024-00252,39,165,Strategic,Active,2024-12-30,2025-06-28,10000.00,10000.00,USD,
253,CTR-2023-00253,2366,192,Strategic,Cancelled,2023-04-01,3/31/2024,2500.00,1000.00,USD,Service unreliability
254,CTR-2025-00254,2092,280,Spot,Expired,2025-10-16,2028-10-15,25000.00,0.00,USD,
255,CTR-2023-00255,957,240,Preferred,Active,2023-11-10,2024-05-08,5000.00,1000.00,EUR,
256,CTR-2025-00256,2436,79,Standard,Active,2025-10-03,10/3/2026,5000.00,2500.00,USD,
257,CTR-2025-00257,1566,146,strategic ,Active,2025-02-22,2026-02-22,25000.00,5000.00,USD,
258,CTR-2023-00258,1207,248,Standard,Expired,2023-10-06,2026-10-05,500.00,2500.00,CAD,
259,CTR-2025-00259,1372,83,strategic ,Cancelled,2025-08-02,2026-08-02,5000.00,10000.00,USD,Customer consolidation
260,CTR-2023-00260,1149,187,Preferred,Active,2023-10-07,2026-10-06,500.00,10000.00,USD,
261,CTR-2023-00261,1215,82,Preferred,Active,2023-04-16,2023-10-13,1000.00,5000.00,USD,
262,CTR-2025-00262,2229,269,Standard,Cancelled,2025-08-11,2027/08/11,500.00,2500.00,usd, 
263,CTR-2023-00263,1347,26,Standard,Suspended,2023-01-15,2024-01-15,5000.00,1000.00,USD,
264,CTR-2024-00264,1335,57,Preferred,Cancelled,2024-02-20,2024-08-18,500.00,500.00,USD,Unknown
265,CTR-2025-00265,2209,7,Standard,Active,2025-06-17,2028-06-16,10000.00,1000.00,USD,
266,CTR-2024-00266,999,191,strategic ,Expired,2024-06-02,2027-06-02,1000.00,0.00,USD,
267,CTR-2023-00267,1310,94,Spot,Active,2023-06-28,2024-06-27,25000.00,10000.00,CAD,
268,CTR-2024-00268,2121,192,Standard,Active,2024-03-21,2026-03-21,1000.00,2500.00,USD,
269,CTR-2025-00269,570,187,Spot,Suspended,2025-07-08,2026-07-08,5000.00,500.00,GBP,
270,CTR-2025-00270,283,240,Spot,Expired,2025-01-01,2028-01-01,1000.00,500.00,USD,
271,CTR-2025-00271,1565,289,Spot,Cancelled,2025-02-10, 2027-02-10 ,500.00,5000.00,USD,Moved to competitor
272,CTR-2024-00272,439,146,Preferred,Expired,2024-12-08,2025-12-08,10000.00,1000.00,EUR,
273,CTR-2024-00273,2040,83,Standard,Active,2024-05-27,2025-05-27,2500.00,10000.00,GBP,
274,CTR-2023-00274,2317,243,Standard,Active,2023-09-28,2024-09-27,500.00,0.00,USD,
275,CTR-2023-00275,331,57,Spot,Cancelled,2023-02-02,2/1/2025,25000.00,1000.00,CAD,Moved to competitor
276,CTR-2025-00276,2150,240,Standard,Cancelled,2025-01-14,2027-01-14,10000.00,500.00,USD,Customer consolidation
277,CTR-2024-00277,1225,119,Spot,Active,2024-04-14,2025-04-14,5000.00,10000.00,CAD,
278,CTR-2024-00278,180,174,Strategic,Active,2024-08-29,2026-08-29,10000.00,10000.00,USD,
279,CTR-2025-00279,2256,121,strategic ,Active,2025-06-28,2027-06-28,5000.00,1000.00,EUR,
280,CTR-2024-00280,1906,240,strategic ,Active,2024-06-17,2025-06-17,2500.00,500.00,usd,
281,CTR-2023-00281,2163,22,strategic ,active,2023-04-03,2025-04-02,500.00,5000.00,USD,
282,CTR-2025-00282,1813,234,Preferred,Cancelled,2025-05-01,2026-05-01,10000.00,500.00,EUR,Price increase
283,CTR-2023-00283,1052,68,strategic ,Active,2023-12-08,12/7/2025,500.00,2500.00,CAD,
284,CTR-2023-00284,2351,289,Standard,Active,2023-05-28,2026-05-27,2500.00,5000.00,GBP,
285,CTR-2023-00285,177,310,Strategic,Cancelled,2023-06-06,2026-06-05,5000.00,1000.00,USD,Moved to competitor
286,CTR-2025-00286,667,12,Strategic,Active,2025-01-28,2025-07-27,5000.00,1000.00,USD,
287,CTR-2024-00287,1365,79,Spot,Expired,2024-03-21,2027-03-21,1000.00,5000.00,USD,
288,CTR-2024-00288,758,187,strategic ,Expired,2024-05-11,2025-05-11,500.00,0.00,USD,
289,CTR-2024-00289,1692,242,Preferred,Active,2024-01-30,2025-01-29,5000.00,1000.00,USD,
290,CTR-2025-00290,1751,269,Preferred,Active,2025-07-15,2028-07-14,2500.00,0.00,USD,
291,CTR-2023-00291,185,248,Strategic,Cancelled,2023-10-26,2024-10-25,25000.00,5000.00,usd, 
292,CTR-2024-00292,899,193,Strategic,Cancelled,2024-11-05,2026-11-05,500.00,1000.00,USD, 
293,CTR-2023-00293,1673,161,Strategic,Cancelled,2023-01-24,2026-01-23,10000.00,5000.00,USD, 
294,CTR-2023-00294,2466,187,Spot,Active,2023-10-27,4/24/2024,10000.00,5000.00,USD,
295,CTR-2024-00295,2040,254,Strategic,Active,2024-03-14,2025-03-14,1000.00,2500.00,USD,
296,CTR-2024-00296,568,140,Preferred,Active,2024-07-29,2027-07-29,2500.00,500.00,USD,
297,CTR-2024-00297,2208,273,Preferred,Active,2024-11-26,2026-11-26,1000.00,1000.00,USD,
298,CTR-2023-00298,384,226,Spot,Active,2023-09-20,2024-03-18,2500.00,10000.00,USD,
299,CTR-2024-00299,2015,236,Strategic,Active,2024-08-10,2025-02-06,1000.00,500.00,CAD,
300,CTR-2023-00300,1109,33,Standard,Cancelled,2023-04-23,2024-04-22,10000.00,1000.00,USD,Service unreliability
301,CTR-2024-00301,308,105,Strategic,Active,2024-12-20,2025-12-20,10000.00,0.00,USD,
302,CTR-2023-00302,1967,105,Spot,Cancelled,2023-04-16,2024-04-15,500.00,500.00,CAD,Moved to competitor
303,CTR-2025-00303,1911,69,Spot,active,2025-03-30,2027-03-30,2500.00,0.00,USD,
304,CTR-2023-00304,838,243,Spot,Active,2023-11-27,2026-11-26,1000.00,0.00,CAD,
305,CTR-2023-00305,60,106,strategic ,Active,2023-01-10,1/10/2024,25000.00,0.00,GBP,
306,CTR-2024-00306,1582,240,Preferred,Active,2024-10-31,10/31/2026,10000.00,0.00,USD,
307,CTR-2024-00307,2446,51,Strategic,Active,2024-02-29,2026-02-28,500.00,0.00,USD,
308,CTR-2025-00308,890,78,strategic ,Cancelled,2025-05-23,2026-05-23,10000.00,10000.00,EUR,Service unreliability
309,CTR-2024-00309,2429,30,Spot,Active,2024-07-11,2025-07-11,2500.00,5000.00,USD,
310,CTR-2023-00310,2419,79,Spot,Active,2023-01-09,2026-01-08,10000.00,0.00,CAD,
311,CTR-2023-00311,1623,15,Strategic,Cancelled,2023-12-10,2026-12-09,2500.00,0.00,USD,Customer consolidation
312,CTR-2023-00312,1506,242,Standard,Active,2023-04-10,2024-04-09,10000.00,500.00,USD,
313,CTR-2025-00313,2453,69,Spot,Active,2025-07-23,22/07/2028,500.00,0.00,USD,
314,CTR-2025-00314,2287,179,strategic ,Active,2025-10-10,2026-04-08,2500.00,1000.00,USD,
315,CTR-2024-00315,1585,128,Standard,Active,2024-01-01,2024/06/29,1000.00,500.00,CAD,
316,CTR-2023-00316,2458,240,Strategic,Active,2023-06-20,2024-06-19,2500.00,10000.00,USD,
317,CTR-2023-00317,493,262,strategic ,Expired,2023-07-08,2024-01-04,500.00,2500.00,USD,
318,CTR-2023-00318,1778,179,strategic ,Active,2023-09-02,2024-09-01,5000.00,10000.00,USD,
319,CTR-2024-00319,872,252,strategic ,Active,2024-11-22,2025-11-22,25000.00,10000.00,USD,
320,CTR-2023-00320,917,191,Spot,Active,2023-04-18,2024-04-17,10000.00,2500.00,GBP,
321,CTR-2023-00321,1814,245,Preferred,Cancelled,2023-10-08,2024-10-07,5000.00,5000.00,USD,Moved to competitor
322,CTR-2024-00322,311,273,Strategic,Active,2024-12-09,2025-12-09,500.00,10000.00,USD,
323,CTR-2024-00323,953,39,Spot,Cancelled,2024-09-24,2025-03-23,10000.00,5000.00,CAD,Service unreliability
324,CTR-2024-00324,927,74,strategic ,Active,2024-11-11,2026-11-11,2500.00,10000.00,USD,
325,CTR-2023-00325,813,83,Strategic,Expired,2023-11-02,2024-04-30,1000.00,1000.00,USD,
326,CTR-2025-00326,794,295,Standard,Cancelled,2025-02-05,2025-08-04,500.00,500.00,USD,Unknown
327,CTR-2025-00327,360,210,strategic ,Active,2025-07-21,2027-07-21,1000.00,5000.00,USD,
328,CTR-2024-00328,1627,108,Standard,Expired,2024-03-11,2025-03-11,500.00,10000.00,USD,
329,CTR-2024-00329,161,105,Preferred,Active,2024-09-21,2027/09/21,500.00,5000.00,USD,
330,CTR-2025-00330,1022,20,Preferred,Expired,2025-09-16,2026-09-16,500.00,5000.00,CAD,
331,CTR-2025-00331,1899,156,Strategic,Active,2025-04-17,2028-04-16,1000.00,500.00,USD,
332,CTR-2024-00332,1694,190,strategic ,Active,2024-05-16,2026-05-16,2500.00,5000.00,USD,
333,CTR-2025-00333,812,174,Spot,Cancelled,2025-06-14,2025-12-11,2500.00,10000.00,GBP,Moved to competitor
334,CTR-2024-00334,988,231,strategic ,Active,2024-09-17,2027-09-17,10000.00,5000.00,USD,
335,CTR-2023-00335,552,161,Standard,Active,2023-04-24,2024-04-23,25000.00,1000.00,USD,
336,CTR-2025-00336,701,152,strategic ,Active,2025-08-03,8/3/2026,25000.00,5000.00,USD,
337,CTR-2023-00337,809,266,strategic ,active,2023-10-19,2026-10-18,10000.00,500.00,GBP,
338,CTR-2025-00338,154,192,strategic ,Active,2025-05-18,2028-05-17,10000.00,10000.00,GBP,
339,CTR-2024-00339,809,68,Strategic,Active,2024-10-17,2025-04-15,1000.00,2500.00,USD,
340,CTR-2024-00340,158,245,Standard,active,2024-10-07,2025-10-07,10000.00,0.00,USD,
341,CTR-2024-00341,391,149,Strategic,Active,2024-02-15,2025-02-14,500.00,5000.00,usd,
342,CTR-2023-00342,1247,30,Standard,Active,2023-12-28,2024-12-27,2500.00,500.00,EUR,
343,CTR-2024-00343,131,60,Standard,Active,2024-03-14,2024-09-10,25000.00,0.00,GBP,
344,CTR-2023-00344,406,245,Preferred,Expired,2023-10-05,2024-10-04,500.00,0.00,USD,
345,CTR-2024-00345,872,299,Preferred,Expired,2024-05-04,2025-05-04,25000.00,1000.00,USD,
346,CTR-2023-00346,1606,239,Standard,Expired,2023-01-29,2026-01-28,10000.00,2500.00,USD,
347,CTR-2023-00347,1649,165,Strategic,Active,2023-10-05,2024-10-04,5000.00,2500.00,USD,
348,CTR-2024-00348,716,60,Spot,Cancelled,2024-10-11,2025-10-11,500.00,500.00,GBP,Customer consolidation
349,CTR-2023-00349,1322,231,Standard,Expired,2023-10-20,2024-10-19,10000.00,2500.00,USD,
350,CTR-2023-00350,1510,108,Preferred,Active,2023-04-11,2024/04/10,5000.00,5000.00,USD,
351,CTR-2025-00351,15,108,Spot,Active,2025-07-28,2028-07-27,5000.00,2500.00,USD,
352,CTR-2025-00352,2347,242,strategic ,active,2025-07-22,2026/01/18,2500.00,5000.00,USD,
353,CTR-2023-00353,1722,266,Strategic,active,2023-12-30,2026-12-29,500.00,1000.00,USD,
354,CTR-2023-00354,1691,105,Preferred,Suspended,2023-11-30,2024-11-29,25000.00,1000.00,USD,
355,CTR-2023-00355,556,78,strategic ,Active,2023-10-06,2025-10-05,5000.00,10000.00,USD,
356,CTR-2023-00356,1915,41,Standard,Active,2023-04-19,2024-04-18,5000.00,2500.00,CAD,
357,CTR-2025-00357,1215,243,Preferred,Expired,2025-04-25,22/10/2025,2500.00,10000.00,USD,
358,CTR-2024-00358,410,220,Preferred,Active,2024-06-28,2026-06-28,10000.00,10000.00,EUR,
359,CTR-2023-00359,1843,201,strategic ,Active,2023-05-06,2024-05-05,2500.00,0.00,USD,
360,CTR-2024-00360,1083,257,Standard,Active,2024-06-17,2024-12-14,5000.00,2500.00,usd,
361,CTR-2025-00361,2262,15,Strategic,Active,2025-05-17,5/17/2026,10000.00,5000.00,EUR,
362,CTR-2023-00362,1544,79,Standard,Active,2023-05-08,2023-11-04,2500.00,2500.00,USD,
363,CTR-2025-00363,608,254,Strategic,Active,2025-04-18,2025-10-15,5000.00,0.00,USD,
364,CTR-2024-00364,102,51,Standard,Active,2024-02-10,2025-02-09,1000.00,500.00,USD,
365,CTR-2023-00365,1307,60,Strategic,Expired,2023-07-23,2024-07-22,500.00,0.00,USD,
366,CTR-2023-00366,2449,33,Strategic,Suspended,2023-05-09,11/5/2023,1000.00,10000.00,EUR,
367,CTR-2025-00367,843,226,Preferred,Active,2025-02-24,2028-02-24,500.00,5000.00,USD,
368,CTR-2024-00368,821,241,Strategic,Cancelled,2024-01-26,2025-01-25,500.00,0.00,CAD,Moved to competitor
369,CTR-2024-00369,1443,20,Strategic,Active,2024-07-19,2025-07-19,2500.00,2500.00,CAD,
370,CTR-2025-00370,1705,278,strategic ,Active,2025-10-17,2028-10-16,5000.00,500.00,USD,
371,CTR-2025-00371,34,210,Strategic,Cancelled,2025-06-10,6/10/2027,25000.00,5000.00,USD,Service unreliability
372,CTR-2024-00372,145,7,Spot,Cancelled,2024-01-10,2025-01-09,25000.00,1000.00,USD,Unknown
373,CTR-2023-00373,1230,94,Standard,Active,2023-04-17,2023-10-14,500.00,0.00,CAD,
374,CTR-2024-00374,2233,147,Spot,Suspended,2024-06-12,2027-06-12,25000.00,2500.00,EUR,
375,CTR-2023-00375,1803,183,strategic ,Expired,2023-08-17,2024-08-16,1000.00,10000.00,EUR,
376,CTR-2025-00376,273,39,strategic ,Active,2025-08-23,2026-08-23,10000.00,2500.00,USD,
377,CTR-2023-00377,2228,41,Standard,Active,2023-02-16,2023-08-15,2500.00,500.00,USD,
378,CTR-2024-00378,2317,140,strategic ,Cancelled,2024-09-30,2025-09-30,500.00,1000.00,EUR, 
379,CTR-2025-00379,1740,179,Standard,Active,2025-10-03,2026-04-01,500.00,500.00,USD,
380,CTR-2025-00380,1440,226,Standard,Cancelled,2025-03-05,2025-09-01,500.00,1000.00,GBP, 
381,CTR-2024-00381,1884,210,Strategic,Active,2024-03-26,2024-09-22,25000.00,2500.00,USD,
382,CTR-2025-00382,1656,156,Spot,Active,2025-02-03,2025-08-02,25000.00,2500.00,CAD,
383,CTR-2024-00383,724,252,Standard,Active,2024-09-29,2025/09/29,2500.00,0.00,GBP,
384,CTR-2024-00384,2431,193,Strategic,Expired,2024-12-05,2026-12-05,500.00,1000.00,USD,
385,CTR-2024-00385,1353,280,Spot,Active,2024-01-08,2025-01-07,1000.00,5000.00,USD,
386,CTR-2025-00386,1988,83,Preferred,Active,2025-10-09,2027/10/09,1000.00,2500.00,USD,
387,CTR-2024-00387,643,146,Standard,Active,2024-03-27,2025/03/27,10000.00,5000.00,CAD,
388,CTR-2023-00388,2020,108,Preferred,Cancelled,2023-06-29,2025-06-28,1000.00,500.00,USD,Moved to competitor
389,CTR-2024-00389,588,179,Strategic,Active,2024-10-14,14/10/2025,500.00,1000.00,EUR,
390,CTR-2024-00390,1757,190,Strategic,Active,2024-06-17,6/17/2025,25000.00,10000.00,EUR,
391,CTR-2024-00391,1636,299,Standard,Cancelled,2024-06-13,2025-06-13,1000.00,1000.00,GBP,Service unreliability
392,CTR-2023-00392,232,64,Standard,Expired,2023-10-25,2025-10-24,25000.00,500.00,USD,
393,CTR-2023-00393,355,79,Standard,Active,2023-12-16,2025-12-15,2500.00,2500.00,USD,
394,CTR-2025-00394,576,258,Standard,Cancelled,2025-05-27,2028-05-26,10000.00,5000.00,GBP,Unknown
395,CTR-2024-00395,2159,231,Strategic,Expired,2024-11-28,2025-11-28,5000.00,10000.00,USD,
396,CTR-2024-00396,2421,193,Standard,Expired,2024-07-20,20/07/2025,2500.00,1000.00,USD,
397,CTR-2025-00397,560,39,Spot,Active,2025-07-04,7/4/2026,10000.00,0.00,USD,
398,CTR-2025-00398,1451,119,Standard,Active,2025-04-12,2028-04-11,2500.00,2500.00,USD,
399,CTR-2025-00399,1497,20,Strategic,Suspended,2025-02-24,2026-02-24,25000.00,0.00,usd,
400,CTR-2024-00400,60,108,Standard,Suspended,2024-12-26,2027-12-26,2500.00,1000.00,USD,
401,CTR-2025-00401,819,289,Standard,Active,2025-02-28,2026-02-28,25000.00,2500.00,USD,
402,CTR-2023-00402,543,218,Spot,Active,2023-06-11,2025-06-10,1000.00,10000.00,USD,
403,CTR-2024-00403,1502,187,Standard,Expired,2024-04-20,4/20/2026,500.00,10000.00,USD,
404,CTR-2025-00404,950,82,Spot,Active,2025-08-08,2026-08-08,25000.00,0.00,USD,
405,CTR-2024-00405,659,278,Spot,Expired,2024-10-10,2025-04-08,500.00,2500.00,CAD,
406,CTR-2025-00406,2478,280,Strategic,Cancelled,2025-07-19,2027-07-19,2500.00,500.00,EUR,Price increase
407,CTR-2024-00407,1438,290,Strategic,Suspended,2024-09-05,2025-03-04,25000.00,500.00,usd,
408,CTR-2025-00408,1375,299,strategic ,Cancelled,2025-10-01,2028-09-30,2500.00,5000.00,USD,Customer consolidation
409,CTR-2024-00409,1001,254,Spot,Active,2024-03-09,2027-03-09,500.00,5000.00,USD,
410,CTR-2023-00410,1079,146,Standard,Active,2023-11-18,2026-11-17,25000.00,2500.00,USD,
411,CTR-2024-00411,1828,239,Standard,Active,2024-02-07,2025-02-06,25000.00,10000.00,USD,
412,CTR-2023-00412,288,51,Standard,Active,2023-08-25,2026-08-24,500.00,10000.00,USD,
413,CTR-2024-00413,1832,242,Preferred,Expired,2024-04-06,03/10/2024,1000.00,500.00,EUR,
414,CTR-2024-00414,1419,67,Standard,Active,2024-05-03,2026-05-03,1000.00,5000.00,USD,
415,CTR-2023-00415,405,241,Strategic,Active,2023-03-17,2024-03-16,25000.00,500.00,USD,
416,CTR-2023-00416,610,128,strategic ,Active,2023-03-11,2025-03-10,25000.00,5000.00,CAD,
417,CTR-2025-00417,2025,278,Spot,Cancelled,2025-10-13,2027/10/13,500.00,1000.00,EUR,Price increase
418,CTR-2025-00418,2265,108,strategic ,Cancelled,2025-03-30,2025-09-26,1000.00,5000.00,USD,Service unreliability
419,CTR-2023-00419,106,249,strategic ,Active,2023-07-24,2024-07-23,25000.00,2500.00,USD,
420,CTR-2023-00420,29,15,Preferred,Cancelled,2023-02-01,2026-01-31,500.00,500.00,USD, 
421,CTR-2023-00421,1146,128,strategic ,Expired,2023-10-07,10/6/2024,10000.00,1000.00,USD,
422,CTR-2025-00422,1756,254,Preferred,Active,2025-01-29,2025-07-28,5000.00,0.00,USD,
423,CTR-2024-00423,698,156,Standard,Active,2024-03-02,2024-08-29,5000.00,5000.00,EUR,
424,CTR-2023-00424,757,19,Strategic,Expired,2023-08-04,8/3/2025,1000.00,500.00,USD,
425,CTR-2024-00425,1020,147,Spot,Active,2024-11-30,2025-11-30,5000.00,0.00,USD,
426,CTR-2025-00426,189,64,Strategic,Active,2025-02-17, 2026-02-17 ,1000.00,1000.00,USD,
427,CTR-2023-00427,2087,156,strategic ,Expired,2023-09-13,2025-09-12,25000.00,10000.00,USD,
428,CTR-2024-00428,188,161,strategic ,Active,2024-02-08,2026-02-07,1000.00,10000.00,USD,
429,CTR-2025-00429,610,121,Preferred,Expired,2025-06-15,2025-12-12,25000.00,1000.00,USD,
430,CTR-2024-00430,451,240,Strategic,Active,2024-02-12,2026-02-11,5000.00,1000.00,USD,
431,CTR-2025-00431,1625,128,Spot,active,2025-06-18,2028-06-17,1000.00,0.00,CAD,
432,CTR-2023-00432,368,20,Spot,Expired,2023-11-22,2024-11-21,5000.00,0.00,USD,
433,CTR-2023-00433,226,165,Strategic,Cancelled,2023-05-31,2024-05-30,5000.00,0.00,EUR,Moved to competitor
434,CTR-2024-00434,2028,218,Preferred,Active,2024-05-18,2025-05-18,2500.00,5000.00,USD,
435,CTR-2024-00435,1946,78,strategic ,Active,2024-08-08,2026-08-08,10000.00,0.00,USD,
436,CTR-2025-00436,1963,183,Standard,Suspended,2025-03-03,2025-08-30,10000.00,2500.00,USD,
437,CTR-2023-00437,2234,12,Standard,Active,2023-08-23,2026-08-22,10000.00,0.00,USD,
438,CTR-2023-00438,2100,15,strategic ,Active,2023-05-31,2026-05-30,2500.00,5000.00,USD,
439,CTR-2024-00439,1912,108,strategic ,Active,2024-01-29,1/28/2027,25000.00,1000.00,GBP,
440,CTR-2025-00440,1473,267,Preferred,Expired,2025-04-10,2025-10-07,500.00,500.00,USD,
441,CTR-2023-00441,469,68,strategic ,Active,2023-04-19,2023-10-16,25000.00,0.00,USD,
442,CTR-2023-00442,686,174,strategic ,Active,2023-03-20,3/19/2025,1000.00,1000.00,USD,
443,CTR-2023-00443,2206,78,Strategic,Active,2023-06-14,2024-06-13,500.00,10000.00,usd,
444,CTR-2025-00444,1142,146,Standard,Expired,2025-03-10,2026-03-10,500.00,2500.00,USD,
445,CTR-2023-00445,1159,74,Preferred,Expired,2023-06-24,2024-06-23,500.00,0.00,USD,
446,CTR-2025-00446,1481,258,Preferred,Active,2025-09-10,2028-09-09,2500.00,0.00,CAD,
447,CTR-2024-00447,1889,94,strategic ,Active,2024-03-04,2025-03-04,25000.00,5000.00,USD,
448,CTR-2024-00448,938,245,Standard,Expired,2024-09-16,2027-09-16,25000.00,2500.00,EUR,
449,CTR-2023-00449,434,41,Strategic,Active,2023-07-21,2025-07-20,1000.00,10000.00,USD,
450,CTR-2024-00450,1949,240,Standard,active,2024-01-06,2027/01/05,10000.00,10000.00,USD,
451,CTR-2025-00451,1614,69,Strategic,Active,2025-07-10,09/07/2028,10000.00,1000.00,EUR,
452,CTR-2023-00452,659,243,strategic ,Cancelled,2023-12-26,25/12/2024,2500.00,1000.00,USD,Customer consolidation
453,CTR-2024-00453,139,165,Standard,Cancelled,2024-03-12,2024-09-08,10000.00,10000.00,USD,Unknown
454,CTR-2025-00454,2346,7,Preferred,Active,2025-07-23,19/01/2026,2500.00,0.00,USD,
455,CTR-2025-00455,1843,183,Standard,Active,2025-08-07,2027-08-07,500.00,10000.00,USD,
456,CTR-2024-00456,472,83,Strategic,Active,2024-08-14,2025-08-14,1000.00,5000.00,USD,
457,CTR-2025-00457,1030,67,Strategic,Cancelled,2025-08-26,2026-02-22,1000.00,500.00,USD,Moved to competitor
458,CTR-2023-00458,2497,68,Strategic,Cancelled,2023-12-24,2026-12-23,10000.00,5000.00,CAD,Unknown
459,CTR-2024-00459,1710,26,Strategic,Cancelled,2024-11-17,2025-05-16,5000.00,10000.00,USD,Customer consolidation
460,CTR-2024-00460,195,106,Preferred,Active,2024-12-17,2027-12-17,500.00,10000.00,CAD,
461,CTR-2025-00461,1151,269,strategic ,Active,2025-02-17,2028-02-17,25000.00,10000.00,USD,
462,CTR-2024-00462,767,69,Standard,Active,2024-11-15,2025-11-15,2500.00,1000.00,USD,
463,CTR-2024-00463,934,140,Strategic,Active,2024-09-21,2025-09-21,5000.00,500.00,GBP,
464,CTR-2025-00464,2228,149,strategic ,Active,2025-08-17,2028-08-16,5000.00,1000.00,USD,
465,CTR-2024-00465,836,240,Spot,Cancelled,2024-08-11,2025-02-07,500.00,2500.00,USD, 
466,CTR-2024-00466,472,39,Spot,Expired,2024-09-08,2025-03-07,1000.00,10000.00,USD,
467,CTR-2023-00467,577,220,Preferred,Active,2023-06-06,2023-12-03,1000.00,1000.00,USD,
468,CTR-2023-00468,1136,269,Preferred,Expired,2023-06-19,2024-06-18,25000.00,5000.00,USD,
469,CTR-2023-00469,1194,94,Standard,Cancelled,2023-10-05,2025-10-04,2500.00,1000.00,USD,Customer consolidation
470,CTR-2025-00470,2393,249,Spot,Active,2025-10-15,2026-10-15,2500.00,10000.00,EUR,
471,CTR-2025-00471,1559,267,Spot,Active,2025-03-17,2027-03-17,5000.00,10000.00,GBP,
472,CTR-2023-00472,2176,156,Preferred,Active,2023-10-24,2024-10-23,10000.00,10000.00,USD,
473,CTR-2025-00473,1906,30,Strategic,Expired,2025-03-25,2028-03-24,500.00,1000.00,USD,
474,CTR-2023-00474,70,248,Spot,Cancelled,2023-02-26,25/02/2025,500.00,10000.00,USD,Customer consolidation
475,CTR-2023-00475,2491,262,Standard,active,2023-07-21,2026-07-20,2500.00,10000.00,CAD,
476,CTR-2023-00476,2193,7,strategic ,Expired,2023-04-03,2025-04-02,1000.00,500.00,CAD,
477,CTR-2024-00477,635,105,Strategic,Active,2024-06-02,2025-06-02,2500.00,2500.00,EUR,
478,CTR-2023-00478,1565,236,Spot,Expired,2023-12-07,12/6/2024,25000.00,1000.00,USD,
479,CTR-2023-00479,1524,192,Standard,Active,2023-12-25,2025-12-24,5000.00,1000.00,USD,
480,CTR-2025-00480,2041,156,strategic ,active,2025-01-19,2027-01-19,2500.00,2500.00,USD,
481,CTR-2024-00481,268,269,strategic ,Active,2024-03-13,2025-03-13,25000.00,0.00,USD,
482,CTR-2024-00482,1211,79,strategic ,Expired,2024-12-13,2025-12-13,500.00,5000.00,USD,
483,CTR-2025-00483,2430,201,Preferred,Active,2025-03-26,2027-03-26,500.00,10000.00,USD,
484,CTR-2023-00484,1882,41,Standard,Active,2023-07-11,2026-07-10,2500.00,5000.00,USD,
485,CTR-2023-00485,1351,41,Preferred,Active,2023-05-02,2024-05-01,1000.00,2500.00,USD,
486,CTR-2024-00486,2,241,Preferred,Active,2024-10-18,2025-04-16,1000.00,10000.00,USD,
487,CTR-2025-00487,918,165,Standard,Active,2025-09-27,2026-03-26,25000.00,5000.00,USD,
488,CTR-2024-00488,580,218,Standard,Active,2024-10-09,2025-10-09,25000.00,500.00,USD,
489,CTR-2023-00489,174,295,strategic ,Active,2023-10-15,2024-04-12,10000.00,2500.00,USD,
490,CTR-2025-00490,2317,146,Strategic,Active,2025-07-31,2027-07-31,1000.00,2500.00,USD,
491,CTR-2024-00491,302,74,Standard,active,2024-02-02,2025-02-01,1000.00,0.00,USD,
492,CTR-2024-00492,321,83,Preferred,Active,2024-09-18,2025-03-17,5000.00,5000.00,usd,
493,CTR-2023-00493,869,19,Preferred,Active,2023-08-19,2024-08-18,10000.00,5000.00,usd,
494,CTR-2023-00494,1979,310,Preferred,Active,2023-08-31,2026-08-30,500.00,1000.00,USD,
495,CTR-2023-00495,1995,257,Strategic,Active,2023-04-19,18/04/2026,25000.00,0.00,USD,
496,CTR-2024-00496,179,108,strategic ,Expired,2024-05-19,2025-05-19,500.00,2500.00,USD,
497,CTR-2023-00497,255,191,Standard,Active,2023-07-31,2026-07-30,25000.00,10000.00,EUR,
498,CTR-2024-00498,2141,82,Preferred,Active,2024-10-25,2026-10-25,25000.00,1000.00,USD,
499,CTR-2024-00499,1412,26,Preferred,active,2024-05-22,2027-05-22,2500.00,5000.00,CAD,
500,CTR-2023-00500,2306,12,strategic ,Active,2023-08-19,2024-08-18,5000.00,10000.00,USD,
501,CTR-2025-00501,681,193,Standard,Expired,2025-04-02,2026-04-02,1000.00,2500.00,CAD,
502,CTR-2024-00502,848,79,strategic ,Active,2024-06-02,2024-11-29,25000.00,500.00,USD,
503,CTR-2023-00503,1472,236,Standard,Active,2023-01-02,2023-07-01,2500.00,1000.00,USD,
504,CTR-2025-00504,1217,243,Standard,Expired,2025-04-03,2028-04-02,2500.00,10000.00,USD,
505,CTR-2023-00505,1153,149,strategic ,Expired,2023-07-08,2025-07-07,5000.00,2500.00,USD,
506,CTR-2024-00506,128,39,strategic ,Active,2024-06-08,2025-06-08,1000.00,1000.00,USD,
507,CTR-2025-00507,564,295,Preferred,Expired,2025-03-11,2026/03/11,10000.00,2500.00,USD,
508,CTR-2024-00508,2020,241,strategic ,Active,2024-03-31,2026-03-31,10000.00,10000.00,USD,
509,CTR-2025-00509,964,240,Standard,Cancelled,2025-02-01,01/02/2026,500.00,10000.00,CAD,Customer consolidation
510,CTR-2025-00510,1508,269,Preferred,Expired,2025-09-09,2027-09-09,25000.00,10000.00,USD,
511,CTR-2024-00511,2260,290,strategic ,active,2024-04-25,2027-04-25,25000.00,5000.00,USD,
512,CTR-2023-00512,604,26,Strategic,Suspended,2023-08-21,2024-08-20,5000.00,1000.00,USD,
513,CTR-2024-00513,1704,296,strategic ,Expired,2024-12-01,2025-12-01,10000.00,2500.00,GBP,
514,CTR-2023-00514,2028,12,Spot,Active,2023-09-19,2024-09-18,5000.00,2500.00,CAD,
515,CTR-2025-00515,1292,174,strategic ,Active,2025-03-30,2025-09-26,10000.00,10000.00,EUR,
516,CTR-2024-00516,2300,57,Standard,Cancelled,2024-10-09,2026-10-09,25000.00,500.00,USD,Customer consolidation
517,CTR-2025-00517,807,83,Standard,Expired,2025-08-08,2028-08-07,500.00,2500.00,USD,
518,CTR-2023-00518,1197,119,Preferred,Active,2023-05-06,05/05/2024,5000.00,500.00,CAD,
519,CTR-2024-00519,227,245,Spot,Active,2024-05-22,5/22/2025,5000.00,0.00,CAD,
520,CTR-2025-00520,2488,289,strategic ,Expired,2025-05-05,2027-05-05,5000.00,2500.00,GBP,
521,CTR-2023-00521,1080,296,Spot,Active,2023-05-22, 2024-05-21 ,25000.00,1000.00,USD,
522,CTR-2025-00522,1200,190,Standard,Active,2025-05-21,2028-05-20,2500.00,500.00,USD,
523,CTR-2023-00523,1829,310,Spot,active,2023-02-25,2025-02-24,1000.00,10000.00,EUR,
524,CTR-2023-00524,1911,187,Strategic,Expired,2023-08-05,2024-08-04,500.00,2500.00,CAD,
525,CTR-2023-00525,1072,152,Strategic,Active,2023-03-25,2024-03-24,25000.00,1000.00,USD,
526,CTR-2024-00526,1915,19,Preferred,Active,2024-06-09,2025-06-09,2500.00,500.00,USD,
527,CTR-2023-00527,1076,248,Standard,Cancelled,2023-04-13,2023-10-10,10000.00,0.00,USD,Unknown
528,CTR-2024-00528,1220,26,strategic ,Expired,2024-03-04,2025-03-04,500.00,5000.00,GBP,
529,CTR-2024-00529,1583,106,strategic ,Active,2024-04-04,2024-10-01,2500.00,1000.00,USD,
530,CTR-2024-00530,40,105,Preferred,Active,2024-02-16,8/14/2024,5000.00,0.00,USD,
531,CTR-2024-00531,204,7,Standard,Active,2024-05-03,2026-05-03,10000.00,0.00,USD,
532,CTR-2024-00532,1072,241,Standard,Cancelled,2024-08-18,2027-08-18,2500.00,5000.00,USD,Moved to competitor
533,CTR-2023-00533,2300,266,strategic ,Active,2023-08-29,2024-08-28,25000.00,5000.00,USD,
534,CTR-2023-00534,1853,240,Preferred,Active,2023-01-06,2025-01-05,25000.00,0.00,USD,
535,CTR-2023-00535,1300,105,Standard,Active,2023-10-13,2026-10-12,5000.00,1000.00,GBP,
536,CTR-2023-00536,721,254,Spot,Expired,2023-05-31,5/30/2025,500.00,0.00,USD,
537,CTR-2025-00537,1390,146,Standard,Active,2025-01-23,2027-01-23,500.00,0.00,USD,
538,CTR-2024-00538,1737,248,Standard,Active,2024-03-29,2024-09-25,25000.00,0.00,USD,
539,CTR-2025-00539,1928,79,Spot,Active,2025-01-23,2025/07/22,2500.00,0.00,USD,
540,CTR-2023-00540,80,218,strategic ,Expired,2023-09-13,2024-09-12,10000.00,500.00,USD,
541,CTR-2024-00541,1730,248,Spot,Active,2024-04-06,2025-04-06,10000.00,1000.00,USD,
542,CTR-2023-00542,333,14,Preferred,Active,2023-08-09,2026-08-08,10000.00,1000.00,usd,
543,CTR-2024-00543,553,140,Strategic,Expired,2024-01-03,1/2/2027,10000.00,10000.00,CAD,
544,CTR-2025-00544,431,190,strategic ,Expired,2025-01-15,1/15/2028,25000.00,2500.00,EUR,
545,CTR-2023-00545,2493,7,Preferred,Cancelled,2023-11-20,2025-11-19,25000.00,500.00,CAD,Unknown
546,CTR-2023-00546,1267,193,Preferred,Expired,2023-06-03,30/11/2023,25000.00,10000.00,USD,
547,CTR-2024-00547,377,82,Spot,Active,2024-05-22,2024-11-18,500.00,500.00,USD,
548,CTR-2025-00548,2047,78,Strategic,Active,2025-06-10,2026-06-10,500.00,500.00,USD,
549,CTR-2023-00549,1214,149,Preferred,Active,2023-06-02,2024-06-01,2500.00,1000.00,USD,
550,CTR-2023-00550,240,191,Standard,Cancelled,2023-10-27,2026-10-26,25000.00,10000.00,USD,Moved to competitor
551,CTR-2023-00551,1027,280,Preferred,Active,2023-06-30,2024-06-29,500.00,5000.00,GBP,
552,CTR-2023-00552,413,210,Standard,Active,2023-12-25,2024-12-24,2500.00,5000.00,USD,
553,CTR-2023-00553,1177,262,Preferred,Active,2023-08-19,18/08/2026,2500.00,500.00,USD,
554,CTR-2023-00554,849,140,Strategic,Active,2023-10-03,2024-10-02,5000.00,2500.00,GBP,
555,CTR-2024-00555,557,241,strategic ,Expired,2024-06-19,2025-06-19,1000.00,10000.00,EUR,
556,CTR-2023-00556,302,257,Strategic,Active,2023-09-30,2024-09-29,1000.00,5000.00,GBP,
557,CTR-2025-00557,2014,240,Standard,Active,2025-09-02,02/09/2027,10000.00,2500.00,USD,
558,CTR-2024-00558,1363,248,Standard,Cancelled,2024-02-04,2024-08-02,10000.00,10000.00,USD,Service unreliability
559,CTR-2023-00559,2349,68,Strategic,Expired,2023-01-23,22/01/2025,10000.00,5000.00,USD,
560,CTR-2024-00560,717,226,Standard,Cancelled,2024-10-23,2025-10-23,10000.00,500.00,USD,Customer consolidation
561,CTR-2024-00561,2141,149,Standard,Active,2024-01-10,2024-07-08,2500.00,2500.00,GBP,
562,CTR-2023-00562,1453,231,Spot,Expired,2023-12-18,2024-12-17,1000.00,1000.00,USD,
563,CTR-2025-00563,34,296,Preferred,Active,2025-04-28,2027-04-28,500.00,1000.00,USD,
564,CTR-2025-00564,1252,278,Spot,active,2025-09-14,2026-03-13,10000.00,500.00,USD,
565,CTR-2023-00565,217,146,Standard,Active,2023-10-01,9/30/2024,10000.00,1000.00,USD,
566,CTR-2025-00566,1532,242,Preferred,Active,2025-05-13, 2026-05-13 ,2500.00,0.00,usd,
567,CTR-2023-00567,109,69,Preferred,Suspended,2023-09-23,2024-09-22,10000.00,500.00,usd,
568,CTR-2024-00568,2223,41,Preferred,Active,2024-08-26,2025-08-26,500.00,2500.00,CAD,
569,CTR-2023-00569,1364,241,Standard,Active,2023-05-29,2023/11/25,25000.00,1000.00,USD,
570,CTR-2024-00570,1840,60,Spot,Active,2024-10-09,2025-10-09,5000.00,2500.00,USD,
571,CTR-2023-00571,1236,310,Strategic,Active,2023-04-19,2024-04-18,500.00,5000.00,USD,
572,CTR-2024-00572,28,108,Strategic,Expired,2024-01-03,2024-07-01,10000.00,0.00,USD,
573,CTR-2025-00573,483,22,Standard,Cancelled,2025-06-03,2026-06-03,5000.00,0.00,USD,Customer consolidation
574,CTR-2023-00574,2470,67,Strategic,Active,2023-12-24,2024-12-23,5000.00,500.00,CAD,
575,CTR-2024-00575,1881,165,strategic ,Active,2024-09-21,2025-09-21,2500.00,500.00,USD,
576,CTR-2023-00576,773,258,Preferred,Cancelled,2023-12-12,2024-12-11,1000.00,10000.00,usd,Price increase
577,CTR-2023-00577,1936,26,strategic ,Suspended,2023-06-12,2023-12-09,1000.00,1000.00,USD,
578,CTR-2025-00578,461,105,Standard,Active,2025-05-16,2025-11-12,1000.00,5000.00,EUR,
579,CTR-2025-00579,1624,41,Spot,Cancelled,2025-06-17,2028-06-16,5000.00,5000.00,USD,Moved to competitor
580,CTR-2024-00580,1575,220,Preferred,Active,2024-03-04,04/03/2027,2500.00,500.00,GBP,
581,CTR-2025-00581,952,192,Standard,Active,2025-08-26,2028-08-25,25000.00,1000.00,GBP,
582,CTR-2024-00582,2410,218,Spot,Expired,2024-02-26,2025-02-25,5000.00,5000.00,USD,
583,CTR-2025-00583,157,257,Spot,Cancelled,2025-09-13,2026-09-13,10000.00,5000.00,USD,Unknown
584,CTR-2024-00584,613,183,Standard,Active,2024-04-25,2026-04-25,10000.00,5000.00,USD,
585,CTR-2024-00585,75,290,Strategic,Active,2024-06-09,2025-06-09,2500.00,1000.00,USD,
586,CTR-2025-00586,929,295,Standard,Active,2025-04-25,2025-10-22,25000.00,500.00,USD,
587,CTR-2023-00587,1113,240,strategic ,Suspended,2023-08-19,2026-08-18,1000.00,0.00,USD,
588,CTR-2024-00588,2472,249,Strategic,active,2024-03-28,2026-03-28,500.00,1000.00,USD,
589,CTR-2024-00589,2266,280,strategic ,active,2024-09-19,19/09/2025,5000.00,10000.00,USD,
590,CTR-2025-00590,953,26,strategic ,Active,2025-06-28,2026-06-28,5000.00,1000.00,USD,
591,CTR-2024-00591,1330,22,Strategic,Active,2024-06-18,2024-12-15,5000.00,500.00,CAD,
592,CTR-2024-00592,134,33,strategic ,Active,2024-05-28,28/05/2027,2500.00,500.00,USD,
593,CTR-2025-00593,142,69,Spot,Cancelled,2025-09-22,9/22/2026,25000.00,2500.00,USD,Unknown
594,CTR-2024-00594,2189,273,Strategic,Cancelled,2024-07-30,2027-07-30,10000.00,5000.00,USD,Unknown
595,CTR-2023-00595,370,57,Strategic,Active,2023-08-26,22/02/2024,1000.00,500.00,USD,
596,CTR-2024-00596,671,152,strategic ,Active,2024-04-10,4/10/2026,25000.00,1000.00,usd,
597,CTR-2025-00597,1090,234,Strategic,Active,2025-10-01,01/10/2027,500.00,10000.00,USD,
598,CTR-2024-00598,1162,74,Standard,Expired,2024-09-10,2026-09-10,1000.00,5000.00,CAD,
599,CTR-2025-00599,1111,280,Preferred,Active,2025-09-30,2026-09-30,5000.00,5000.00,USD,
600,CTR-2025-00600,1034,234,Strategic,Active,2025-03-27,2028-03-26,10000.00,0.00,USD,
601,CTR-2024-00601,168,296,Preferred,Active,2024-02-08,2027-02-07,500.00,0.00,CAD,
602,CTR-2025-00602,592,26,strategic ,Expired,2025-09-04,2026-09-04,1000.00,1000.00,CAD,
603,CTR-2025-00603,1765,248,strategic ,Expired,2025-01-25,2026-01-25,10000.00,10000.00,USD,
604,CTR-2023-00604,2293,161,Standard,Expired,2023-10-19,2024/10/18,500.00,0.00,GBP,
605,CTR-2023-00605,2486,183,Strategic,Cancelled,2023-03-19, 2023-09-15 ,5000.00,2500.00,EUR,Unknown
606,CTR-2025-00606,1691,218,strategic ,Active,2025-08-09,2027/08/09,25000.00,2500.00,GBP,
607,CTR-2023-00607,1458,241,Preferred,Active,2023-09-18,2025-09-17,25000.00,10000.00,USD,
608,CTR-2023-00608,1362,12,Preferred,active,2023-04-01,2023-09-28,5000.00,2500.00,GBP,
609,CTR-2024-00609,1770,39,Standard,Active,2024-02-10,2025/02/09,5000.00,500.00,USD,
610,CTR-2023-00610,1354,74,Strategic,Expired,2023-10-10,2024-10-09,25000.00,1000.00,USD,
611,CTR-2025-00611,1806,220,Standard,Active,2025-01-10,2028-01-10,2500.00,2500.00,USD,
612,CTR-2025-00612,1937,218,Preferred,Active,2025-06-10,2026-06-10,5000.00,0.00,usd,
613,CTR-2024-00613,2316,121,Spot,Cancelled,2024-01-31,2025-01-30,25000.00,2500.00,GBP, 
614,CTR-2023-00614,1432,57,Strategic,Cancelled,2023-03-08,2023-09-04,25000.00,10000.00,USD,Unknown
615,CTR-2023-00615,1403,190,Preferred,Active,2023-02-05,2024-02-05,5000.00,10000.00,CAD,
616,CTR-2023-00616,1727,280,strategic ,Active,2023-10-05,2026-10-04,5000.00,1000.00,USD,
617,CTR-2024-00617,609,105,Spot,Suspended,2024-04-27,2025-04-27,1000.00,2500.00,USD,
618,CTR-2024-00618,204,106,Spot,Expired,2024-08-30,2025-02-26,500.00,1000.00,CAD,
619,CTR-2023-00619,2049,187,Strategic,Active,2023-10-23,2026-10-22,500.00,10000.00,USD,
620,CTR-2023-00620,689,19,Spot,Active,2023-01-22,2024-01-22,500.00,1000.00,USD,
621,CTR-2023-00621,1828,78,Spot,Cancelled,2023-05-21,2024-05-20,500.00,5000.00,EUR,Customer consolidation
622,CTR-2025-00622,26,191,Strategic,Active,2025-08-11,2027-08-11,2500.00,2500.00,USD,
623,CTR-2025-00623,542,106,Preferred,Active,2025-08-19,2026-02-15,10000.00,5000.00,USD,
624,CTR-2025-00624,1041,257,Preferred,Cancelled,2025-01-02,2025-07-01,500.00,1000.00,EUR, 
625,CTR-2024-00625,1276,67,Standard,Active,2024-03-18, 2024-09-14 ,5000.00,10000.00,CAD,
626,CTR-2024-00626,815,248,Standard,Active,2024-05-09,2024-11-05,500.00,2500.00,USD,
627,CTR-2024-00627,2274,146,Standard,Expired,2024-07-16,7/16/2026,10000.00,0.00,USD,
628,CTR-2023-00628,1060,20,Preferred,Active,2023-12-19,2025-12-18,5000.00,10000.00,USD,
629,CTR-2025-00629,1374,146,Preferred,Expired,2025-03-20,2025-09-16,5000.00,1000.00,USD,
630,CTR-2023-00630,1879,22,Spot,Cancelled,2023-02-19,2023-08-18,10000.00,5000.00,USD,Customer consolidation
631,CTR-2025-00631,2002,262,Standard,Expired,2025-05-22,2025-11-18,500.00,500.00,GBP,
632,CTR-2023-00632,906,106,Standard,Active,2023-12-31,2024-12-30,500.00,2500.00,USD,
633,CTR-2025-00633,2067,191,Standard,Active,2025-02-23,2025-08-22,5000.00,500.00,CAD,
634,CTR-2024-00634,1531,128,Spot,Active,2024-09-06,2027-09-06,5000.00,1000.00,USD,
635,CTR-2024-00635,2064,218,strategic ,Expired,2024-03-18,2026-03-18,2500.00,5000.00,USD,
636,CTR-2025-00636,1625,218,Preferred,Expired,2025-03-02,02/03/2026,5000.00,5000.00,USD,
637,CTR-2023-00637,44,83,Strategic,Active,2023-08-17,2024-02-13,25000.00,2500.00,USD,
638,CTR-2024-00638,2249,187,Standard,Active,2024-08-19,2025-02-15,2500.00,500.00,USD,
639,CTR-2024-00639,2026,299,Standard,Suspended,2024-05-05,2026-05-05,5000.00,500.00,USD,
640,CTR-2023-00640,2192,60,strategic ,Active,2023-07-05,2024-07-04,2500.00,10000.00,USD,
641,CTR-2024-00641,414,280,Spot,Active,2024-07-24,2027-07-24,5000.00,500.00,CAD,
642,CTR-2024-00642,888,106,strategic ,Expired,2024-08-14,2025-08-14,5000.00,0.00,CAD,
643,CTR-2025-00643,842,280,Spot,Active,2025-07-06,2028/07/05,25000.00,10000.00,USD,
644,CTR-2024-00644,2370,161,Strategic,Active,2024-05-19,2025-05-19,10000.00,5000.00,CAD,
645,CTR-2023-00645,1898,226,Strategic,Expired,2023-06-22,2024-06-21,10000.00,5000.00,GBP,
646,CTR-2023-00646,2276,20,strategic ,Active,2023-05-15,2025-05-14,10000.00,2500.00,USD,
647,CTR-2024-00647,1251,79,Standard,active,2024-07-11,2025-01-07,5000.00,10000.00,USD,
648,CTR-2023-00648,619,245,strategic ,Suspended,2023-06-26,2025-06-25,1000.00,1000.00,USD,
649,CTR-2024-00649,627,310,Standard,Active,2024-05-18,2024/11/14,10000.00,500.00,USD,
650,CTR-2025-00650,672,106,Standard,Active,2025-04-01,2026-04-01,2500.00,2500.00,CAD,
651,CTR-2023-00651,301,105,Spot,Cancelled,2023-12-03,2024-05-31,25000.00,2500.00,USD,Price increase
652,CTR-2024-00652,2033,82,strategic ,Expired,2024-10-10,2025-10-10,1000.00,0.00,USD,
653,CTR-2023-00653,685,33,Spot,Expired,2023-09-15,2024-09-14,1000.00,2500.00,CAD,
654,CTR-2024-00654,112,239,Spot,Active,2024-09-07,2026-09-07,2500.00,0.00,USD,
655,CTR-2023-00655,887,290,Strategic,Active,2023-07-15,2024-01-11,1000.00,0.00,GBP,
656,CTR-2023-00656,1787,105,Standard,active,2023-03-21,2023-09-17,2500.00,5000.00,USD,
657,CTR-2024-00657,112,234,Standard,Cancelled,2024-03-16,2025-03-16,500.00,0.00,USD,Price increase
658,CTR-2023-00658,871,231,Strategic,Active,2023-03-20, 2026-03-19 ,10000.00,2500.00,USD,
659,CTR-2023-00659,186,69,Strategic,Active,2023-10-16,2024-04-13,2500.00,5000.00,USD,
660,CTR-2023-00660,371,310,Standard,Suspended,2023-07-15,2025-07-14,2500.00,1000.00,CAD,
661,CTR-2024-00661,263,106,Preferred,Expired,2024-04-19,2025-04-19,10000.00,5000.00,USD,
662,CTR-2025-00662,1416,231,strategic ,Active,2025-02-04,2/4/2028,10000.00,1000.00,CAD,
663,CTR-2024-00663,171,236,Standard,Expired,2024-10-13,2025-10-13,1000.00,500.00,USD,
664,CTR-2023-00664,784,248,Preferred,Active,2023-06-24,2024-06-23,25000.00,1000.00,USD,
665,CTR-2023-00665,1266,183,strategic ,active,2023-12-11,2024-12-10,10000.00,500.00,USD,
666,CTR-2024-00666,706,161,Spot,Active,2024-07-25,2026-07-25,25000.00,500.00,EUR,
667,CTR-2025-00667,827,146,Standard,active,2025-08-15,2028-08-14,10000.00,10000.00,USD,
668,CTR-2025-00668,1064,266,strategic ,Expired,2025-01-30,2026-01-30,25000.00,0.00,CAD,
669,CTR-2024-00669,1342,239,Standard,Active,2024-12-02,02/12/2026,1000.00,5000.00,CAD,
670,CTR-2023-00670,324,257,Spot,Active,2023-08-30,2024-08-29,10000.00,500.00,USD,
671,CTR-2025-00671,1636,39,Spot,Active,2025-02-10,2026-02-10,5000.00,2500.00,USD,
672,CTR-2023-00672,200,239,Spot,Active,2023-10-10,2025-10-09,2500.00,500.00,USD,
673,CTR-2025-00673,1033,140,Preferred,Active,2025-03-16,2028-03-15,5000.00,5000.00,GBP,
674,CTR-2025-00674,2047,258,Standard,Active,2025-07-02,2025-12-29,5000.00,5000.00,USD,
675,CTR-2024-00675,1783,14,Standard,Active,2024-03-24,2027-03-24,500.00,2500.00,CAD,
676,CTR-2024-00676,463,310,strategic ,Suspended,2024-08-10,2027-08-10,500.00,2500.00,CAD,
677,CTR-2024-00677,1312,146,Spot,Suspended,2024-04-18,2025-04-18,500.00,500.00,USD,
678,CTR-2023-00678,715,295,strategic ,Active,2023-07-02,2023-12-29,500.00,500.00,GBP,
679,CTR-2025-00679,869,69,Preferred,Active,2025-09-24,2028-09-23,10000.00,1000.00,USD,
680,CTR-2025-00680,1747,14,Strategic,Active,2025-08-27,2028/08/26,25000.00,500.00,USD,
681,CTR-2024-00681,2422,242,strategic ,Suspended,2024-05-07, 2026-05-07 ,10000.00,1000.00,EUR,
682,CTR-2024-00682,1778,146,strategic ,Expired,2024-03-31,2027-03-31,500.00,2500.00,USD,
683,CTR-2025-00683,1323,108,Strategic,Active,2025-06-21,2027-06-21,25000.00,1000.00,usd,
684,CTR-2023-00684,2127,51,strategic ,Cancelled,2023-02-19,2026-02-18,2500.00,1000.00,GBP, 
685,CTR-2024-00685,1817,121,strategic ,Active,2024-03-10,2027/03/10,25000.00,2500.00,USD,
686,CTR-2023-00686,660,190,Spot,active,2023-08-19,2025/08/18,500.00,500.00,USD,
687,CTR-2025-00687,248,179,Strategic,Expired,2025-09-16,2027-09-16,5000.00,0.00,USD,
688,CTR-2024-00688,705,183,Spot,Suspended,2024-03-18,2027-03-18,1000.00,1000.00,USD,
689,CTR-2023-00689,947,108,strategic ,Active,2023-04-25,2024-04-24,10000.00,0.00,USD,
690,CTR-2025-00690,2441,140,strategic ,Active,2025-01-17,2025-07-16,1000.00,0.00,USD,
691,CTR-2024-00691,2011,74,Standard,Active,2024-03-25,2025-03-25,1000.00,5000.00,USD,
692,CTR-2024-00692,879,249,Strategic,Active,2024-09-18,2027-09-18,5000.00,5000.00,GBP,
693,CTR-2024-00693,1018,226,Standard,Active,2024-03-11,2025-03-11,5000.00,0.00,CAD,
694,CTR-2025-00694,1454,69,Preferred,Active,2025-02-11,2026-02-11,1000.00,10000.00,USD,
695,CTR-2023-00695,968,241,Standard,Expired,2023-09-26,2025-09-25,1000.00,0.00,USD,
696,CTR-2024-00696,895,187,Standard,Active,2024-08-04,2027-08-04,25000.00,500.00,USD,
697,CTR-2024-00697,1003,174,strategic ,Suspended,2024-11-25,2026-11-25,2500.00,0.00,EUR,
698,CTR-2025-00698,768,190,Preferred,Expired,2025-10-08,2028-10-07,2500.00,0.00,EUR,
699,CTR-2025-00699,212,33,Spot,active,2025-06-03, 2027-06-03 ,10000.00,5000.00,USD,
700,CTR-2024-00700,164,26,Standard,Expired,2024-06-25,2025/06/25,2500.00,2500.00,EUR,
701,CTR-2023-00701,171,128,Spot,Active,2023-02-10,2025-02-09,500.00,10000.00,CAD,
702,CTR-2023-00702,526,22,Standard,Active,2023-12-02,2026-12-01,2500.00,10000.00,USD,
703,CTR-2023-00703,846,273,Strategic,Cancelled,2023-02-16,2024-02-16,10000.00,500.00,USD,Customer consolidation
704,CTR-2023-00704,1369,240,Strategic,Expired,2023-01-04,2024-01-04,2500.00,2500.00,usd,
705,CTR-2025-00705,962,78,Preferred,Active,2025-08-28,2026-02-24,5000.00,500.00,USD,
706,CTR-2023-00706,689,147,Strategic,Active,2023-05-26,2024-05-25,500.00,1000.00,EUR,
707,CTR-2024-00707,1974,146,strategic ,active,2024-07-12,2025-01-08,2500.00,500.00,USD,
708,CTR-2023-00708,49,128,Strategic,Active,2023-11-06,2024-11-05,10000.00,1000.00,USD,
709,CTR-2023-00709,1873,266,Preferred,Expired,2023-10-21,20/10/2025,2500.00,2500.00,GBP,
710,CTR-2023-00710,1390,249,Strategic,Active,2023-02-15,2/14/2026,10000.00,2500.00,USD,
711,CTR-2025-00711,491,245,strategic ,Active,2025-01-03,2026-01-03,5000.00,10000.00,USD,
712,CTR-2025-00712,1178,152,Strategic,Active,2025-06-01,2026-06-01,2500.00,1000.00,USD,
713,CTR-2023-00713,630,273,Spot,Active,2023-09-05, 2025-09-04 ,1000.00,2500.00,USD,
714,CTR-2024-00714,847,273,Standard,Active,2024-04-23,2025-04-23,1000.00,1000.00,USD,
715,CTR-2023-00715,2118,119,strategic ,Suspended,2023-01-12,11/07/2023,1000.00,0.00,USD,
716,CTR-2023-00716,88,187,Spot,Active,2023-10-09,2024-10-08,1000.00,0.00,CAD,
717,CTR-2023-00717,1909,241,Preferred,Expired,2023-11-22,2025-11-21,2500.00,10000.00,USD,
718,CTR-2024-00718,1595,152,Spot,Cancelled,2024-03-19,2025-03-19,500.00,5000.00,USD, 
719,CTR-2023-00719,2387,64,strategic ,Expired,2023-02-14,2026-02-13,1000.00,10000.00,EUR,
720,CTR-2024-00720,1082,183,Spot,Active,2024-03-04,2024-08-31,10000.00,500.00,CAD,
721,CTR-2023-00721,471,94,Preferred,Active,2023-03-24,2025-03-23,25000.00,500.00,USD,
722,CTR-2024-00722,1325,119,Spot,Active,2024-03-12,2024-09-08,10000.00,0.00,USD,
723,CTR-2024-00723,394,187,strategic ,Expired,2024-08-27,2027-08-27,5000.00,2500.00,EUR,
724,CTR-2024-00724,1799,234,Standard,Active,2024-04-16,2027-04-16,10000.00,1000.00,USD,
725,CTR-2024-00725,2387,295,Strategic,active,2024-05-11,11/7/2024,10000.00,0.00,CAD,
726,CTR-2023-00726,1851,108,Strategic,Active,2023-09-27,2026-09-26,2500.00,0.00,USD,
727,CTR-2024-00727,2347,68,Spot,active,2024-01-19,2026-01-18,25000.00,10000.00,USD,
728,CTR-2025-00728,1353,242,Preferred,Active,2025-03-29,2026-03-29,2500.00,10000.00,USD,
729,CTR-2024-00729,1420,14,Strategic,Expired,2024-06-25,2026-06-25,1000.00,5000.00,usd,
730,CTR-2023-00730,1063,234,Spot,Cancelled,2023-03-08,2023-09-04,500.00,2500.00,EUR, 
731,CTR-2023-00731,1639,252,Standard,Cancelled,2023-07-02,2024-07-01,5000.00,1000.00,CAD,Moved to competitor
732,CTR-2024-00732,701,30,Preferred,Expired,2024-02-06,2026-02-05,1000.00,10000.00,USD,
733,CTR-2023-00733,1743,201,Strategic,Suspended,2023-04-23,2026-04-22,25000.00,10000.00,USD,
734,CTR-2023-00734,1491,239,strategic ,Active,2023-08-28,2025-08-27,500.00,2500.00,USD,
735,CTR-2024-00735,795,179,Spot,Cancelled,2024-05-07,2025-05-07,10000.00,0.00,USD,Unknown
736,CTR-2025-00736,1301,82,Standard,Active,2025-09-18,2026-03-17,25000.00,500.00,GBP,
737,CTR-2024-00737,112,20,Preferred,Cancelled,2024-08-22,2026-08-22,5000.00,500.00,USD,Moved to competitor
738,CTR-2023-00738,1609,273,Preferred,Expired,2023-09-13,12/09/2024,500.00,500.00,USD,
739,CTR-2024-00739,889,83,Strategic,Active,2024-11-25,25/11/2026,5000.00,500.00,USD,
740,CTR-2023-00740,311,33,Standard,Cancelled,2023-02-27,2024-02-27,500.00,1000.00,USD,Unknown
741,CTR-2024-00741,794,94,Spot,Active,2024-11-06,2027-11-06,5000.00,500.00,USD,
742,CTR-2023-00742,772,258,Strategic,Active,2023-12-10,2025-12-09,1000.00,10000.00,EUR,
743,CTR-2024-00743,747,68,Strategic,Active,2024-09-14,2027-09-14,1000.00,5000.00,USD,
744,CTR-2025-00744,102,22,Strategic,Active,2025-08-13,2026-08-13,5000.00,0.00,USD,
745,CTR-2025-00745,345,152,Standard,Active,2025-01-13,2026-01-13,2500.00,2500.00,GBP,
746,CTR-2024-00746,847,19,Preferred,Active,2024-01-06,2025-01-05,500.00,5000.00,USD,
747,CTR-2024-00747,1112,290,Spot,active,2024-02-18,2027/02/17,25000.00,0.00,CAD,
748,CTR-2023-00748,128,105,Spot,Expired,2023-04-03,2024-04-02,1000.00,2500.00,USD,
749,CTR-2024-00749,1619,278,Spot,Active,2024-02-16,2025/02/15,2500.00,5000.00,USD,
750,CTR-2024-00750,881,64,Preferred,Active,2024-04-13,2024-10-10,10000.00,0.00,USD,
751,CTR-2024-00751,157,108,Preferred,Active,2024-12-06,6/4/2025,500.00,500.00,USD,
752,CTR-2024-00752,559,218,Strategic,Active,2024-06-10,2025-06-10,25000.00,2500.00,USD,
753,CTR-2023-00753,1548,179,Strategic,Active,2023-04-10,2023-10-07,25000.00,1000.00,USD,
754,CTR-2025-00754,4,146,Standard,Active,2025-06-11,2026-06-11,1000.00,0.00,USD,
755,CTR-2024-00755,240,179,Strategic,Active,2024-09-15,2025-09-15,25000.00,500.00,USD,
756,CTR-2024-00756,2013,161,strategic ,Active,2024-10-13,2026-10-13,5000.00,2500.00,USD,
757,CTR-2023-00757,2030,161,strategic ,active,2023-11-27,2025-11-26,5000.00,2500.00,USD,
758,CTR-2025-00758,2230,278,Spot,Active,2025-02-26,2026-02-26,5000.00,5000.00,USD,
759,CTR-2023-00759,880,254,strategic ,Active,2023-08-03,2025-08-02,5000.00,2500.00,USD,
760,CTR-2024-00760,112,239,strategic ,Active,2024-10-29,27/04/2025,2500.00,500.00,USD,
761,CTR-2023-00761,297,254,strategic ,Active,2023-11-16,2024-11-15,500.00,5000.00,USD,
762,CTR-2025-00762,1205,68,Standard,Active,2025-01-15,2028-01-15,500.00,10000.00,USD,
763,CTR-2025-00763,536,67,strategic ,Active,2025-05-19,5/19/2026,1000.00,2500.00,USD,
764,CTR-2025-00764,383,22,strategic ,Active,2025-08-08,2026-08-08,2500.00,1000.00,GBP,
765,CTR-2023-00765,231,243,Standard,Suspended,2023-12-31,2024-12-30,2500.00,5000.00,USD,
766,CTR-2024-00766,1416,187,Standard,Active,2024-11-11,2025-05-10,10000.00,1000.00,USD,
767,CTR-2024-00767,394,12,Standard,active,2024-10-14,2026-10-14,25000.00,500.00,GBP,
768,CTR-2024-00768,1208,26,Strategic,Active,2024-11-25,2026-11-25,500.00,10000.00,USD,
769,CTR-2025-00769,1166,147,Strategic,Active,2025-04-06,2026-04-06,2500.00,0.00,USD,
770,CTR-2024-00770,2195,191,strategic ,Expired,2024-06-22,2027-06-22,25000.00,500.00,GBP,
771,CTR-2023-00771,2373,26,Preferred,Expired,2023-05-08,2025-05-07,1000.00,500.00,USD,
772,CTR-2024-00772,522,240,Strategic,Cancelled,2024-05-11,2024-11-07,5000.00,10000.00,CAD,Price increase
773,CTR-2025-00773,627,94,Strategic,Active,2025-08-16,2026-08-16,2500.00,10000.00,USD,
774,CTR-2024-00774,1966,68,Preferred,Active,2024-11-16,2025-05-15,5000.00,5000.00,USD,
775,CTR-2024-00775,1461,273,Preferred,Expired,2024-12-18,2025-06-16,500.00,10000.00,USD,
776,CTR-2023-00776,1045,69,Standard,Active,2023-08-12,2024-08-11,2500.00,10000.00,USD,
777,CTR-2024-00777,462,165,strategic ,Active,2024-01-07,06/01/2025,5000.00,10000.00,EUR,
778,CTR-2025-00778,157,22,Strategic,Active,2025-07-09,2027-07-09,1000.00,10000.00,USD,
779,CTR-2025-00779,684,33,Strategic,Active,2025-05-25,11/21/2025,5000.00,1000.00,CAD,
780,CTR-2024-00780,2027,258,Strategic,Active,2024-04-12,2025/04/12,1000.00,10000.00,USD,
781,CTR-2024-00781,969,278,Standard,Cancelled,2024-09-30,2025-03-29,25000.00,1000.00,GBP,Service unreliability
782,CTR-2025-00782,1971,64,Strategic,Expired,2025-01-22,2027-01-22,25000.00,500.00,CAD,
783,CTR-2025-00783,1310,192,Preferred,Active,2025-05-26,2028-05-25,2500.00,1000.00,CAD,
784,CTR-2025-00784,414,218,Strategic,Active,2025-01-17,2025-07-16,2500.00,0.00,USD,
785,CTR-2024-00785,2478,105,Preferred,Active,2024-07-11,2025-07-11,500.00,5000.00,CAD,
786,CTR-2024-00786,268,41,strategic ,Active,2024-11-17,2025-05-16,500.00,10000.00,USD,
787,CTR-2025-00787,891,33,Strategic,Active,2025-01-25,2027-01-25,1000.00,500.00,USD,
788,CTR-2025-00788,517,289,Strategic,Active,2025-03-12,2027-03-12,25000.00,0.00,USD,
789,CTR-2023-00789,2414,7,Strategic,Active,2023-01-29,2025-01-28,10000.00,0.00,USD,
790,CTR-2023-00790,2053,262,Standard,Active,2023-02-12,2024-02-12,2500.00,0.00,EUR,
791,CTR-2025-00791,875,51,strategic ,Cancelled,2025-01-06,2027-01-06,2500.00,1000.00,USD,Unknown
792,CTR-2024-00792,1058,218,Spot,Active,2024-11-29,2025-11-29,5000.00,0.00,USD,
793,CTR-2024-00793,2040,156,Preferred,Active,2024-02-11,2027-02-10,25000.00,500.00,USD,
794,CTR-2023-00794,1832,14,Strategic,Active,2023-10-17,2026-10-16,10000.00,500.00,usd,
795,CTR-2024-00795,2295,242,Standard,Active,2024-09-10,2026-09-10,1000.00,2500.00,USD,
796,CTR-2025-00796,2477,273,Preferred,Cancelled,2025-03-29,2026-03-29,2500.00,0.00,CAD,Unknown
797,CTR-2023-00797,2217,179,strategic ,Active,2023-03-26,2024-03-25,2500.00,10000.00,CAD,
798,CTR-2025-00798,1941,241,Spot,Expired,2025-04-15,2026-04-15,1000.00,1000.00,EUR,
799,CTR-2023-00799,126,20,Standard,Active,2023-02-02,2025-02-01,10000.00,1000.00,CAD,
800,CTR-2023-00800,929,242,Standard,Cancelled,2023-11-06,2024-11-05,1000.00,1000.00,GBP,Price increase
801,CTR-2023-00801,107,239,Spot,Active,2023-02-19,2024-02-19,10000.00,10000.00,USD,
802,CTR-2025-00802,458,15,Preferred,Expired,2025-01-19,2026-01-19,5000.00,1000.00,USD,
803,CTR-2025-00803,1914,226,Strategic,Active,2025-01-10,2025-07-09,1000.00,500.00,EUR,
804,CTR-2023-00804,271,183,strategic ,Suspended,2023-02-05,2026-02-04,2500.00,5000.00,GBP,
805,CTR-2025-00805,1104,236,strategic ,Active,2025-01-23,2027-01-23,2500.00,1000.00,USD,
806,CTR-2024-00806,575,121,Strategic,Cancelled,2024-04-30,2025-04-30,5000.00,0.00,USD,Moved to competitor
807,CTR-2024-00807,697,78,Strategic,Active,2024-08-10,2025-02-06,10000.00,500.00,USD,
808,CTR-2024-00808,1587,240,Standard,Active,2024-07-04,2025-07-04,25000.00,500.00,CAD,
809,CTR-2024-00809,561,12,Standard,Active,2024-08-22,2025-08-22,25000.00,2500.00,USD,
810,CTR-2024-00810,1793,290,Strategic,Active,2024-08-17,2027-08-17,500.00,1000.00,USD,
811,CTR-2024-00811,1069,245,Standard,Active,2024-03-27,2026-03-27,500.00,1000.00,USD,
812,CTR-2024-00812,1374,156,strategic ,Expired,2024-02-24,2024-08-22,10000.00,2500.00,CAD,
813,CTR-2025-00813,652,161,Strategic,Active,2025-08-11,2026-08-11,2500.00,1000.00,USD,
814,CTR-2023-00814,1305,165,Standard,Active,2023-09-15,2024-03-13,25000.00,10000.00,USD,
815,CTR-2025-00815,1191,106,Strategic,Active,2025-03-21,2027-03-21,25000.00,500.00,USD,
816,CTR-2024-00816,706,262,Standard,Active,2024-09-26,2027-09-26,500.00,500.00,USD,
817,CTR-2024-00817,2160,220,Strategic,Active,2024-02-24,2025-02-23,2500.00,10000.00,USD,
818,CTR-2024-00818,774,210,Spot,Cancelled,2024-01-06,2026-01-05,2500.00,5000.00,USD,Unknown
819,CTR-2023-00819,1519,257,Preferred,Cancelled,2023-11-01,2024-10-31,10000.00,1000.00,USD,Unknown
820,CTR-2024-00820,1679,257,Standard,Cancelled,2024-09-14,2025-09-14,1000.00,2500.00,EUR,Customer consolidation
821,CTR-2023-00821,1670,226,Spot,Active,2023-10-29,10/28/2026,500.00,10000.00,USD,
822,CTR-2025-00822,516,15,Standard,Active,2025-03-13,2028-03-12,25000.00,1000.00,USD,
823,CTR-2024-00823,1564,258,Strategic,Cancelled,2024-07-29,2025-07-29,25000.00,500.00,GBP,Service unreliability
824,CTR-2023-00824,2144,39,Preferred,Active,2023-09-13,9/12/2025,5000.00,0.00,EUR,
825,CTR-2023-00825,498,51,strategic ,Active,2023-08-01,2024-01-28,5000.00,10000.00,USD,
826,CTR-2025-00826,1156,267,Preferred,Suspended,2025-04-29,2027-04-29,25000.00,5000.00,USD,
827,CTR-2024-00827,122,278,strategic ,Expired,2024-01-03,02/01/2025,25000.00,500.00,USD,
828,CTR-2025-00828,1452,262,Preferred,Suspended,2025-04-18,2026-04-18,2500.00,5000.00,USD,
829,CTR-2025-00829,2459,39,Preferred,Cancelled,2025-06-01,2026-06-01,2500.00,10000.00,USD, 
830,CTR-2025-00830,1418,295,Standard,Active,2025-05-11,11/05/2027,25000.00,2500.00,CAD,
831,CTR-2025-00831,2173,179,Standard,Active,2025-04-04,2027-04-04,500.00,1000.00,USD,
832,CTR-2024-00832,469,267,Standard,Active,2024-06-15,2025-06-15,2500.00,500.00,USD,
833,CTR-2023-00833,2301,39,Strategic,Cancelled,2023-11-20,2025/11/19,25000.00,2500.00,USD,Unknown
834,CTR-2024-00834,1145,296,strategic ,Active,2024-12-02,2025-12-02,1000.00,0.00,CAD,
835,CTR-2024-00835,1230,243,Standard,Cancelled,2024-04-19,2024-10-16,25000.00,2500.00,USD,Service unreliability
836,CTR-2025-00836,205,241,Strategic,Cancelled,2025-08-14,2026-08-14,10000.00,500.00,EUR,Service unreliability
837,CTR-2024-00837,693,39,Standard,Cancelled,2024-03-23,2024-09-19,25000.00,10000.00,usd, 
838,CTR-2024-00838,1497,140,Strategic,Expired,2024-12-25,2025-12-25,5000.00,0.00,USD,
839,CTR-2025-00839,1709,240,strategic ,Active,2025-08-09,2028-08-08,1000.00,1000.00,USD,
840,CTR-2023-00840,831,234,Preferred,Expired,2023-10-29,2024-10-28,25000.00,1000.00,EUR,
841,CTR-2025-00841,244,174,Strategic,Active,2025-04-07,2027-04-07,25000.00,1000.00,USD,
842,CTR-2023-00842,1104,174,Spot,Active,2023-01-26,2024-01-26,1000.00,0.00,CAD,
843,CTR-2024-00843,2101,289,Preferred,Active,2024-08-21,2027-08-21,2500.00,500.00,USD,
844,CTR-2024-00844,2131,12,Strategic,Active,2024-03-30,2025-03-30,2500.00,1000.00,CAD,
845,CTR-2023-00845,2149,252,Spot,Expired,2023-09-27,2026-09-26,500.00,10000.00,USD,
846,CTR-2025-00846,491,30,Spot,Active,2025-06-12,2026-06-12,10000.00,5000.00,USD,
847,CTR-2024-00847,161,83,Standard,active,2024-11-04,2025-11-04,10000.00,500.00,USD,
848,CTR-2024-00848,1190,67,strategic ,Suspended,2024-04-12,2026-04-12,2500.00,0.00,USD,
849,CTR-2024-00849,1355,183,strategic ,Cancelled,2024-09-10,2026-09-10,5000.00,500.00,USD,Service unreliability
850,CTR-2024-00850,2226,269,Strategic,Expired,2024-11-12,2025-05-11,5000.00,5000.00,usd,
851,CTR-2024-00851,1031,68,strategic ,Active,2024-10-08,2026-10-08,10000.00,1000.00,USD,
852,CTR-2025-00852,825,241,Spot,Active,2025-05-06,2028-05-05,1000.00,5000.00,USD,
853,CTR-2023-00853,1194,156,Standard,Cancelled,2023-06-15,2023-12-12,1000.00,5000.00,USD,Customer consolidation
854,CTR-2023-00854,1014,241,strategic ,Active,2023-10-16,2024-10-15,1000.00,1000.00,USD,
855,CTR-2024-00855,1995,7,Preferred,Expired,2024-05-19,2027-05-19,5000.00,1000.00,USD,
856,CTR-2024-00856,2154,210,strategic ,Expired,2024-05-07,2027-05-07,10000.00,10000.00,USD,
857,CTR-2025-00857,411,280,Spot,Cancelled,2025-09-09,09/09/2026,500.00,10000.00,USD,Price increase
858,CTR-2024-00858,2064,7,Standard,Cancelled,2024-12-18, 2027-12-18 ,10000.00,0.00,USD,Moved to competitor
859,CTR-2024-00859,1683,201,Spot,Cancelled,2024-12-07,2027-12-07,2500.00,1000.00,USD,Service unreliability
860,CTR-2024-00860,1755,267,Preferred,Active,2024-07-04,2025-07-04,1000.00,10000.00,GBP,
861,CTR-2024-00861,825,20,Spot,active,2024-06-07,07/06/2026,5000.00,1000.00,USD,
862,CTR-2024-00862,410,106,Standard,Active,2024-08-02,2027-08-02,5000.00,5000.00,GBP,
863,CTR-2023-00863,14,310,strategic ,Active,2023-01-04,2023-07-03,500.00,5000.00,USD,
864,CTR-2023-00864,2278,30,Standard,Expired,2023-05-06,2024-05-05,500.00,10000.00,usd,
865,CTR-2025-00865,62,94,Standard,Active,2025-03-06,2027-03-06,5000.00,0.00,usd,
866,CTR-2023-00866,1337,94,Strategic,Active,2023-09-22,2025-09-21,500.00,500.00,USD,
867,CTR-2023-00867,1117,242,strategic ,Active,2023-10-01,2024-03-29,25000.00,500.00,CAD,
868,CTR-2023-00868,310,278,Spot,Active,2023-10-15,2024/04/12,500.00,5000.00,GBP,
869,CTR-2024-00869,2439,108,Strategic,Cancelled,2024-07-15, 2027-07-15 ,2500.00,1000.00,USD,Service unreliability
870,CTR-2023-00870,674,241,Spot,Expired,2023-01-24, 2026-01-23 ,10000.00,2500.00,USD,
871,CTR-2023-00871,1965,22,strategic ,Cancelled,2023-09-24,2024-03-22,25000.00,500.00,USD,Service unreliability
872,CTR-2024-00872,270,119,strategic ,Active,2024-02-09,2026/02/08,2500.00,1000.00,CAD,
873,CTR-2024-00873,1169,74,Spot,Active,2024-02-08,07/02/2026,1000.00,0.00,CAD,
874,CTR-2024-00874,2041,252,Preferred,Active,2024-02-05,2025-02-04,25000.00,5000.00,USD,
875,CTR-2023-00875,721,201,Standard,active,2023-01-29,2026-01-28,2500.00,0.00,GBP,
876,CTR-2023-00876,225,267,strategic ,Active,2023-11-22,2025-11-21,500.00,0.00,usd,
877,CTR-2025-00877,2275,243,Spot,Active,2025-03-08,2026-03-08,500.00,10000.00,EUR,
878,CTR-2024-00878,2333,152,Preferred,Cancelled,2024-11-06,2025/11/06,25000.00,0.00,CAD,Unknown
879,CTR-2024-00879,791,67,Strategic,Expired,2024-05-30,2027-05-30,5000.00,500.00,USD,
880,CTR-2023-00880,8,106,Strategic,Active,2023-09-08,2025-09-07,1000.00,1000.00,USD,
881,CTR-2023-00881,1524,273,strategic ,Active,2023-06-21,2023-12-18,1000.00,2500.00,USD,
882,CTR-2024-00882,1840,67,Standard,Expired,2024-07-09,2026-07-09,500.00,10000.00,GBP,
883,CTR-2023-00883,1478,191,Standard,Active,2023-08-13,2024-08-12,1000.00,10000.00,USD,
884,CTR-2025-00884,2303,218,Spot,Active,2025-09-22,2026-09-22,2500.00,5000.00,USD,
885,CTR-2024-00885,2342,156,Standard,Cancelled,2024-12-15,2025-12-15,25000.00,10000.00,USD,Unknown
886,CTR-2024-00886,2152,68,Strategic,Active,2024-09-06,2026-09-06,5000.00,5000.00,USD,
887,CTR-2024-00887,323,278,strategic ,Cancelled,2024-05-09,2024-11-05,2500.00,10000.00,USD, 
888,CTR-2023-00888,721,128,Strategic,active,2023-05-08,2026-05-07,10000.00,0.00,USD,
889,CTR-2025-00889,362,234,Spot,Active,2025-09-04,2026-09-04,25000.00,0.00,USD,
890,CTR-2025-00890,2252,12,Standard,Active,2025-02-17,2026-02-17,5000.00,10000.00,USD,
891,CTR-2023-00891,343,12,Preferred,Expired,2023-12-25,2026-12-24,2500.00,0.00,GBP,
892,CTR-2025-00892,560,289,strategic ,active,2025-04-16,2026-04-16,1000.00,500.00,GBP,
893,CTR-2025-00893,777,273,Standard,Active,2025-03-25, 2025-09-21 ,500.00,5000.00,USD,
894,CTR-2025-00894,1514,105,strategic ,Suspended,2025-06-23,2026-06-23,10000.00,0.00,USD,
895,CTR-2025-00895,97,64,strategic ,Expired,2025-06-22,2026-06-22,25000.00,5000.00,GBP,
896,CTR-2024-00896,1019,262,Strategic,Suspended,2024-04-24,2025-04-24,2500.00,0.00,USD,
897,CTR-2024-00897,1581,201,Preferred,Expired,2024-10-12,2025-04-10,2500.00,2500.00,usd,
898,CTR-2023-00898,87,19,Preferred,Active,2023-03-08,2025-03-07,10000.00,0.00,USD,
899,CTR-2023-00899,89,241,Spot,Active,2023-09-30,2026-09-29,500.00,5000.00,USD,
900,CTR-2023-00900,91,60,Strategic,Active,2023-06-26,2025-06-25,5000.00,10000.00,USD,
901,CTR-2024-00901,586,165,Standard,Active,2024-08-12, 2026-08-12 ,1000.00,10000.00,USD,
902,CTR-2023-00902,1469,179,Standard,Active,2023-05-20,2026-05-19,1000.00,10000.00,USD,
903,CTR-2024-00903,2416,79,Standard,Active,2024-02-12,2025-02-11,2500.00,0.00,USD,
904,CTR-2024-00904,597,165,Spot,Active,2024-07-25,2027-07-25,500.00,0.00,EUR,
905,CTR-2024-00905,560,7,Standard,Expired,2024-11-04,2025-05-03,25000.00,2500.00,USD,
906,CTR-2024-00906,1741,273,Strategic,Active,2024-02-29,2024-08-27,2500.00,1000.00,EUR,
907,CTR-2025-00907,1866,41,Standard,active,2025-06-09,6/9/2027,25000.00,500.00,USD,
908,CTR-2025-00908,1794,273,strategic ,Active,2025-08-04,2026-01-31,10000.00,0.00,USD,
909,CTR-2024-00909,1579,234,Preferred,Active,2024-03-28,2024-09-24,1000.00,1000.00,USD,
910,CTR-2024-00910,2471,245,Preferred,Active,2024-11-02,2026-11-02,1000.00,500.00,USD,
911,CTR-2024-00911,1190,273,Preferred,Active,2024-03-19,2026-03-19,10000.00,10000.00,USD,
912,CTR-2025-00912,2231,106,Preferred,Expired,2025-04-20,2027-04-20,2500.00,2500.00,USD,
913,CTR-2024-00913,826,290,Preferred,Expired,2024-04-26,2027-04-26,10000.00,10000.00,USD,
914,CTR-2023-00914,364,248,Strategic,Active,2023-04-08,2025-04-07,10000.00,5000.00,USD,
915,CTR-2024-00915,1544,245,Preferred,Active,2024-01-19,2025-01-18,500.00,2500.00,USD,
916,CTR-2024-00916,2056,67,Strategic,Expired,2024-06-20,2026-06-20,1000.00,10000.00,USD,
917,CTR-2023-00917,2143,266,Preferred,Expired,2023-08-25,2025-08-24,25000.00,10000.00,USD,
918,CTR-2024-00918,714,299,Strategic,Cancelled,2024-07-31,2026-07-31,5000.00,2500.00,USD, 
919,CTR-2023-00919,2063,257,Standard,Active,2023-01-27, 2024-01-27 ,25000.00,2500.00,EUR,
920,CTR-2024-00920,702,64,strategic ,Expired,2024-03-08,2027-03-08,25000.00,500.00,USD,
921,CTR-2024-00921,429,290,Strategic,Active,2024-11-04,2026-11-04,1000.00,2500.00,GBP,
922,CTR-2023-00922,1548,239,Strategic,active,2023-02-22,2024-02-22,2500.00,1000.00,USD,
923,CTR-2025-00923,908,22,Spot,Active,2025-01-17,2028-01-17,5000.00,1000.00,USD,
924,CTR-2024-00924,1955,39,Strategic,Cancelled,2024-07-10,2026-07-10,10000.00,500.00,EUR,Service unreliability
925,CTR-2023-00925,316,236,Preferred,Active,2023-09-05,2024-03-03,2500.00,1000.00,USD,
926,CTR-2024-00926,2093,289,Standard,Active,2024-06-23,2024-12-20,5000.00,5000.00,CAD,
927,CTR-2025-00927,2046,234,Strategic,Active,2025-07-26,2026-01-22,500.00,2500.00,EUR,
928,CTR-2024-00928,177,121,Spot,Expired,2024-11-06,2027-11-06,1000.00,5000.00,USD,
929,CTR-2024-00929,2097,226,strategic ,Active,2024-04-16,13/10/2024,1000.00,2500.00,USD,
930,CTR-2025-00930,364,234,Standard,active,2025-09-05,2026-09-05,500.00,5000.00,USD,
931,CTR-2023-00931,1875,41,Strategic,Active,2023-07-13,2024-07-12,25000.00,10000.00,usd,
932,CTR-2025-00932,1976,14,Strategic,Active,2025-08-17,2026-02-13,500.00,2500.00,USD,
933,CTR-2023-00933,246,257,Strategic,Active,2023-04-22,2023-10-19,2500.00,5000.00,EUR,
934,CTR-2023-00934,973,190,Strategic,active,2023-01-15,2024-01-15,10000.00,10000.00,USD,
935,CTR-2023-00935,629,249,strategic ,Active,2023-04-08,2024-04-07,1000.00,0.00,CAD,
936,CTR-2025-00936,1956,241,strategic ,Active,2025-08-23,2028-08-22,10000.00,1000.00,USD,
937,CTR-2024-00937,1918,257,strategic ,Active,2024-01-23,2027-01-22,5000.00,10000.00,USD,
938,CTR-2023-00938,2442,193,Spot,Active,2023-05-04,2026-05-03,1000.00,500.00,USD,
939,CTR-2024-00939,2053,108,Standard,Active,2024-03-09,2024-09-05,25000.00,500.00,USD,
940,CTR-2025-00940,1696,94,Spot,Active,2025-01-19,2027-01-19,2500.00,1000.00,USD,
941,CTR-2025-00941,2169,174,Spot,Active,2025-08-25,2026-08-25,1000.00,500.00,EUR,
942,CTR-2024-00942,889,69,Standard,active,2024-03-06,2026-03-06,500.00,0.00,USD,
943,CTR-2024-00943,1982,241,strategic ,Expired,2024-10-25,2026-10-25,1000.00,1000.00,CAD,
944,CTR-2023-00944,287,239,Standard,Suspended,2023-04-07,2024-04-06,25000.00,0.00,usd,
945,CTR-2023-00945,285,108,Preferred,Active,2023-06-07,2023-12-04,2500.00,2500.00,usd,
946,CTR-2023-00946,1565,187,strategic ,Suspended,2023-03-12,2024-03-11,25000.00,500.00,USD,
947,CTR-2023-00947,1294,310,Strategic,Active,2023-04-03,9/30/2023,10000.00,5000.00,USD,
948,CTR-2023-00948,2423,147,Preferred,Cancelled,2023-01-24,2024-01-24,10000.00,1000.00,CAD,Moved to competitor
949,CTR-2023-00949,1277,68,Preferred,Active,2023-01-30,2026-01-29,1000.00,10000.00,USD,
950,CTR-2023-00950,405,201,Preferred,Active,2023-07-04,2023-12-31,25000.00,2500.00,CAD,
951,CTR-2024-00951,1940,289,strategic ,Active,2024-08-31,2025-08-31,10000.00,500.00,USD,
952,CTR-2023-00952,1606,147,Strategic,Expired,2023-11-01,2025-10-31,1000.00,10000.00,USD,
953,CTR-2024-00953,206,12,Spot,Expired,2024-04-15,2027-04-15,5000.00,500.00,USD,
954,CTR-2023-00954,1159,210,Spot,Cancelled,2023-08-10,2025-08-09,25000.00,2500.00,EUR,Unknown
955,CTR-2024-00955,171,310,Preferred,Active,2024-05-14,2025-05-14,1000.00,2500.00,USD,
956,CTR-2025-00956,544,210,Preferred,Cancelled,2025-09-05,2026/09/05,2500.00,2500.00,usd,Price increase
957,CTR-2024-00957,1033,19,Preferred,Active,2024-12-05,2025-12-05,25000.00,2500.00,USD,
958,CTR-2025-00958,1736,187,strategic ,Expired,2025-01-21,1/21/2028,5000.00,5000.00,USD,
959,CTR-2025-00959,952,257,Preferred,Active,2025-05-16,2026-05-16,25000.00,500.00,EUR,
960,CTR-2024-00960,2283,128,Preferred,Active,2024-01-17,2024-07-15,25000.00,5000.00,CAD,
961,CTR-2024-00961,948,19,Strategic,active,2024-07-19,2025-07-19,5000.00,500.00,USD,
962,CTR-2025-00962,63,236,Preferred,Active,2025-03-22,2026-03-22,1000.00,5000.00,usd,
963,CTR-2023-00963,385,242,Standard,Active,2023-10-20,19/10/2025,2500.00,2500.00,USD,
964,CTR-2024-00964,806,193,strategic ,Active,2024-02-15,2025-02-14,10000.00,500.00,EUR,
965,CTR-2024-00965,1554,187,Strategic,active,2024-01-13,11/07/2024,10000.00,10000.00,EUR,
966,CTR-2025-00966,1970,220,Preferred,Cancelled,2025-04-20,2026-04-20,1000.00,2500.00,USD,Service unreliability
967,CTR-2024-00967,1516,267,strategic ,Active,2024-06-23,2026-06-23,500.00,500.00,USD,
968,CTR-2023-00968,2388,290,Strategic,Cancelled,2023-06-23,6/22/2025,25000.00,2500.00,USD,Moved to competitor
969,CTR-2023-00969,1686,179,Preferred,Cancelled,2023-01-14,2025-01-13,2500.00,1000.00,USD,Customer consolidation
970,CTR-2023-00970,593,231,Preferred,Suspended,2023-11-03,2024/11/02,10000.00,10000.00,usd,
971,CTR-2024-00971,1761,39,strategic ,active,2024-05-15,2027-05-15,500.00,5000.00,USD,
972,CTR-2025-00972,179,67,Preferred,active,2025-05-09,2026-05-09,5000.00,1000.00,GBP,
973,CTR-2025-00973,387,26,strategic ,Active,2025-03-01,2026-03-01,500.00,500.00,USD,
974,CTR-2023-00974,1604,290,strategic ,Cancelled,2023-12-03,2024-12-02,10000.00,1000.00,USD,Moved to competitor
975,CTR-2024-00975,1851,51,Standard,Active,2024-12-03,2025-06-01,10000.00,1000.00,USD,
976,CTR-2023-00976,430,242,Standard,active,2023-04-23,2024-04-22,2500.00,10000.00,CAD,
977,CTR-2024-00977,1912,192,Spot,Suspended,2024-04-25,2024-10-22,5000.00,5000.00,USD,
978,CTR-2025-00978,2231,20,Standard,Active,2025-08-09,2027-08-09,10000.00,5000.00,CAD,
979,CTR-2023-00979,2242,20,Standard,active,2023-07-29,2024-07-28,1000.00,10000.00,USD,
980,CTR-2025-00980,852,310,Strategic,Expired,2025-09-09,2027-09-09,500.00,10000.00,USD,
981,CTR-2023-00981,1042,74,strategic ,active,2023-02-18,2026-02-17,2500.00,1000.00,EUR,
982,CTR-2023-00982,383,33,Strategic,Active,2023-08-24,2026-08-23,1000.00,10000.00,USD,
983,CTR-2024-00983,470,310,Preferred,Active,2024-06-14,2025-06-14,10000.00,2500.00,USD,
984,CTR-2024-00984,2196,152,Spot,Active,2024-02-14,2025-02-13,5000.00,1000.00,USD,
985,CTR-2023-00985,1966,310,Spot,Active,2023-01-14,2024-01-14,10000.00,1000.00,USD,
986,CTR-2024-00986,242,69,Preferred,active,2024-09-13,2026-09-13,500.00,10000.00,USD,
987,CTR-2025-00987,552,249,Standard,Active,2025-09-19,2026-09-19,25000.00,5000.00,USD,
988,CTR-2024-00988,2244,156,Standard,Active,2024-09-02,2025-09-02,2500.00,10000.00,CAD,
989,CTR-2025-00989,2075,161,Strategic,Active,2025-10-17,2028-10-16,500.00,10000.00,USD,
990,CTR-2025-00990,2069,149,Standard,Active,2025-08-11,2026-08-11,1000.00,5000.00,USD,
991,CTR-2024-00991,1708,140,strategic ,Active,2024-09-29,2025-09-29,2500.00,5000.00,EUR,
992,CTR-2024-00992,740,57,Strategic,active,2024-08-21,8/21/2025,1000.00,10000.00,USD,
993,CTR-2024-00993,724,280,Strategic,active,2024-10-23,2025-10-23,10000.00,10000.00,USD,
994,CTR-2024-00994,1435,30,Spot,Suspended,2024-02-19,8/17/2024,10000.00,10000.00,USD,
995,CTR-2023-00995,1366,179,Spot,active,2023-07-08,2024-07-07,1000.00,1000.00,USD,
996,CTR-2025-00996,878,243,Spot,Active,2025-03-03,3/3/2027,2500.00,1000.00,GBP,
997,CTR-2025-00997,1164,241,strategic ,Active,2025-06-24,2028-06-23,25000.00,10000.00,EUR,
998,CTR-2025-00998,2387,67,Preferred,Active,2025-07-17,2026-07-17,5000.00,500.00,USD,
999,CTR-2024-00999,2049,78,Standard,Expired,2024-06-06,2024-12-03,2500.00,1000.00,USD,
1000,CTR-2025-01000,507,226,Spot,Active,2025-06-21,6/21/2026,5000.00,1000.00,USD,
1001,CTR-2025-01001,199,165,strategic ,Active,2025-09-03,03/09/2026,500.00,0.00,CAD,
1002,CTR-2024-01002,1449,33,Preferred,Cancelled,2024-09-13,9/13/2026,5000.00,1000.00,USD,Price increase
1003,CTR-2023-01003,1324,257,Preferred,Active,2023-11-27,2025-11-26,25000.00,1000.00,EUR,
1004,CTR-2023-01004,452,273,strategic ,Active,2023-05-09,2024-05-08,1000.00,0.00,USD,
1005,CTR-2024-01005,1997,174,Standard,Expired,2024-08-31,2027-08-31,2500.00,0.00,USD,
1006,CTR-2023-01006,892,22,Strategic,Active,2023-09-23,2024-09-22,5000.00,5000.00,USD,
1007,CTR-2024-01007,734,12,Standard,Expired,2024-10-03,2025-04-01,500.00,0.00,USD,
1008,CTR-2023-01008,359,243,Preferred,Expired,2023-03-23,2026-03-22,25000.00,10000.00,GBP,
1009,CTR-2023-01009,1514,74,strategic ,Cancelled,2023-05-17,2025-05-16,5000.00,10000.00,USD, 
1010,CTR-2024-01010,707,39,Preferred,Cancelled,2024-08-04,2027/08/04,10000.00,500.00,CAD,Service unreliability
1011,CTR-2023-01011,520,161,strategic ,Active,2023-12-07,2024-12-06,500.00,0.00,USD,
1012,CTR-2023-01012,1306,108,strategic ,Active,2023-02-06,2025-02-05,10000.00,5000.00,USD,
1013,CTR-2025-01013,318,74,strategic ,Cancelled,2025-07-10,2028-07-09,25000.00,2500.00,GBP,Unknown
1014,CTR-2025-01014,2232,82,Standard,Expired,2025-08-23,2026-02-19,5000.00,500.00,USD,
1015,CTR-2023-01015,958,236,strategic ,active,2023-11-08,2024-05-06,500.00,5000.00,USD,
1016,CTR-2024-01016,2325,121,Spot,Cancelled,2024-03-06,2027-03-06,500.00,10000.00,USD,Price increase
1017,CTR-2023-01017,464,220,Preferred,Expired,2023-05-30,2023-11-26,500.00,1000.00,usd,
1018,CTR-2025-01018,2416,179,Standard,Active,2025-07-20,2026-07-20,10000.00,1000.00,USD,
1019,CTR-2024-01019,898,245,strategic ,Active,2024-05-16,2025-05-16,500.00,2500.00,CAD,
1020,CTR-2025-01020,2377,67,Preferred,active,2025-07-10,2027-07-10,500.00,2500.00,GBP,
1021,CTR-2024-01021,327,39,Strategic,Active,2024-09-07,2025-09-07,2500.00,2500.00,CAD,
1022,CTR-2023-01022,2499,14,Standard,Expired,2023-08-08,2024-08-07,10000.00,500.00,GBP,
1023,CTR-2023-01023,1843,310,Preferred,Active,2023-08-02,2025-08-01,5000.00,5000.00,USD,
1024,CTR-2023-01024,2280,249,Preferred,Active,2023-11-03,2024-05-01,10000.00,5000.00,CAD,
1025,CTR-2024-01025,224,296,Strategic,Expired,2024-12-15,2027-12-15,10000.00,0.00,CAD,
1026,CTR-2023-01026,2366,280,Strategic,active,2023-02-20,2025-02-19,500.00,500.00,USD,
1027,CTR-2023-01027,1671,79,Standard,Expired,2023-03-06,2023-09-02,2500.00,1000.00,USD,
1028,CTR-2024-01028,2496,69,Strategic,Active,2024-01-30,2025-01-29,500.00,1000.00,USD,
1029,CTR-2023-01029,432,20,Spot,Cancelled,2023-05-08,2024-05-07,25000.00,10000.00,usd,Moved to competitor
1030,CTR-2024-01030,1271,210,Preferred,Expired,2024-08-11,2025-02-07,10000.00,2500.00,GBP,
1031,CTR-2024-01031,527,234,Preferred,Active,2024-11-13,2025-05-12,25000.00,10000.00,USD,
1032,CTR-2023-01032,1562,83,Spot,Active,2023-10-10,2024-04-07,10000.00,500.00,EUR,
1033,CTR-2023-01033,1361,14,Spot,Active,2023-09-25,2026-09-24,1000.00,10000.00,GBP,
1034,CTR-2023-01034,862,231,Strategic,Cancelled,2023-11-03,2024-05-01,5000.00,0.00,USD,Unknown
1035,CTR-2023-01035,1284,243,Strategic,Expired,2023-09-25,2026-09-24,10000.00,0.00,USD,
1036,CTR-2025-01036,1850,243,Preferred,Expired,2025-03-08,2025-09-04,2500.00,500.00,CAD,
1037,CTR-2025-01037,811,187,Preferred,Active,2025-06-05,2026/06/05,5000.00,10000.00,USD,
1038,CTR-2023-01038,573,94,Strategic,active,2023-10-25,2024-10-24,2500.00,1000.00,USD,
1039,CTR-2025-01039,1808,258,Spot,Expired,2025-06-07,2025-12-04,1000.00,2500.00,USD,
1040,CTR-2024-01040,413,239,Standard,active,2024-09-29,2027-09-29,1000.00,10000.00,EUR,
1041,CTR-2023-01041,1295,290,Standard,Expired,2023-10-22,2024-10-21,5000.00,1000.00,USD,
1042,CTR-2024-01042,339,248,strategic ,Active,2024-05-05,2025-05-05,25000.00,5000.00,GBP,
1043,CTR-2025-01043,283,39,Standard,Cancelled,2025-02-26,2028-02-26,2500.00,0.00,USD,Unknown
1044,CTR-2025-01044,2363,296,Strategic,Active,2025-08-23,2026-02-19,500.00,2500.00,USD,
1045,CTR-2024-01045,1967,26,Spot,Active,2024-03-16,2027-03-16,500.00,500.00,CAD,
1046,CTR-2024-01046,556,12,Spot,Active,2024-01-07,2025-01-06,25000.00,1000.00,GBP,
1047,CTR-2024-01047,1604,51,Standard,Active,2024-03-14,2025-03-14,500.00,2500.00,CAD,
1048,CTR-2025-01048,1159,231,strategic ,Cancelled,2025-06-20,2026-06-20,5000.00,10000.00,EUR,Unknown
1049,CTR-2025-01049,751,57,strategic ,Cancelled,2025-09-08,2027-09-08,2500.00,0.00,USD, 
1050,CTR-2024-01050,1867,266,Preferred,Cancelled,2024-01-10,2027-01-09,1000.00,10000.00,usd,Unknown
1051,CTR-2025-01051,1797,30,strategic ,Active,2025-05-24,2027-05-24,500.00,500.00,CAD,
1052,CTR-2025-01052,1137,234,Standard,Expired,2025-08-13,8/12/2028,5000.00,500.00,USD,
1053,CTR-2024-01053,1410,22,strategic ,Active,2024-04-09,4/9/2025,1000.00,500.00,USD,
1054,CTR-2024-01054,1663,82,Spot,active,2024-06-03,2027-06-03,2500.00,500.00,USD,
1055,CTR-2024-01055,138,51,Spot,Cancelled,2024-03-06,2025-03-06,1000.00,10000.00,USD,Service unreliability
1056,CTR-2024-01056,759,78,Strategic,Active,2024-03-26,2025-03-26,10000.00,5000.00,USD,
1057,CTR-2025-01057,1148,108,Preferred,Active,2025-06-02,2025-11-29,500.00,1000.00,USD,
1058,CTR-2023-01058,1439,51,Strategic,Expired,2023-08-15,2026-08-14,5000.00,2500.00,USD,
1059,CTR-2023-01059,457,254,Standard,Active,2023-04-22,2023-10-19,5000.00,2500.00,USD,
1060,CTR-2024-01060,578,192,Standard,Expired,2024-01-23,2026-01-22,500.00,5000.00,USD,
1061,CTR-2024-01061,2455,39,Strategic,Expired,2024-05-14,2025-05-14,10000.00,0.00,CAD,
1062,CTR-2025-01062,1915,262,Spot,Expired,2025-01-11,2028-01-11,1000.00,1000.00,USD,
1063,CTR-2023-01063,2107,19,Standard,Expired,2023-05-30,2026-05-29,5000.00,500.00,USD,
1064,CTR-2023-01064,276,82,Spot,Active,2023-03-11,2023-09-07,5000.00,1000.00,USD,
1065,CTR-2024-01065,650,19,Spot,Expired,2024-06-13,2026-06-13,5000.00,2500.00,GBP,
1066,CTR-2024-01066,1044,57,strategic ,Expired,2024-07-05,2025-07-05,10000.00,1000.00,usd,
1067,CTR-2024-01067,444,39,Strategic,Cancelled,2024-02-15,2024-08-13,500.00,2500.00,USD,Price increase
1068,CTR-2025-01068,978,243,strategic ,Expired,2025-03-19,2027-03-19,25000.00,10000.00,USD,
1069,CTR-2024-01069,874,267,Strategic,active,2024-04-18,2025-04-18,1000.00,1000.00,EUR,
1070,CTR-2024-01070,1146,192,Strategic,Active,2024-12-06,2025-12-06,10000.00,5000.00,USD,
1071,CTR-2023-01071,76,26,Preferred,Expired,2023-04-26,2025-04-25,5000.00,5000.00,USD,
1072,CTR-2024-01072,1482,192,Spot,Active,2024-04-20,2026-04-20,25000.00,10000.00,USD,
1073,CTR-2023-01073,345,252,Standard,Cancelled,2023-02-07,2025-02-06,500.00,500.00,USD, 
1074,CTR-2025-01074,2059,105,strategic ,Cancelled,2025-04-23,20/10/2025,5000.00,500.00,USD,Price increase
1075,CTR-2024-01075,1507,14,Spot,Cancelled,2024-06-12,12/06/2025,5000.00,2500.00,USD,Unknown
1076,CTR-2025-01076,544,210,Standard,Cancelled,2025-09-02,2026-03-01,1000.00,5000.00,EUR, 
1077,CTR-2023-01077,2230,231,Preferred,Active,2023-08-10,2024-02-06,2500.00,2500.00,CAD,
1078,CTR-2023-01078,737,69,Standard,Active,2023-06-23,2024-06-22,1000.00,2500.00,CAD,
1079,CTR-2023-01079,1756,191,Strategic,Active,2023-09-10,2026-09-09,2500.00,10000.00,usd,
1080,CTR-2025-01080,556,269,Standard,Cancelled,2025-06-28,2026-06-28,10000.00,500.00,EUR, 
1081,CTR-2024-01081,109,140,Strategic,Active,2024-02-28,2025-02-27,10000.00,1000.00,EUR,
1082,CTR-2025-01082,1487,30,Standard,Active,2025-02-23,2027-02-23,10000.00,500.00,CAD,
1083,CTR-2024-01083,1977,30,strategic ,active,2024-09-17,2025-09-17,2500.00,0.00,USD,
1084,CTR-2025-01084,1795,183,Strategic,Expired,2025-02-08,2027-02-08,25000.00,500.00,usd,
1085,CTR-2025-01085,362,258,Preferred,Active,2025-07-20,2026-01-16,2500.00,500.00,CAD,
1086,CTR-2024-01086,297,156,Spot,Active,2024-02-13,2025-02-12,5000.00,1000.00,USD,
1087,CTR-2024-01087,491,280,Strategic,Active,2024-08-20,2026-08-20,10000.00,10000.00,USD,
1088,CTR-2024-01088,1348,79,strategic ,Active,2024-06-19,2024-12-16,2500.00,5000.00,usd,
1089,CTR-2025-01089,30,266,Strategic,Active,2025-05-27,2025-11-23,500.00,1000.00,USD,
1090,CTR-2024-01090,1020,248,Preferred,Expired,2024-07-17,2026-07-17,10000.00,2500.00,USD,
1091,CTR-2023-01091,958,191,Spot,Active,2023-11-13,2024-11-12,2500.00,10000.00,USD,
1092,CTR-2025-01092,2004,128,Strategic,Active,2025-04-30,2027-04-30,5000.00,2500.00,USD,
1093,CTR-2025-01093,455,240,Spot,Expired,2025-07-07,2028-07-06,5000.00,5000.00,USD,
1094,CTR-2025-01094,511,201,Strategic,Active,2025-06-01,2026-06-01,5000.00,2500.00,USD,
1095,CTR-2024-01095,366,241,Standard,Active,2024-01-28,2025-01-27,10000.00,2500.00,CAD,
1096,CTR-2023-01096,1757,20,Standard,Active,2023-02-07,2024-02-07,5000.00,5000.00,USD,
1097,CTR-2023-01097,350,14,Preferred,Active,2023-06-11,2024-06-10,500.00,0.00,USD,
1098,CTR-2024-01098,2173,289,Preferred,Expired,2024-12-08,2025-12-08,500.00,1000.00,GBP,
1099,CTR-2023-01099,2057,226,Preferred,Active,2023-08-21,2025-08-20,25000.00,1000.00,USD,
1100,CTR-2023-01100,2333,210,Strategic,Cancelled,2023-01-14,2024-01-14,25000.00,5000.00,USD,Customer consolidation
1101,CTR-2025-01101,1234,67,Preferred,Expired,2025-04-10,2027-04-10,25000.00,2500.00,USD,
1102,CTR-2023-01102,79,79,Standard,Cancelled,2023-06-14,2024-06-13,10000.00,2500.00,USD,Price increase
1103,CTR-2025-01103,2048,147,Strategic,Active,2025-06-02,2027-06-02,500.00,500.00,CAD,
1104,CTR-2023-01104,608,60,Strategic,active,2023-08-29,2025-08-28,2500.00,2500.00,CAD,
1105,CTR-2025-01105,332,242,Preferred,Active,2025-01-15,14/07/2025,10000.00,1000.00,USD,
1106,CTR-2025-01106,529,128,strategic ,Active,2025-07-27,2027/07/27,2500.00,2500.00,USD,
1107,CTR-2023-01107,425,183,Preferred,Active,2023-09-03,2025-09-02,5000.00,500.00,USD,
1108,CTR-2025-01108,762,299,strategic ,Active,2025-06-04,2026-06-04,2500.00,0.00,USD,
1109,CTR-2025-01109,1973,248,Spot,Active,2025-08-07,07/08/2026,10000.00,5000.00,USD,
1110,CTR-2023-01110,237,108,strategic ,Active,2023-10-21,2024-04-18,500.00,5000.00,USD,
1111,CTR-2025-01111,835,192,strategic ,Cancelled,2025-03-20,2027-03-20,500.00,2500.00,usd, 
1112,CTR-2024-01112,1189,210,strategic ,Cancelled,2024-10-08,2025-04-06,5000.00,0.00,USD, 
1113,CTR-2023-01113,2051,273,strategic ,Active,2023-05-14,2024-05-13,500.00,1000.00,EUR,
1114,CTR-2024-01114,229,15,Spot,Active,2024-08-19,2025-02-15,500.00,0.00,EUR,
1115,CTR-2024-01115,1039,240,Preferred,Cancelled,2024-04-26,2026-04-26,5000.00,0.00,EUR,Unknown
1116,CTR-2025-01116,218,191,strategic ,Cancelled,2025-02-13,2025-08-12,1000.00,10000.00,USD,Service unreliability
1117,CTR-2024-01117,1897,220,strategic ,Active,2024-12-03,2025-12-03,500.00,5000.00,USD,
1118,CTR-2024-01118,2067,257,Strategic,Active,2024-10-07,2025-10-07,10000.00,0.00,USD,
1119,CTR-2023-01119,530,257,Standard,Active,2023-08-28,2024-02-24,1000.00,500.00,USD,
1120,CTR-2025-01120,1649,39,Standard,Cancelled,2025-07-29,2026-01-25,1000.00,2500.00,usd,Moved to competitor
1121,CTR-2023-01121,334,51,Strategic,Active,2023-03-09,2026-03-08,10000.00,0.00,EUR,
1122,CTR-2025-01122,2060,231,Standard,Active,2025-04-19,2026-04-19,5000.00,0.00,USD,
1123,CTR-2025-01123,268,22,Strategic,Expired,2025-04-28,2025-10-25,25000.00,10000.00,CAD,
1124,CTR-2023-01124,1943,231,Strategic,Active,2023-06-14,2025/06/13,2500.00,500.00,USD,
1125,CTR-2024-01125,83,106,strategic ,Active,2024-12-18,2025-06-16,500.00,10000.00,CAD,
1126,CTR-2025-01126,626,108,strategic ,Active,2025-01-06,2026-01-06,5000.00,2500.00,USD,
1127,CTR-2023-01127,958,121,Preferred,Active,2023-04-23,2024-04-22,5000.00,10000.00,GBP,
1128,CTR-2025-01128,916,201,strategic ,Active,2025-02-19,2026-02-19,2500.00,0.00,USD,
1129,CTR-2025-01129,1436,262,Preferred,Cancelled,2025-03-08,2027-03-08,5000.00,500.00,USD,Unknown
1130,CTR-2023-01130,1994,152,Strategic,Active,2023-06-24,2024-06-23,10000.00,0.00,USD,
1131,CTR-2024-01131,38,39,Standard,Cancelled,2024-11-14,2026-11-14,1000.00,10000.00,GBP,Price increase
1132,CTR-2025-01132,1007,74,strategic ,Active,2025-08-04,2026-08-04,2500.00,1000.00,CAD,
1133,CTR-2024-01133,2178,310,Standard,Expired,2024-12-02,2025-12-02,1000.00,0.00,EUR,
1134,CTR-2023-01134,1820,218,Standard,Expired,2023-01-08,2024-01-08,10000.00,500.00,USD,
1135,CTR-2023-01135,150,226,Spot,active,2023-12-13,2025-12-12,500.00,1000.00,USD,
1136,CTR-2025-01136,93,262,Spot,Suspended,2025-09-12,2026-09-12,5000.00,0.00,USD,
1137,CTR-2025-01137,358,262,Strategic,Cancelled,2025-04-18,2027-04-18,25000.00,500.00,USD,Service unreliability
1138,CTR-2025-01138,2371,7,Standard,Active,2025-04-26,2026-04-26,1000.00,2500.00,EUR,
1139,CTR-2023-01139,1571,33,strategic ,active,2023-09-08,2024-09-07,10000.00,1000.00,EUR,
1140,CTR-2025-01140,77,22,Standard,Active,2025-05-08,2028-05-07,5000.00,0.00,USD,
1141,CTR-2024-01141,1580,231,Spot,Cancelled,2024-05-07,2024-11-03,1000.00,10000.00,CAD,Moved to competitor
1142,CTR-2025-01142,1809,12,Strategic,Active,2025-03-07,2027-03-07,500.00,0.00,USD,
1143,CTR-2024-01143,1061,146,Standard,Expired,2024-09-24,2025-09-24,5000.00,5000.00,USD,
1144,CTR-2024-01144,432,248,Strategic,Active,2024-10-18,2026-10-18,5000.00,5000.00,USD,
1145,CTR-2025-01145,1264,273,strategic ,Active,2025-09-27,2028-09-26,2500.00,1000.00,USD,
1146,CTR-2023-01146,1905,121,Strategic,Cancelled,2023-03-18,17/03/2025,500.00,10000.00,USD,Service unreliability
1147,CTR-2023-01147,1951,266,Spot,Cancelled,2023-09-15,2026-09-14,10000.00,2500.00,USD,Service unreliability
1148,CTR-2023-01148,209,267,Standard,Active,2023-11-13,2024-11-12,10000.00,5000.00,GBP,
1149,CTR-2023-01149,201,187,Spot,Active,2023-02-17,2025-02-16,25000.00,0.00,USD,
1150,CTR-2024-01150,2409,299,Spot,Expired,2024-07-14,2026-07-14,10000.00,10000.00,USD,
1151,CTR-2023-01151,2027,149,Preferred,Expired,2023-12-20,2025/12/19,5000.00,5000.00,USD,
1152,CTR-2023-01152,198,79,Preferred,Active,2023-08-06,2026-08-05,500.00,2500.00,USD,
1153,CTR-2025-01153,2284,128,Preferred,Active,2025-01-25,2027-01-25,1000.00,1000.00,EUR,
1154,CTR-2023-01154,213,121,Strategic,Active,2023-03-13,2023-09-09,25000.00,0.00,USD,
1155,CTR-2024-01155,146,165,Preferred,active,2024-10-14,2027-10-14,1000.00,500.00,USD,
1156,CTR-2023-01156,813,152,Standard,Suspended,2023-07-20,19/07/2025,10000.00,1000.00,USD,
1157,CTR-2025-01157,1150,248,Spot,Cancelled,2025-06-21,6/21/2026,500.00,0.00,USD,Moved to competitor
1158,CTR-2023-01158,2481,94,Standard,active,2023-04-22,2023-10-19,5000.00,500.00,USD,
1159,CTR-2023-01159,1415,289,Standard,Expired,2023-06-18,2024-06-17,500.00,10000.00,USD,
1160,CTR-2023-01160,2333,266,Standard,Active,2023-12-31,2026-12-30,25000.00,5000.00,USD,
1161,CTR-2025-01161,1943,7,Standard,Active,2025-01-14,2025-07-13,1000.00,1000.00,USD,
1162,CTR-2024-01162,2455,236,strategic ,Cancelled,2024-03-16,2025-03-16,500.00,10000.00,USD,Price increase
1163,CTR-2025-01163,1338,245,Strategic,Cancelled,2025-04-29,2026-04-29,25000.00,5000.00,USD, 
1164,CTR-2024-01164,273,165,Strategic,Active,2024-07-03,2024-12-30,10000.00,1000.00,EUR,
1165,CTR-2025-01165,636,187,Preferred,Active,2025-08-18,18/08/2026,5000.00,1000.00,USD,
1166,CTR-2025-01166,2264,140,Spot,Active,2025-07-28,2026-07-28,25000.00,10000.00,USD,
1167,CTR-2023-01167,95,296,Strategic,Active,2023-06-22,2026-06-21,25000.00,500.00,USD,
1168,CTR-2024-01168,2342,83,strategic ,Active,2024-06-06,2025-06-06,25000.00,0.00,EUR,
1169,CTR-2024-01169,2329,218,Preferred,Active,2024-11-05,2026-11-05,25000.00,5000.00,USD,
1170,CTR-2025-01170,1235,105,Spot,Cancelled,2025-05-08,2026-05-08,10000.00,5000.00,GBP,Customer consolidation
1171,CTR-2025-01171,1223,68,Preferred,Active,2025-09-10,2026-09-10,5000.00,500.00,USD,
1172,CTR-2025-01172,459,68,strategic ,Active,2025-02-23,2026-02-23,500.00,5000.00,USD,
1173,CTR-2023-01173,1614,147,Strategic,Expired,2023-01-28,1/28/2024,10000.00,10000.00,USD,
1174,CTR-2023-01174,1308,273,Standard,Suspended,2023-10-02,2024-10-01,25000.00,1000.00,USD,
1175,CTR-2023-01175,2088,296,Strategic,Cancelled,2023-12-18,2024-12-17,2500.00,500.00,usd,Price increase
1176,CTR-2024-01176,1649,190,Strategic,Active,2024-10-06,2026-10-06,500.00,10000.00,USD,
1177,CTR-2025-01177,368,156,Strategic,Active,2025-05-28,11/24/2025,1000.00,2500.00,USD,
1178,CTR-2025-01178,1063,226,strategic ,Cancelled,2025-08-23,2026-08-23,5000.00,10000.00,USD,Moved to competitor
1179,CTR-2024-01179,1650,174,Spot,Expired,2024-10-16,2027-10-16,10000.00,0.00,GBP,
1180,CTR-2023-01180,1744,179,Standard,Expired,2023-01-02,2025-01-01,1000.00,10000.00,USD,
1181,CTR-2025-01181,574,210,Preferred,Active,2025-01-02,2026-01-02,5000.00,500.00,usd,
1182,CTR-2023-01182,1313,149,Standard,Cancelled,2023-04-09,2024-04-08,500.00,10000.00,EUR, 
1183,CTR-2024-01183,352,191,Strategic,Active,2024-05-27,2027-05-27,10000.00,1000.00,USD,
1184,CTR-2023-01184,104,57,Standard,Active,2023-04-17,2024-04-16,5000.00,0.00,EUR,
1185,CTR-2024-01185,2448,278,Strategic,Active,2024-10-21,2027-10-21,500.00,1000.00,USD,
1186,CTR-2025-01186,1529,68,Spot,Expired,2025-03-27,2025-09-23,500.00,0.00,USD,
1187,CTR-2025-01187,1446,191,Spot,Active,2025-09-28,2027-09-28,25000.00,5000.00,USD,
1188,CTR-2025-01188,925,140,Spot,Active,2025-05-15,2026-05-15,10000.00,0.00,EUR,
1189,CTR-2025-01189,491,119,Preferred,Active,2025-02-17,2025-08-16,25000.00,10000.00,USD,
1190,CTR-2023-01190,1687,295,Spot,Expired,2023-03-19,2024-03-18,2500.00,5000.00,USD,
1191,CTR-2023-01191,1973,108,Preferred,Cancelled,2023-03-15,2023-09-11,500.00,500.00,USD,Price increase
1192,CTR-2024-01192,2079,179,Strategic,Cancelled,2024-10-22,2025-10-22,2500.00,10000.00,USD,Unknown
1193,CTR-2025-01193,2158,26,strategic ,active,2025-05-21,2027-05-21,10000.00,0.00,USD,
1194,CTR-2024-01194,1245,262,Strategic,active,2024-09-07,2025-03-06,5000.00,500.00,USD,
1195,CTR-2023-01195,960,147,Standard,Active,2023-10-09,2025-10-08,25000.00,10000.00,USD,
1196,CTR-2023-01196,1711,190,Spot,Suspended,2023-06-19,2024-06-18,2500.00,1000.00,EUR,
1197,CTR-2024-01197,282,152,Strategic,Expired,2024-01-12,2024-07-10,10000.00,500.00,USD,
1198,CTR-2024-01198,2208,19,Spot,Cancelled,2024-02-18,2024-08-16,500.00,0.00,USD,Service unreliability
1199,CTR-2023-01199,1530,269,strategic ,Cancelled,2023-01-30,2025-01-29,2500.00,10000.00,USD,Unknown
1200,CTR-2024-01200,1533,147,Spot,Active,2024-02-18,2025-02-17,500.00,5000.00,USD,
1201,CTR-2023-01201,2403,22,strategic ,Active,2023-03-10, 2024-03-09 ,25000.00,500.00,USD,
1202,CTR-2025-01202,1252,254,Standard,Expired,2025-09-22,2026-09-22,500.00,2500.00,USD,
1203,CTR-2023-01203,1969,243,strategic ,Active,2023-06-16,2024-06-15,10000.00,500.00,USD,
1204,CTR-2023-01204,147,74,Standard,Active,2023-03-14,2023-09-10,2500.00,500.00,usd,
1205,CTR-2025-01205,1666,210,Spot,Expired,2025-07-04,04/07/2026,10000.00,2500.00,USD,
1206,CTR-2024-01206,2024,258,Standard,Active,2024-02-07,2025-02-06,5000.00,1000.00,GBP,
1207,CTR-2025-01207,329,254,strategic ,Expired,2025-06-02,2026-06-02,1000.00,10000.00,CAD,
1208,CTR-2024-01208,2178,289,strategic ,Active,2024-04-07,2025-04-07,10000.00,0.00,USD,
1209,CTR-2024-01209,1777,280,Preferred,Cancelled,2024-12-25,2027-12-25,500.00,500.00,USD,Moved to competitor
1210,CTR-2023-01210,1269,192,strategic ,Active,2023-08-13,2025-08-12,500.00,2500.00,EUR,
1211,CTR-2025-01211,88,12,Strategic,Expired,2025-09-01,2028-08-31,10000.00,5000.00,USD,
1212,CTR-2025-01212,236,192,Standard,Active,2025-02-24,2027-02-24,1000.00,2500.00,EUR,
1213,CTR-2023-01213,2043,289,Strategic,Active,2023-10-06,2025-10-05,1000.00,500.00,CAD,
1214,CTR-2024-01214,2023,39,Standard,Active,2024-12-08,2025-12-08,25000.00,10000.00,EUR,
1215,CTR-2024-01215,1994,174,Standard,Active,2024-09-27,2026-09-27,10000.00,2500.00,USD,
1216,CTR-2024-01216,2376,267,Spot,Cancelled,2024-07-13,2026-07-13,10000.00,10000.00,USD,Moved to competitor
1217,CTR-2023-01217,1996,7,Standard,Active,2023-08-04,8/3/2025,500.00,10000.00,USD,
1218,CTR-2025-01218,263,69,strategic ,Cancelled,2025-03-14,2025-09-10,500.00,2500.00,USD, 
1219,CTR-2023-01219,1097,12,Strategic,Expired,2023-07-19,2024/07/18,25000.00,5000.00,USD,
1220,CTR-2024-01220,2226,152,Preferred,Active,2024-10-09,10/9/2027,25000.00,2500.00,USD,
1221,CTR-2025-01221,159,39,Preferred,Expired,2025-08-29,2026-08-29,500.00,10000.00,USD,
1222,CTR-2023-01222,377,64,strategic ,Active,2023-12-28,2024-12-27,2500.00,0.00,GBP,
1223,CTR-2024-01223,1184,220,Preferred,Suspended,2024-08-02,2025-08-02,10000.00,5000.00,USD,
1224,CTR-2023-01224,602,192,Standard,active,2023-11-07,2024-11-06,500.00,5000.00,USD,
1225,CTR-2023-01225,302,82,Strategic,Suspended,2023-10-18,2024-10-17,5000.00,1000.00,GBP,
1226,CTR-2023-01226,2223,149,Spot,Expired,2023-01-14,2023-07-13,2500.00,0.00,USD,
1227,CTR-2024-01227,2278,245,Spot,Active,2024-03-22,2026-03-22,1000.00,500.00,CAD,
1228,CTR-2024-01228,987,152,Strategic,Active,2024-10-13,2027-10-13,500.00,500.00,USD,
1229,CTR-2023-01229,161,243,Preferred,Active,2023-01-21,2024-01-21,5000.00,2500.00,EUR,
1230,CTR-2023-01230,799,83,Strategic,Active,2023-05-06,2024-05-05,5000.00,1000.00,USD,
1231,CTR-2023-01231,911,191,Preferred,Active,2023-01-22,2026-01-21,10000.00,0.00,GBP,
1232,CTR-2024-01232,1660,105,strategic ,Active,2024-06-13,2024-12-10,25000.00,2500.00,usd,
1233,CTR-2023-01233,306,248,Spot,Active,2023-10-26,2025-10-25,1000.00,10000.00,USD,
1234,CTR-2023-01234,1277,105,Strategic,Active,2023-06-04,03/06/2024,500.00,2500.00,USD,
1235,CTR-2023-01235,642,243,Standard,Expired,2023-12-25,2024-12-24,2500.00,10000.00,USD,
1236,CTR-2024-01236,1555,146,strategic ,Active,2024-09-23,2026-09-23,10000.00,1000.00,USD,
1237,CTR-2025-01237,2114,30,Standard,Active,2025-03-06,2026-03-06,1000.00,2500.00,EUR,
1238,CTR-2023-01238,258,79,Preferred,Active,2023-09-30, 2025-09-29 ,5000.00,0.00,USD,
1239,CTR-2023-01239,1707,267,Standard,Expired,2023-02-02,2025-02-01,10000.00,1000.00,CAD,
1240,CTR-2023-01240,1278,258,Strategic,Expired,2023-06-25,2024-06-24,25000.00,0.00,USD,
1241,CTR-2024-01241,2275,187,Strategic,active,2024-08-26,8/26/2025,500.00,1000.00,USD,
1242,CTR-2025-01242,2332,140,Spot,Active,2025-03-27,2025-09-23,1000.00,0.00,usd,
1243,CTR-2024-01243,1064,146,Strategic,Expired,2024-02-06,2026-02-05,500.00,10000.00,USD,
1244,CTR-2023-01244,51,74,Spot,Active,2023-04-11,10/04/2026,2500.00,5000.00,CAD,
1245,CTR-2024-01245,994,152,Strategic,Active,2024-02-28,2024-08-26,5000.00,10000.00,CAD,
1246,CTR-2025-01246,1733,234,Standard,Expired,2025-08-22,2026-02-18,500.00,2500.00,USD,
1247,CTR-2023-01247,1643,26,Strategic,Expired,2023-12-21,2024-12-20,500.00,500.00,GBP,
1248,CTR-2024-01248,1471,248,Strategic,Expired,2024-06-23,2024-12-20,10000.00,5000.00,USD,
1249,CTR-2024-01249,964,33,Spot,Active,2024-07-20,2025-01-16,25000.00,10000.00,USD,
1250,CTR-2023-01250,499,278,Preferred,Active,2023-09-15,2026-09-14,500.00,5000.00,USD,
1251,CTR-2023-01251,1950,57,strategic ,Active,2023-12-21,2024-06-18,10000.00,5000.00,USD,
1252,CTR-2025-01252,1749,67,strategic ,Active,2025-02-24,2027-02-24,5000.00,2500.00,CAD,
1253,CTR-2023-01253,1706,245,Standard,Expired,2023-03-24,2023-09-20,500.00,500.00,CAD,
1254,CTR-2023-01254,1912,236,Standard,active,2023-12-07,12/6/2024,10000.00,500.00,EUR,
1255,CTR-2025-01255,2365,68,strategic ,Suspended,2025-06-03,2028-06-02,2500.00,500.00,USD,
1256,CTR-2024-01256,509,15,Standard,Active,2024-09-29,2025-03-28,5000.00,2500.00,EUR,
1257,CTR-2025-01257,2294,296,Strategic,Expired,2025-06-16,2026-06-16,10000.00,2500.00,usd,
1258,CTR-2024-01258,1931,152,Standard,Cancelled,2024-07-02,2025-07-02,500.00,2500.00,EUR,Price increase
1259,CTR-2023-01259,53,254,strategic ,Expired,2023-07-23,2024-07-22,500.00,500.00,USD,
1260,CTR-2023-01260,1469,257,Preferred,Expired,2023-05-05,2024/05/04,2500.00,0.00,USD,
1261,CTR-2023-01261,2382,183,Standard,Active,2023-02-03,2024-02-03,500.00,500.00,USD,
1262,CTR-2025-01262,2215,241,Strategic,Active,2025-04-30,2028-04-29,1000.00,1000.00,GBP,
1263,CTR-2023-01263,1667,190,Strategic,Active,2023-05-18,2025-05-17,25000.00,1000.00,USD,
1264,CTR-2023-01264,1322,57,Spot,Expired,2023-09-17,2024-03-15,5000.00,10000.00,USD,
1265,CTR-2023-01265,1359,190,Spot,Active,2023-11-09,2025-11-08,5000.00,5000.00,USD,
1266,CTR-2023-01266,693,239,Strategic,Active,2023-04-21,2025/04/20,2500.00,5000.00,EUR,
1267,CTR-2024-01267,218,193,Standard,Active,2024-08-28,2025-08-28,25000.00,2500.00,GBP,
1268,CTR-2024-01268,482,245,Strategic,Expired,2024-11-22,2027-11-22,1000.00,5000.00,EUR,
1269,CTR-2023-01269,474,83,Preferred,Cancelled,2023-01-14,2023-07-13,5000.00,10000.00,usd,Price increase
1270,CTR-2025-01270,1832,245,strategic ,Cancelled,2025-07-29,2026-01-25,500.00,1000.00,USD, 
1271,CTR-2024-01271,876,161,Standard,Active,2024-06-14,2024-12-11,5000.00,500.00,USD,
1272,CTR-2023-01272,2388,183,Spot,Active,2023-06-14,2025-06-13,1000.00,1000.00,USD,
1273,CTR-2023-01273,1340,30,Standard,Cancelled,2023-07-07,2024-07-06,1000.00,5000.00,USD,Unknown
1274,CTR-2023-01274,171,273,Standard,Suspended,2023-10-19,2024-10-18,500.00,10000.00,USD,
1275,CTR-2023-01275,659,248,strategic ,Expired,2023-06-08,2023-12-05,2500.00,500.00,USD,
1276,CTR-2024-01276,2448,147,Preferred,Active,2024-10-26,2026-10-26,500.00,500.00,USD,
1277,CTR-2023-01277,1090,240,Strategic,Expired,2023-05-14,2023-11-10,500.00,1000.00,USD,
1278,CTR-2025-01278,1986,187,Spot,Active,2025-03-25,3/25/2026,500.00,10000.00,USD,
1279,CTR-2025-01279,21,105,Strategic,Active,2025-04-15,2026-04-15,10000.00,10000.00,USD,
1280,CTR-2023-01280,1390,236,Preferred,Active,2023-06-01,2024-05-31,25000.00,10000.00,USD,
1281,CTR-2023-01281,856,266,Preferred,Cancelled,2023-02-20,2026-02-19,500.00,0.00,USD,Service unreliability
1282,CTR-2025-01282,397,266,Strategic,Active,2025-04-25,2025-10-22,10000.00,500.00,USD,
1283,CTR-2024-01283,2087,74,strategic ,Cancelled,2024-08-25,8/25/2025,2500.00,2500.00,USD,Unknown
1284,CTR-2023-01284,1902,290,Preferred,Suspended,2023-07-01,2023-12-28,2500.00,5000.00,USD,
1285,CTR-2023-01285,253,165,Preferred,Cancelled,2023-08-17,2024-08-16,5000.00,5000.00,EUR,Customer consolidation
1286,CTR-2025-01286,985,106,strategic ,active,2025-09-09,2028-09-08,25000.00,0.00,USD,
1287,CTR-2024-01287,567,257,strategic ,Active,2024-04-05,2025-04-05,2500.00,1000.00,USD,
1288,CTR-2023-01288,1008,218,Strategic,Cancelled,2023-12-25,2024-12-24,10000.00,500.00,USD,Customer consolidation
1289,CTR-2024-01289,834,78,Standard,Active,2024-05-29,2025-05-29,2500.00,0.00,USD,
1290,CTR-2025-01290,2019,248,Spot,Active,2025-05-30,2025-11-26,2500.00,500.00,EUR,
1291,CTR-2023-01291,1578,295,strategic ,Cancelled,2023-02-19,2023/08/18,2500.00,0.00,GBP,Price increase
1292,CTR-2023-01292,62,57,Strategic,Active,2023-06-05,2026-06-04,25000.00,1000.00,CAD,
1293,CTR-2024-01293,1236,201,Spot,Active,2024-07-13,2025-01-09,1000.00,5000.00,USD,
1294,CTR-2025-01294,1600,234,Spot,Active,2025-05-03,2026-05-03,25000.00,0.00,USD,
1295,CTR-2025-01295,112,78,Standard,Active,2025-08-13,2026-08-13,2500.00,0.00,usd,
1296,CTR-2024-01296,71,299,strategic ,Cancelled,2024-09-23,2025-09-23,10000.00,5000.00,CAD, 
1297,CTR-2023-01297,1588,299,strategic ,Active,2023-05-10,2026-05-09,10000.00,2500.00,USD,
1298,CTR-2025-01298,1773,39,strategic ,Active,2025-02-02,2025-08-01,25000.00,10000.00,usd,
1299,CTR-2025-01299,2305,69,Spot,Expired,2025-10-08,2028-10-07,1000.00,5000.00,USD,
1300,CTR-2023-01300,477,147,Standard,Active,2023-03-13,3/12/2024,1000.00,0.00,USD,
1301,CTR-2024-01301,2122,68,Standard,active,2024-09-05,2025-03-04,10000.00,10000.00,USD,
1302,CTR-2025-01302,1906,243,Preferred,Active,2025-03-13,3/13/2027,500.00,500.00,USD,
1303,CTR-2024-01303,532,231,Standard,Active,2024-03-27,2025-03-27,25000.00,10000.00,EUR,
1304,CTR-2024-01304,2326,7,strategic ,Active,2024-11-27,27/11/2025,5000.00,1000.00,USD,
1305,CTR-2024-01305,1908,258,Spot,Expired,2024-06-09,2025-06-09,500.00,0.00,USD,
1306,CTR-2023-01306,2309,140,Strategic,Cancelled,2023-11-15,2024-11-14,2500.00,1000.00,USD,Customer consolidation
1307,CTR-2025-01307,1053,266,Strategic,active,2025-01-22,2025-07-21,2500.00,500.00,USD,
1308,CTR-2023-01308,508,258,Standard,Expired,2023-11-03,2024-11-02,25000.00,500.00,USD,
1309,CTR-2025-01309,307,30,Spot,Cancelled,2025-06-25,2026-06-25,25000.00,500.00,USD,Price increase
1310,CTR-2024-01310,1328,249,Strategic,active,2024-02-23,2025-02-22,500.00,2500.00,USD,
1311,CTR-2025-01311,1230,296,strategic ,Active,2025-10-04,2026-10-04,10000.00,2500.00,USD,
1312,CTR-2024-01312,2324,249,Standard,Active,2024-11-21,2027-11-21,1000.00,5000.00,USD,
1313,CTR-2023-01313,441,68,strategic ,Expired,2023-06-16,2024-06-15,10000.00,10000.00,USD,
1314,CTR-2023-01314,799,273,Preferred,Active,2023-03-20,2025/03/19,25000.00,5000.00,USD,
1315,CTR-2024-01315,1187,108,Spot,Cancelled,2024-05-20,2025-05-20,500.00,5000.00,USD,Unknown
1316,CTR-2025-01316,2320,64,Preferred,Expired,2025-06-07,2026-06-07,2500.00,10000.00,GBP,
1317,CTR-2025-01317,2269,51,Strategic,Cancelled,2025-06-14,6/14/2027,500.00,5000.00,USD,Service unreliability
1318,CTR-2025-01318,195,220,Standard,Active,2025-06-07,2026-06-07,5000.00,10000.00,USD,
1319,CTR-2024-01319,1697,69,Preferred,Active,2024-02-07,2027-02-06,5000.00,5000.00,USD,
1320,CTR-2023-01320,1851,299,Spot,Cancelled,2023-06-15,2025-06-14,2500.00,500.00,EUR,Service unreliability
1321,CTR-2024-01321,2034,19,Spot,Cancelled,2024-01-27,2025-01-26,10000.00,2500.00,USD,Unknown
1322,CTR-2023-01322,808,257,Spot,Cancelled,2023-08-07,2026-08-06,1000.00,0.00,USD,Unknown
1323,CTR-2025-01323,581,146,Standard,Active,2025-09-11,2026-09-11,500.00,5000.00,USD,
1324,CTR-2024-01324,1405,128,strategic ,Expired,2024-06-08,05/12/2024,500.00,1000.00,USD,
1325,CTR-2023-01325,2005,179,Preferred,Active,2023-05-20,2023-11-16,500.00,10000.00,USD,
1326,CTR-2024-01326,1672,140,Standard,Cancelled,2024-09-26,2025-09-26,1000.00,10000.00,USD,Moved to competitor
1327,CTR-2025-01327,78,79,Strategic,Expired,2025-04-05,4/4/2028,5000.00,10000.00,CAD,
1328,CTR-2025-01328,189,94,strategic ,Active,2025-10-04,2026-10-04,25000.00,5000.00,USD,
1329,CTR-2023-01329,1814,242,Preferred,active,2023-06-23,2023-12-20,10000.00,5000.00,USD,
1330,CTR-2023-01330,2183,231,Strategic,Active,2023-07-07,2025-07-06,10000.00,5000.00,CAD,
1331,CTR-2023-01331,2040,147,Strategic,Active,2023-05-12,2024-05-11,500.00,500.00,GBP,
1332,CTR-2024-01332,1731,174,Spot,Expired,2024-08-04,2025-01-31,10000.00,10000.00,USD,
1333,CTR-2023-01333,2406,254,Spot,Expired,2023-12-08,2025-12-07,2500.00,2500.00,GBP,
1334,CTR-2025-01334,250,191,Preferred,Active,2025-06-14,2028-06-13,1000.00,5000.00,USD,
1335,CTR-2024-01335,1878,7,Preferred,Active,2024-12-22,2025/12/22,5000.00,0.00,GBP,
1336,CTR-2023-01336,1769,146,Standard,Active,2023-06-13,2025-06-12,10000.00,10000.00,usd,
1337,CTR-2023-01337,473,179,Preferred,Suspended,2023-11-09,2026-11-08,5000.00,2500.00,USD,
1338,CTR-2024-01338,682,152,Strategic,Active,2024-02-17,2024-08-15,5000.00,500.00,USD,
1339,CTR-2024-01339,1352,254,Strategic,active,2024-10-16,2025-10-16,2500.00,2500.00,USD,
1340,CTR-2025-01340,989,20,strategic ,Active,2025-07-02,02/07/2026,25000.00,1000.00,CAD,
1341,CTR-2024-01341,1275,258,Strategic,Active,2024-07-31,2027-07-31,10000.00,0.00,USD,
1342,CTR-2023-01342,760,140,Strategic,Active,2023-01-29,1/29/2024,2500.00,500.00,USD,
1343,CTR-2025-01343,958,14,strategic ,Expired,2025-07-13,2026-07-13,25000.00,1000.00,USD,
1344,CTR-2024-01344,1641,146,Preferred,Active,2024-06-10,6/10/2027,2500.00,5000.00,CAD,
1345,CTR-2023-01345,182,67,Preferred,Active,2023-03-20,16/09/2023,500.00,0.00,USD,
1346,CTR-2023-01346,1335,12,Spot,Active,2023-01-27,2023-07-26,5000.00,5000.00,CAD,
1347,CTR-2023-01347,2490,242,Spot,Active,2023-09-24,2026/09/23,500.00,1000.00,USD,
1348,CTR-2024-01348,2474,161,strategic ,Active,2024-03-10,2027-03-10,500.00,0.00,CAD,
1349,CTR-2024-01349,2321,201,Spot,Expired,2024-05-30,2025-05-30,10000.00,2500.00,CAD,
1350,CTR-2023-01350,2128,39,Strategic,Active,2023-08-09,2026-08-08,5000.00,1000.00,USD,
1351,CTR-2025-01351,1239,240,Standard,Active,2025-07-13,2026-07-13,2500.00,1000.00,USD,
1352,CTR-2024-01352,749,161,Preferred,Expired,2024-05-27,27/05/2026,500.00,500.00,USD,
1353,CTR-2024-01353,1159,94,Preferred,Cancelled,2024-08-25,2026-08-25,2500.00,2500.00,USD,Price increase
1354,CTR-2023-01354,1116,74,Strategic,Active,2023-01-16,15/07/2023,500.00,500.00,USD,
1355,CTR-2024-01355,543,149,Standard,Active,2024-11-23,2026-11-23,1000.00,1000.00,USD,
1356,CTR-2023-01356,213,156,Spot,Active,2023-02-23,2024-02-23,2500.00,5000.00,USD,
1357,CTR-2023-01357,493,226,Preferred,Active,2023-05-30,2023-11-26,10000.00,0.00,USD,
1358,CTR-2023-01358,2092,41,Standard,Expired,2023-10-24,2025-10-23,2500.00,1000.00,CAD,
1359,CTR-2025-01359,366,218,Spot,Active,2025-03-11,2026-03-11,5000.00,5000.00,USD,
1360,CTR-2023-01360,1454,234,Standard,Expired,2023-07-02,2026-07-01,2500.00,500.00,USD,
1361,CTR-2023-01361,1714,278,Spot,Active,2023-12-12,2025-12-11,25000.00,2500.00,USD,
1362,CTR-2024-01362,945,280,Preferred,Cancelled,2024-08-18,2026-08-18,1000.00,0.00,CAD,Moved to competitor
1363,CTR-2024-01363,106,239,Preferred,Active,2024-11-18,2025-11-18,5000.00,500.00,GBP,
1364,CTR-2024-01364,536,68,Preferred,Expired,2024-05-03,2025-05-03,10000.00,0.00,USD,
1365,CTR-2025-01365,1394,310,Spot,Active,2025-02-28,2026-02-28,1000.00,2500.00,USD,
1366,CTR-2024-01366,2177,190,Standard,Cancelled,2024-01-04,2025-01-03,1000.00,0.00,USD,Unknown
1367,CTR-2025-01367,782,226,strategic ,Cancelled,2025-01-18,2025-07-17,2500.00,0.00,EUR, 
1368,CTR-2023-01368,927,79,Strategic,Expired,2023-11-03,2024-05-01,1000.00,500.00,USD,
1369,CTR-2023-01369,831,57,Strategic,Expired,2023-08-08,2024-08-07,5000.00,0.00,USD,
1370,CTR-2025-01370,966,210,strategic ,Active,2025-10-03,4/1/2026,5000.00,500.00,USD,
1371,CTR-2025-01371,1901,128,Spot,Active,2025-07-26,2026-07-26,10000.00,1000.00,USD,
1372,CTR-2023-01372,539,183,Strategic,Expired,2023-03-21,2024-03-20,5000.00,0.00,USD,
1373,CTR-2023-01373,1410,267,Preferred,Active,2023-05-07,2026-05-06,2500.00,500.00,USD,
1374,CTR-2024-01374,2359,121,Preferred,Active,2024-12-04,2025-12-04,5000.00,0.00,USD,
1375,CTR-2024-01375,1560,299,Spot,Active,2024-03-17,2025-03-17,500.00,500.00,USD,
1376,CTR-2024-01376,289,258,Preferred,Active,2024-12-19,12/19/2026,1000.00,500.00,usd,
1377,CTR-2023-01377,170,146,Strategic,Active,2023-12-04,2024-06-01,2500.00,1000.00,GBP,
1378,CTR-2024-01378,564,26,Preferred,Active,2024-12-18,2026-12-18,5000.00,0.00,EUR,
1379,CTR-2024-01379,776,296,Preferred,Active,2024-02-07,2026-02-06,1000.00,0.00,USD,
1380,CTR-2023-01380,1011,161,strategic ,Expired,2023-02-04,2023-08-03,1000.00,500.00,USD,
1381,CTR-2025-01381,1191,152,Preferred,Expired,2025-03-31, 2026-03-31 ,500.00,2500.00,USD,
1382,CTR-2023-01382,1208,152,Strategic,Active,2023-01-26,2025-01-25,5000.00,500.00,GBP,
1383,CTR-2024-01383,665,239,Strategic,active,2024-04-11,2025-04-11,10000.00,0.00,CAD,
1384,CTR-2023-01384,335,210,strategic ,Expired,2023-11-14,2024-11-13,500.00,2500.00,USD,
1385,CTR-2023-01385,750,183,Standard,Active,2023-08-15,2026-08-14,1000.00,2500.00,USD,
1386,CTR-2025-01386,1423,190,Strategic,Active,2025-03-17,17/03/2026,10000.00,5000.00,USD,
1387,CTR-2024-01387,301,79,Spot,active,2024-11-11,2025-11-11,500.00,10000.00,USD,
1388,CTR-2025-01388,2302,105,Standard,Active,2025-07-22,2028-07-21,5000.00,5000.00,EUR,
1389,CTR-2025-01389,1391,26,strategic ,Expired,2025-05-12,2028-05-11,500.00,10000.00,usd,
1390,CTR-2023-01390,2242,241,strategic ,Active,2023-10-23,2024-10-22,5000.00,2500.00,USD,
1391,CTR-2024-01391,1704,226,Preferred,Cancelled,2024-12-18,2027-12-18,25000.00,10000.00,USD,Unknown
1392,CTR-2024-01392,2310,83,Preferred,Active,2024-09-24,2025-09-24,1000.00,5000.00,USD,
1393,CTR-2023-01393,434,30,strategic ,Active,2023-11-09,2026/11/08,5000.00,2500.00,USD,
1394,CTR-2025-01394,1750,234,Spot,Active,2025-05-15,2028-05-14,5000.00,0.00,CAD,
1395,CTR-2024-01395,2254,269,strategic ,Expired,2024-04-03,2026-04-03,25000.00,10000.00,USD,
1396,CTR-2023-01396,425,240,Strategic,Active,2023-08-25, 2026-08-24 ,10000.00,10000.00,CAD,
1397,CTR-2025-01397,1644,267,strategic ,Cancelled,2025-01-29,2026-01-29,10000.00,10000.00,USD,Unknown
1398,CTR-2024-01398,1437,226,strategic ,Active,2024-05-28,2026-05-28,25000.00,2500.00,USD,
1399,CTR-2024-01399,1708,187,Spot,Active,2024-10-25,2025-10-25,500.00,10000.00,GBP,
1400,CTR-2025-01400,910,273,Standard,Active,2025-08-23,2028-08-22,5000.00,1000.00,usd,
1401,CTR-2023-01401,310,108,Strategic,Cancelled,2023-07-24,2025-07-23,10000.00,1000.00,USD,Moved to competitor
1402,CTR-2025-01402,33,179,Preferred,Expired,2025-06-08,2027-06-08,10000.00,1000.00,USD,
1403,CTR-2024-01403,2004,254,Preferred,Suspended,2024-01-22,2026-01-21,1000.00,2500.00,USD,
1404,CTR-2023-01404,1803,51,Strategic,Active,2023-11-19,2024-11-18,1000.00,1000.00,USD,
1405,CTR-2025-01405,147,266,Strategic,Active,2025-05-29,2025-11-25,5000.00,5000.00,GBP,
1406,CTR-2024-01406,817,119,Strategic,Active,2024-01-31,2026-01-30,25000.00,0.00,CAD,
1407,CTR-2025-01407,1876,22,Spot,Active,2025-04-14,2025-10-11,10000.00,2500.00,USD,
1408,CTR-2025-01408,2238,149,Standard,active,2025-07-27,2028-07-26,10000.00,0.00,USD,
1409,CTR-2023-01409,1557,280,Standard,Active,2023-08-08,2024-08-07,500.00,500.00,USD,
1410,CTR-2024-01410,1394,236,Spot,Active,2024-06-15,2024-12-12,2500.00,0.00,USD,
1411,CTR-2025-01411,769,273,Standard,Active,2025-09-28,9/27/2028,10000.00,0.00,USD,
1412,CTR-2023-01412,32,51,Strategic,Active,2023-07-18,2024-07-17,500.00,5000.00,USD,
1413,CTR-2025-01413,2071,140,strategic ,Active,2025-08-08,2027-08-08,10000.00,0.00,usd,
1414,CTR-2025-01414,569,108,Preferred,Expired,2025-03-21,2027-03-21,500.00,0.00,USD,
1415,CTR-2023-01415,2057,252,Standard,Cancelled,2023-09-29,2024-03-27,10000.00,500.00,USD, 
1416,CTR-2025-01416,2174,252,Standard,Expired,2025-08-24,2/20/2026,500.00,2500.00,USD,
1417,CTR-2023-01417,1237,190,Strategic,Cancelled,2023-05-12,11/05/2024,1000.00,10000.00,USD,Service unreliability
1418,CTR-2023-01418,904,299,Strategic,Expired,2023-10-28,2024-10-27,1000.00,2500.00,GBP,
1419,CTR-2024-01419,1536,193,strategic ,Suspended,2024-09-25,2025-09-25,1000.00,5000.00,USD,
1420,CTR-2024-01420,989,252,strategic ,Active,2024-09-07,2027-09-07,500.00,0.00,USD,
1421,CTR-2024-01421,2039,121,Strategic,Active,2024-05-24,11/20/2024,25000.00,0.00,CAD,
1422,CTR-2025-01422,970,119,Preferred,Expired,2025-05-19,2025-11-15,500.00,10000.00,USD,
1423,CTR-2023-01423,1470,161,Strategic,Cancelled,2023-06-09,2024-06-08,5000.00,1000.00,USD, 
1424,CTR-2023-01424,2397,273,strategic ,Active,2023-08-04,2026-08-03,2500.00,1000.00,USD,
1425,CTR-2023-01425,1180,152,Standard,Cancelled,2023-12-30,2024-12-29,2500.00,10000.00,GBP,Moved to competitor
1426,CTR-2023-01426,1679,19,Preferred,Active,2023-06-04,2026-06-03,5000.00,0.00,USD,
1427,CTR-2025-01427,893,20,Strategic,Expired,2025-06-01,5/31/2028,1000.00,1000.00,USD,
1428,CTR-2024-01428,1165,94,Spot,Active,2024-10-29,2025-04-27,1000.00,5000.00,USD,
1429,CTR-2025-01429,1695,241,strategic ,Active,2025-02-28,2027-02-28,2500.00,0.00,USD,
1430,CTR-2024-01430,1560,128,Strategic,Active,2024-08-14,2025-08-14,25000.00,5000.00,USD,
1431,CTR-2023-01431,1356,119,Standard,Active,2023-05-05,2024-05-04,25000.00,5000.00,USD,
1432,CTR-2024-01432,2498,69,Spot,Active,2024-06-02,2025-06-02,500.00,0.00,EUR,
1433,CTR-2024-01433,1507,295,Strategic,Suspended,2024-08-14,2025-08-14,10000.00,0.00,USD,
1434,CTR-2023-01434,809,273,Spot,Active,2023-09-03,2024-09-02,25000.00,5000.00,CAD,
1435,CTR-2024-01435,922,12,Spot,Suspended,2024-09-22,2025-09-22,5000.00,0.00,usd,
1436,CTR-2024-01436,1527,258,Strategic,Cancelled,2024-11-15,11/15/2026,1000.00,2500.00,USD,Price increase
1437,CTR-2024-01437,1436,41,Preferred,active,2024-08-07,2027-08-07,25000.00,10000.00,USD,
1438,CTR-2023-01438,2320,108,Spot,active,2023-11-12,2024-05-10,1000.00,5000.00,EUR,
1439,CTR-2024-01439,2393,64,strategic ,Active,2024-06-27,2025-06-27,5000.00,5000.00,CAD,
1440,CTR-2023-01440,559,19,strategic ,Suspended,2023-06-03,6/2/2026,5000.00,0.00,USD,
1441,CTR-2024-01441,1186,252,Strategic,active,2024-07-27,2025-07-27,500.00,1000.00,USD,
1442,CTR-2023-01442,705,156,Standard,Cancelled,2023-04-16,2023-10-13,500.00,2500.00,USD,Customer consolidation
1443,CTR-2023-01443,496,183,Strategic,Active,2023-04-30,2023-10-27,25000.00,5000.00,USD,
1444,CTR-2025-01444,1283,60,Spot,Expired,2025-09-24,2026-03-23,1000.00,10000.00,CAD,
1445,CTR-2025-01445,1692,295,Strategic,Active,2025-02-01,2027-02-01,2500.00,0.00,CAD,
1446,CTR-2023-01446,139,60,Strategic,Active,2023-11-01,2024-10-31,10000.00,10000.00,USD,
1447,CTR-2023-01447,92,245,Strategic,Suspended,2023-05-01,2025-04-30,25000.00,10000.00,USD,
1448,CTR-2025-01448,586,57,Standard,Active,2025-07-25,2028-07-24,25000.00,0.00,GBP,
1449,CTR-2024-01449,1421,152,Spot,Active,2024-08-28,2026-08-28,25000.00,2500.00,USD,
1450,CTR-2024-01450,67,60,strategic ,Expired,2024-02-18, 2026-02-17 ,2500.00,5000.00,USD,
1451,CTR-2024-01451,1163,240,strategic ,Active,2024-09-11,2025-09-11,5000.00,0.00,USD,
1452,CTR-2024-01452,977,64,Standard,Active,2024-05-27,2026-05-27,5000.00,10000.00,GBP,
1453,CTR-2024-01453,896,51,Standard,Active,2024-08-05,2025-08-05,2500.00,0.00,USD,
1454,CTR-2025-01454,371,83,Strategic,Active,2025-05-18,2026-05-18,5000.00,10000.00,GBP,
1455,CTR-2025-01455,1482,243,Strategic,Expired,2025-06-08,2026-06-08,25000.00,5000.00,GBP,
1456,CTR-2023-01456,737,191,Preferred,Expired,2023-09-21,2024-09-20,5000.00,5000.00,EUR,
1457,CTR-2025-01457,1405,121,Preferred,Active,2025-02-09,2027-02-09,25000.00,500.00,GBP,
1458,CTR-2025-01458,1292,7,Preferred,Active,2025-04-29,2026-04-29,1000.00,2500.00,USD,
1459,CTR-2023-01459,805,161,Standard,Active,2023-08-17,2024-08-16,5000.00,1000.00,USD,
1460,CTR-2024-01460,1233,231,Strategic,Active,2024-10-03,10/3/2026,2500.00,500.00,USD,
1461,CTR-2024-01461,64,242,strategic ,Cancelled,2024-08-11,2025-08-11,25000.00,1000.00,EUR,Unknown
1462,CTR-2024-01462,1174,192,Spot,Suspended,2024-03-06,2024-09-02,1000.00,500.00,USD,
1463,CTR-2024-01463,1283,258,Standard,Expired,2024-11-11,11/11/2026,25000.00,2500.00,EUR,
1464,CTR-2023-01464,1255,51,Preferred,Active,2023-12-16,13/06/2024,2500.00,0.00,USD,
1465,CTR-2023-01465,557,266,Standard,Cancelled,2023-02-27,2/27/2024,1000.00,500.00,USD, 
1466,CTR-2024-01466,1163,105,Strategic,Active,2024-08-20,2025-08-20,1000.00,5000.00,USD,
1467,CTR-2023-01467,1904,262,Preferred,Suspended,2023-10-04,10/3/2024,10000.00,5000.00,USD,
1468,CTR-2025-01468,2038,190,Standard,Expired,2025-05-05,2027-05-05,10000.00,0.00,USD,
1469,CTR-2023-01469,275,239,Preferred,Suspended,2023-01-08,08/01/2024,10000.00,10000.00,usd,
1470,CTR-2024-01470,1468,51,Spot,Active,2024-09-12,2026/09/12,10000.00,10000.00,EUR,
1471,CTR-2024-01471,203,146,Preferred,Cancelled,2024-12-03,2025-12-03,5000.00,5000.00,CAD,Customer consolidation
1472,CTR-2025-01472,32,273,Preferred,Cancelled,2025-09-04,2026-09-04,1000.00,0.00,USD,Customer consolidation
1473,CTR-2023-01473,368,258,Preferred,Active,2023-01-19,2023-07-18,10000.00,10000.00,USD,
1474,CTR-2025-01474,137,234,strategic ,Active,2025-05-11, 2027-05-11 ,2500.00,2500.00,USD,
1475,CTR-2023-01475,51,78,Preferred,Active,2023-10-05,4/2/2024,25000.00,0.00,EUR,
1476,CTR-2024-01476,1060,20,Spot,Active,2024-12-23,2027-12-23,25000.00,10000.00,USD,
1477,CTR-2024-01477,2357,273,Spot,Active,2024-09-09,2025-09-09,25000.00,10000.00,USD,
1478,CTR-2023-01478,523,12,strategic ,Active,2023-01-27,2024-01-27,10000.00,0.00,USD,
1479,CTR-2025-01479,208,220,Standard,Active,2025-03-28, 2025-09-24 ,10000.00,500.00,USD,
1480,CTR-2024-01480,989,69,Spot,Active,2024-09-14,2027-09-14,2500.00,2500.00,USD,
1481,CTR-2023-01481,419,41,Preferred,Cancelled,2023-04-01,2024-03-31,25000.00,2500.00,USD,Price increase
1482,CTR-2023-01482,1505,241,Strategic,Active,2023-07-15,2024-01-11,25000.00,0.00,USD,
1483,CTR-2025-01483,2043,14,Preferred,Active,2025-10-07,2026-04-05,500.00,1000.00,CAD,
1484,CTR-2024-01484,2230,296,Standard,Active,2024-05-02,2027-05-02,1000.00,1000.00,CAD,
1485,CTR-2025-01485,2170,192,Spot,Active,2025-07-26,2026-01-22,10000.00,10000.00,USD,
1486,CTR-2025-01486,2361,156,Spot,active,2025-03-09,2025-09-05,5000.00,2500.00,USD,
1487,CTR-2024-01487,423,94,Spot,active,2024-04-11,2025-04-11,25000.00,1000.00,USD,
1488,CTR-2024-01488,717,210,Strategic,Active,2024-10-26,2025-10-26,10000.00,5000.00,GBP,
1489,CTR-2023-01489,2292,210,strategic ,Cancelled,2023-10-18,2024-10-17,2500.00,10000.00,USD,Service unreliability
1490,CTR-2023-01490,1032,121,Strategic,Active,2023-01-02,2024-01-02,1000.00,5000.00,USD,
1491,CTR-2023-01491,1929,310,Strategic,Expired,2023-06-24,2023-12-21,5000.00,10000.00,USD,
1492,CTR-2024-01492,1367,64,Strategic,Expired,2024-12-16,2027-12-16,1000.00,1000.00,USD,
1493,CTR-2025-01493,182,269,Spot,Active,2025-03-21,2026-03-21,1000.00,500.00,USD,
1494,CTR-2025-01494,993,267,Strategic,Active,2025-04-04,2028-04-03,10000.00,5000.00,USD,
1495,CTR-2024-01495,42,191,Standard,Cancelled,2024-09-21,2026-09-21,2500.00,2500.00,USD, 
1496,CTR-2023-01496,2042,64,Spot,Active,2023-08-01,2024-07-31,25000.00,0.00,CAD,
1497,CTR-2024-01497,367,26,Preferred,Active,2024-02-27,2027-02-26,1000.00,10000.00,EUR,
1498,CTR-2023-01498,689,254,Preferred,active,2023-03-28,27/03/2024,5000.00,0.00,USD,
1499,CTR-2023-01499,607,252,Spot,Active,2023-01-18,7/17/2023,2500.00,0.00,USD,
1500,CTR-2024-01500,669,280,Strategic,Active,2024-05-02,2027-05-02,5000.00,10000.00,USD,
1501,CTR-2023-01501,1209,74,Preferred,Cancelled,2023-07-18,2025-07-17,1000.00,2500.00,EUR,Unknown
1502,CTR-2025-01502,1196,262,strategic ,Active,2025-06-29,2026-06-29,2500.00,10000.00,USD,
1503,CTR-2025-01503,356,74,Preferred,Expired,2025-01-31,31/01/2026,1000.00,5000.00,USD,
1504,CTR-2023-01504,198,290,Standard,active,2023-04-01,2024-03-31,1000.00,0.00,USD,
1505,CTR-2023-01505,1392,26,Strategic,Active,2023-11-09,2024/11/08,10000.00,0.00,USD,
1506,CTR-2023-01506,1815,19,Spot,Active,2023-05-21,2025-05-20,5000.00,2500.00,GBP,
1507,CTR-2023-01507,1406,218,Spot,Cancelled,2023-11-15,2024-05-13,25000.00,5000.00,USD,Customer consolidation
1508,CTR-2023-01508,1729,179,Spot,Active,2023-07-09,2026-07-08,5000.00,500.00,EUR,
1509,CTR-2024-01509,1734,60,Spot,Expired,2024-04-11,11/04/2026,1000.00,1000.00,USD,
1510,CTR-2024-01510,1749,243,Preferred,Active,2024-09-21,2025-03-20,10000.00,5000.00,CAD,
1511,CTR-2023-01511,951,7,Spot,Suspended,2023-04-13,2024-04-12,500.00,10000.00,USD,
1512,CTR-2024-01512,2339,243,Preferred,Active,2024-12-14,2025-12-14,500.00,0.00,usd,
1513,CTR-2025-01513,619,83,Strategic,Expired,2025-05-31,2026-05-31,5000.00,2500.00,CAD,
1514,CTR-2025-01514,2139,57,Standard,Active,2025-05-09,2028-05-08,2500.00,2500.00,USD,
1515,CTR-2024-01515,1379,192,Preferred,Active,2024-08-18,2027-08-18,5000.00,5000.00,EUR,
1516,CTR-2024-01516,819,231,Strategic,Active,2024-03-10,3/10/2026,2500.00,10000.00,USD,
1517,CTR-2024-01517,1626,83,Standard,Expired,2024-12-02,2027-12-02,2500.00,2500.00,USD,
1518,CTR-2024-01518,1165,108,strategic ,Cancelled,2024-10-21,2027-10-21,25000.00,5000.00,USD,Customer consolidation
1519,CTR-2025-01519,1198,218,Spot,Cancelled,2025-09-18,2026-03-17,10000.00,2500.00,usd,Moved to competitor
1520,CTR-2025-01520,1191,289,Standard,Active,2025-03-07,2026-03-07,10000.00,0.00,USD,
1521,CTR-2025-01521,679,78,Strategic,Active,2025-04-03,2027/04/03,1000.00,0.00,GBP,
1522,CTR-2025-01522,2010,108,strategic ,Active,2025-06-07,6/7/2026,500.00,500.00,USD,
1523,CTR-2024-01523,408,94,strategic ,active,2024-05-11,2026-05-11,2500.00,5000.00,usd,
1524,CTR-2025-01524,120,108,strategic ,Active,2025-01-13,2028-01-13,5000.00,2500.00,USD,
1525,CTR-2025-01525,1883,249,Spot,Active,2025-01-18,2026-01-18,5000.00,10000.00,USD,
1526,CTR-2024-01526,857,57,Standard,active,2024-12-18,2025-12-18,10000.00,1000.00,EUR,
1527,CTR-2025-01527,1666,57,Spot,Active,2025-08-14,2026-02-10,25000.00,10000.00,USD,
1528,CTR-2023-01528,937,218,Standard,Cancelled,2023-02-13,2024-02-13,1000.00,1000.00,EUR,Moved to competitor
1529,CTR-2023-01529,848,240,strategic ,Active,2023-05-20,2026-05-19,2500.00,0.00,CAD,
1530,CTR-2024-01530,305,152,Preferred,Cancelled,2024-11-23,2026/11/23,10000.00,0.00,GBP,Service unreliability
1531,CTR-2023-01531,1005,258,Spot,Expired,2023-11-13,2024-11-12,500.00,0.00,USD,
1532,CTR-2025-01532,2292,108,Preferred,active,2025-05-10,2028-05-09,25000.00,2500.00,USD,
1533,CTR-2023-01533,2400,242,Standard,Active,2023-07-19,2024-01-15,10000.00,10000.00,GBP,
1534,CTR-2024-01534,492,226,Spot,Active,2024-01-26,2026-01-25,1000.00,5000.00,USD,
1535,CTR-2023-01535,52,241,Spot,Active,2023-06-15,14/06/2024,2500.00,5000.00,USD,
1536,CTR-2024-01536,731,201,Standard,Expired,2024-12-17,2027-12-17,1000.00,1000.00,USD,
1537,CTR-2024-01537,632,295,Preferred,Cancelled,2024-06-25,2025-06-25,1000.00,0.00,USD,Moved to competitor
1538,CTR-2024-01538,2498,239,Strategic,Cancelled,2024-01-29,28/01/2025,10000.00,2500.00,USD, 
1539,CTR-2023-01539,2023,289,Strategic,Cancelled,2023-07-29,2024-07-28,10000.00,1000.00,USD, 
1540,CTR-2023-01540,2286,119,Strategic,Expired,2023-05-26,2024-05-25,2500.00,2500.00,USD,
1541,CTR-2025-01541,2482,161,Spot,Active,2025-09-06,2026-09-06,25000.00,5000.00,USD,
1542,CTR-2023-01542,295,20,Preferred,Active,2023-08-03,2025-08-02,5000.00,10000.00,USD,
1543,CTR-2025-01543,2048,258,Spot,Cancelled,2025-03-08,2027-03-08,5000.00,0.00,USD,Unknown
1544,CTR-2023-01544,748,147,Spot,Active,2023-11-27,2025-11-26,25000.00,0.00,USD,
1545,CTR-2024-01545,84,30,strategic ,Expired,2024-08-14,2026-08-14,500.00,0.00,USD,
1546,CTR-2025-01546,2288,262,Preferred,Active,2025-07-23,2028-07-22,1000.00,5000.00,USD,
1547,CTR-2023-01547,1872,242,Preferred,Expired,2023-11-19,2025-11-18,10000.00,1000.00,CAD,
1548,CTR-2024-01548,286,218,Spot,Active,2024-11-10,5/9/2025,500.00,5000.00,CAD,
1549,CTR-2024-01549,2499,193,Preferred,Expired,2024-03-05,2026-03-05,2500.00,1000.00,USD,
1550,CTR-2024-01550,929,7,Spot,Active,2024-06-16,2026-06-16,25000.00,500.00,USD,
1551,CTR-2024-01551,1126,147,Spot,Cancelled,2024-04-29,2027-04-29,500.00,10000.00,USD,Customer consolidation
1552,CTR-2023-01552,2438,51,Preferred,Active,2023-04-24,2026-04-23,500.00,500.00,usd,
1553,CTR-2023-01553,918,105,strategic ,Active,2023-06-19,2025-06-18,5000.00,0.00,USD,
1554,CTR-2025-01554,2422,105,Strategic,Active,2025-04-26,2025-10-23,500.00,500.00,USD,
1555,CTR-2024-01555,879,280,strategic ,Active,2024-09-03,2025-03-02,1000.00,10000.00,USD,
1556,CTR-2025-01556,2272,242,strategic ,Active,2025-07-23,2028-07-22,2500.00,10000.00,usd,
1557,CTR-2023-01557,873,121,Standard,Cancelled,2023-05-09,2026-05-08,5000.00,1000.00,usd,Customer consolidation
1558,CTR-2023-01558,962,191,Strategic,Cancelled,2023-03-08,2026-03-07,1000.00,0.00,EUR,Service unreliability
1559,CTR-2024-01559,2433,257,Standard,Expired,2024-04-02,02/04/2027,25000.00,500.00,CAD,
1560,CTR-2024-01560,277,266,strategic ,Active,2024-03-09,2026-03-09,10000.00,5000.00,usd,
1561,CTR-2023-01561,2256,266,Spot,Active,2023-02-07,2026-02-06,500.00,10000.00,GBP,
1562,CTR-2024-01562,873,252,strategic ,Cancelled,2024-01-14,2026-01-13,1000.00,5000.00,CAD,Moved to competitor
1563,CTR-2025-01563,1024,7,Preferred,Active,2025-10-14,2026-04-12,25000.00,5000.00,USD,
1564,CTR-2023-01564,660,83,Preferred,Active,2023-09-24,9/23/2024,25000.00,2500.00,usd,
1565,CTR-2023-01565,243,258,Preferred,Expired,2023-03-31,2026-03-30,25000.00,5000.00,CAD,
1566,CTR-2024-01566,2441,290,Spot,Suspended,2024-11-24,2025-11-24,500.00,10000.00,USD,
1567,CTR-2024-01567,2271,280,strategic ,Expired,2024-05-26,2025/05/26,25000.00,2500.00,USD,
1568,CTR-2023-01568,2176,105,Spot,Cancelled,2023-03-03,2025-03-02,25000.00,5000.00,USD,Price increase
1569,CTR-2023-01569,2029,82,Strategic,Cancelled,2023-05-24,2024-05-23,1000.00,1000.00,USD, 
1570,CTR-2025-01570,2098,74,strategic ,Expired,2025-02-20,2026-02-20,2500.00,0.00,USD,
1571,CTR-2023-01571,2454,7,strategic ,Active,2023-07-06,2026-07-05,10000.00,1000.00,USD,
1572,CTR-2024-01572,274,14,Spot,Active,2024-11-13,2026-11-13,10000.00,10000.00,USD,
1573,CTR-2024-01573,1439,108,Preferred,Active,2024-12-18,2026-12-18,5000.00,0.00,USD,
1574,CTR-2025-01574,2186,121,Strategic,Expired,2025-10-14,2026-10-14,1000.00,0.00,CAD,
1575,CTR-2024-01575,70,266,strategic ,Active,2024-05-22,11/18/2024,25000.00,1000.00,USD,
1576,CTR-2023-01576,1309,22,Preferred,Active,2023-08-28,2024-08-27,2500.00,5000.00,USD,
1577,CTR-2023-01577,815,239,strategic ,Expired,2023-09-06,2024-09-05,500.00,10000.00,USD,
1578,CTR-2024-01578,1868,299,Standard,Active,2024-10-11,2025-04-09,25000.00,500.00,GBP,
1579,CTR-2023-01579,1685,218,Spot,Active,2023-03-31, 2025-03-30 ,500.00,10000.00,USD,
1580,CTR-2024-01580,19,179,Preferred,Active,2024-03-12,3/12/2026,25000.00,5000.00,USD,
1581,CTR-2025-01581,370,242,strategic ,Active,2025-01-31,2028-01-31,1000.00,5000.00,USD,
1582,CTR-2025-01582,822,15,strategic ,Expired,2025-05-29,2025-11-25,500.00,0.00,USD,
1583,CTR-2024-01583,1325,273,strategic ,Expired,2024-12-02,2026-12-02,1000.00,0.00,USD,
1584,CTR-2023-01584,367,248,Spot,Active,2023-04-12,2026-04-11,10000.00,1000.00,USD,
1585,CTR-2025-01585,824,128,strategic ,Active,2025-03-13,2028-03-12,5000.00,5000.00,USD,
1586,CTR-2024-01586,793,105,Strategic,Active,2024-10-10,2026-10-10,10000.00,5000.00,EUR,
1587,CTR-2023-01587,292,152,Strategic,Active,2023-05-24,2025-05-23,10000.00,0.00,USD,
1588,CTR-2025-01588,1087,190,Spot,Expired,2025-01-04,04/01/2027,5000.00,0.00,USD,
1589,CTR-2024-01589,271,258,Spot,Active,2024-12-16,2025-12-16,2500.00,2500.00,usd,
1590,CTR-2024-01590,709,64,Standard,Active,2024-07-12,2025-07-12,2500.00,0.00,USD,
1591,CTR-2023-01591,143,289,Standard,Active,2023-07-29,2024-01-25,25000.00,500.00,USD,
1592,CTR-2023-01592,2026,19,Preferred,Expired,2023-05-19,5/18/2024,5000.00,10000.00,USD,
1593,CTR-2024-01593,2222,67,Standard,Suspended,2024-11-18,2025-11-18,500.00,10000.00,USD,
1594,CTR-2024-01594,1163,254,Preferred,Active,2024-03-22,2026-03-22,5000.00,5000.00,USD,
1595,CTR-2025-01595,1729,147,Strategic,Active,2025-03-28,2025-09-24,2500.00,1000.00,USD,
1596,CTR-2025-01596,371,191,Strategic,Active,2025-08-27,2026-02-23,500.00,10000.00,USD,
1597,CTR-2025-01597,948,280,Preferred,Expired,2025-03-01,29/02/2028,5000.00,2500.00,USD,
1598,CTR-2023-01598,886,191,strategic ,Cancelled,2023-02-10,2025-02-09,10000.00,5000.00,USD,Customer consolidation
1599,CTR-2025-01599,2055,262,Spot,Active,2025-03-21,2026-03-21,5000.00,10000.00,CAD,
1600,CTR-2023-01600,2295,249,strategic ,active,2023-09-18,2024-03-16,5000.00,500.00,EUR,
1601,CTR-2025-01601,1402,79,Standard,Active,2025-08-08,2028-08-07,2500.00,1000.00,usd,
1602,CTR-2024-01602,1683,310,Preferred,Cancelled,2024-03-04,3/4/2027,2500.00,500.00,USD,Unknown
1603,CTR-2023-01603,354,30,Strategic,Cancelled,2023-12-05,2024-12-04,500.00,2500.00,USD,Unknown
1604,CTR-2024-01604,2137,15,Strategic,Active,2024-08-24,24/08/2027,25000.00,0.00,usd,
1605,CTR-2024-01605,1595,266,Preferred,Active,2024-08-28,2026-08-28,2500.00,2500.00,USD,
1606,CTR-2024-01606,1684,165,Spot,active,2024-09-07,2025-09-07,25000.00,0.00,USD,
1607,CTR-2025-01607,1321,243,Spot,Active,2025-06-18,12/15/2025,10000.00,2500.00,USD,
1608,CTR-2023-01608,1504,179,Strategic,Active,2023-03-08,2024-03-07,2500.00,1000.00,USD,
1609,CTR-2023-01609,1391,278,Spot,Active,2023-07-19,2025-07-18,2500.00,10000.00,USD,
1610,CTR-2023-01610,933,69,Strategic,Active,2023-09-23,3/21/2024,5000.00,1000.00,GBP,
1611,CTR-2023-01611,153,146,Strategic,Active,2023-02-23,2026-02-22,5000.00,10000.00,USD,
1612,CTR-2024-01612,1986,290,strategic ,Cancelled,2024-10-24,2026-10-24,2500.00,10000.00,GBP,Price increase
1613,CTR-2024-01613,5,128,Spot,Active,2024-11-09,2026-11-09,10000.00,10000.00,USD,
1614,CTR-2023-01614,815,243,Preferred,Active,2023-03-05,2024-03-04,25000.00,5000.00,USD,
1615,CTR-2023-01615,1913,249,Strategic,Expired,2023-02-07,2025-02-06,5000.00,0.00,USD,
1616,CTR-2023-01616,754,146,Spot,Active,2023-02-10,2024-02-10,1000.00,1000.00,USD,
1617,CTR-2023-01617,1571,14,Preferred,Expired,2023-10-21,2024-04-18,10000.00,500.00,USD,
1618,CTR-2024-01618,2213,273,Preferred,Suspended,2024-08-16,8/16/2026,5000.00,500.00,USD,
1619,CTR-2025-01619,1335,299,strategic ,Cancelled,2025-02-08,2025-08-07,25000.00,2500.00,USD,Customer consolidation
1620,CTR-2025-01620,597,20,Preferred,Expired,2025-04-12,4/12/2026,10000.00,2500.00,EUR,
1621,CTR-2023-01621,1696,140,Standard,Active,2023-10-23,2024-04-20,500.00,2500.00,USD,
1622,CTR-2024-01622,748,241,Spot,Active,2024-06-05,12/2/2024,5000.00,2500.00,usd,
1623,CTR-2023-01623,1417,19,strategic ,Cancelled,2023-05-23,5/22/2024,500.00,10000.00,EUR,Customer consolidation
1624,CTR-2023-01624,2188,190,strategic ,Suspended,2023-07-06,2025-07-05,5000.00,2500.00,USD,
1625,CTR-2023-01625,274,14,Strategic,active,2023-12-22,2024-12-21,5000.00,1000.00,CAD,
1626,CTR-2025-01626,1149,273,Strategic,Active,2025-07-14,2026-01-10,1000.00,1000.00,usd,
1627,CTR-2023-01627,373,266,Strategic,Active,2023-05-02,2023-10-29,2500.00,2500.00,USD,
1628,CTR-2023-01628,509,278,Standard,active,2023-08-06,2026-08-05,10000.00,500.00,USD,
1629,CTR-2024-01629,2155,226,Spot,Active,2024-11-04,11/4/2025,2500.00,10000.00,CAD,
1630,CTR-2023-01630,1105,267,Preferred,Active,2023-04-17,2023-10-14,1000.00,500.00,CAD,
1631,CTR-2023-01631,799,278,Spot,Cancelled,2023-10-12,2024-10-11,500.00,1000.00,USD,Unknown
1632,CTR-2023-01632,705,280,strategic ,Cancelled,2023-06-08,2024-06-07,500.00,10000.00,USD, 
1633,CTR-2023-01633,2305,280,Strategic,Suspended,2023-11-22,2024-05-20,25000.00,5000.00,USD,
1634,CTR-2023-01634,2279,269,Strategic,Active,2023-11-15,2026-11-14,10000.00,1000.00,USD,
1635,CTR-2024-01635,1866,201,Standard,Active,2024-03-10,2025-03-10,10000.00,2500.00,USD,
1636,CTR-2025-01636,1356,83,Preferred,Active,2025-07-27,23/01/2026,2500.00,500.00,USD,
1637,CTR-2025-01637,1767,82,Standard,Active,2025-02-22,2028-02-22,10000.00,10000.00,USD,
1638,CTR-2025-01638,1070,94,Strategic,Active,2025-08-17,2026-08-17,1000.00,2500.00,CAD,
1639,CTR-2025-01639,2439,67,strategic ,Active,2025-01-17, 2026-01-17 ,5000.00,1000.00,CAD,
1640,CTR-2023-01640,1088,239,Spot,Active,2023-02-12,2023-08-11,1000.00,2500.00,GBP,
1641,CTR-2023-01641,2116,226,Preferred,Cancelled,2023-04-24,2025-04-23,5000.00,10000.00,USD,Service unreliability
1642,CTR-2025-01642,1481,82,Standard,Active,2025-02-02,2026-02-02,5000.00,10000.00,USD,
1643,CTR-2025-01643,1326,290,Standard,Active,2025-10-04,2028-10-03,2500.00,5000.00,EUR,
1644,CTR-2025-01644,126,239,Spot,Expired,2025-03-20,2026-03-20,5000.00,1000.00,GBP,
1645,CTR-2025-01645,463,39,strategic ,Cancelled,2025-06-26,2028-06-25,25000.00,500.00,USD,Unknown
1646,CTR-2024-01646,257,242,Standard,active,2024-05-22,2027-05-22,1000.00,5000.00,USD,
1647,CTR-2024-01647,1,146,Spot,Suspended,2024-04-09,2025-04-09,10000.00,5000.00,USD,
1648,CTR-2023-01648,48,299,Spot,Expired,2023-04-16,2024-04-15,1000.00,5000.00,USD,
1649,CTR-2025-01649,2330,78,Standard,Expired,2025-06-06,2028-06-05,1000.00,500.00,USD,
1650,CTR-2024-01650,2275,258,Standard,Expired,2024-11-21,2025-11-21,1000.00,0.00,USD,
1651,CTR-2025-01651,1398,266,Spot,Cancelled,2025-03-15,2026/03/15,500.00,1000.00,USD,Service unreliability
1652,CTR-2024-01652,1266,14,Spot,Cancelled,2024-09-29,2027-09-29,5000.00,2500.00,EUR,Service unreliability
1653,CTR-2023-01653,1520,254,Standard,Suspended,2023-02-25,25/02/2024,10000.00,500.00,USD,
1654,CTR-2023-01654,1196,156,Spot,Active,2023-06-08,2023-12-05,5000.00,0.00,USD,
1655,CTR-2024-01655,1996,20,Strategic,Expired,2024-02-11,2025-02-10,500.00,5000.00,USD,
1656,CTR-2023-01656,845,12,Strategic,Active,2023-09-21,2024-03-19,500.00,5000.00,USD,
1657,CTR-2025-01657,1047,242,strategic ,Active,2025-04-06,2028-04-05,500.00,0.00,USD,
1658,CTR-2025-01658,187,119,Preferred,Active,2025-09-12,12/09/2026,25000.00,2500.00,GBP,
1659,CTR-2025-01659,1090,192,strategic ,Expired,2025-07-20,2026-01-16,5000.00,5000.00,USD,
1660,CTR-2025-01660,1781,234,Preferred,Active,2025-09-05,2028-09-04,10000.00,2500.00,USD,
1661,CTR-2024-01661,490,94,strategic ,Cancelled,2024-02-28,2026-02-27,1000.00,2500.00,usd,Moved to competitor
1662,CTR-2024-01662,1526,67,strategic ,Cancelled,2024-09-06,2026-09-06,500.00,500.00,CAD,Service unreliability
1663,CTR-2024-01663,1464,69,Preferred,Active,2024-09-22,2025-03-21,1000.00,10000.00,EUR,
1664,CTR-2024-01664,1853,121,strategic ,Active,2024-09-03,2027-09-03,5000.00,1000.00,USD,
1665,CTR-2023-01665,177,248,Preferred,active,2023-05-24,2023-11-20,10000.00,0.00,USD,
1666,CTR-2024-01666,218,249,strategic ,Active,2024-03-04,2024-08-31,10000.00,1000.00,USD,
1667,CTR-2024-01667,2030,226,Preferred,Cancelled,2024-08-17,2027-08-17,1000.00,10000.00,CAD,Customer consolidation
1668,CTR-2024-01668,1995,26,Standard,Active,2024-02-22,2027-02-21,1000.00,2500.00,USD,
1669,CTR-2023-01669,1401,249,Standard,Active,2023-09-06,2024-09-05,5000.00,2500.00,GBP,
1670,CTR-2025-01670,1275,22,strategic ,Active,2025-07-26,2026-01-22,1000.00,5000.00,USD,
1671,CTR-2025-01671,1564,257,strategic ,Active,2025-06-27,2026-06-27,25000.00,2500.00,GBP,
1672,CTR-2024-01672,1651,7,Standard,Cancelled,2024-11-18,2025-11-18,2500.00,2500.00,USD,Unknown
1673,CTR-2023-01673,1071,69,Standard,Active,2023-09-23,2025-09-22,5000.00,10000.00,USD,
1674,CTR-2024-01674,519,140,Strategic,Cancelled,2024-12-26,2025-06-24,2500.00,5000.00,CAD,Customer consolidation
1675,CTR-2024-01675,2326,78,Spot,Active,2024-09-20,2025-09-20,5000.00,10000.00,USD,
1676,CTR-2024-01676,360,94,Spot,Active,2024-09-16,2027-09-16,1000.00,2500.00,USD,
1677,CTR-2025-01677,148,252,Standard,Active,2025-09-06,2026-09-06,25000.00,0.00,CAD,
1678,CTR-2024-01678,1955,239,Preferred,Cancelled,2024-11-17,17/11/2025,25000.00,1000.00,USD,Service unreliability
1679,CTR-2025-01679,828,248,Standard,Expired,2025-05-31,2026-05-31,500.00,500.00,EUR,
1680,CTR-2023-01680,1684,60,strategic ,Cancelled,2023-06-08,2025-06-07,2500.00,500.00,USD, 
1681,CTR-2025-01681,2170,19,Standard,Active,2025-06-20,2026-06-20,1000.00,5000.00,USD,
1682,CTR-2023-01682,1081,243,Strategic,Cancelled,2023-12-31,2024-06-28,2500.00,1000.00,USD,Price increase
1683,CTR-2024-01683,290,19,Spot,Expired,2024-11-18,2025-11-18,5000.00,2500.00,USD,
1684,CTR-2024-01684,1032,57,Strategic,active,2024-05-21,2025-05-21,2500.00,0.00,USD,
1685,CTR-2024-01685,516,82,strategic ,Active,2024-01-03,2025-01-02,1000.00,1000.00,USD,
1686,CTR-2024-01686,423,19,Strategic,Active,2024-09-25,2025-09-25,2500.00,5000.00,GBP,
1687,CTR-2024-01687,1823,174,Standard,Suspended,2024-11-04,2025-05-03,5000.00,0.00,USD,
1688,CTR-2023-01688,1092,60,Standard,Active,2023-07-05,2024-01-01,5000.00,500.00,USD,
1689,CTR-2025-01689,68,15,Spot,Active,2025-05-31,2028-05-30,500.00,2500.00,CAD,
1690,CTR-2023-01690,157,149,Strategic,Active,2023-10-27,2024/04/24,1000.00,2500.00,GBP,
1691,CTR-2023-01691,1072,22,Spot,Expired,2023-01-13,2025-01-12,10000.00,1000.00,usd,
1692,CTR-2023-01692,619,39,strategic ,Active,2023-04-03,2024-04-02,1000.00,10000.00,EUR,
1693,CTR-2023-01693,377,41,Standard,Active,2023-06-29,2023-12-26,500.00,1000.00,USD,
1694,CTR-2023-01694,1380,257,Spot,Expired,2023-05-19,2024/05/18,25000.00,1000.00,CAD,
1695,CTR-2024-01695,2262,68,Preferred,Cancelled,2024-10-18,2027-10-18,25000.00,1000.00,CAD,Unknown
1696,CTR-2024-01696,1833,78,Standard,Expired,2024-05-12,2025-05-12,5000.00,2500.00,USD,
1697,CTR-2024-01697,1364,68,Standard,Active,2024-02-06,2027-02-05,1000.00,1000.00,USD,
1698,CTR-2024-01698,554,179,Preferred,Expired,2024-03-10,3/10/2025,10000.00,10000.00,CAD,
1699,CTR-2025-01699,1852,19,Preferred,Active,2025-10-14,2026-04-12,2500.00,1000.00,EUR,
1700,CTR-2024-01700,1132,310,Standard,Cancelled,2024-12-25,2025-12-25,2500.00,2500.00,USD, 
1701,CTR-2025-01701,1482,149,strategic ,Cancelled,2025-04-26,4/25/2028,25000.00,2500.00,USD,Moved to competitor
1702,CTR-2024-01702,250,39,Standard,Active,2024-04-11,11/04/2025,5000.00,0.00,GBP,
1703,CTR-2023-01703,1614,174,Strategic,Active,2023-10-02,2024-03-30,5000.00,0.00,usd,
1704,CTR-2023-01704,2266,240,strategic ,Active,2023-10-02,2024-10-01,10000.00,5000.00,USD,
1705,CTR-2025-01705,1159,106,Strategic,Suspended,2025-08-04,2026-01-31,2500.00,500.00,USD,
1706,CTR-2023-01706,1379,248,strategic ,active,2023-08-02,2024-01-29,25000.00,0.00,USD,
1707,CTR-2023-01707,1883,161,Strategic,Expired,2023-07-01,2025-06-30,500.00,2500.00,GBP,
1708,CTR-2025-01708,1341,280,Strategic,active,2025-06-26,6/26/2026,5000.00,0.00,USD,
1709,CTR-2024-01709,508,108,Standard,Active,2024-03-01,2025-03-01,10000.00,10000.00,USD,
1710,CTR-2023-01710,2391,108,Preferred,active,2023-02-05,2024-02-05,2500.00,500.00,USD,
1711,CTR-2024-01711,1246,257,Preferred,Active,2024-07-18,2025-07-18,2500.00,5000.00,USD,
1712,CTR-2025-01712,2466,68,strategic ,Active,2025-03-27,2028-03-26,1000.00,10000.00,CAD,
1713,CTR-2024-01713,275,257,Strategic,Active,2024-11-19,2026-11-19,5000.00,0.00,USD,
1714,CTR-2023-01714,891,210,Strategic,active,2023-02-27,2024-02-27,10000.00,500.00,USD,
1715,CTR-2023-01715,1603,161,Spot,Active,2023-05-21,11/17/2023,1000.00,1000.00,USD,
1716,CTR-2024-01716,215,121,strategic ,Cancelled,2024-01-10,2027-01-09,10000.00,10000.00,USD,Moved to competitor
1717,CTR-2023-01717,978,82,Preferred,Expired,2023-07-31,2024-07-30,2500.00,2500.00,USD,
1718,CTR-2025-01718,1694,26,Strategic,Active,2025-02-21,2027-02-21,1000.00,0.00,EUR,
1719,CTR-2023-01719,1094,262,strategic ,Active,2023-05-21,2026-05-20,2500.00,2500.00,USD,
1720,CTR-2025-01720,320,218,Standard,Active,2025-05-12,2026-05-12,25000.00,500.00,EUR,
1721,CTR-2024-01721,2420,30,Spot,Expired,2024-10-17,2027-10-17,10000.00,500.00,EUR,
1722,CTR-2024-01722,1621,51,Strategic,active,2024-07-06,2025-01-02,25000.00,10000.00,USD,
1723,CTR-2023-01723,135,68,strategic ,Active,2023-09-13,2026-09-12,500.00,1000.00,EUR,
1724,CTR-2023-01724,1067,262,Spot,Expired,2023-03-17,3/16/2025,5000.00,2500.00,GBP,
1725,CTR-2024-01725,1431,20,Strategic,active,2024-07-16,2025-07-16,2500.00,5000.00,USD,
1726,CTR-2025-01726,576,20,Strategic,Active,2025-02-05,2026-02-05,10000.00,5000.00,USD,
1727,CTR-2025-01727,728,278,Strategic,active,2025-01-11, 2028-01-11 ,5000.00,10000.00,USD,
1728,CTR-2025-01728,1512,252,Strategic,Suspended,2025-02-27,2028-02-27,1000.00,10000.00,CAD,
1729,CTR-2025-01729,2034,19,Spot,Active,2025-06-20,2027-06-20,1000.00,5000.00,USD,
1730,CTR-2023-01730,2130,14,Standard,Expired,2023-02-21,8/20/2023,500.00,10000.00,EUR,
1731,CTR-2023-01731,1464,236,strategic ,Active,2023-11-17,2025-11-16,2500.00,2500.00,USD,
1732,CTR-2024-01732,2156,60,Spot,Suspended,2024-12-30,2025-12-30,1000.00,1000.00,GBP,
1733,CTR-2023-01733,2115,156,Standard,Active,2023-05-12,2025-05-11,10000.00,0.00,EUR,
1734,CTR-2024-01734,1951,121,strategic ,Cancelled,2024-01-24,2025-01-23,10000.00,5000.00,USD,Moved to competitor
1735,CTR-2025-01735,1670,106,Spot,Active,2025-03-12,2027-03-12,2500.00,1000.00,USD,
1736,CTR-2023-01736,2403,19,Preferred,Active,2023-06-12,2024-06-11,500.00,500.00,USD,
1737,CTR-2023-01737,2379,140,Spot,Active,2023-01-07,2026-01-06,2500.00,1000.00,GBP,
1738,CTR-2024-01738,581,191,Strategic,Cancelled,2024-08-13,2026-08-13,10000.00,10000.00,usd,Unknown
1739,CTR-2025-01739,619,79,Preferred,Active,2025-06-18,2028-06-17,5000.00,2500.00,USD,
1740,CTR-2025-01740,1854,30,Standard,Active,2025-05-26,2025-11-22,500.00,500.00,USD,
1741,CTR-2024-01741,2267,278,Preferred,Active,2024-12-11,2025-12-11,500.00,500.00,USD,
1742,CTR-2025-01742,283,83,Strategic,Cancelled,2025-04-21,2028-04-20,5000.00,10000.00,CAD, 
1743,CTR-2025-01743,676,280,Standard,Expired,2025-07-03,2025-12-30,1000.00,10000.00,USD,
1744,CTR-2023-01744,764,240,Standard,Active,2023-01-31,2024-01-31,25000.00,500.00,USD,
1745,CTR-2024-01745,2136,191,Strategic,Active,2024-09-21,2026-09-21,1000.00,500.00,CAD,
1746,CTR-2024-01746,1657,26,Standard,Expired,2024-12-07,2025-12-07,2500.00,10000.00,CAD,
1747,CTR-2025-01747,2042,193,Spot,Active,2025-07-20,2026-01-16,25000.00,500.00,USD,
1748,CTR-2023-01748,1417,106,strategic ,Active,2023-12-30,12/29/2026,25000.00,1000.00,USD,
1749,CTR-2025-01749,2168,257,Spot,Active,2025-04-28,2026-04-28,2500.00,2500.00,GBP,
1750,CTR-2023-01750,1125,152,Spot,Expired,2023-12-25,2026-12-24,2500.00,500.00,EUR,
1751,CTR-2023-01751,506,57,Strategic,Cancelled,2023-06-06,2024-06-05,25000.00,0.00,EUR,Moved to competitor
1752,CTR-2023-01752,603,243,Strategic,active,2023-01-18,2024-01-18,1000.00,10000.00,USD,
1753,CTR-2023-01753,974,278,Spot,Expired,2023-11-15,2024-11-14,25000.00,0.00,USD,
1754,CTR-2023-01754,2124,241,Strategic,Suspended,2023-04-12,2024-04-11,5000.00,5000.00,USD,
1755,CTR-2024-01755,557,191,Standard,Active,2024-11-28,2027-11-28,500.00,0.00,USD,
1756,CTR-2023-01756,681,192,Preferred,Active,2023-10-19,2025-10-18,2500.00,0.00,EUR,
1757,CTR-2025-01757,335,310,Spot,Active,2025-01-31,2026-01-31,2500.00,500.00,USD,
1758,CTR-2023-01758,251,278,Standard,Expired,2023-03-26,2024-03-25,10000.00,5000.00,USD,
1759,CTR-2023-01759,1723,267,Strategic,Cancelled,2023-08-06,02/02/2024,1000.00,0.00,USD,Price increase
1760,CTR-2023-01760,2268,179,strategic ,Active,2023-06-30,6/29/2024,500.00,10000.00,USD,
1761,CTR-2025-01761,1308,74,Standard,Expired,2025-09-08,2028-09-07,5000.00,2500.00,USD,
1762,CTR-2025-01762,1621,79,Standard,Expired,2025-06-23,2026-06-23,10000.00,10000.00,GBP,
1763,CTR-2023-01763,2271,128,Spot,Cancelled,2023-08-28,2024/08/27,10000.00,10000.00,GBP,Customer consolidation
1764,CTR-2024-01764,1202,240,Spot,Suspended,2024-05-02,2025-05-02,500.00,0.00,USD,
1765,CTR-2024-01765,1250,79,strategic ,Cancelled,2024-03-24,2025-03-24,2500.00,0.00,USD,Unknown
1766,CTR-2024-01766,958,156,Preferred,Expired,2024-07-17,2025-07-17,2500.00,0.00,usd,
1767,CTR-2023-01767,1324,33,Standard,Suspended,2023-01-26,2024-01-26,2500.00,2500.00,USD,
1768,CTR-2024-01768,937,249,Preferred,Active,2024-08-27,2025-02-23,2500.00,0.00,USD,
1769,CTR-2023-01769,2163,119,Standard,Expired,2023-06-22,2025-06-21,5000.00,500.00,USD,
1770,CTR-2023-01770,2130,218,strategic ,Active,2023-12-21,2025-12-20,1000.00,500.00,USD,
1771,CTR-2024-01771,2325,60,Spot,Suspended,2024-10-02,2025-10-02,10000.00,1000.00,USD,
1772,CTR-2023-01772,258,156,Spot,Active,2023-09-23,2025-09-22,500.00,10000.00,USD,
1773,CTR-2024-01773,51,210,strategic ,Cancelled,2024-02-16,2027-02-15,2500.00,5000.00,USD,Unknown
1774,CTR-2024-01774,69,266,Preferred,Active,2024-06-28,6/28/2027,10000.00,0.00,GBP,
1775,CTR-2024-01775,510,82,Standard,Expired,2024-11-22,2025-05-21,5000.00,5000.00,CAD,
1776,CTR-2023-01776,646,252,Preferred,Cancelled,2023-08-27,2024-08-26,2500.00,5000.00,EUR,Service unreliability
1777,CTR-2023-01777,578,68,Standard,Active,2023-06-10,2024-06-09,1000.00,0.00,USD,
1778,CTR-2024-01778,1680,192,Preferred,Active,2024-11-09,2025-05-08,1000.00,2500.00,USD,
1779,CTR-2025-01779,108,7,Standard,Active,2025-09-13,2028-09-12,25000.00,2500.00,CAD,
1780,CTR-2023-01780,683,7,Standard,Active,2023-01-26,2026-01-25,25000.00,0.00,USD,
1781,CTR-2025-01781,1710,51,strategic ,Active,2025-05-03,5/2/2028,25000.00,1000.00,USD,
1782,CTR-2024-01782,593,242,Standard,Expired,2024-05-04,2025-05-04,5000.00,500.00,EUR,
1783,CTR-2025-01783,701,119,Spot,Active,2025-04-17, 2028-04-16 ,25000.00,10000.00,USD,
1784,CTR-2024-01784,78,183,Strategic,Cancelled,2024-05-20,2024-11-16,5000.00,0.00,CAD, 
1785,CTR-2023-01785,1929,94,Strategic,Active,2023-06-01,2025-05-31,5000.00,1000.00,USD,
1786,CTR-2024-01786,2137,201,Spot,Cancelled,2024-05-09,11/5/2024,10000.00,500.00,USD,Moved to competitor
1787,CTR-2023-01787,593,57,Strategic,Expired,2023-01-27,2024-01-27,2500.00,10000.00,USD,
1788,CTR-2023-01788,962,201,strategic ,Active,2023-06-24,21/12/2023,5000.00,2500.00,USD,
1789,CTR-2025-01789,2196,26,Standard,Active,2025-07-01,2028-06-30,5000.00,2500.00,USD,
1790,CTR-2023-01790,1741,267,Spot,Cancelled,2023-09-09,2024-03-07,500.00,1000.00,USD,Service unreliability
1791,CTR-2024-01791,2064,201,Strategic,active,2024-09-10,2025-09-10,10000.00,2500.00,USD,
1792,CTR-2024-01792,155,289,Spot,Active,2024-12-03,2026-12-03,2500.00,0.00,USD,
1793,CTR-2025-01793,1493,51,Preferred,Suspended,2025-06-11,2025/12/08,1000.00,10000.00,USD,
1794,CTR-2023-01794,555,74,Strategic,Active,2023-02-20,2025-02-19,5000.00,0.00,USD,
1795,CTR-2024-01795,468,78,Standard,Active,2024-05-30,2026-05-30,2500.00,10000.00,USD,
1796,CTR-2025-01796,1326,240,Spot,Cancelled,2025-06-27,2028-06-26,25000.00,1000.00,USD,Price increase
1797,CTR-2025-01797,954,7,Strategic,active,2025-06-21,2026-06-21,25000.00,1000.00,USD,
1798,CTR-2025-01798,405,234,Strategic,Active,2025-07-05,2026-07-05,5000.00,500.00,usd,
1799,CTR-2025-01799,1456,240,Strategic,Active,2025-06-30,2026-06-30,1000.00,500.00,USD,
1800,CTR-2025-01800,482,249,strategic ,Cancelled,2025-04-26,2025-10-23,500.00,500.00,USD,Moved to competitor
1801,CTR-2024-01801,959,39,Spot,Expired,2024-07-13,2026-07-13,1000.00,5000.00,USD,
1802,CTR-2025-01802,1087,220,Preferred,Active,2025-05-05,5/5/2026,5000.00,500.00,USD,
1803,CTR-2023-01803,1759,267,Preferred,Active,2023-04-15,2024-04-14,25000.00,5000.00,USD,
1804,CTR-2023-01804,257,20,Standard,Expired,2023-06-13,2023-12-10,1000.00,2500.00,USD,
1805,CTR-2024-01805,1971,280,strategic ,Active,2024-06-02,2027-06-02,10000.00,1000.00,usd,
1806,CTR-2024-01806,2138,192,Standard,Cancelled,2024-05-26,2026-05-26,1000.00,10000.00,CAD,Price increase
1807,CTR-2024-01807,1772,121,Strategic,Cancelled,2024-11-15,2025-11-15,10000.00,0.00,EUR, 
1808,CTR-2024-01808,225,290,strategic ,Active,2024-01-19,2024-07-17,25000.00,500.00,USD,
1809,CTR-2025-01809,270,15,Preferred,Active,2025-08-13,2026-02-09,5000.00,0.00,USD,
1810,CTR-2024-01810,120,278,Preferred,Expired,2024-12-13,2026-12-13,1000.00,10000.00,USD,
1811,CTR-2023-01811,2122,296,Preferred,Cancelled,2023-05-15,2023-11-11,500.00,500.00,USD, 
1812,CTR-2023-01812,484,240,Strategic,Active,2023-08-14,10/02/2024,10000.00,500.00,USD,
1813,CTR-2025-01813,1739,278,Strategic,Active,2025-09-17,2026-09-17,2500.00,10000.00,CAD,
1814,CTR-2025-01814,859,20,strategic ,Active,2025-05-05,2027-05-05,1000.00,1000.00,CAD,
1815,CTR-2023-01815,1597,22,Standard,active,2023-04-04,2023-10-01,10000.00,1000.00,GBP,
1816,CTR-2024-01816,2304,187,Standard,Cancelled,2024-12-28,2025-06-26,25000.00,10000.00,USD,Unknown
1817,CTR-2024-01817,1082,105,Standard,Active,2024-02-01,2024-07-30,1000.00,10000.00,USD,
1818,CTR-2025-01818,14,231,Spot,Active,2025-10-02,2027-10-02,25000.00,500.00,USD,
1819,CTR-2025-01819,2332,266,Spot,Suspended,2025-06-24,23/06/2028,500.00,500.00,USD,
1820,CTR-2025-01820,2202,69,Standard,Active,2025-03-07,2026-03-07,5000.00,0.00,USD,
1821,CTR-2025-01821,5,299,Strategic,Cancelled,2025-01-17,2027-01-17,1000.00,2500.00,EUR,Customer consolidation
1822,CTR-2023-01822,921,310,Standard,Cancelled,2023-07-28,27/07/2026,1000.00,500.00,CAD,Moved to competitor
1823,CTR-2023-01823,388,149,Preferred,Cancelled,2023-07-20,2024-07-19,500.00,10000.00,USD,Price increase
1824,CTR-2023-01824,1814,108,strategic ,Active,2023-03-24,2024-03-23,25000.00,10000.00,CAD,
1825,CTR-2023-01825,375,192,strategic ,Active,2023-03-15,2023-09-11,2500.00,500.00,USD,
1826,CTR-2023-01826,2464,201,Preferred,Cancelled,2023-10-15,10/14/2025,5000.00,1000.00,USD,Customer consolidation
1827,CTR-2025-01827,2277,60,Spot,Expired,2025-02-11,2026-02-11,25000.00,5000.00,GBP,
1828,CTR-2024-01828,241,94,Preferred,Active,2024-09-09,2025-09-09,10000.00,2500.00,CAD,
1829,CTR-2023-01829,503,193,Standard,Suspended,2023-08-27,2024-08-26,500.00,0.00,CAD,
1830,CTR-2023-01830,1012,266,Standard,Expired,2023-03-25,2025-03-24,500.00,1000.00,USD,
1831,CTR-2023-01831,220,239,Strategic,Active,2023-05-09,08/05/2025,500.00,10000.00,EUR,
1832,CTR-2024-01832,2397,83,Spot,Active,2024-12-09,2025-12-09,2500.00,500.00,GBP,
1833,CTR-2025-01833,594,258,Preferred,active,2025-05-04,2025-10-31,1000.00,500.00,USD,
1834,CTR-2024-01834,2462,248,Strategic,Active,2024-12-20,2025-06-18,500.00,1000.00,USD,
1835,CTR-2023-01835,1296,280,Preferred,Active,2023-06-12,2025-06-11,1000.00,2500.00,CAD,
1836,CTR-2023-01836,1733,30,Standard,Active,2023-01-12,2024-01-12,10000.00,5000.00,USD,
1837,CTR-2025-01837,1758,226,Spot,Active,2025-07-03,2028-07-02,25000.00,1000.00,USD,
1838,CTR-2024-01838,1774,82,strategic ,Active,2024-04-06,2025-04-06,10000.00,5000.00,USD,
1839,CTR-2023-01839,1245,106,Preferred,Active,2023-09-21,19/03/2024,10000.00,1000.00,USD,
1840,CTR-2025-01840,275,83,Strategic,active,2025-02-05,2028-02-05,25000.00,0.00,USD,
1841,CTR-2023-01841,684,64,Spot,Active,2023-04-04,2026-04-03,10000.00,0.00,USD,
1842,CTR-2024-01842,887,147,Spot,Active,2024-07-17,2025-07-17,500.00,0.00,USD,
1843,CTR-2024-01843,1904,295,Strategic,Cancelled,2024-04-01,2025-04-01,5000.00,500.00,USD,Moved to competitor
1844,CTR-2025-01844,1025,240,Strategic,Active,2025-04-01,2025-09-28,500.00,1000.00,USD,
1845,CTR-2024-01845,442,193,Strategic,active,2024-01-12,2026-01-11,25000.00,5000.00,USD,
1846,CTR-2023-01846,528,187,strategic ,Active,2023-09-29,2026-09-28,1000.00,10000.00,GBP,
1847,CTR-2024-01847,1550,7,Preferred,Active,2024-10-29,2026-10-29,500.00,1000.00,GBP,
1848,CTR-2024-01848,1623,266,strategic ,Expired,2024-05-21,2025-05-21,2500.00,1000.00,USD,
1849,CTR-2023-01849,187,67,Spot,Cancelled,2023-02-18,2026-02-17,500.00,500.00,usd, 
1850,CTR-2023-01850,1368,14,Preferred,Active,2023-04-26,2024-04-25,1000.00,0.00,USD,
1851,CTR-2025-01851,1944,60,Standard,active,2025-05-21,2027-05-21,500.00,2500.00,USD,
1852,CTR-2024-01852,1822,106,strategic ,Active,2024-12-09,2025-12-09,5000.00,2500.00,USD,
1853,CTR-2024-01853,2191,278,strategic ,Active,2024-10-18,2025-10-18,1000.00,5000.00,USD,
1854,CTR-2025-01854,1381,39,Preferred,active,2025-07-14,2026-07-14,25000.00,500.00,USD,
1855,CTR-2024-01855,1445,236,Preferred,Cancelled,2024-12-15,2025-12-15,25000.00,500.00,USD, 
1856,CTR-2025-01856,1274,108,Standard,Cancelled,2025-07-03,2025-12-30,500.00,5000.00,USD,Unknown
1857,CTR-2024-01857,23,267,strategic ,Active,2024-07-02,2024-12-29,25000.00,0.00,USD,
1858,CTR-2023-01858,126,242,Preferred,Active,2023-08-13,2024-08-12,1000.00,0.00,USD,
1859,CTR-2025-01859,1000,74,strategic ,Cancelled,2025-05-17,2025-11-13,25000.00,5000.00,USD, 
1860,CTR-2024-01860,45,174,Preferred,Cancelled,2024-05-09,2026-05-09,2500.00,500.00,EUR,Unknown
1861,CTR-2024-01861,451,187,Preferred,Expired,2024-10-19,2025-10-19,5000.00,500.00,USD,
1862,CTR-2023-01862,322,82,Preferred,Active,2023-11-05,2025-11-04,5000.00,2500.00,USD,
1863,CTR-2024-01863,1642,278,Preferred,Active,2024-11-27,2025-11-27,10000.00,2500.00,USD,
1864,CTR-2025-01864,811,278,strategic ,Cancelled,2025-02-14,2026-02-14,1000.00,0.00,USD,Unknown
1865,CTR-2025-01865,1515,106,Spot,Active,2025-03-26,2026-03-26,1000.00,1000.00,GBP,
1866,CTR-2023-01866,440,267,Standard,active,2023-10-02,2024-03-30,10000.00,1000.00,USD,
1867,CTR-2023-01867,837,218,Preferred,active,2023-02-21,2025-02-20,500.00,500.00,USD,
1868,CTR-2024-01868,1270,119,Spot,Expired,2024-05-19, 2027-05-19 ,25000.00,1000.00,USD,
1869,CTR-2023-01869,1772,51,Spot,Active,2023-05-02,2025-05-01,1000.00,500.00,USD,
1870,CTR-2025-01870,1998,289,Preferred,Active,2025-02-24,2027-02-24,2500.00,500.00,USD,
1871,CTR-2023-01871,1415,187,Strategic,Cancelled,2023-01-10,2024-01-10,2500.00,0.00,USD, 
1872,CTR-2023-01872,2387,106,Standard,Active,2023-12-02,2026-12-01,10000.00,5000.00,EUR,
1873,CTR-2024-01873,1728,243,strategic ,Active,2024-04-01,2024-09-28,500.00,0.00,USD,
1874,CTR-2024-01874,814,234,Strategic,active,2024-05-06, 2026-05-06 ,10000.00,5000.00,USD,
1875,CTR-2024-01875,980,278,Spot,Cancelled,2024-05-18,5/18/2025,2500.00,1000.00,USD,Price increase
1876,CTR-2024-01876,701,108,Strategic,Cancelled,2024-10-23,2025-10-23,2500.00,1000.00,USD,Moved to competitor
1877,CTR-2024-01877,365,152,strategic ,Cancelled,2024-01-05,2027-01-04,5000.00,500.00,USD, 
1878,CTR-2024-01878,1016,226,Spot,Expired,2024-02-23,2027-02-22,500.00,1000.00,USD,
1879,CTR-2025-01879,1084,310,Preferred,Cancelled,2025-03-25,2027-03-25,2500.00,0.00,USD,Service unreliability
1880,CTR-2024-01880,1911,165,strategic ,Cancelled,2024-07-18,2025-07-18,5000.00,0.00,USD, 
1881,CTR-2024-01881,2123,273,Spot,Cancelled,2024-08-05,2025-08-05,5000.00,2500.00,USD, 
1882,CTR-2023-01882,1203,161,Strategic,Expired,2023-01-27,2024-01-27,10000.00,5000.00,GBP,
1883,CTR-2024-01883,473,191,Preferred,Active,2024-05-16,2025-05-16,500.00,1000.00,USD,
1884,CTR-2024-01884,1235,165,Spot,active,2024-05-19,2024-11-15,25000.00,1000.00,USD,
1885,CTR-2025-01885,1603,266,Standard,Cancelled,2025-10-14,2026-10-14,5000.00,5000.00,USD,Moved to competitor
1886,CTR-2025-01886,757,226,Strategic,Active,2025-02-11,2026-02-11,10000.00,0.00,USD,
1887,CTR-2025-01887,1210,218,Preferred,Active,2025-07-30,2026-07-30,5000.00,500.00,CAD,
1888,CTR-2025-01888,1965,119,Standard,Cancelled,2025-07-12,2026-01-08,500.00,0.00,GBP,Unknown
1889,CTR-2023-01889,590,296,Preferred,Cancelled,2023-03-01,2/28/2025,25000.00,10000.00,USD,Price increase
1890,CTR-2024-01890,1664,218,strategic ,Expired,2024-02-11,2026-02-10,25000.00,10000.00,USD,
1891,CTR-2023-01891,1643,183,Strategic,Active,2023-05-24,2025-05-23,5000.00,2500.00,USD,
1892,CTR-2024-01892,1401,41,Strategic,Cancelled,2024-01-28,2025-01-27,10000.00,5000.00,USD,Price increase
1893,CTR-2025-01893,592,193,Preferred,Active,2025-04-29,2027-04-29,25000.00,0.00,USD,
1894,CTR-2023-01894,256,249,Standard,Cancelled,2023-08-12,2024-08-11,25000.00,0.00,USD,Price increase
1895,CTR-2024-01895,2456,192,Strategic,Cancelled,2024-11-26,2025-11-26,5000.00,1000.00,USD,Price increase
1896,CTR-2025-01896,2282,12,Strategic,Suspended,2025-08-20,2027-08-20,500.00,1000.00,USD,
1897,CTR-2024-01897,962,41,Preferred,Expired,2024-12-20,2026-12-20,25000.00,1000.00,USD,
1898,CTR-2024-01898,2148,121,Standard,Active,2024-01-15,2025-01-14,5000.00,500.00,USD,
1899,CTR-2024-01899,2404,278,Spot,Active,2024-02-17,2024-08-15,5000.00,1000.00,USD,
1900,CTR-2025-01900,1254,57,strategic ,active,2025-09-02,2026-03-01,500.00,2500.00,USD,
1901,CTR-2023-01901,2204,218,strategic ,active,2023-05-18,2023-11-14,2500.00,2500.00,CAD,
1902,CTR-2023-01902,1713,128,Spot,Active,2023-09-30,2026-09-29,25000.00,5000.00,CAD,
1903,CTR-2024-01903,2489,161,Standard,Cancelled,2024-04-15,2026-04-15,25000.00,10000.00,EUR,Customer consolidation
1904,CTR-2023-01904,2140,64,Preferred,Suspended,2023-03-20,3/19/2024,25000.00,500.00,GBP,
1905,CTR-2024-01905,1504,15,Spot,Active,2024-07-11,2027-07-11,5000.00,0.00,usd,
1906,CTR-2023-01906,1392,19,Strategic,Expired,2023-10-29,2025-10-28,1000.00,5000.00,EUR,
1907,CTR-2025-01907,986,68,Strategic,Cancelled,2025-05-05,2027-05-05,500.00,10000.00,USD,Service unreliability
1908,CTR-2023-01908,489,290,strategic ,Active,2023-11-17,2024-05-15,10000.00,10000.00,USD,
1909,CTR-2025-01909,1782,273,Strategic,Suspended,2025-09-08,2028-09-07,10000.00,10000.00,USD,
1910,CTR-2024-01910,2494,239,Strategic,Active,2024-12-17,2025-06-15,500.00,2500.00,USD,
1911,CTR-2024-01911,935,234,Preferred,active,2024-09-25,2025/03/24,2500.00,2500.00,USD,
1912,CTR-2023-01912,349,310,strategic ,Active,2023-08-03,2024-08-02,1000.00,5000.00,USD,
1913,CTR-2023-01913,1817,273,Strategic,Active,2023-10-17,2024-10-16,25000.00,10000.00,USD,
1914,CTR-2023-01914,879,82,Standard,Active,2023-06-11,2023-12-08,2500.00,10000.00,USD,
1915,CTR-2024-01915,1774,33,strategic ,Expired,2024-11-02,2025-11-02,2500.00,1000.00,USD,
1916,CTR-2025-01916,1302,234,Spot,Active,2025-06-12,2028-06-11,1000.00,10000.00,USD,
1917,CTR-2025-01917,671,79,Spot,Active,2025-06-12,2027-06-12,25000.00,1000.00,USD,
1918,CTR-2024-01918,220,239,Standard,Active,2024-02-28,2027-02-27,2500.00,2500.00,USD,
1919,CTR-2023-01919,1306,161,Strategic,Cancelled,2023-06-09,2025-06-08,10000.00,10000.00,USD,Unknown
1920,CTR-2024-01920,1374,210,strategic ,active,2024-10-14,2025-10-14,5000.00,500.00,usd,
1921,CTR-2023-01921,1492,257,Standard,Active,2023-02-04,2024-02-04,10000.00,0.00,USD,
1922,CTR-2023-01922,1004,231,Standard,Active,2023-06-27,2024-06-26,25000.00,1000.00,CAD,
1923,CTR-2024-01923,687,51,Standard,Cancelled,2024-07-14,2026-07-14,5000.00,5000.00,GBP,Moved to competitor
1924,CTR-2025-01924,1941,257,Spot,Active,2025-07-28,2027-07-28,500.00,10000.00,USD,
1925,CTR-2023-01925,1193,248,Standard,active,2023-11-13,2026-11-12,5000.00,1000.00,USD,
1926,CTR-2023-01926,2475,19,Standard,active,2023-01-16,1/15/2026,25000.00,1000.00,USD,
1927,CTR-2025-01927,274,218,strategic ,active,2025-06-20,2028-06-19,10000.00,500.00,CAD,
1928,CTR-2023-01928,1593,299,strategic ,Expired,2023-07-22,21/07/2024,5000.00,1000.00,EUR,
1929,CTR-2025-01929,473,273,Strategic,Active,2025-09-11,2026-03-10,1000.00,10000.00,CAD,
1930,CTR-2023-01930,2152,39,Preferred,Active,2023-06-02,2024-06-01,25000.00,0.00,EUR,
1931,CTR-2023-01931,1864,226,Strategic,Active,2023-01-08,2024-01-08,10000.00,5000.00,USD,
1932,CTR-2025-01932,1666,64,Preferred,Active,2025-09-05,2026-09-05,500.00,5000.00,USD,
1933,CTR-2023-01933,442,108,Standard,Cancelled,2023-11-01,2024-04-29,1000.00,5000.00,USD,Unknown
1934,CTR-2023-01934,353,248,strategic ,Active,2023-11-17,2024-11-16,1000.00,2500.00,USD,
1935,CTR-2023-01935,134,33,Preferred,Expired,2023-05-02,2024-05-01,25000.00,500.00,USD,
1936,CTR-2025-01936,1007,149,Spot,Active,2025-01-12,2028-01-12,2500.00,5000.00,USD,
1937,CTR-2023-01937,2435,191,Strategic,Expired,2023-05-04,2023-10-31,5000.00,0.00,GBP,
1938,CTR-2024-01938,2335,218,Strategic,active,2024-02-25,2027-02-24,1000.00,1000.00,CAD,
1939,CTR-2025-01939,2046,289,Preferred,active,2025-03-05,2026-03-05,1000.00,0.00,USD,
1940,CTR-2025-01940,217,278,Standard,Expired,2025-10-09,4/7/2026,10000.00,1000.00,CAD,
1941,CTR-2025-01941,359,231,Spot,Active,2025-03-06,2025-09-02,2500.00,2500.00,USD,
1942,CTR-2025-01942,990,152,strategic ,Expired,2025-07-21,2027-07-21,500.00,10000.00,USD,
1943,CTR-2024-01943,525,257,Standard,Active,2024-02-28,2026-02-27,25000.00,1000.00,USD,
1944,CTR-2025-01944,822,146,Spot,Cancelled,2025-02-26,2026-02-26,25000.00,5000.00,USD,Moved to competitor
1945,CTR-2024-01945,1942,191,Spot,Active,2024-12-19,6/17/2025,5000.00,10000.00,USD,
1946,CTR-2024-01946,592,234,strategic ,Expired,2024-09-12,2025-09-12,25000.00,0.00,EUR,
1947,CTR-2024-01947,2243,108,Strategic,Expired,2024-11-07,2025-11-07,1000.00,1000.00,USD,
1948,CTR-2023-01948,1729,296,Strategic,Active,2023-07-30,2024-07-29,10000.00,2500.00,USD,
1949,CTR-2025-01949,1198,15,Preferred,Suspended,2025-07-03,2026-07-03,500.00,1000.00,USD,
1950,CTR-2024-01950,2409,295,strategic ,Cancelled,2024-02-22,2024-08-20,10000.00,5000.00,EUR, 
1951,CTR-2023-01951,2356,146,Standard,Active,2023-12-07,2024-12-06,2500.00,1000.00,USD,
1952,CTR-2023-01952,462,22,strategic ,Expired,2023-05-13,2026-05-12,500.00,5000.00,USD,
1953,CTR-2025-01953,2122,68,Spot,Active,2025-04-28,2026-04-28,2500.00,0.00,USD,
1954,CTR-2023-01954,85,140,Standard,Expired,2023-07-26,2024-07-25,25000.00,5000.00,USD,
1955,CTR-2023-01955,2400,51,Spot,Expired,2023-11-27,2025-11-26,25000.00,2500.00,USD,
1956,CTR-2023-01956,1571,108,Spot,active,2023-07-30,29/07/2025,25000.00,0.00,usd,
1957,CTR-2023-01957,1527,83,Spot,Active,2023-12-13,2026-12-12,2500.00,2500.00,USD,
1958,CTR-2023-01958,1916,20,Strategic,Expired,2023-08-12,2024-08-11,25000.00,500.00,CAD,
1959,CTR-2023-01959,1348,105,Preferred,Active,2023-01-28,2024-01-28,500.00,10000.00,USD,
1960,CTR-2023-01960,265,191,Standard,Active,2023-05-12,2024-05-11,5000.00,10000.00,USD,
1961,CTR-2023-01961,1098,193,strategic ,Active,2023-12-11,2024-12-10,25000.00,5000.00,USD,
1962,CTR-2024-01962,196,243,Preferred,Active,2024-01-05,2026-01-04,500.00,10000.00,USD,
1963,CTR-2025-01963,1340,296,Preferred,active,2025-07-17,2026-07-17,5000.00,0.00,USD,
1964,CTR-2023-01964,190,231,Standard,Expired,2023-10-17,2026-10-16,1000.00,10000.00,USD,
1965,CTR-2023-01965,1931,33,Spot,Active,2023-10-24,2024-10-23,5000.00,5000.00,USD,
1966,CTR-2024-01966,687,14,Preferred,Active,2024-03-29,2026-03-29,2500.00,500.00,USD,
1967,CTR-2023-01967,242,220,Strategic,active,2023-08-24,2024-08-23,25000.00,5000.00,USD,
1968,CTR-2023-01968,2053,60,Strategic,active,2023-06-16,2024-06-15,25000.00,2500.00,USD,
1969,CTR-2024-01969,2021,14,Spot,Active,2024-06-21,2026-06-21,1000.00,2500.00,USD,
1970,CTR-2023-01970,2064,239,Spot,Expired,2023-03-16,2025-03-15,25000.00,0.00,USD,
1971,CTR-2024-01971,1001,239,Preferred,Active,2024-06-27,2024-12-24,2500.00,5000.00,EUR,
1972,CTR-2024-01972,2458,30,Preferred,Active,2024-08-04,2027-08-04,2500.00,5000.00,USD,
1973,CTR-2023-01973,1333,165,Standard,Active,2023-01-02,2026-01-01,1000.00,0.00,USD,
1974,CTR-2025-01974,951,119,Preferred,Active,2025-03-26,2026-03-26,5000.00,500.00,CAD,
1975,CTR-2025-01975,2322,30,Standard,Expired,2025-03-17,2028-03-16,25000.00,2500.00,CAD,
1976,CTR-2024-01976,2233,165,Standard,Active,2024-04-15,2025-04-15,500.00,500.00,USD,
1977,CTR-2024-01977,543,242,Standard,Cancelled,2024-09-27,2027-09-27,1000.00,2500.00,USD,Unknown
1978,CTR-2023-01978,832,290,strategic ,Cancelled,2023-08-21,2025/08/20,2500.00,5000.00,USD, 
1979,CTR-2024-01979,947,78,Strategic,Suspended,2024-12-14,12/14/2025,25000.00,2500.00,USD,
1980,CTR-2025-01980,832,64,Preferred,Active,2025-09-13,2026-09-13,25000.00,10000.00,USD,
1981,CTR-2024-01981,1644,296,Preferred,Expired,2024-09-01,2025-09-01,5000.00,5000.00,USD,
1982,CTR-2023-01982,993,234,Standard,Expired,2023-09-04,2026-09-03,500.00,500.00,USD,
1983,CTR-2023-01983,1248,210,Preferred,Cancelled,2023-10-19,2025-10-18,500.00,10000.00,USD,Unknown
1984,CTR-2024-01984,1178,119,Strategic,Active,2024-09-24,24/09/2025,1000.00,0.00,CAD,
1985,CTR-2025-01985,2351,156,Preferred,Expired,2025-06-08,2026-06-08,1000.00,5000.00,USD,
1986,CTR-2025-01986,1460,119,Strategic,Expired,2025-02-02,02/02/2026,25000.00,0.00,USD,
1987,CTR-2023-01987,10,278,Preferred,Expired,2023-06-23,2024-06-22,5000.00,0.00,CAD,
1988,CTR-2024-01988,1080,165,Strategic,Active,2024-08-05,2025-08-05,2500.00,0.00,USD,
1989,CTR-2025-01989,1812,190,Standard,active,2025-06-20,2025/12/17,500.00,2500.00,usd,
1990,CTR-2023-01990,702,20,Strategic,Cancelled,2023-03-12,2024-03-11,25000.00,5000.00,GBP,Service unreliability
1991,CTR-2023-01991,736,242,Preferred,Active,2023-11-14,13/11/2025,25000.00,5000.00,USD,
1992,CTR-2025-01992,1304,68,Preferred,Expired,2025-08-02,2026-08-02,5000.00,500.00,USD,
1993,CTR-2024-01993,1556,231,Spot,Cancelled,2024-11-21,2027-11-21,10000.00,500.00,USD,Moved to competitor
1994,CTR-2024-01994,646,257,Spot,Cancelled,2024-03-18,2026-03-18,25000.00,500.00,USD,Customer consolidation
1995,CTR-2024-01995,591,267,Standard,Suspended,2024-08-27,2027-08-27,5000.00,0.00,EUR,
1996,CTR-2025-01996,2066,128,Standard,Active,2025-09-05,2027-09-05,2500.00,2500.00,USD,
1997,CTR-2024-01997,1907,78,Preferred,Active,2024-01-30,2025-01-29,25000.00,2500.00,USD,
1998,CTR-2024-01998,2102,183,Preferred,Active,2024-01-14,2024-07-12,5000.00,1000.00,USD,
1999,CTR-2025-01999,1117,94,strategic ,Cancelled,2025-10-03,2026-10-03,5000.00,5000.00,USD,Moved to competitor
2000,CTR-2023-02000,2246,240,Preferred,Cancelled,2023-05-05,2026-05-04,500.00,2500.00,USD,Service unreliability
2001,CTR-2023-02001,945,310,Preferred,active,2023-04-24,23/04/2024,1000.00,2500.00,USD,
2002,CTR-2024-02002,1214,94,Standard,Cancelled,2024-01-23,2025-01-22,25000.00,2500.00,USD,Customer consolidation
2003,CTR-2024-02003,2197,68,Preferred,Active,2024-01-12,2027-01-11,1000.00,0.00,GBP,
2004,CTR-2025-02004,1912,79,Spot,Cancelled,2025-05-13,2026-05-13,5000.00,0.00,USD,Price increase
2005,CTR-2025-02005,1847,20,strategic ,Active,2025-04-26,2028-04-25,500.00,5000.00,GBP,
2006,CTR-2024-02006,2005,64,Preferred,Expired,2024-07-05,2025-01-01,10000.00,10000.00,USD,
2007,CTR-2023-02007,1554,20,Spot,Expired,2023-07-10,2024-01-06,500.00,10000.00,USD,
2008,CTR-2024-02008,890,146,Preferred,Cancelled,2024-10-13,2026-10-13,5000.00,5000.00,USD,Price increase
2009,CTR-2023-02009,2331,192,strategic ,Expired,2023-11-07,2024-05-05,500.00,1000.00,GBP,
2010,CTR-2025-02010,845,252,Standard,Expired,2025-05-16,2027-05-16,10000.00,10000.00,usd,
2011,CTR-2024-02011,2136,249,Strategic,Expired,2024-07-11,2025-07-11,500.00,1000.00,GBP,
2012,CTR-2025-02012,1077,220,strategic ,Suspended,2025-08-29,2026-08-29,500.00,500.00,USD,
2013,CTR-2024-02013,2244,226,strategic ,Active,2024-08-25,2025-02-21,1000.00,500.00,USD,
2014,CTR-2024-02014,1084,278,strategic ,Active,2024-03-23,2025-03-23,10000.00,0.00,USD,
2015,CTR-2023-02015,990,179,strategic ,Active,2023-10-21,2024-10-20,1000.00,1000.00,GBP,
2016,CTR-2023-02016,2457,78,Preferred,Active,2023-08-27,8/26/2025,1000.00,2500.00,GBP,
2017,CTR-2023-02017,2298,22,Preferred,Active,2023-10-15,2026-10-14,1000.00,1000.00,USD,
2018,CTR-2024-02018,1814,121,Strategic,Cancelled,2024-01-06,2027-01-05,2500.00,2500.00,EUR,Price increase
2019,CTR-2024-02019,2253,190,Spot,Expired,2024-06-20,2027-06-20,2500.00,1000.00,USD,
2020,CTR-2025-02020,623,94,strategic ,Active,2025-03-09,2026-03-09,10000.00,500.00,USD,
2021,CTR-2024-02021,1498,258,strategic ,Active,2024-07-29,2025-07-29,1000.00,2500.00,USD,
2022,CTR-2024-02022,741,201,Standard,Expired,2024-02-15,2024-08-13,5000.00,5000.00,USD,
2023,CTR-2025-02023,2500,140,Spot,Expired,2025-05-14,2025-11-10,5000.00,5000.00,USD,
2024,CTR-2023-02024,300,64,Standard,active,2023-01-10,2023-07-09,5000.00,10000.00,usd,
2025,CTR-2024-02025,2380,14,Preferred,Active,2024-05-29,2025-05-29,1000.00,10000.00,usd,
2026,CTR-2023-02026,533,108,Spot,Expired,2023-01-25,2023-07-24,10000.00,0.00,USD,
2027,CTR-2025-02027,723,239,strategic ,Active,2025-08-09,2026-02-05,1000.00,10000.00,USD,
2028,CTR-2023-02028,33,174,Strategic,Active,2023-08-16,2024-02-12,5000.00,1000.00,USD,
2029,CTR-2024-02029,1706,82,Strategic,Active,2024-04-25,25/04/2027,1000.00,500.00,USD,
2030,CTR-2023-02030,515,74,strategic ,Expired,2023-12-04,2024-06-01,2500.00,5000.00,USD,
2031,CTR-2024-02031,800,243,Preferred,Active,2024-04-15,2025-04-15,10000.00,2500.00,USD,
2032,CTR-2024-02032,1228,179,Spot,active,2024-11-17,2025-11-17,2500.00,1000.00,USD,
2033,CTR-2025-02033,73,152,strategic ,Cancelled,2025-08-12,2028-08-11,10000.00,500.00,USD,Price increase
2034,CTR-2023-02034,169,82,Spot,Suspended,2023-08-26,2024-08-25,500.00,500.00,USD,
2035,CTR-2023-02035,598,280,Spot,Active,2023-10-21,2024-04-18,500.00,500.00,GBP,
2036,CTR-2023-02036,2202,78,Strategic,Active,2023-08-23,2026-08-22,25000.00,10000.00,USD,
2037,CTR-2025-02037,1254,236,Strategic,Active,2025-08-18,2026-02-14,500.00,1000.00,USD,
2038,CTR-2025-02038,986,147,Standard,Expired,2025-09-07,2026-09-07,10000.00,10000.00,USD,
2039,CTR-2024-02039,280,128,Strategic,active,2024-05-07,2025-05-07,2500.00,10000.00,USD,
2040,CTR-2024-02040,2079,33,Strategic,Cancelled,2024-03-25,2027-03-25,1000.00,5000.00,usd,Moved to competitor
2041,CTR-2024-02041,344,67,Strategic,Expired,2024-02-15,2027-02-14,10000.00,500.00,USD,
2042,CTR-2024-02042,33,231,Standard,Cancelled,2024-09-07,2025-03-06,10000.00,0.00,USD, 
2043,CTR-2025-02043,539,146,strategic ,Active,2025-10-12,2026-10-12,10000.00,1000.00,USD,
2044,CTR-2023-02044,934,19,strategic ,Active,2023-02-05,2023-08-04,25000.00,500.00,USD,
2045,CTR-2024-02045,430,74,Strategic,Expired,2024-01-07,2025-01-06,25000.00,0.00,usd,
2046,CTR-2023-02046,676,106,Strategic,Expired,2023-04-18,2024-04-17,5000.00,5000.00,USD,
2047,CTR-2024-02047,1967,74,Spot,Active,2024-06-12,2026-06-12,2500.00,5000.00,USD,
2048,CTR-2025-02048,904,26,Spot,active,2025-04-18,2026-04-18,25000.00,0.00,USD,
2049,CTR-2024-02049,1157,299,Standard,Cancelled,2024-10-04,04/10/2027,10000.00,10000.00,USD,Customer consolidation
2050,CTR-2025-02050,1755,231,strategic ,Active,2025-08-11,2028-08-10,2500.00,10000.00,USD,
2051,CTR-2024-02051,89,249,Standard,Active,2024-12-19,12/19/2025,1000.00,1000.00,usd,
2052,CTR-2024-02052,445,108,Spot,Active,2024-08-24,2025-08-24,1000.00,500.00,EUR,
2053,CTR-2024-02053,319,152,Preferred,Active,2024-12-04,2026-12-04,1000.00,0.00,EUR,
2054,CTR-2023-02054,990,257,Strategic,Expired,2023-04-21,2024-04-20,500.00,5000.00,USD,
2055,CTR-2023-02055,1741,226,strategic ,Active,2023-03-28,2024-03-27,2500.00,500.00,USD,
2056,CTR-2024-02056,1531,20,strategic ,Active,2024-06-23,2025-06-23,2500.00,10000.00,USD,
2057,CTR-2025-02057,388,30,Standard,Active,2025-09-02,2026-09-02,2500.00,500.00,USD,
2058,CTR-2024-02058,653,67,Spot,Active,2024-09-03,2026-09-03,500.00,1000.00,USD,
2059,CTR-2025-02059,157,39,Spot,Expired,2025-03-11,2026-03-11,1000.00,2500.00,USD,
2060,CTR-2025-02060,2162,187,Strategic,Active,2025-03-30,2025-09-26,500.00,2500.00,CAD,
2061,CTR-2024-02061,1668,68,Strategic,Expired,2024-10-10,2025-10-10,1000.00,500.00,USD,
2062,CTR-2023-02062,614,156,strategic ,Active,2023-02-12,2023-08-11,2500.00,500.00,USD,
2063,CTR-2024-02063,1714,57,Spot,active,2024-05-31,2026-05-31,10000.00,1000.00,CAD,
2064,CTR-2025-02064,1405,161,strategic ,Expired,2025-06-06,2027/06/06,1000.00,1000.00,USD,
2065,CTR-2025-02065,1555,33,Spot,Active,2025-02-24,2/24/2026,1000.00,0.00,USD,
2066,CTR-2024-02066,1348,289,Preferred,Expired,2024-11-18,2026-11-18,5000.00,2500.00,USD,
2067,CTR-2025-02067,613,296,Standard,Active,2025-01-04,2026-01-04,1000.00,5000.00,usd,
2068,CTR-2023-02068,376,39,Spot,active,2023-07-05,2024-07-04,25000.00,0.00,CAD,
2069,CTR-2025-02069,2439,82,strategic ,Active,2025-01-18,2026-01-18,2500.00,1000.00,USD,
2070,CTR-2025-02070,587,266,strategic ,Expired,2025-07-10,2026-01-06,1000.00,1000.00,GBP,
2071,CTR-2025-02071,2313,74,strategic ,Active,2025-08-21,2026-08-21,500.00,2500.00,USD,
2072,CTR-2024-02072,519,161,Strategic,Active,2024-09-03,2025-09-03,500.00,10000.00,USD,
2073,CTR-2023-02073,252,310,Strategic,Active,2023-01-12,11/01/2025,10000.00,5000.00,USD,
2074,CTR-2025-02074,273,19,Spot,Expired,2025-06-13,2028-06-12,10000.00,10000.00,USD,
2075,CTR-2023-02075,2072,267,Strategic,Active,2023-03-30,2023-09-26,2500.00,1000.00,USD,
2076,CTR-2025-02076,472,67,Standard,Active,2025-09-28,2028-09-27,25000.00,500.00,USD,
2077,CTR-2023-02077,1375,290,Standard,Expired,2023-06-05,2026-06-04,25000.00,5000.00,USD,
2078,CTR-2023-02078,466,94,Strategic,Active,2023-10-04,2024-04-01,500.00,5000.00,USD,
2079,CTR-2023-02079,2123,12,Spot,Expired,2023-11-19,2024-11-18,2500.00,10000.00,USD,
2080,CTR-2024-02080,440,79,Spot,Active,2024-01-06,2026-01-05,500.00,0.00,USD,
2081,CTR-2023-02081,199,174,Spot,Active,2023-08-20,2024-08-19,5000.00,10000.00,USD,
2082,CTR-2023-02082,1284,60,strategic ,Cancelled,2023-07-25,2024-07-24,500.00,2500.00,USD,Unknown
2083,CTR-2024-02083,1681,289,Spot,active,2024-03-13,2025-03-13,10000.00,2500.00,USD,
2084,CTR-2024-02084,1966,241,Strategic,active,2024-11-09,2025-11-09,2500.00,1000.00,CAD,
2085,CTR-2023-02085,319,239,Spot,Active,2023-12-25,2025-12-24,2500.00,500.00,USD,
2086,CTR-2025-02086,1926,220,strategic ,Active,2025-01-18,2025-07-17,5000.00,0.00,USD,
2087,CTR-2024-02087,218,121,Preferred,Expired,2024-01-02,2025-01-01,500.00,0.00,USD,
2088,CTR-2023-02088,116,249,strategic ,Active,2023-11-02, 2025-11-01 ,500.00,500.00,USD,
2089,CTR-2023-02089,2031,94,Strategic,Active,2023-01-11,2025-01-10,5000.00,10000.00,USD,
2090,CTR-2023-02090,1432,64,Spot,Expired,2023-02-28,2024-02-28,1000.00,5000.00,USD,
2091,CTR-2023-02091,2413,241,Strategic,Active,2023-04-17,2024-04-16,2500.00,10000.00,USD,
2092,CTR-2023-02092,1820,26,Standard,Active,2023-01-01,2023-06-30,1000.00,10000.00,USD,
2093,CTR-2024-02093,1077,278,Standard,Active,2024-02-25,2024-08-23,1000.00,5000.00,USD,
2094,CTR-2024-02094,775,106,Preferred,Cancelled,2024-01-04,2026-01-03,500.00,2500.00,USD,Customer consolidation
2095,CTR-2024-02095,998,22,Preferred,Cancelled,2024-01-18,2025/01/17,1000.00,500.00,USD,Moved to competitor
2096,CTR-2025-02096,921,226,strategic ,Active,2025-09-14,2026-09-14,10000.00,10000.00,USD,
2097,CTR-2023-02097,1852,273,Spot,Suspended,2023-12-01,2025-11-30,10000.00,500.00,USD,
2098,CTR-2023-02098,1846,179,Standard,Suspended,2023-06-16,12/13/2023,25000.00,5000.00,USD,
2099,CTR-2024-02099,639,60,Spot,Active,2024-06-29,2025-06-29,2500.00,0.00,USD,
2100,CTR-2024-02100,484,30,Preferred,Expired,2024-11-07,2027-11-07,500.00,0.00,EUR,
2101,CTR-2023-02101,656,57,Spot,Active,2023-05-19,2023-11-15,1000.00,0.00,GBP,
2102,CTR-2025-02102,1755,12,Strategic,Active,2025-07-12,2026-01-08,25000.00,500.00,USD,
2103,CTR-2025-02103,56,245,Spot,Active,2025-03-27,3/27/2026,2500.00,1000.00,USD,
2104,CTR-2023-02104,2451,290,Spot,Active,2023-02-11,2024-02-11,2500.00,5000.00,USD,
2105,CTR-2023-02105,1687,239,Strategic,Active,2023-10-26,2024-10-25,5000.00,10000.00,USD,
2106,CTR-2025-02106,769,19,Spot,Cancelled,2025-10-02,01/10/2028,10000.00,0.00,USD,Customer consolidation
2107,CTR-2025-02107,1422,179,Preferred,Active,2025-03-12,2026-03-12,25000.00,5000.00,CAD,
2108,CTR-2024-02108,2075,140,Preferred,Expired,2024-01-21,2025-01-20,10000.00,500.00,USD,
2109,CTR-2025-02109,1535,78,Preferred,Active,2025-01-18, 2026-01-18 ,25000.00,500.00,USD,
2110,CTR-2023-02110,612,60,Preferred,Cancelled,2023-10-24,2025-10-23,2500.00,5000.00,EUR,Unknown
2111,CTR-2025-02111,801,310,Standard,Active,2025-07-08,2026-01-04,5000.00,500.00,usd,
2112,CTR-2023-02112,2480,257,Standard,Active,2023-03-29,2023-09-25,1000.00,0.00,USD,
2113,CTR-2024-02113,1635,220,Spot,Active,2024-12-04,2025-12-04,5000.00,5000.00,USD,
2114,CTR-2023-02114,619,258,Strategic,Active,2023-09-28,2025-09-27,500.00,5000.00,USD,
2115,CTR-2024-02115,2140,280,Spot,Cancelled,2024-01-01,2026-12-31,10000.00,2500.00,GBP,Customer consolidation
2116,CTR-2025-02116,1466,295,Spot,Active,2025-03-31,2026-03-31,2500.00,10000.00,GBP,
2117,CTR-2025-02117,721,249,Spot,Expired,2025-10-04,2026-10-04,500.00,1000.00,USD,
2118,CTR-2024-02118,1766,187,Standard,Suspended,2024-05-10,2027-05-10,1000.00,2500.00,USD,
2119,CTR-2023-02119,2316,258,strategic ,Active,2023-10-17,16/10/2024,1000.00,0.00,USD,
2120,CTR-2024-02120,477,269,Standard,Active,2024-08-12,2025-08-12,5000.00,2500.00,USD,
2121,CTR-2024-02121,21,245,Strategic,Expired,2024-04-17,2025-04-17,5000.00,500.00,USD,
2122,CTR-2023-02122,1201,69,strategic ,Active,2023-06-29,2025-06-28,5000.00,500.00,CAD,
2123,CTR-2025-02123,547,174,strategic ,Active,2025-01-10,2028-01-10,10000.00,500.00,USD,
2124,CTR-2024-02124,1709,245,Preferred,Active,2024-07-01,2025/07/01,10000.00,2500.00,CAD,
2125,CTR-2023-02125,906,128,Spot,Active,2023-05-21,2023-11-17,5000.00,1000.00,EUR,
2126,CTR-2023-02126,696,74,Preferred,active,2023-10-12,2024-10-11,2500.00,1000.00,USD,
2127,CTR-2024-02127,1727,220,Standard,Active,2024-05-14,2027-05-14,5000.00,500.00,EUR,
2128,CTR-2023-02128,513,108,Strategic,Expired,2023-04-30, 2025-04-29 ,1000.00,10000.00,EUR,
2129,CTR-2025-02129,2282,299,Spot,Expired,2025-01-17,2026-01-17,1000.00,10000.00,USD,
2130,CTR-2023-02130,425,258,strategic ,Active,2023-09-17,2024-03-15,25000.00,2500.00,USD,
2131,CTR-2023-02131,1678,234,Standard,Active,2023-07-26,2024-01-22,2500.00,2500.00,USD,
2132,CTR-2023-02132,1824,78,Preferred,active,2023-01-04,2024-01-04,10000.00,1000.00,GBP,
2133,CTR-2024-02133,1756,146,strategic ,Active,2024-12-18,2026-12-18,5000.00,5000.00,usd,
2134,CTR-2025-02134,303,239,Standard,Active,2025-08-04,2026-01-31,1000.00,5000.00,USD,
2135,CTR-2023-02135,715,257,Preferred,active,2023-11-14,2026-11-13,1000.00,10000.00,USD,
2136,CTR-2024-02136,895,262,Spot,Suspended,2024-10-09,2025-10-09,10000.00,10000.00,CAD,
2137,CTR-2024-02137,1767,57,strategic ,Active,2024-04-23,2026-04-23,10000.00,5000.00,USD,
2138,CTR-2023-02138,741,231,Standard,Expired,2023-01-20,2025-01-19,25000.00,5000.00,CAD,
2139,CTR-2024-02139,707,149,Strategic,active,2024-04-27,2027-04-27,500.00,500.00,USD,
2140,CTR-2023-02140,424,234,Spot,Active,2023-11-27,2024-11-26,5000.00,1000.00,GBP,
2141,CTR-2023-02141,2267,149,Spot,Active,2023-07-25,2024-07-24,25000.00,10000.00,GBP,
2142,CTR-2023-02142,1463,83,Strategic,Expired,2023-05-17,2024-05-16,1000.00,0.00,EUR,
2143,CTR-2024-02143,1818,39,Strategic,Expired,2024-07-21,2025-07-21,2500.00,500.00,USD,
2144,CTR-2023-02144,45,78,Preferred,Cancelled,2023-04-23,22/04/2024,1000.00,5000.00,USD,Price increase
2145,CTR-2023-02145,2439,201,Preferred,Active,2023-09-02,2024-09-01,5000.00,500.00,USD,
2146,CTR-2023-02146,2429,128,Preferred,Active,2023-01-12,2024-01-12,10000.00,0.00,USD,
2147,CTR-2023-02147,2213,310,Spot,Active,2023-01-03,2023-07-02,500.00,500.00,GBP,
2148,CTR-2024-02148,2444,146,Standard,Cancelled,2024-09-08,08/09/2027,25000.00,1000.00,usd, 
2149,CTR-2023-02149,1790,187,Strategic,Suspended,2023-10-31,30/10/2026,25000.00,500.00,USD,
2150,CTR-2023-02150,340,190,Preferred,Active,2023-07-30,2024-07-29,2500.00,2500.00,GBP,
2151,CTR-2025-02151,1172,201,Preferred,Cancelled,2025-05-01,2028-04-30,25000.00,10000.00,USD,Price increase
2152,CTR-2023-02152,2410,240,Preferred,Active,2023-07-09,7/8/2026,10000.00,10000.00,CAD,
2153,CTR-2023-02153,1283,201,strategic ,Active,2023-07-10,2024-07-09,1000.00,2500.00,usd,
2154,CTR-2024-02154,2451,266,Standard,Active,2024-11-12,2025-05-11,500.00,0.00,CAD,
2155,CTR-2023-02155,2450,105,Preferred,active,2023-07-02,2024-07-01,5000.00,0.00,USD,
2156,CTR-2025-02156,1688,249,Strategic,Active,2025-08-08,2026-02-04,500.00,10000.00,USD,
2157,CTR-2023-02157,2036,218,Preferred,Cancelled,2023-10-07,2026-10-06,5000.00,1000.00,USD,Unknown
2158,CTR-2025-02158,1887,39,Strategic,Active,2025-01-21, 2028-01-21 ,10000.00,5000.00,USD,
2159,CTR-2024-02159,2050,193,Spot,Active,2024-04-30,2027-04-30,10000.00,500.00,USD,
2160,CTR-2023-02160,159,243,Standard,Active,2023-07-08,2024-01-04,5000.00,1000.00,USD,
2161,CTR-2023-02161,2274,121,Preferred,active,2023-12-07,2025-12-06,2500.00,1000.00,USD,
2162,CTR-2024-02162,1138,192,Standard,Active,2024-01-09,2025-01-08,25000.00,5000.00,USD,
2163,CTR-2024-02163,2383,161,Strategic,Cancelled,2024-05-02,2027-05-02,2500.00,10000.00,USD,Price increase
2164,CTR-2024-02164,1781,266,Strategic,Expired,2024-08-20,20/08/2026,500.00,5000.00,USD,
2165,CTR-2025-02165,1919,19,strategic ,Cancelled,2025-08-10,2028-08-09,5000.00,10000.00,USD,Moved to competitor
2166,CTR-2025-02166,1262,152,strategic ,Active,2025-08-23,2027-08-23,1000.00,500.00,USD,
2167,CTR-2024-02167,1105,14,Spot,Active,2024-02-23,2025-02-22,1000.00,1000.00,EUR,
2168,CTR-2023-02168,2182,78,Strategic,Active,2023-06-10,2024-06-09,25000.00,500.00,EUR,
2169,CTR-2023-02169,1749,193,Spot,Active,2023-05-18,2025-05-17,500.00,1000.00,USD,
2170,CTR-2024-02170,1601,190,Strategic,Active,2024-09-14,2025-09-14,500.00,5000.00,USD,
2171,CTR-2023-02171,525,147,Standard,Suspended,2023-07-26,25/07/2024,10000.00,2500.00,USD,
2172,CTR-2025-02172,1803,51,Strategic,Expired,2025-04-08,07/04/2028,1000.00,5000.00,USD,
2173,CTR-2023-02173,1863,156,Spot,Active,2023-09-27,26/09/2026,2500.00,0.00,USD,
2174,CTR-2024-02174,1597,83,strategic ,Active,2024-12-07,2025-12-07,500.00,1000.00,CAD,
2175,CTR-2023-02175,1337,231,Preferred,Active,2023-12-22,2024-06-19,500.00,5000.00,USD,
2176,CTR-2023-02176,2026,33,Spot,Active,2023-05-17,2025-05-16,1000.00,5000.00,USD,
2177,CTR-2023-02177,1524,245,Standard,Active,2023-06-07,2025-06-06,500.00,1000.00,USD,
2178,CTR-2024-02178,2226,14,Strategic,Expired,2024-11-04,04/11/2025,5000.00,1000.00,USD,
2179,CTR-2023-02179,1279,289,Standard,Suspended,2023-01-22,2025-01-21,5000.00,1000.00,USD,
2180,CTR-2024-02180,2282,239,Spot,active,2024-07-22,7/22/2026,25000.00,1000.00,usd,
2181,CTR-2023-02181,94,183,Standard,Expired,2023-08-01,2026-07-31,2500.00,1000.00,usd,
2182,CTR-2024-02182,90,269,Strategic,Active,2024-10-10,2027-10-10,25000.00,0.00,CAD,
2183,CTR-2025-02183,1163,82,strategic ,Active,2025-03-26,2025-09-22,500.00,2500.00,USD,
2184,CTR-2024-02184,1787,94,strategic ,Active,2024-09-01,2025-09-01,1000.00,10000.00,EUR,
2185,CTR-2023-02185,860,266,Standard,Expired,2023-04-30,2026-04-29,1000.00,500.00,USD,
2186,CTR-2023-02186,1774,241,Preferred,Active,2023-01-15,2023-07-14,1000.00,10000.00,USD,
2187,CTR-2023-02187,2160,278,Preferred,Expired,2023-03-02,2024-03-01,1000.00,5000.00,GBP,
2188,CTR-2023-02188,1140,193,Strategic,Cancelled,2023-10-05,04/10/2024,2500.00,0.00,CAD,Customer consolidation
2189,CTR-2024-02189,2247,140,Spot,Active,2024-05-23,2025-05-23,5000.00,0.00,EUR,
2190,CTR-2023-02190,769,30,Spot,Active,2023-11-14,2024-11-13,25000.00,500.00,EUR,
2191,CTR-2025-02191,2262,140,Standard,Active,2025-08-10,2026-08-10,2500.00,5000.00,USD,
2192,CTR-2023-02192,2157,19,Spot,Expired,2023-11-10,2025-11-09,10000.00,2500.00,GBP,
2193,CTR-2023-02193,1640,51,Strategic,Cancelled,2023-04-20,2023-10-17,500.00,2500.00,USD, 
2194,CTR-2023-02194,726,33,Standard,Expired,2023-12-20,12/19/2026,500.00,1000.00,EUR,
2195,CTR-2025-02195,2322,248,Spot,Active,2025-05-19,2028-05-18,5000.00,1000.00,EUR,
2196,CTR-2023-02196,1028,269,Preferred,Active,2023-03-30,2025-03-29,25000.00,10000.00,USD,
2197,CTR-2025-02197,312,119,Spot,Active,2025-09-25,9/25/2026,5000.00,1000.00,GBP,
2198,CTR-2023-02198,637,299,Strategic,active,2023-10-10,2026-10-09,25000.00,1000.00,CAD,
2199,CTR-2024-02199,1038,310,Strategic,Expired,2024-04-10,2025-04-10,10000.00,1000.00,USD,
2200,CTR-2024-02200,1652,30,strategic ,Suspended,2024-09-10,2026-09-10,2500.00,5000.00,GBP,
2201,CTR-2023-02201,301,19,strategic ,Active,2023-09-20,2024-09-19,500.00,5000.00,USD,
2202,CTR-2024-02202,231,119,Standard,Expired,2024-07-23,2025-07-23,10000.00,2500.00,USD,
2203,CTR-2023-02203,2306,20,Preferred,Expired,2023-10-17,2024-10-16,2500.00,10000.00,USD,
2204,CTR-2024-02204,1618,161,Strategic,Active,2024-06-04,2025-06-04,25000.00,1000.00,USD,
2205,CTR-2023-02205,1350,33,Preferred,Cancelled,2023-08-30,2024-08-29,5000.00,10000.00,EUR,Moved to competitor
2206,CTR-2024-02206,634,51,Preferred,Active,2024-06-30,2025-06-30,25000.00,10000.00,EUR,
2207,CTR-2024-02207,1477,267,Preferred,Cancelled,2024-06-09,2026-06-09,25000.00,500.00,CAD,Unknown
2208,CTR-2023-02208,672,51,Spot,Active,2023-07-10,2024-07-09,5000.00,5000.00,USD,
2209,CTR-2023-02209,804,210,Strategic,Active,2023-11-13,2025-11-12,25000.00,2500.00,USD,
2210,CTR-2025-02210,1970,108,Standard,Cancelled,2025-03-12,2026-03-12,25000.00,0.00,usd,Price increase
2211,CTR-2024-02211,385,94,strategic ,Expired,2024-06-02,6/2/2026,2500.00,5000.00,USD,
2212,CTR-2023-02212,942,83,Preferred,Active,2023-02-20,2026-02-19,25000.00,0.00,USD,
2213,CTR-2023-02213,319,187,Spot,active,2023-06-13,2023-12-10,25000.00,0.00,USD,
2214,CTR-2023-02214,189,147,Strategic,Active,2023-07-08,2024-07-07,500.00,1000.00,GBP,
2215,CTR-2023-02215,771,33,strategic ,Active,2023-03-26,2024-03-25,500.00,1000.00,USD,
2216,CTR-2023-02216,85,290,Spot,Active,2023-09-07,2026-09-06,10000.00,5000.00,USD,
2217,CTR-2025-02217,902,106,strategic ,Suspended,2025-05-30,2025-11-26,1000.00,500.00,USD,
2218,CTR-2024-02218,1436,241,Preferred,Suspended,2024-11-15,2026-11-15,500.00,0.00,USD,
2219,CTR-2024-02219,1044,289,Standard,Expired,2024-08-18,2027-08-18,10000.00,500.00,CAD,
2220,CTR-2023-02220,2435,152,strategic ,Expired,2023-06-30,2023-12-27,2500.00,10000.00,USD,
2221,CTR-2023-02221,256,231,Spot,Active,2023-06-22,2024-06-21,2500.00,5000.00,CAD,
2222,CTR-2024-02222,931,106,Standard,Expired,2024-04-02,2025-04-02,1000.00,2500.00,USD,
2223,CTR-2023-02223,955,257,Preferred,Active,2023-03-04,03/03/2026,5000.00,2500.00,USD,
2224,CTR-2023-02224,51,106,Standard,Active,2023-12-21,2024-12-20,1000.00,0.00,USD,
2225,CTR-2023-02225,1712,245,Standard,active,2023-05-12,2025-05-11,1000.00,0.00,USD,
2226,CTR-2024-02226,1702,241,Strategic,Active,2024-11-19,2025-11-19,25000.00,2500.00,EUR,
2227,CTR-2024-02227,2077,243,strategic ,Active,2024-03-03,2024-08-30,500.00,5000.00,USD,
2228,CTR-2024-02228,1227,245,Preferred,Suspended,2024-01-05,2025-01-04,5000.00,500.00,USD,
2229,CTR-2025-02229,1830,119,Preferred,Active,2025-10-08,2026-10-08,10000.00,500.00,CAD,
2230,CTR-2025-02230,1585,121,Strategic,Expired,2025-05-11,2025-11-07,25000.00,1000.00,USD,
2231,CTR-2024-02231,343,161,Strategic,Expired,2024-04-27,2026-04-27,10000.00,2500.00,EUR,
2232,CTR-2025-02232,1674,310,Standard,Active,2025-07-01,12/28/2025,5000.00,10000.00,CAD,
2233,CTR-2024-02233,351,269,strategic ,active,2024-03-09,2024-09-05,10000.00,5000.00,CAD,
2234,CTR-2024-02234,1769,57,Standard,Active,2024-06-30,2025-06-30,5000.00,500.00,USD,
2235,CTR-2025-02235,576,152,Spot,Active,2025-09-08,2026-09-08,5000.00,0.00,GBP,
2236,CTR-2025-02236,432,74,Preferred,Expired,2025-03-30,2028-03-29,25000.00,500.00,USD,
2237,CTR-2024-02237,1462,79,Standard,Expired,2024-04-04,2025-04-04,5000.00,1000.00,USD,
2238,CTR-2025-02238,1264,79,strategic ,Expired,2025-06-21,2025-12-18,2500.00,1000.00,USD,
2239,CTR-2023-02239,961,83,Preferred,Active,2023-12-06,2024-12-05,25000.00,10000.00,CAD,
2240,CTR-2024-02240,1300,106,Standard,Suspended,2024-09-12,2025-09-12,500.00,2500.00,USD,
2241,CTR-2024-02241,1020,280,strategic ,Active,2024-01-03,2024-07-01,10000.00,5000.00,USD,
2242,CTR-2023-02242,2256,249,Preferred,Expired,2023-03-11,2023-09-07,5000.00,1000.00,USD,
2243,CTR-2024-02243,491,12,strategic ,Active,2024-09-27,2025-09-27,500.00,0.00,USD,
2244,CTR-2023-02244,217,22,Strategic,Active,2023-09-05,2024-03-03,25000.00,0.00,EUR,
2245,CTR-2024-02245,635,7,Preferred,Active,2024-05-15,2024-11-11,5000.00,2500.00,CAD,
2246,CTR-2025-02246,1877,74,Strategic,Active,2025-08-05,2026-08-05,25000.00,500.00,USD,
2247,CTR-2024-02247,556,147,strategic ,Cancelled,2024-09-14,2025-03-13,10000.00,500.00,USD, 
2248,CTR-2025-02248,951,33,Standard,Cancelled,2025-04-20,2027-04-20,25000.00,1000.00,USD,Unknown
2249,CTR-2024-02249,1456,269,strategic ,Active,2024-04-15,2027/04/15,500.00,5000.00,USD,
2250,CTR-2025-02250,1096,69,Preferred,Active,2025-10-11,2026-10-11,5000.00,1000.00,USD,
2251,CTR-2024-02251,1397,121,strategic ,Active,2024-04-12,2026-04-12,25000.00,2500.00,USD,
2252,CTR-2023-02252,1694,82,Standard,Active,2023-03-28,24/09/2023,10000.00,2500.00,USD,
2253,CTR-2024-02253,705,278,Strategic,active,2024-10-26,2026-10-26,2500.00,10000.00,USD,
2254,CTR-2024-02254,617,299,Spot,Active,2024-10-09,2025-10-09,10000.00,10000.00,USD,
2255,CTR-2023-02255,832,152,Preferred,Expired,2023-08-24,2024-08-23,10000.00,500.00,USD,
2256,CTR-2024-02256,702,192,Spot,Cancelled,2024-01-09,2024-07-07,10000.00,5000.00,USD,Service unreliability
2257,CTR-2024-02257,2491,218,Spot,Active,2024-07-15,2025-07-15,500.00,500.00,EUR,
2258,CTR-2023-02258,390,290,Standard,Expired,2023-09-13,2026-09-12,5000.00,10000.00,USD,
2259,CTR-2025-02259,1163,152,Strategic,Active,2025-03-01,3/1/2027,25000.00,1000.00,USD,
2260,CTR-2024-02260,593,245,Standard,Active,2024-05-02,2025-05-02,2500.00,1000.00,USD,
2261,CTR-2023-02261,407,60,strategic ,Active,2023-10-10,2024-10-09,500.00,2500.00,USD,
2262,CTR-2024-02262,1983,239,strategic ,Active,2024-08-04,2027-08-04,500.00,5000.00,CAD,
2263,CTR-2025-02263,2403,161,Strategic,Active,2025-08-10,2026-02-06,500.00,0.00,USD,
2264,CTR-2024-02264,2030,220,Strategic,Active,2024-01-07,2025-01-06,25000.00,5000.00,CAD,
2265,CTR-2024-02265,913,106,Preferred,Expired,2024-08-01,2025/01/28,10000.00,0.00,EUR,
2266,CTR-2023-02266,665,165,Preferred,active,2023-07-12,1/8/2024,1000.00,10000.00,USD,
2267,CTR-2024-02267,2334,22,strategic ,Active,2024-05-03,5/3/2025,500.00,500.00,USD,
2268,CTR-2024-02268,1633,273,Strategic,Active,2024-01-22,2026-01-21,5000.00,2500.00,EUR,
2269,CTR-2025-02269,1307,220,Standard,Expired,2025-07-29,2026-07-29,10000.00,5000.00,GBP,
2270,CTR-2025-02270,886,39,Strategic,active,2025-03-03,2028-03-02,25000.00,5000.00,usd,
2271,CTR-2023-02271,1624,290,Spot,Expired,2023-04-18,2025-04-17,2500.00,500.00,USD,
2272,CTR-2024-02272,2412,183,Spot,Expired,2024-05-30,2026-05-30,5000.00,10000.00,GBP,
2273,CTR-2024-02273,1400,39,strategic ,Active,2024-01-26,2025-01-25,10000.00,500.00,usd,
2274,CTR-2023-02274,421,152,strategic ,Active,2023-03-30,9/26/2023,1000.00,5000.00,USD,
2275,CTR-2024-02275,833,106,Strategic,Active,2024-07-02,02/07/2026,2500.00,1000.00,USD,
2276,CTR-2023-02276,425,152,Preferred,Expired,2023-07-14,7/13/2026,1000.00,500.00,USD,
2277,CTR-2023-02277,2402,239,Strategic,Active,2023-03-03,2024-03-02,10000.00,1000.00,USD,
2278,CTR-2025-02278,971,234,strategic ,Active,2025-07-28,2026-01-24,500.00,5000.00,USD,
2279,CTR-2023-02279,1364,83,Strategic,Active,2023-07-19,18/07/2024,25000.00,2500.00,USD,
2280,CTR-2024-02280,2261,165,Preferred,active,2024-01-22,2024-07-20,2500.00,2500.00,USD,
2281,CTR-2023-02281,2335,140,Preferred,Cancelled,2023-05-30,2025-05-29,10000.00,10000.00,GBP,Moved to competitor
2282,CTR-2025-02282,1083,183,Standard,Expired,2025-09-20,2027-09-20,25000.00,2500.00,EUR,
2283,CTR-2024-02283,2442,310,strategic ,Active,2024-08-20,2027-08-20,1000.00,0.00,CAD,
2284,CTR-2023-02284,1904,156,strategic ,Expired,2023-07-02,2025-07-01,10000.00,10000.00,USD,
2285,CTR-2023-02285,2474,33,Strategic,Expired,2023-11-02,11/1/2024,2500.00,1000.00,USD,
2286,CTR-2023-02286,729,273,Preferred,Active,2023-09-08,2024-09-07,5000.00,1000.00,USD,
2287,CTR-2023-02287,211,290,Standard,Active,2023-03-25,2024-03-24,2500.00,1000.00,USD,
2288,CTR-2024-02288,2070,119,Spot,Suspended,2024-05-10,10/05/2025,2500.00,1000.00,EUR,
2289,CTR-2025-02289,1397,201,Spot,Active,2025-06-18,2026-06-18,2500.00,500.00,CAD,
2290,CTR-2024-02290,300,187,Strategic,Active,2024-11-28,2025-11-28,500.00,0.00,EUR,
2291,CTR-2025-02291,317,156,Standard,Suspended,2025-10-09,2026-04-07,2500.00,500.00,USD,
2292,CTR-2024-02292,1344,22,Strategic,Active,2024-12-04, 2026-12-04 ,10000.00,0.00,GBP,
2293,CTR-2024-02293,1970,183,Spot,Active,2024-08-05,2025-08-05,5000.00,5000.00,USD,
2294,CTR-2023-02294,1612,278,Preferred,Suspended,2023-06-07,2026-06-06,500.00,500.00,USD,
2295,CTR-2024-02295,364,191,Preferred,Active,2024-08-05,2025-08-05,10000.00,10000.00,USD,
2296,CTR-2025-02296,551,289,Strategic,Active,2025-09-19,2026-09-19,5000.00,1000.00,USD,
2297,CTR-2023-02297,252,41,Strategic,Active,2023-04-30, 2024-04-29 ,10000.00,0.00,usd,
2298,CTR-2024-02298,557,146,strategic ,Active,2024-10-15,2025-10-15,1000.00,1000.00,USD,
2299,CTR-2023-02299,1326,140,strategic ,Active,2023-01-29,2026-01-28,500.00,2500.00,USD,
2300,CTR-2025-02300,2214,248,strategic ,Active,2025-05-08,2026-05-08,500.00,1000.00,CAD,
2301,CTR-2024-02301,1436,69,strategic ,Active,2024-05-28,2025-05-28,500.00,500.00,GBP,
2302,CTR-2023-02302,1725,310,Standard,Suspended,2023-10-17,2024-10-16,5000.00,2500.00,USD,
2303,CTR-2023-02303,1043,239,strategic ,Active,2023-10-16,2024-10-15,5000.00,0.00,CAD,
2304,CTR-2024-02304,2018,14,Spot,Active,2024-08-29,2025-02-25,10000.00,10000.00,USD,
2305,CTR-2023-02305,501,14,Preferred,Active,2023-04-22,2024-04-21,1000.00,5000.00,CAD,
2306,CTR-2024-02306,2212,19,Strategic,Active,2024-11-24,2025-05-23,25000.00,2500.00,EUR,
2307,CTR-2025-02307,90,19,Standard,Active,2025-04-11,2027-04-11,10000.00,1000.00,USD,
2308,CTR-2025-02308,2304,94,Spot,Cancelled,2025-03-21,2025-09-17,5000.00,2500.00,USD, 
2309,CTR-2023-02309,2421,231,Preferred,Cancelled,2023-11-15,2026-11-14,25000.00,0.00,USD,Customer consolidation
2310,CTR-2024-02310,2252,105,Spot,Active,2024-07-20,2025-07-20,10000.00,0.00,USD,
2311,CTR-2025-02311,1823,106,Preferred,Active,2025-07-14,2026-07-14,2500.00,500.00,USD,
2312,CTR-2024-02312,1858,152,Strategic,Cancelled,2024-09-14,2025-09-14,500.00,10000.00,USD,Moved to competitor
2313,CTR-2024-02313,311,267,Strategic,Expired,2024-10-19,2025-10-19,500.00,5000.00,USD,
2314,CTR-2023-02314,17,41,Strategic,Active,2023-11-18,2026-11-17,1000.00,0.00,CAD,
2315,CTR-2023-02315,2111,240,Standard,Active,2023-01-06,2026-01-05,10000.00,2500.00,USD,
2316,CTR-2024-02316,2284,290,strategic ,Active,2024-12-07,2025-12-07,1000.00,500.00,USD,
2317,CTR-2025-02317,1780,245,Spot,Expired,2025-06-02,2025-11-29,25000.00,1000.00,usd,
2318,CTR-2025-02318,269,119,Spot,Active,2025-10-09,2028-10-08,2500.00,5000.00,USD,
2319,CTR-2023-02319,1031,242,Strategic,Active,2023-08-23,2024-02-19,5000.00,500.00,USD,
2320,CTR-2025-02320,1600,152,Spot,Active,2025-01-20,2028-01-20,1000.00,500.00,USD,
2321,CTR-2025-02321,717,14,Strategic,Expired,2025-08-24,2028-08-23,25000.00,0.00,USD,
2322,CTR-2025-02322,1944,257,Strategic,Active,2025-02-19,2026-02-19,2500.00,1000.00,USD,
2323,CTR-2024-02323,805,267,Strategic,Active,2024-08-01,2025-08-01,5000.00,5000.00,USD,
2324,CTR-2024-02324,1891,78,Standard,Active,2024-09-26,2025-03-25,500.00,5000.00,CAD,
2325,CTR-2025-02325,1077,248,Strategic,Expired,2025-09-11,2026-09-11,25000.00,0.00,USD,
2326,CTR-2024-02326,859,179,Spot,Active,2024-03-12,2027-03-12,2500.00,10000.00,USD,
2327,CTR-2024-02327,535,299,Preferred,Cancelled,2024-05-25,2027-05-25,5000.00,5000.00,CAD, 
2328,CTR-2025-02328,2312,262,Spot,Active,2025-09-15,2028-09-14,1000.00,1000.00,USD,
2329,CTR-2024-02329,1624,14,Standard,active,2024-09-21,2025-09-21,500.00,1000.00,EUR,
2330,CTR-2025-02330,39,30,Standard,Cancelled,2025-07-10,2026-07-10,25000.00,10000.00,USD,Moved to competitor
2331,CTR-2024-02331,1449,108,strategic ,Cancelled,2024-12-13,2026-12-13,500.00,10000.00,USD, 
2332,CTR-2023-02332,1976,192,Standard,Expired,2023-03-24,2025-03-23,500.00,500.00,USD,
2333,CTR-2024-02333,1208,165,strategic ,Active,2024-01-28,2024-07-26,25000.00,500.00,USD,
2334,CTR-2025-02334,235,243,Spot,Cancelled,2025-08-10,8/9/2028,25000.00,10000.00,CAD,Customer consolidation
2335,CTR-2023-02335,2086,241,Spot,Active,2023-09-26,2025-09-25,5000.00,500.00,USD,
2336,CTR-2023-02336,1997,269,Strategic,Active,2023-08-25,2025-08-24,2500.00,0.00,CAD,
2337,CTR-2023-02337,1896,140,Preferred,Expired,2023-03-26,2023-09-22,10000.00,500.00,USD,
2338,CTR-2025-02338,1939,78,Spot,Active,2025-01-16,2025-07-15,10000.00,1000.00,USD,
2339,CTR-2025-02339,1417,299,Strategic,Expired,2025-04-25,2028-04-24,10000.00,1000.00,USD,
2340,CTR-2023-02340,1629,210,Standard,Active,2023-08-17,2024-08-16,500.00,2500.00,USD,
2341,CTR-2024-02341,463,140,Strategic,Active,2024-02-12,2025-02-11,25000.00,0.00,USD,
2342,CTR-2024-02342,960,149,Strategic,Active,2024-07-03,2025-07-03,25000.00,0.00,USD,
2343,CTR-2025-02343,36,226,Preferred,Expired,2025-08-31,8/31/2026,5000.00,0.00,USD,
2344,CTR-2024-02344,1697,161,Strategic,Expired,2024-03-12,2025-03-12,25000.00,1000.00,USD,
2345,CTR-2023-02345,1261,74,Standard,Active,2023-09-01,2025-08-31,1000.00,500.00,USD,
2346,CTR-2025-02346,1242,295,Standard,Active,2025-01-13,2026-01-13,10000.00,2500.00,CAD,
2347,CTR-2023-02347,1538,174,Preferred,Active,2023-04-25,2024/04/24,5000.00,0.00,USD,
2348,CTR-2023-02348,1517,248,strategic ,Expired,2023-06-20,2024-06-19,2500.00,500.00,USD,
2349,CTR-2023-02349,1877,236,strategic ,Active,2023-09-30,2024-09-29,500.00,5000.00,USD,
2350,CTR-2023-02350,634,241,Preferred,Active,2023-08-01,2026-07-31,25000.00,10000.00,USD,
2351,CTR-2023-02351,2020,78,Spot,active,2023-10-11,2024-04-08,2500.00,0.00,USD,
2352,CTR-2024-02352,174,22,Preferred,Cancelled,2024-02-17,2026-02-16,5000.00,500.00,USD,Service unreliability
2353,CTR-2023-02353,42,121,Strategic,Active,2023-12-04,2025-12-03,1000.00,1000.00,USD,
2354,CTR-2024-02354,1432,179,Preferred,Active,2024-08-15,2025-08-15,500.00,500.00,USD,
2355,CTR-2024-02355,711,7,Spot,Active,2024-03-07,2025-03-07,1000.00,5000.00,USD,
2356,CTR-2023-02356,1509,19,Spot,Active,2023-02-18,2023-08-17,500.00,10000.00,USD,
2357,CTR-2024-02357,1136,248,Preferred,Active,2024-02-11,2027-02-10,5000.00,1000.00,usd,
2358,CTR-2025-02358,654,266,strategic ,Active,2025-02-25,24/08/2025,10000.00,500.00,USD,
2359,CTR-2023-02359,8,83,Standard,Cancelled,2023-07-16,2026-07-15,1000.00,10000.00,CAD,Unknown
2360,CTR-2024-02360,21,258,Standard,Expired,2024-02-10,2026/02/09,1000.00,1000.00,CAD,
2361,CTR-2024-02361,701,191,Standard,Cancelled,2024-09-17,2025/09/17,5000.00,1000.00,usd, 
2362,CTR-2023-02362,842,140,Standard,Active,2023-03-27,2025-03-26,500.00,2500.00,USD,
2363,CTR-2024-02363,1155,234,Standard,Active,2024-09-28,2025-09-28,500.00,5000.00,GBP,
2364,CTR-2024-02364,1431,106,Spot,Cancelled,2024-07-21,2025-07-21,500.00,1000.00,USD,Customer consolidation
2365,CTR-2023-02365,912,146,strategic ,Suspended,2023-03-29,2024-03-28,10000.00,5000.00,USD,
2366,CTR-2025-02366,2451,295,Strategic,Expired,2025-01-03,2028-01-03,10000.00,5000.00,USD,
2367,CTR-2024-02367,1432,218,strategic ,Active,2024-05-07, 2027-05-07 ,5000.00,5000.00,usd,
2368,CTR-2024-02368,1102,201,Strategic,Active,2024-01-19,2025-01-18,1000.00,500.00,USD,
2369,CTR-2025-02369,1449,190,Standard,Expired,2025-07-27,2026-07-27,500.00,10000.00,USD,
2370,CTR-2025-02370,949,156,Standard,Active,2025-04-02,2025-09-29,5000.00,2500.00,USD,
2371,CTR-2025-02371,2309,239,Strategic,Active,2025-03-21,2027-03-21,1000.00,10000.00,USD,
2372,CTR-2024-02372,825,234,strategic ,active,2024-09-05,2025-03-04,1000.00,1000.00,CAD,
2373,CTR-2023-02373,121,310,Standard,Active,2023-01-12,2024-01-12,1000.00,500.00,USD,
2374,CTR-2023-02374,115,60,strategic ,Active,2023-09-18,2024-09-17,2500.00,2500.00,USD,
2375,CTR-2025-02375,640,41,Standard,Expired,2025-08-16,2026-08-16,25000.00,500.00,CAD,
2376,CTR-2023-02376,1694,64,Strategic,Active,2023-09-07,2025-09-06,10000.00,10000.00,USD,
2377,CTR-2023-02377,14,156,Standard,active,2023-08-28,2026-08-27,2500.00,1000.00,USD,
2378,CTR-2024-02378,21,69,strategic ,Expired,2024-04-25,2025-04-25,10000.00,500.00,USD,
2379,CTR-2024-02379,845,252,Strategic,Cancelled,2024-03-26,2026-03-26,500.00,1000.00,GBP,Moved to competitor
2380,CTR-2025-02380,1272,243,Spot,Active,2025-08-08,8/8/2026,2500.00,1000.00,USD,
2381,CTR-2024-02381,2152,242,Preferred,Active,2024-03-21,2025-03-21,10000.00,10000.00,GBP,
2382,CTR-2025-02382,1407,79,strategic ,Cancelled,2025-08-03,2026-08-03,5000.00,10000.00,USD,Unknown
2383,CTR-2025-02383,622,245,Preferred,Active,2025-01-30,2025-07-29,25000.00,5000.00,USD,
2384,CTR-2024-02384,101,254,Preferred,Active,2024-03-27,2025-03-27,2500.00,1000.00,USD,
2385,CTR-2023-02385,2029,41,Preferred,Active,2023-03-24,2024-03-23,10000.00,500.00,usd,
2386,CTR-2023-02386,1746,310,strategic ,Active,2023-04-03, 2024-04-02 ,10000.00,0.00,USD,
2387,CTR-2023-02387,639,74,Preferred,Cancelled,2023-09-24,2024-03-22,10000.00,5000.00,CAD,Service unreliability
2388,CTR-2025-02388,1345,78,Spot,Active,2025-02-14,2025-08-13,5000.00,500.00,USD,
2389,CTR-2024-02389,2203,183,Preferred,Cancelled,2024-02-15,2024-08-13,5000.00,1000.00,usd,Unknown
2390,CTR-2024-02390,1731,239,Preferred,Cancelled,2024-11-09,09/11/2026,500.00,1000.00,CAD,Customer consolidation
2391,CTR-2025-02391,1954,128,strategic ,Expired,2025-05-10,2026-05-10,25000.00,1000.00,USD,
2392,CTR-2024-02392,606,218,Spot,Suspended,2024-06-06,2025-06-06,25000.00,2500.00,USD,
2393,CTR-2023-02393,333,82,strategic ,Active,2023-12-14,2024-12-13,500.00,0.00,GBP,
2394,CTR-2025-02394,1934,192,Preferred,Active,2025-06-21,20/06/2028,5000.00,10000.00,CAD,
2395,CTR-2025-02395,808,289,Standard,Active,2025-10-16,2026-04-14,25000.00,5000.00,USD,
2396,CTR-2024-02396,2313,14,Preferred,Expired,2024-01-19,2026-01-18,10000.00,5000.00,CAD,
2397,CTR-2024-02397,403,220,Preferred,active,2024-09-24,2027-09-24,5000.00,2500.00,USD,
2398,CTR-2024-02398,2243,33,Spot,active,2024-08-14,2025-08-14,500.00,500.00,USD,
2399,CTR-2024-02399,2356,295,Preferred,active,2024-10-14,2027-10-14,5000.00,5000.00,USD,
2400,CTR-2025-02400,1784,257,Preferred,Suspended,2025-03-24,2025-09-20,1000.00,1000.00,USD,
2401,CTR-2024-02401,254,19,Spot,Active,2024-04-08,2027-04-08,1000.00,500.00,USD,
2402,CTR-2025-02402,2325,19,Standard,Active,2025-02-07,2026-02-07,25000.00,1000.00,USD,
2403,CTR-2023-02403,538,68,Spot,Expired,2023-11-07,2024-11-06,500.00,5000.00,EUR,
2404,CTR-2024-02404,1707,7,Preferred,Active,2024-11-02,2026-11-02,1000.00,0.00,USD,
2405,CTR-2023-02405,1294,257,Strategic,Active,2023-01-26,2023-07-25,25000.00,10000.00,USD,
2406,CTR-2025-02406,844,68,Spot,Cancelled,2025-01-31,2026-01-31,25000.00,500.00,USD,Service unreliability
2407,CTR-2024-02407,1349,39,strategic ,Active,2024-10-17,17/10/2027,5000.00,5000.00,GBP,
2408,CTR-2024-02408,2325,82,strategic ,Active,2024-09-28,28/09/2027,25000.00,10000.00,USD,
2409,CTR-2023-02409,1553,82,strategic ,Expired,2023-08-05,2024-02-01,25000.00,500.00,USD,
2410,CTR-2023-02410,2120,295,strategic ,Suspended,2023-01-24,2024-01-24,2500.00,10000.00,USD,
2411,CTR-2025-02411,555,79,Strategic,Active,2025-10-17,2026-10-17,2500.00,0.00,USD,
2412,CTR-2025-02412,1149,30,Standard,Active,2025-02-24,2025-08-23,10000.00,10000.00,USD,
2413,CTR-2024-02413,2303,149,strategic ,Cancelled,2024-11-12,2025-05-11,2500.00,0.00,GBP,Price increase
2414,CTR-2025-02414,318,241,Strategic,Active,2025-08-26,2026-08-26,1000.00,500.00,USD,
2415,CTR-2023-02415,221,273,strategic ,Suspended,2023-12-11,2025-12-10,5000.00,10000.00,USD,
2416,CTR-2023-02416,277,22,Spot,Expired,2023-10-11,2024-10-10,5000.00,500.00,USD,
2417,CTR-2024-02417,719,60,Preferred,Suspended,2024-04-23,4/23/2025,10000.00,1000.00,USD,
2418,CTR-2023-02418,1873,190,strategic ,Active,2023-09-08,06/03/2024,10000.00,2500.00,USD,
2419,CTR-2023-02419,322,295,Strategic,Active,2023-06-04,2024-06-03,25000.00,5000.00,USD,
2420,CTR-2023-02420,815,245,Strategic,Cancelled,2023-06-07,2024-06-06,2500.00,1000.00,USD,Unknown
2421,CTR-2025-02421,1151,146,Strategic,Active,2025-01-07,2026-01-07,5000.00,10000.00,USD,
2422,CTR-2023-02422,1414,257,Strategic,Active,2023-03-19,3/18/2024,1000.00,5000.00,GBP,
2423,CTR-2025-02423,1876,147,strategic ,Active,2025-10-05,2026-10-05,2500.00,0.00,CAD,
2424,CTR-2025-02424,129,165,Standard,Active,2025-03-06, 2027-03-06 ,5000.00,2500.00,USD,
2425,CTR-2025-02425,1798,269,strategic ,Active,2025-10-11,2026-04-09,500.00,5000.00,USD,
2426,CTR-2023-02426,1986,231,Preferred,Active,2023-11-06,2024-05-04,5000.00,1000.00,USD,
2427,CTR-2023-02427,1686,60,strategic ,Expired,2023-02-23,2025-02-22,25000.00,1000.00,USD,
2428,CTR-2024-02428,679,146,Strategic,Active,2024-11-25,2027-11-25,25000.00,5000.00,USD,
2429,CTR-2023-02429,1221,152,Spot,Cancelled,2023-05-08,2023-11-04,10000.00,5000.00,USD,Unknown
2430,CTR-2025-02430,2389,280,Spot,Expired,2025-10-16,2028-10-15,5000.00,5000.00,USD,
2431,CTR-2025-02431,2235,183,Preferred,Active,2025-02-24,2026-02-24,10000.00,10000.00,EUR,
2432,CTR-2025-02432,1761,83,Standard,Active,2025-04-16,2026-04-16,2500.00,0.00,USD,
2433,CTR-2024-02433,678,241,strategic ,Active,2024-11-20,2027-11-20,10000.00,1000.00,USD,
2434,CTR-2023-02434,2483,191,Standard,Expired,2023-01-12,7/11/2023,2500.00,5000.00,USD,
2435,CTR-2024-02435,16,94,strategic ,Active,2024-06-21,2025-06-21,5000.00,500.00,CAD,
2436,CTR-2024-02436,1303,51,Strategic,Active,2024-02-08,2025-02-07,5000.00,5000.00,CAD,
2437,CTR-2024-02437,732,262,Standard,Expired,2024-05-06,2025-05-06,5000.00,2500.00,EUR,
2438,CTR-2024-02438,2452,41,Strategic,Active,2024-05-23,2027-05-23,2500.00,0.00,USD,
2439,CTR-2024-02439,1118,83,Preferred,Active,2024-05-30, 2024-11-26 ,2500.00,10000.00,GBP,
2440,CTR-2024-02440,1089,83,Standard,Active,2024-01-03,2025-01-02,5000.00,500.00,USD,
2441,CTR-2024-02441,256,20,strategic ,Active,2024-02-25,2027-02-24,25000.00,1000.00,EUR,
2442,CTR-2023-02442,397,267,Standard,Active,2023-06-08,2023-12-05,500.00,10000.00,USD,
2443,CTR-2025-02443,781,156,Standard,Expired,2025-02-06,2025-08-05,10000.00,5000.00,USD,
2444,CTR-2024-02444,142,193,Standard,Active,2024-07-20,2027-07-20,1000.00,1000.00,USD,
2445,CTR-2025-02445,2327,242,Spot,Active,2025-07-11,2027-07-11,10000.00,2500.00,USD,
2446,CTR-2024-02446,2385,78,Strategic,active,2024-04-29,29/04/2025,10000.00,1000.00,USD,
2447,CTR-2023-02447,2275,174,Strategic,Active,2023-05-20,2026-05-19,10000.00,10000.00,USD,
2448,CTR-2024-02448,1433,165,Strategic,Active,2024-05-30,2025-05-30,5000.00,2500.00,CAD,
2449,CTR-2024-02449,1476,7,strategic ,Active,2024-06-16,2025-06-16,10000.00,0.00,EUR,
2450,CTR-2024-02450,1069,236,strategic ,Cancelled,2024-11-10,2025-11-10,10000.00,10000.00,CAD,Service unreliability
2451,CTR-2024-02451,2311,218,Spot,active,2024-04-21,21/04/2025,5000.00,500.00,CAD,
2452,CTR-2023-02452,79,220,Spot,Active,2023-08-11,2026-08-10,1000.00,0.00,USD,
2453,CTR-2024-02453,1979,226,strategic ,Active,2024-01-07,2027-01-06,25000.00,500.00,CAD,
2454,CTR-2025-02454,1419,220,Strategic,Active,2025-03-04,2026-03-04,10000.00,2500.00,USD,
2455,CTR-2023-02455,105,78,strategic ,Active,2023-04-10,2024-04-09,1000.00,2500.00,USD,
2456,CTR-2025-02456,1001,278,Standard,Active,2025-10-12,2026-10-12,1000.00,1000.00,USD,
2457,CTR-2024-02457,1747,79,strategic ,Cancelled,2024-06-29,2027-06-29,500.00,10000.00,CAD,Customer consolidation
2458,CTR-2023-02458,632,249,Strategic,Active,2023-08-18, 2024-08-17 ,1000.00,0.00,CAD,
2459,CTR-2025-02459,2367,273,Strategic,Expired,2025-01-24,2027-01-24,5000.00,2500.00,USD,
2460,CTR-2024-02460,1899,273,Standard,Active,2024-07-05,2025-07-05,5000.00,5000.00,USD,
2461,CTR-2025-02461,1871,243,Standard,Active,2025-02-05,2027-02-05,500.00,2500.00,usd,
2462,CTR-2025-02462,1914,239,strategic ,Active,2025-05-11,2027-05-11,1000.00,500.00,CAD,
2463,CTR-2025-02463,332,146,Preferred,Active,2025-04-10,2026-04-10,10000.00,500.00,usd,
2464,CTR-2023-02464,899,156,strategic ,active,2023-07-01,2024-06-30,500.00,1000.00,USD,
2465,CTR-2023-02465,1547,243,Spot,active,2023-08-25,2025-08-24,500.00,2500.00,USD,
2466,CTR-2023-02466,563,257,Strategic,Expired,2023-06-25,2025-06-24,25000.00,1000.00,CAD,
2467,CTR-2025-02467,333,310,Strategic,Active,2025-02-05,2027-02-05,500.00,2500.00,USD,
2468,CTR-2023-02468,1837,74,Strategic,Suspended,2023-01-02,2026-01-01,500.00,5000.00,GBP,
2469,CTR-2024-02469,1541,252,strategic ,Cancelled,2024-05-04,2025-05-04,500.00,1000.00,USD,Unknown
2470,CTR-2023-02470,696,236,Spot,Expired,2023-09-14,2026-09-13,2500.00,500.00,USD,
2471,CTR-2024-02471,1432,33,Strategic,Suspended,2024-03-26,2027-03-26,5000.00,1000.00,USD,
2472,CTR-2025-02472,1889,258,Preferred,Active,2025-08-16,2026-08-16,5000.00,10000.00,usd,
2473,CTR-2024-02473,2271,296,Preferred,Expired,2024-11-20,2025-11-20,5000.00,500.00,USD,
2474,CTR-2025-02474,498,57,Preferred,Cancelled,2025-03-22,2026-03-22,2500.00,5000.00,USD,Service unreliability
2475,CTR-2023-02475,1321,15,Preferred,Active,2023-03-21,2024-03-20,2500.00,0.00,USD,
2476,CTR-2025-02476,1107,290,Preferred,Active,2025-08-18, 2027-08-18 ,500.00,5000.00,USD,
2477,CTR-2023-02477,1684,165,Preferred,Active,2023-07-25,2025-07-24,10000.00,0.00,USD,
2478,CTR-2023-02478,1056,210,Spot,Cancelled,2023-04-20,2023-10-17,10000.00,5000.00,usd,Price increase
2479,CTR-2023-02479,936,245,Standard,Active,2023-12-14,2024-12-13,5000.00,500.00,CAD,
2480,CTR-2025-02480,712,106,Spot,Active,2025-04-07,2025/10/04,500.00,10000.00,USD,
2481,CTR-2025-02481,2008,299,Strategic,Cancelled,2025-02-27,2/27/2026,1000.00,10000.00,GBP,Service unreliability
2482,CTR-2024-02482,845,26,Preferred,Active,2024-10-04,4/2/2025,2500.00,2500.00,USD,
2483,CTR-2023-02483,1785,67,Standard,Active,2023-01-12,2024-01-12,500.00,2500.00,USD,
2484,CTR-2025-02484,2359,39,Standard,Active,2025-01-02,2026-01-02,10000.00,0.00,CAD,
2485,CTR-2023-02485,243,310,Spot,Active,2023-01-15,2025-01-14,5000.00,500.00,USD,
2486,CTR-2023-02486,675,39,Spot,Cancelled,2023-01-29,2024-01-29,500.00,1000.00,USD,Service unreliability
2487,CTR-2023-02487,594,149,Strategic,Active,2023-09-23,2024-09-22,500.00,500.00,USD,
2488,CTR-2025-02488,484,262,Preferred,Active,2025-10-01,2028-09-30,25000.00,0.00,GBP,
2489,CTR-2025-02489,1185,57,Preferred,Active,2025-05-13,2025-11-09,2500.00,500.00,EUR,
2490,CTR-2024-02490,1629,74,Standard,Active,2024-04-13,2025-04-13,2500.00,10000.00,EUR,
2491,CTR-2025-02491,1180,15,Strategic,Active,2025-09-21,2026-03-20,1000.00,10000.00,EUR,
2492,CTR-2024-02492,386,273,strategic ,Active,2024-08-22,8/22/2025,1000.00,500.00,USD,
2493,CTR-2023-02493,2303,249,Preferred,Expired,2023-04-19,2023-10-16,25000.00,500.00,usd,
2494,CTR-2023-02494,988,51,Spot,Expired,2023-12-22,2025-12-21,1000.00,500.00,CAD,
2495,CTR-2025-02495,1620,226,Standard,Cancelled,2025-01-15,2027-01-15,10000.00,10000.00,USD,Moved to competitor
2496,CTR-2023-02496,2125,252,strategic ,Active,2023-09-15,2025-09-14,25000.00,5000.00,USD,
2497,CTR-2023-02497,1759,258,Preferred,active,2023-06-11,2026-06-10,2500.00,2500.00,USD,
2498,CTR-2025-02498,726,296,Preferred,Cancelled,2025-06-19,6/19/2026,1000.00,500.00,usd,Price increase
2499,CTR-2025-02499,529,74,strategic ,active,2025-10-09,2026-04-07,2500.00,5000.00,GBP,
2500,CTR-2023-02500,335,278,Standard,Expired,2023-02-04,2026-02-03,1000.00,1000.00,GBP,
2501,CTR-2025-02501,589,69,Preferred,Active,2025-01-28,28/01/2026,25000.00,5000.00,USD,
2502,CTR-2024-02502,1101,245,Spot,Expired,2024-09-28,2026-09-28,25000.00,0.00,USD,
2503,CTR-2023-02503,744,231,Standard,Active,2023-04-01,2025-03-31,25000.00,1000.00,CAD,
2504,CTR-2024-02504,1613,22,Strategic,Expired,2024-09-14,2025-03-13,5000.00,1000.00,EUR,
2505,CTR-2023-02505,950,119,strategic ,Active,2023-02-20,2023-08-19,5000.00,0.00,GBP,
2506,CTR-2025-02506,2260,234,Preferred,Active,2025-01-16,2028-01-16,10000.00,0.00,usd,
2507,CTR-2023-02507,556,269,Standard,Active,2023-09-17,2025-09-16,25000.00,2500.00,USD,
2508,CTR-2024-02508,976,295,Strategic,Cancelled,2024-09-19,2026-09-19,1000.00,1000.00,USD,Price increase
2509,CTR-2024-02509,1888,257,Standard,Active,2024-03-17,2024-09-13,500.00,1000.00,GBP,
2510,CTR-2025-02510,1846,14,Strategic,Expired,2025-03-01,2026-03-01,1000.00,10000.00,USD,
2511,CTR-2024-02511,1808,252,Spot,Active,2024-02-13,2026-02-12,25000.00,1000.00,USD,
2512,CTR-2024-02512,54,22,strategic ,Cancelled,2024-12-01,2025-12-01,500.00,0.00,USD,Unknown
2513,CTR-2023-02513,2107,20,Strategic,Expired,2023-10-30,2024-10-29,5000.00,500.00,USD,
2514,CTR-2025-02514,731,152,Standard,Cancelled,2025-09-15,15/09/2026,25000.00,1000.00,USD,Customer consolidation
2515,CTR-2024-02515,1032,278,Strategic,Expired,2024-10-16,2027-10-16,25000.00,2500.00,USD,
2516,CTR-2025-02516,2325,254,Spot,Active,2025-09-11,2028-09-10,5000.00,500.00,EUR,
2517,CTR-2025-02517,23,69,strategic ,Active,2025-09-10,2028-09-09,5000.00,500.00,usd,
2518,CTR-2024-02518,1926,106,strategic ,Active,2024-02-07,2025-02-06,25000.00,0.00,USD,
2519,CTR-2024-02519,670,20,Standard,Active,2024-02-16,2025-02-15,2500.00,5000.00,USD,
2520,CTR-2024-02520,297,239,Standard,Expired,2024-06-23,2025-06-23,25000.00,1000.00,USD,
2521,CTR-2023-02521,181,266,strategic ,Active,2023-09-25,2024-03-23,25000.00,10000.00,USD,
2522,CTR-2023-02522,1058,231,Standard,Active,2023-08-16,8/15/2024,10000.00,1000.00,CAD,
2523,CTR-2023-02523,1842,64,Preferred,Active,2023-07-15,2024-07-14,10000.00,10000.00,USD,
2524,CTR-2023-02524,174,152,Preferred,Active,2023-06-18,2024-06-17,25000.00,1000.00,USD,
2525,CTR-2023-02525,332,83,Preferred,active,2023-02-19,2025-02-18,5000.00,10000.00,USD,
2526,CTR-2023-02526,523,165,Spot,Cancelled,2023-11-07,2024-11-06,5000.00,1000.00,USD,Customer consolidation
2527,CTR-2024-02527,656,140,strategic ,Suspended,2024-07-10,2025-07-10,5000.00,2500.00,CAD,
2528,CTR-2023-02528,1011,94,Spot,Cancelled,2023-04-16,2024-04-15,25000.00,5000.00,USD,Unknown
2529,CTR-2025-02529,313,39,Strategic,Active,2025-05-05,2026-05-05,10000.00,5000.00,GBP,
2530,CTR-2024-02530,992,258,Strategic,Active,2024-03-14,2026-03-14,1000.00,0.00,USD,
2531,CTR-2025-02531,364,239,Strategic,Cancelled,2025-09-18,2027-09-18,2500.00,2500.00,USD,Customer consolidation
2532,CTR-2025-02532,1727,248,Strategic,Expired,2025-06-20,2026-06-20,10000.00,0.00,USD,
2533,CTR-2023-02533,477,147,Strategic,Active,2023-07-29,2024-01-25,5000.00,0.00,USD,
2534,CTR-2024-02534,600,79,Standard,Expired,2024-02-27,2026-02-26,5000.00,500.00,USD,
2535,CTR-2023-02535,2330,243,Spot,Active,2023-07-11,10/07/2024,25000.00,500.00,CAD,
2536,CTR-2024-02536,1636,257,Preferred,Suspended,2024-11-22,2025/11/22,5000.00,10000.00,USD,
2537,CTR-2023-02537,2261,296,strategic ,Active,2023-12-20,2024-12-19,10000.00,500.00,USD,
2538,CTR-2023-02538,207,226,Standard,Active,2023-05-20,2023-11-16,25000.00,10000.00,USD,
2539,CTR-2023-02539,235,60,Standard,active,2023-05-30,2023-11-26,500.00,500.00,CAD,
2540,CTR-2023-02540,603,14,Preferred,Active,2023-02-17, 2024-02-17 ,1000.00,500.00,USD,
2541,CTR-2024-02541,260,243,Strategic,Cancelled,2024-07-08,2025-01-04,2500.00,500.00,USD,Price increase
2542,CTR-2024-02542,1722,165,strategic ,Active,2024-04-13,2025-04-13,25000.00,10000.00,USD,
2543,CTR-2025-02543,152,248,Preferred,Active,2025-07-06,2026-07-06,2500.00,5000.00,EUR,
2544,CTR-2024-02544,1833,82,Strategic,Expired,2024-08-26,2025-08-26,25000.00,10000.00,USD,
2545,CTR-2024-02545,2057,289,Strategic,Expired,2024-05-31,2025-05-31,2500.00,5000.00,USD,
2546,CTR-2023-02546,549,269,Standard,Active,2023-11-18,2024-11-17,2500.00,10000.00,EUR,
2547,CTR-2025-02547,2378,94,strategic ,Expired,2025-07-02,2026-07-02,10000.00,5000.00,EUR,
2548,CTR-2024-02548,1312,119,Strategic,Cancelled,2024-01-25,2025-01-24,2500.00,5000.00,USD, 
2549,CTR-2025-02549,1658,149,strategic ,Active,2025-08-27,2026-08-27,5000.00,500.00,USD,
2550,CTR-2024-02550,167,243,Standard,active,2024-10-26,2026-10-26,10000.00,5000.00,USD,
2551,CTR-2025-02551,2141,218,Strategic,Expired,2025-10-16,2026-04-14,25000.00,10000.00,USD,
2552,CTR-2023-02552,2286,57,Preferred,Cancelled,2023-10-02,2024-10-01,2500.00,10000.00,USD,Moved to competitor
2553,CTR-2023-02553,97,299,Strategic,Active,2023-09-24,2024-03-22,25000.00,5000.00,USD,
2554,CTR-2024-02554,1815,245,Spot,active,2024-12-04,2027/12/04,5000.00,2500.00,USD,
2555,CTR-2025-02555,1104,108,Strategic,Active,2025-04-08,05/10/2025,25000.00,5000.00,USD,
2556,CTR-2024-02556,1504,51,Standard,Active,2024-09-14,2025-09-14,10000.00,500.00,USD,
2557,CTR-2024-02557,19,269,Strategic,active,2024-08-16,2025-08-16,10000.00,500.00,GBP,
2558,CTR-2025-02558,440,278,Spot,Expired,2025-06-13,13/06/2026,25000.00,500.00,USD,
2559,CTR-2024-02559,635,14,Spot,active,2024-12-07,12/7/2026,5000.00,0.00,USD,
2560,CTR-2024-02560,2287,19,Standard,Active,2024-10-18,2025-10-18,500.00,1000.00,USD,
2561,CTR-2025-02561,564,243,strategic ,Active,2025-08-06, 2026-08-06 ,1000.00,500.00,USD,
2562,CTR-2023-02562,206,128,Preferred,Cancelled,2023-07-20,2026-07-19,25000.00,0.00,USD,Moved to competitor
2563,CTR-2024-02563,1097,78,Spot,Active,2024-06-18,12/15/2024,5000.00,10000.00,usd,
2564,CTR-2025-02564,809,19,strategic ,Active,2025-08-18,2026-08-18,25000.00,500.00,USD,
2565,CTR-2024-02565,1833,12,Preferred,Cancelled,2024-01-01,2024-12-31,500.00,5000.00,EUR,Service unreliability
2566,CTR-2024-02566,1817,239,Strategic,Expired,2024-01-25,2025-01-24,1000.00,10000.00,USD,
2567,CTR-2024-02567,2439,156,Spot,Suspended,2024-12-03,12/3/2027,2500.00,1000.00,EUR,
2568,CTR-2025-02568,1543,220,Spot,Active,2025-02-18,2026-02-18,10000.00,10000.00,USD,
2569,CTR-2024-02569,1099,156,Spot,Active,2024-10-29,2025-10-29,500.00,5000.00,USD,
2570,CTR-2025-02570,1437,299,Standard,Active,2025-06-27,2027-06-27,500.00,500.00,USD,
2571,CTR-2023-02571,1049,234,Preferred,Suspended,2023-12-17,2024-12-16,1000.00,500.00,CAD,
2572,CTR-2024-02572,2262,245,Standard,Active,2024-05-12,12/05/2025,1000.00,2500.00,USD,
2573,CTR-2024-02573,1559,83,strategic ,Active,2024-12-11,2026-12-11,25000.00,0.00,GBP,
2574,CTR-2023-02574,1759,20,Standard,Active,2023-05-28,2025-05-27,500.00,500.00,USD,
2575,CTR-2023-02575,37,94,Standard,active,2023-09-12,2025-09-11,500.00,1000.00,USD,
2576,CTR-2023-02576,1225,68,strategic ,Cancelled,2023-05-27,2026-05-26,25000.00,1000.00,EUR, 
2577,CTR-2024-02577,990,22,strategic ,Expired,2024-12-19,2025-12-19,1000.00,5000.00,USD,
2578,CTR-2023-02578,972,290,Strategic,Cancelled,2023-02-25,2024-02-25,10000.00,2500.00,USD,Price increase
2579,CTR-2023-02579,658,299,Standard,Active,2023-07-10,2024-01-06,10000.00,5000.00,USD,
2580,CTR-2024-02580,314,64,Spot,Active,2024-07-31,2026-07-31,25000.00,10000.00,USD,
2581,CTR-2024-02581,109,280,Spot,Active,2024-10-11,4/9/2025,2500.00,0.00,USD,
2582,CTR-2024-02582,1967,234,Spot,Active,2024-01-07,1/6/2025,2500.00,1000.00,USD,
2583,CTR-2023-02583,854,269,Standard,Active,2023-05-19,2026-05-18,5000.00,500.00,EUR,
2584,CTR-2024-02584,1816,192,Standard,Expired,2024-10-10,2025-04-08,25000.00,1000.00,CAD,
2585,CTR-2023-02585,83,262,strategic ,Active,2023-07-25,2024-07-24,10000.00,1000.00,USD,
2586,CTR-2025-02586,1996,82,Preferred,Expired,2025-08-23,2027-08-23,10000.00,5000.00,CAD,
2587,CTR-2023-02587,776,183,Standard,Active,2023-06-05,2025-06-04,10000.00,10000.00,USD,
2588,CTR-2024-02588,2422,68,strategic ,Active,2024-12-17,2025-12-17,2500.00,500.00,GBP,
2589,CTR-2024-02589,40,289,strategic ,Active,2024-03-13,2026-03-13,2500.00,0.00,USD,
2590,CTR-2025-02590,1389,231,Strategic,Active,2025-09-29,2028-09-28,500.00,2500.00,USD,
2591,CTR-2025-02591,2359,82,Spot,Active,2025-06-28,2026-06-28,1000.00,0.00,USD,
2592,CTR-2023-02592,223,41,Preferred,Expired,2023-11-07,2026-11-06,10000.00,1000.00,USD,
2593,CTR-2025-02593,1595,310,Spot,Cancelled,2025-02-18,2026-02-18,1000.00,2500.00,USD, 
2594,CTR-2024-02594,409,249,Spot,Active,2024-11-19,2027-11-19,25000.00,500.00,USD,
2595,CTR-2024-02595,2216,280,strategic ,Active,2024-06-30,2025-06-30,5000.00,1000.00,CAD,
2596,CTR-2023-02596,809,266,Preferred,Cancelled,2023-05-22,2024-05-21,500.00,0.00,CAD, 
2597,CTR-2025-02597,10,266,Standard,Active,2025-07-25,2027-07-25,5000.00,5000.00,USD,
2598,CTR-2025-02598,782,51,Standard,Active,2025-09-09,2026-09-09,2500.00,10000.00,USD,
2599,CTR-2025-02599,1610,174,Spot,Active,2025-07-07,2027-07-07,10000.00,2500.00,USD,
2600,CTR-2025-02600,446,269,Preferred,Active,2025-03-27,2027-03-27,25000.00,0.00,EUR,
2601,CTR-2025-02601,358,231,strategic ,Expired,2025-01-18,2025-07-17,10000.00,500.00,GBP,
2602,CTR-2024-02602,549,15,Strategic,Active,2024-01-01,2024-12-31,10000.00,500.00,EUR,
2603,CTR-2023-02603,2293,20,Spot,Active,2023-06-04,2024-06-03,500.00,500.00,USD,
2604,CTR-2023-02604,789,67,Preferred,Active,2023-07-10,2026-07-09,25000.00,10000.00,USD,
2605,CTR-2023-02605,1070,128,Spot,Active,2023-12-19,2024-06-16,1000.00,0.00,GBP,
2606,CTR-2023-02606,1786,156,strategic ,Active,2023-04-15,2024-04-14,1000.00,0.00,USD,
2607,CTR-2024-02607,748,240,Spot,Active,2024-03-17,2024-09-13,10000.00,500.00,USD,
2608,CTR-2023-02608,71,26,strategic ,Active,2023-08-14,13/08/2025,500.00,10000.00,USD,
2609,CTR-2024-02609,1156,187,Standard,Active,2024-10-09,2027-10-09,10000.00,2500.00,USD,
2610,CTR-2025-02610,1463,183,Preferred,Cancelled,2025-01-29,2025-07-28,5000.00,10000.00,CAD,Unknown
2611,CTR-2024-02611,1297,210,Spot,Active,2024-08-26,2026-08-26,500.00,2500.00,EUR,
2612,CTR-2024-02612,1719,249,Standard,Expired,2024-12-04,2026-12-04,2500.00,1000.00,USD,
2613,CTR-2023-02613,1318,121,strategic ,active,2023-02-16,2023-08-15,500.00,2500.00,USD,
2614,CTR-2023-02614,1645,258,Preferred,Expired,2023-04-20,2024-04-19,1000.00,500.00,CAD,
2615,CTR-2024-02615,2412,231,Strategic,Active,2024-03-13,2024-09-09,10000.00,10000.00,CAD,
2616,CTR-2025-02616,1859,74,Spot,Expired,2025-07-03,2027-07-03,2500.00,1000.00,USD,
2617,CTR-2025-02617,1980,60,Standard,Expired,2025-03-14,14/03/2026,10000.00,2500.00,GBP,
2618,CTR-2023-02618,2218,192,Preferred,Active,2023-04-29,2026-04-28,25000.00,2500.00,USD,
2619,CTR-2023-02619,2348,121,strategic ,Active,2023-10-30,2024-10-29,5000.00,500.00,EUR,
2620,CTR-2023-02620,626,289,Standard,Expired,2023-07-20,2025-07-19,25000.00,1000.00,USD,
2621,CTR-2024-02621,1123,218,strategic ,Expired,2024-09-17,2027-09-17,10000.00,5000.00,usd,
2622,CTR-2023-02622,904,83,strategic ,Active,2023-02-20,2025/02/19,5000.00,2500.00,USD,
2623,CTR-2024-02623,20,183,Preferred,Expired,2024-10-27,2025-10-27,5000.00,1000.00,GBP,
2624,CTR-2024-02624,1535,174,Preferred,Active,2024-08-28,2025-08-28,5000.00,0.00,usd,
2625,CTR-2023-02625,1812,152,Preferred,Active,2023-05-19,2024-05-18,5000.00,1000.00,usd,
2626,CTR-2025-02626,2494,310,strategic ,Expired,2025-09-26,2027-09-26,1000.00,5000.00,USD,
2627,CTR-2023-02627,535,183,Strategic,Active,2023-06-15,2023-12-12,500.00,5000.00,CAD,
2628,CTR-2024-02628,2156,187,Spot,Expired,2024-01-05,2027-01-04,2500.00,500.00,USD,
2629,CTR-2024-02629,1012,94,Standard,Active,2024-08-26,2027-08-26,500.00,0.00,USD,
2630,CTR-2024-02630,2159,67,strategic ,Active,2024-09-10,2025-03-09,5000.00,5000.00,USD,
2631,CTR-2025-02631,1964,249,Preferred,Active,2025-04-19,2025-10-16,25000.00,2500.00,USD,
2632,CTR-2025-02632,121,146,Spot,Active,2025-09-15,15/09/2027,500.00,2500.00,USD,
2633,CTR-2024-02633,718,273,Strategic,Cancelled,2024-12-10,2025-12-10,5000.00,2500.00,CAD,Service unreliability
2634,CTR-2025-02634,1707,296,Preferred,Active,2025-01-24,2028-01-24,2500.00,500.00,EUR,
2635,CTR-2025-02635,1420,183,Strategic,active,2025-08-27,2026-02-23,1000.00,5000.00,USD,
2636,CTR-2023-02636,184,128,Preferred,Active,2023-10-27,2026-10-26,500.00,1000.00,USD,
2637,CTR-2023-02637,1660,57,strategic ,Active,2023-12-17,2026-12-16,2500.00,0.00,usd,
2638,CTR-2023-02638,1720,245,Spot,Expired,2023-01-21,2023-07-20,2500.00,0.00,CAD,
2639,CTR-2025-02639,1491,257,strategic ,Cancelled,2025-10-05,2026-10-05,500.00,0.00,USD, 
2640,CTR-2023-02640,1641,15,strategic ,active,2023-07-12,2025-07-11,5000.00,0.00,USD,
2641,CTR-2024-02641,2215,108,Strategic,Active,2024-05-16,5/16/2026,5000.00,2500.00,CAD,
2642,CTR-2024-02642,562,7,Strategic,Expired,2024-12-18,2026-12-18,1000.00,1000.00,USD,
2643,CTR-2025-02643,304,105,Strategic,Active,2025-10-09,2026-10-09,2500.00,1000.00,USD,
2644,CTR-2024-02644,1150,299,Standard,Active,2024-12-30,2025-12-30,5000.00,0.00,USD,
2645,CTR-2024-02645,2428,236,Spot,Active,2024-07-23,2026-07-23,1000.00,5000.00,USD,
2646,CTR-2023-02646,2497,30,Strategic,Expired,2023-04-25,2024-04-24,1000.00,2500.00,USD,
2647,CTR-2025-02647,2385,278,strategic ,Active,2025-05-20,2025-11-16,2500.00,500.00,USD,
2648,CTR-2025-02648,155,262,Spot,Cancelled,2025-02-06,2026-02-06,1000.00,5000.00,usd, 
2649,CTR-2025-02649,692,68,Strategic,Active,2025-01-07,7/6/2025,2500.00,1000.00,USD,
2650,CTR-2024-02650,744,273,Strategic,Active,2024-11-12,2025-05-11,10000.00,5000.00,CAD,
2651,CTR-2024-02651,1337,239,Standard,Active,2024-04-05,2027-04-05,1000.00,0.00,usd,
2652,CTR-2025-02652,2039,147,strategic ,Active,2025-05-19,2026-05-19,5000.00,5000.00,EUR,
2653,CTR-2023-02653,2016,190,Strategic,Active,2023-02-28,2024-02-28,1000.00,0.00,USD,
2654,CTR-2023-02654,150,262,Spot,Active,2023-04-17,2024-04-16,25000.00,500.00,USD,
2655,CTR-2024-02655,383,165,Preferred,Active,2024-07-10,2025-01-06,5000.00,10000.00,usd,
2656,CTR-2023-02656,727,220,Strategic,Active,2023-03-03,2023-08-30,10000.00,10000.00,CAD,
2657,CTR-2023-02657,700,60,Preferred,Expired,2023-01-17,2023-07-16,500.00,10000.00,USD,
2658,CTR-2024-02658,1157,254,Preferred,Active,2024-04-05,2027-04-05,1000.00,5000.00,USD,
2659,CTR-2025-02659,834,147,Standard,Active,2025-02-23,2027-02-23,2500.00,500.00,EUR,
2660,CTR-2024-02660,421,20,strategic ,active,2024-02-29,2027-02-28,5000.00,2500.00,USD,
2661,CTR-2023-02661,1594,68,Preferred,Expired,2023-12-10,2024-12-09,2500.00,10000.00,USD,
2662,CTR-2023-02662,2196,161,Preferred,active,2023-09-08,2026-09-07,500.00,2500.00,EUR,
2663,CTR-2024-02663,1319,192,Standard,Expired,2024-12-27,2027-12-27,5000.00,2500.00,USD,
2664,CTR-2023-02664,1573,299,Spot,Suspended,2023-12-21,2024-12-20,25000.00,5000.00,GBP,
2665,CTR-2025-02665,2137,299,Strategic,active,2025-07-08,2027-07-08,1000.00,10000.00,USD,
2666,CTR-2024-02666,312,128,strategic ,Cancelled,2024-08-06,2027-08-06,10000.00,2500.00,USD,Price increase
2667,CTR-2025-02667,604,105,Strategic,Active,2025-04-13,2028-04-12,10000.00,10000.00,USD,
2668,CTR-2024-02668,801,192,Spot,Expired,2024-03-04,2027-03-04,2500.00,0.00,USD,
2669,CTR-2024-02669,321,258,strategic ,Active,2024-05-01,2026-05-01,5000.00,10000.00,USD,
2670,CTR-2023-02670,447,273,Standard,Active,2023-09-19,2024-03-17,10000.00,0.00,GBP,
2671,CTR-2023-02671,1967,234,strategic ,active,2023-10-25,2024-10-24,500.00,1000.00,CAD,
2672,CTR-2025-02672,1844,147,Strategic,Active,2025-08-11,2027-08-11,2500.00,2500.00,EUR,
2673,CTR-2023-02673,1125,190,Spot,Active,2023-11-09,2024-11-08,5000.00,5000.00,CAD,
2674,CTR-2025-02674,1119,289,Standard,Active,2025-03-06,2026-03-06,1000.00,500.00,EUR,
2675,CTR-2023-02675,46,220,Strategic,active,2023-11-27,11/26/2024,25000.00,2500.00,USD,
2676,CTR-2023-02676,492,269,strategic ,Expired,2023-10-05,2024-10-04,10000.00,2500.00,USD,
2677,CTR-2023-02677,2430,14,Spot,Cancelled,2023-11-02,2024-11-01,1000.00,0.00,EUR,Price increase
2678,CTR-2023-02678,92,296,Spot,Expired,2023-01-31,2024-01-31,10000.00,0.00,USD,
2679,CTR-2024-02679,2477,82,Preferred,Expired,2024-06-26,2025-06-26,500.00,5000.00,USD,
2680,CTR-2023-02680,1289,239,Spot,Cancelled,2023-08-26,2026-08-25,10000.00,0.00,usd,Customer consolidation
2681,CTR-2024-02681,520,128,Preferred,Active,2024-07-26, 2025-01-22 ,2500.00,500.00,USD,
2682,CTR-2023-02682,1451,254,Spot,active,2023-01-16,2025-01-15,500.00,10000.00,USD,
2683,CTR-2025-02683,422,245,Preferred,Cancelled,2025-09-08,2028-09-07,10000.00,5000.00,USD,Price increase
2684,CTR-2025-02684,1891,156,Preferred,Active,2025-01-31,2028-01-31,2500.00,0.00,EUR,
2685,CTR-2025-02685,1614,257,strategic ,Active,2025-06-10,2026-06-10,5000.00,0.00,CAD,
2686,CTR-2024-02686,2256,295,strategic ,Active,2024-05-14,2026-05-14,25000.00,0.00,USD,
2687,CTR-2024-02687,2392,39,Spot,Suspended,2024-07-27,2025-07-27,500.00,10000.00,USD,
2688,CTR-2024-02688,2417,280,Preferred,Active,2024-05-09,09/05/2026,25000.00,500.00,USD,
2689,CTR-2024-02689,2071,258,Strategic,Active,2024-08-17,2025-02-13,500.00,500.00,USD,
2690,CTR-2023-02690,1930,280,Preferred,Expired,2023-02-20,2023-08-19,1000.00,500.00,USD,
2691,CTR-2024-02691,1226,289,strategic ,Suspended,2024-02-23,2025-02-22,500.00,5000.00,USD,
2692,CTR-2024-02692,2037,152,Spot,Active,2024-08-02,2026-08-02,25000.00,2500.00,USD,
2693,CTR-2025-02693,2132,82,Standard,Active,2025-07-02,2026-07-02,5000.00,5000.00,USD,
2694,CTR-2023-02694,653,289,Spot,Expired,2023-09-01,2024-08-31,500.00,2500.00,USD,
2695,CTR-2024-02695,280,108,Preferred,Active,2024-04-27,2025-04-27,5000.00,0.00,USD,
2696,CTR-2024-02696,1122,15,Standard,Suspended,2024-08-11,2025-08-11,1000.00,10000.00,USD,
2697,CTR-2025-02697,340,249,Strategic,Cancelled,2025-05-04,2025-10-31,5000.00,0.00,GBP, 
2698,CTR-2025-02698,19,296,Spot,Active,2025-08-21,2027-08-21,500.00,5000.00,USD,
2699,CTR-2023-02699,2257,241,Spot,active,2023-05-16,2025-05-15,2500.00,0.00,USD,
2700,CTR-2024-02700,2261,20,strategic ,active,2024-03-24,24/03/2027,25000.00,2500.00,EUR,
2701,CTR-2023-02701,554,12,Spot,Expired,2023-12-26,2024-06-23,2500.00,2500.00,USD,
2702,CTR-2025-02702,804,12,strategic ,Active,2025-05-10,2025-11-06,25000.00,500.00,CAD,
2703,CTR-2024-02703,208,30,strategic ,Expired,2024-02-08,2025-02-07,2500.00,5000.00,GBP,
2704,CTR-2023-02704,1422,106,Standard,Active,2023-05-04,2025-05-03,5000.00,10000.00,USD,
2705,CTR-2023-02705,1990,15,Preferred,Cancelled,2023-07-01,2023-12-28,25000.00,2500.00,CAD,Customer consolidation
2706,CTR-2023-02706,132,94,strategic ,Expired,2023-03-08,2026-03-07,500.00,2500.00,USD,
2707,CTR-2024-02707,675,30,strategic ,Active,2024-09-12,2025-09-12,2500.00,2500.00,USD,
2708,CTR-2025-02708,86,191,Standard,Active,2025-02-27,2026-02-27,500.00,0.00,USD,
2709,CTR-2024-02709,2144,183,strategic ,Suspended,2024-04-27,4/27/2027,25000.00,2500.00,USD,
2710,CTR-2025-02710,1554,149,Spot,Active,2025-05-12,2027-05-12,2500.00,5000.00,USD,
2711,CTR-2023-02711,2138,161,Standard,Expired,2023-01-26,2026-01-25,2500.00,0.00,USD,
2712,CTR-2024-02712,1010,156,strategic ,Active,2024-08-24,2027-08-24,5000.00,2500.00,CAD,
2713,CTR-2023-02713,49,14,Preferred,active,2023-10-11,2026-10-10,25000.00,10000.00,USD,
2714,CTR-2025-02714,2123,191,Standard,Expired,2025-08-18,14/02/2026,10000.00,0.00,GBP,
2715,CTR-2023-02715,2267,299,Strategic,Active,2023-06-12,2023-12-09,10000.00,5000.00,USD,
2716,CTR-2024-02716,263,156,strategic ,Active,2024-04-02,2024-09-29,5000.00,500.00,USD,
2717,CTR-2023-02717,2418,22,Preferred,Expired,2023-01-19,2025-01-18,1000.00,500.00,USD,
2718,CTR-2023-02718,595,257,Preferred,Active,2023-06-06,2023-12-03,5000.00,500.00,USD,
2719,CTR-2023-02719,469,149,Spot,Suspended,2023-09-21,2024-09-20,500.00,2500.00,USD,
2720,CTR-2025-02720,982,234,Spot,Cancelled,2025-03-08,2025-09-04,1000.00,0.00,USD,Unknown
2721,CTR-2023-02721,2101,258,strategic ,Active,2023-11-25,2024-11-24,1000.00,10000.00,USD,
2722,CTR-2023-02722,2249,146,Preferred,Expired,2023-05-15,2023-11-11,1000.00,0.00,USD,
2723,CTR-2025-02723,819,220,Standard,Expired,2025-06-21,2027-06-21,1000.00,2500.00,USD,
2724,CTR-2023-02724,1813,74,Spot,Cancelled,2023-03-25,2023-09-21,500.00,1000.00,USD,Unknown
2725,CTR-2024-02725,1975,161,Strategic,Active,2024-12-23,2025-06-21,1000.00,500.00,USD,
2726,CTR-2023-02726,1500,273,Standard,Active,2023-06-23,20/12/2023,25000.00,500.00,USD,
2727,CTR-2023-02727,2162,278,Spot,Suspended,2023-06-25,2026-06-24,10000.00,500.00,CAD,
2728,CTR-2024-02728,343,119,Preferred,Active,2024-05-01,5/1/2025,10000.00,2500.00,CAD,
2729,CTR-2024-02729,1730,218,Standard,Cancelled,2024-04-07,2024-10-04,10000.00,10000.00,USD,Service unreliability
2730,CTR-2023-02730,1839,79,Preferred,active,2023-07-08,2026-07-07,10000.00,0.00,USD,
2731,CTR-2025-02731,2059,273,strategic ,Expired,2025-04-02,2027-04-02,2500.00,500.00,EUR,
2732,CTR-2024-02732,2360,257,Strategic,active,2024-02-17,15/08/2024,10000.00,2500.00,USD,
2733,CTR-2025-02733,2175,249,strategic ,Active,2025-07-05,2026-07-05,1000.00,1000.00,CAD,
2734,CTR-2024-02734,1490,51,Standard,Active,2024-10-16,2025-04-14,2500.00,0.00,USD,
2735,CTR-2025-02735,1316,74,Strategic,Active,2025-06-06,2027-06-06,5000.00,0.00,EUR,
2736,CTR-2025-02736,715,231,Spot,Expired,2025-06-30,2028/06/29,10000.00,5000.00,GBP,
2737,CTR-2023-02737,2155,146,Strategic,Active,2023-06-24,2026-06-23,25000.00,1000.00,USD,
2738,CTR-2023-02738,2241,245,Spot,Expired,2023-03-22,2024-03-21,500.00,10000.00,USD,
2739,CTR-2024-02739,312,108,Standard,Cancelled,2024-12-07,2026-12-07,5000.00,2500.00,EUR,Service unreliability
2740,CTR-2025-02740,1427,248,strategic ,Cancelled,2025-05-28,2026-05-28,1000.00,2500.00,GBP, 
2741,CTR-2024-02741,1381,51,Preferred,Active,2024-05-23,2025-05-23,1000.00,500.00,USD,
2742,CTR-2024-02742,991,60,Strategic,Active,2024-03-17,2024-09-13,10000.00,5000.00,USD,
2743,CTR-2025-02743,87,191,Strategic,Active,2025-06-23,2026-06-23,1000.00,500.00,USD,
2744,CTR-2023-02744,920,242,Strategic,Expired,2023-09-15,2024-03-13,2500.00,500.00,USD,
2745,CTR-2024-02745,192,156,strategic ,Active,2024-01-14,2027-01-13,1000.00,500.00,USD,
2746,CTR-2024-02746,1905,295,Strategic,Active,2024-07-07,2027-07-07,500.00,1000.00,USD,
2747,CTR-2024-02747,1187,147,Strategic,Expired,2024-08-30,2026-08-30,2500.00,0.00,USD,
2748,CTR-2025-02748,841,183,Preferred,Active,2025-08-30,2026-08-30,5000.00,1000.00,USD,
2749,CTR-2023-02749,309,241,Standard,Active,2023-02-05,2023/08/04,500.00,2500.00,USD,
2750,CTR-2023-02750,321,257,Spot,Cancelled,2023-11-23,2024-11-22,25000.00,1000.00,USD, 
2751,CTR-2025-02751,145,192,Strategic,Active,2025-01-19,2027-01-19,500.00,10000.00,USD,
2752,CTR-2023-02752,626,296,strategic ,Active,2023-02-21,2026-02-20,1000.00,1000.00,usd,
2753,CTR-2023-02753,2130,296,Preferred,Suspended,2023-10-29,2026-10-28,500.00,5000.00,CAD,
2754,CTR-2023-02754,1609,108,Strategic,Expired,2023-02-25,2026-02-24,5000.00,5000.00,CAD,
2755,CTR-2024-02755,444,20,strategic ,Active,2024-07-12,7/12/2026,25000.00,500.00,USD,
2756,CTR-2024-02756,581,94,Spot,Cancelled,2024-09-30,2025-09-30,2500.00,2500.00,GBP, 
2757,CTR-2024-02757,1932,33,strategic ,Active,2024-02-03,2024-08-01,5000.00,1000.00,USD,
2758,CTR-2023-02758,2473,39,strategic ,Suspended,2023-01-13,2025/01/12,500.00,1000.00,USD,
2759,CTR-2025-02759,2007,51,Spot,active,2025-01-09,2026-01-09,500.00,2500.00,USD,
2760,CTR-2024-02760,2118,231,strategic ,Active,2024-05-18,2025-05-18,5000.00,5000.00,USD,
2761,CTR-2024-02761,2371,51,Spot,Active,2024-03-06,2025-03-06,1000.00,2500.00,USD,
2762,CTR-2025-02762,523,183,Spot,Active,2025-03-22,2027-03-22,500.00,2500.00,CAD,
2763,CTR-2024-02763,502,299,Standard,Active,2024-05-24,2027-05-24,2500.00,10000.00,USD,
2764,CTR-2024-02764,156,152,Preferred,Expired,2024-09-23,2027-09-23,500.00,2500.00,USD,
2765,CTR-2024-02765,1255,278,Preferred,Suspended,2024-04-24,2025-04-24,2500.00,2500.00,USD,
2766,CTR-2025-02766,2084,60,strategic ,Active,2025-09-23,2026-03-22,10000.00,10000.00,USD,
2767,CTR-2025-02767,2248,179,Spot,Active,2025-02-22,2027-02-22,2500.00,500.00,USD,
2768,CTR-2023-02768,302,257,Spot,Expired,2023-04-09,2026-04-08,25000.00,10000.00,EUR,
2769,CTR-2024-02769,1938,12,Preferred,Cancelled,2024-05-02,02/05/2025,1000.00,500.00,USD,Price increase
2770,CTR-2024-02770,2054,57,Preferred,Active,2024-12-06,2025-06-04,500.00,1000.00,USD,
2771,CTR-2025-02771,1308,236,strategic ,Suspended,2025-10-02,2026-10-02,1000.00,10000.00,USD,
2772,CTR-2023-02772,2193,33,Strategic,Active,2023-01-27,26/01/2026,25000.00,10000.00,EUR,
2773,CTR-2025-02773,1338,243,Spot,Cancelled,2025-04-20,2026-04-20,2500.00,2500.00,CAD,Unknown
2774,CTR-2025-02774,1641,242,Spot,Expired,2025-02-24,2027-02-24,5000.00,2500.00,CAD,
2775,CTR-2023-02775,492,269,Standard,active,2023-11-11,2024-05-09,5000.00,5000.00,USD,
2776,CTR-2023-02776,2023,22,strategic ,Active,2023-06-16,2024-06-15,25000.00,10000.00,USD,
2777,CTR-2024-02777,482,79,Standard,Active,2024-02-06, 2024-08-04 ,1000.00,10000.00,USD,
2778,CTR-2023-02778,101,64,Preferred,Active,2023-07-23,2025-07-22,2500.00,500.00,USD,
2779,CTR-2023-02779,1614,51,Standard,Active,2023-11-21, 2024-11-20 ,500.00,500.00,EUR,
2780,CTR-2025-02780,2318,201,Standard,Active,2025-09-28,2028-09-27,25000.00,10000.00,EUR,
2781,CTR-2023-02781,1604,257,Standard,Expired,2023-12-03,2024-12-02,10000.00,500.00,USD,
2782,CTR-2024-02782,1521,240,strategic ,Cancelled,2024-03-08,2025-03-08,2500.00,5000.00,USD,Unknown
2783,CTR-2023-02783,188,39,Preferred,Cancelled,2023-02-28,2025-02-27,1000.00,5000.00,USD,Price increase
2784,CTR-2023-02784,1165,146,Standard,Active,2023-09-27, 2026-09-26 ,25000.00,0.00,EUR,
2785,CTR-2024-02785,1484,121,Standard,Expired,2024-10-03,2027-10-03,10000.00,500.00,USD,
2786,CTR-2024-02786,84,201,Strategic,Expired,2024-11-18,2025-11-18,500.00,1000.00,EUR,
2787,CTR-2023-02787,2451,152,strategic ,Expired,2023-12-20,2024-12-19,2500.00,1000.00,GBP,
2788,CTR-2023-02788,1905,187,Standard,Active,2023-10-19,2025-10-18,2500.00,1000.00,USD,
2789,CTR-2025-02789,2459,30,Standard,Active,2025-01-04,2027-01-04,500.00,10000.00,USD,
2790,CTR-2024-02790,2109,278,Strategic,Active,2024-04-24,2026-04-24,2500.00,2500.00,USD,
2791,CTR-2025-02791,142,14,strategic ,Cancelled,2025-03-14,2028-03-13,10000.00,10000.00,USD,Moved to competitor
2792,CTR-2023-02792,495,147,Preferred,Active,2023-03-23,2026/03/22,10000.00,10000.00,USD,
2793,CTR-2025-02793,1931,269,Strategic,Expired,2025-03-10,2027-03-10,25000.00,5000.00,USD,
2794,CTR-2024-02794,588,26,strategic ,Active,2024-06-10,2026-06-10,25000.00,10000.00,USD,
2795,CTR-2023-02795,554,78,Spot,Expired,2023-09-19,2026-09-18,2500.00,500.00,usd,
2796,CTR-2025-02796,1350,241,Spot,Active,2025-07-04,2028-07-03,500.00,0.00,USD,
2797,CTR-2023-02797,1886,51,Spot,Expired,2023-02-16,2025-02-15,2500.00,1000.00,USD,
2798,CTR-2025-02798,576,190,Strategic,Active,2025-02-25,2028-02-25,500.00,0.00,GBP,
2799,CTR-2024-02799,1478,254,Standard,Expired,2024-09-13,2026-09-13,1000.00,0.00,usd,
2800,CTR-2023-02800,883,12,strategic ,Active,2023-07-19,2024-01-15,25000.00,1000.00,GBP,
2801,CTR-2023-02801,2474,231,Spot,Cancelled,2023-10-05,2024-04-02,25000.00,500.00,USD, 
2802,CTR-2023-02802,819,289,Preferred,Active,2023-05-03,2023-10-30,25000.00,0.00,GBP,
2803,CTR-2024-02803,2194,249,Standard,Active,2024-11-16,2025-11-16,10000.00,5000.00,USD,
2804,CTR-2025-02804,1318,106,Spot,Active,2025-04-28,4/28/2026,5000.00,10000.00,CAD,
2805,CTR-2023-02805,2242,231,Standard,active,2023-08-11,2025-08-10,10000.00,500.00,USD,
2806,CTR-2024-02806,802,210,Strategic,Active,2024-08-14,2027-08-14,1000.00,10000.00,USD,
2807,CTR-2023-02807,2002,82,strategic ,Suspended,2023-06-27,2026-06-26,5000.00,1000.00,EUR,
2808,CTR-2024-02808,1192,7,Strategic,Active,2024-05-25,2026-05-25,10000.00,5000.00,usd,
2809,CTR-2023-02809,1155,152,strategic ,Active,2023-02-17,2024-02-17,500.00,1000.00,GBP,
2810,CTR-2025-02810,303,193,Spot,Active,2025-05-15,2026-05-15,1000.00,1000.00,CAD,
2811,CTR-2023-02811,1588,149,Strategic,Active,2023-07-16,2026-07-15,2500.00,0.00,USD,
2812,CTR-2025-02812,1750,33,Strategic,Expired,2025-05-31,2027-05-31,1000.00,5000.00,usd,
2813,CTR-2023-02813,2349,94,Preferred,Cancelled,2023-06-24,2025-06-23,1000.00,1000.00,USD,Service unreliability
2814,CTR-2023-02814,1551,39,Preferred,active,2023-04-28,2024-04-27,2500.00,0.00,USD,
2815,CTR-2023-02815,713,51,Strategic,Active,2023-08-28,2025-08-27,1000.00,5000.00,USD,
2816,CTR-2024-02816,2478,240,Preferred,Expired,2024-11-24,2025-05-23,500.00,0.00,CAD,
2817,CTR-2025-02817,245,187,Standard,Active,2025-03-15,2026-03-15,1000.00,500.00,USD,
2818,CTR-2025-02818,1341,146,Spot,Suspended,2025-07-11,2027-07-11,1000.00,500.00,USD,
2819,CTR-2025-02819,2166,249,Strategic,Active,2025-04-26,2028-04-25,500.00,1000.00,USD,
2820,CTR-2024-02820,1287,7,Standard,Active,2024-12-24,2025-12-24,500.00,5000.00,USD,
2821,CTR-2025-02821,2358,236,Preferred,Active,2025-08-04,2027-08-04,1000.00,5000.00,usd,
2822,CTR-2023-02822,1702,190,Strategic,Suspended,2023-09-21,2025-09-20,10000.00,500.00,USD,
2823,CTR-2024-02823,479,218,strategic ,Active,2024-05-08,2027-05-08,5000.00,2500.00,USD,
2824,CTR-2023-02824,332,193,strategic ,active,2023-03-28,2025-03-27,25000.00,10000.00,GBP,
2825,CTR-2024-02825,2228,240,strategic ,Expired,2024-06-12,2025-06-12,500.00,5000.00,GBP,
2826,CTR-2024-02826,1475,152,Spot,Expired,2024-08-25,2026-08-25,5000.00,2500.00,USD,
2827,CTR-2024-02827,433,146,Standard,Expired,2024-03-08,3/8/2025,500.00,1000.00,usd,
2828,CTR-2025-02828,1801,51,strategic ,Active,2025-08-13,2026-08-13,25000.00,10000.00,USD,
2829,CTR-2024-02829,552,14,Spot,Expired,2024-01-21,2026-01-20,2500.00,500.00,USD,
2830,CTR-2023-02830,525,121,strategic ,Active,2023-12-07,2025-12-06,500.00,500.00,usd,
2831,CTR-2025-02831,1641,257,strategic ,Expired,2025-07-05,2028-07-04,2500.00,10000.00,USD,
2832,CTR-2024-02832,566,119,strategic ,Active,2024-02-15,2025-02-14,5000.00,5000.00,USD,
2833,CTR-2024-02833,776,190,Standard,Active,2024-09-30,2025-03-29,25000.00,10000.00,USD,
2834,CTR-2023-02834,2021,67,strategic ,active,2023-06-18,2026-06-17,25000.00,5000.00,USD,
2835,CTR-2025-02835,153,74,Preferred,Active,2025-09-29,2026-09-29,10000.00,500.00,GBP,
2836,CTR-2023-02836,2114,39,Standard,Active,2023-08-18,2024-08-17,10000.00,500.00,USD,
2837,CTR-2023-02837,130,269,Standard,Active,2023-01-08,08/01/2024,10000.00,500.00,USD,
2838,CTR-2024-02838,283,258,Strategic,Active,2024-01-05,2026-01-04,1000.00,10000.00,USD,
2839,CTR-2025-02839,1081,295,Standard,Cancelled,2025-07-22,2027-07-22,10000.00,10000.00,USD,Price increase
2840,CTR-2025-02840,1187,41,Spot,Active,2025-04-22,2027-04-22,500.00,500.00,GBP,
2841,CTR-2023-02841,623,22,Strategic,Active,2023-02-09,2026-02-08,5000.00,5000.00,USD,
2842,CTR-2024-02842,1070,220,strategic ,active,2024-01-19,2025-01-18,500.00,0.00,CAD,
2843,CTR-2023-02843,2315,290,strategic ,Active,2023-10-20,2024-10-19,500.00,1000.00,USD,
2844,CTR-2023-02844,729,60,Preferred,Cancelled,2023-01-29,7/28/2023,1000.00,500.00,USD,Moved to competitor
2845,CTR-2024-02845,769,39,Spot,Cancelled,2024-12-21,6/19/2025,500.00,5000.00,USD,Service unreliability
2846,CTR-2023-02846,1898,245,Strategic,Suspended,2023-08-15,2024-02-11,2500.00,0.00,CAD,
2847,CTR-2024-02847,1214,296,strategic ,Active,2024-06-27,27/06/2027,5000.00,10000.00,GBP,
2848,CTR-2024-02848,1905,161,Strategic,Expired,2024-11-19,5/18/2025,25000.00,0.00,CAD,
2849,CTR-2023-02849,2061,26,strategic ,Active,2023-03-26,2025-03-25,5000.00,10000.00,usd,
2850,CTR-2024-02850,281,121,Preferred,active,2024-06-10, 2025-06-10 ,10000.00,10000.00,USD,
2851,CTR-2025-02851,4,14,strategic ,Active,2025-05-08,2028-05-07,10000.00,0.00,USD,
2852,CTR-2023-02852,1741,68,Strategic,Active,2023-08-17,2025-08-16,10000.00,5000.00,USD,
2853,CTR-2025-02853,1669,14,Spot,Suspended,2025-08-11,8/11/2027,2500.00,2500.00,USD,
2854,CTR-2023-02854,1124,249,strategic ,Active,2023-09-24,2024-03-22,25000.00,0.00,USD,
2855,CTR-2023-02855,1145,262,Spot,Cancelled,2023-12-26,2025-12-25,10000.00,500.00,EUR,Price increase
2856,CTR-2023-02856,1056,161,strategic ,Active,2023-03-15,2026-03-14,2500.00,500.00,USD,
2857,CTR-2025-02857,1942,108,strategic ,Active,2025-01-29,2027-01-29,5000.00,5000.00,USD,
2858,CTR-2024-02858,1083,218,Strategic,Active,2024-10-26,4/24/2025,1000.00,5000.00,USD,
2859,CTR-2025-02859,1113,290,Spot,Cancelled,2025-05-21,2026-05-21,2500.00,0.00,GBP,Service unreliability
2860,CTR-2025-02860,1783,121,Spot,Active,2025-07-11,2026-01-07,25000.00,10000.00,USD,
2861,CTR-2023-02861,391,165,Preferred,Active,2023-08-02,2025-08-01,2500.00,2500.00,USD,
2862,CTR-2023-02862,2167,108,Spot,Active,2023-12-24,2024-06-21,1000.00,5000.00,GBP,
2863,CTR-2023-02863,2500,68,Standard,Suspended,2023-07-04,2024-07-03,10000.00,10000.00,USD,
2864,CTR-2024-02864,1199,146,Strategic,Active,2024-09-25,2027-09-25,500.00,0.00,USD,
2865,CTR-2023-02865,1294,39,Preferred,Cancelled,2023-04-26,2023-10-23,500.00,10000.00,USD,Moved to competitor
2866,CTR-2024-02866,2251,290,Spot,Active,2024-01-23,2024-07-21,5000.00,10000.00,USD,
2867,CTR-2023-02867,25,161,Spot,Suspended,2023-03-27,2023-09-23,5000.00,500.00,USD,
2868,CTR-2023-02868,2080,108,Standard,active,2023-07-18,2024-07-17,25000.00,2500.00,USD,
2869,CTR-2024-02869,2114,57,Strategic,Active,2024-09-04,2026/09/04,2500.00,10000.00,usd,
2870,CTR-2023-02870,1947,161,Spot,Active,2023-01-28,2025-01-27,500.00,500.00,EUR,
2871,CTR-2023-02871,841,108,Strategic,Active,2023-07-11,2024-01-07,1000.00,2500.00,EUR,
2872,CTR-2023-02872,542,295,Standard,Cancelled,2023-07-10,2026-07-09,1000.00,500.00,USD, 
2873,CTR-2024-02873,2107,15,Spot,Expired,2024-10-20,2025-04-18,500.00,1000.00,USD,
2874,CTR-2025-02874,1432,12,Preferred,Active,2025-08-21,2026-02-17,500.00,1000.00,USD,
2875,CTR-2025-02875,915,79,Strategic,Cancelled,2025-04-08,2026-04-08,1000.00,5000.00,USD,Unknown
2876,CTR-2025-02876,1182,140,Standard,Active,2025-10-03,2027-10-03,5000.00,10000.00,CAD,
2877,CTR-2024-02877,1641,242,Preferred,Active,2024-01-11,2026-01-10,500.00,5000.00,usd,
2878,CTR-2024-02878,1159,165,strategic ,Active,2024-05-24,2027-05-24,500.00,10000.00,GBP,
2879,CTR-2025-02879,1372,140,strategic ,Active,2025-04-28,4/27/2028,25000.00,1000.00,USD,
2880,CTR-2023-02880,2248,262,Spot,Active,2023-06-19,2025-06-18,25000.00,5000.00,USD,
2881,CTR-2023-02881,1826,252,Spot,Suspended,2023-09-07,2024-09-06,2500.00,500.00,GBP,
2882,CTR-2023-02882,2451,183,Standard,Active,2023-09-21,2024-09-20,2500.00,2500.00,USD,
2883,CTR-2023-02883,1671,179,strategic ,Active,2023-09-23,2025-09-22,500.00,5000.00,USD,
2884,CTR-2023-02884,1657,210,Spot,Expired,2023-07-06,2024-07-05,500.00,1000.00,USD,
2885,CTR-2025-02885,989,67,strategic ,Active,2025-08-16,16/08/2026,500.00,2500.00,USD,
2886,CTR-2023-02886,2448,82,Preferred,active,2023-12-13,2024-06-10,10000.00,5000.00,EUR,
2887,CTR-2025-02887,1210,156,strategic ,Suspended,2025-08-26,2027-08-26,500.00,5000.00,USD,
2888,CTR-2024-02888,2204,267,strategic ,Expired,2024-06-06,6/6/2025,500.00,500.00,USD,
2889,CTR-2025-02889,10,83,Preferred,Active,2025-10-15,2028-10-14,25000.00,1000.00,USD,
2890,CTR-2024-02890,2017,41,Standard,Suspended,2024-12-18,2025-12-18,25000.00,2500.00,CAD,
2891,CTR-2024-02891,1744,190,Preferred,Suspended,2024-01-06,2024/07/04,500.00,5000.00,USD,
2892,CTR-2023-02892,854,220,Spot,Cancelled,2023-07-31,2024-07-30,10000.00,10000.00,USD,Price increase
2893,CTR-2024-02893,1811,22,Spot,Active,2024-12-07,2026-12-07,5000.00,2500.00,USD,
2894,CTR-2024-02894,2431,234,Spot,Active,2024-10-10,2025-10-10,500.00,10000.00,CAD,
2895,CTR-2023-02895,2024,64,Preferred,Active,2023-02-05,2024-02-05,500.00,0.00,USD,
2896,CTR-2023-02896,316,258,strategic ,Expired,2023-02-02,2024-02-02,500.00,0.00,USD,
2897,CTR-2025-02897,1308,146,Strategic,Active,2025-07-25,2026-07-25,10000.00,5000.00,USD,
2898,CTR-2023-02898,743,174,strategic ,Cancelled,2023-08-31,2026-08-30,5000.00,5000.00,USD,Moved to competitor
2899,CTR-2023-02899,1897,33,Preferred,Active,2023-01-30,1/29/2025,5000.00,2500.00,USD,
2900,CTR-2024-02900,1253,249,strategic ,Active,2024-11-27,2026-11-27,10000.00,5000.00,USD,
2901,CTR-2024-02901,1211,236,strategic ,Expired,2024-10-06,2027-10-06,10000.00,10000.00,USD,
2902,CTR-2024-02902,2349,108,Standard,Active,2024-04-04,4/4/2025,25000.00,500.00,USD,
2903,CTR-2025-02903,1854,191,Preferred,Active,2025-04-21,2025-10-18,1000.00,500.00,USD,
2904,CTR-2024-02904,865,26,Strategic,Expired,2024-11-15, 2027-11-15 ,2500.00,0.00,EUR,
2905,CTR-2023-02905,928,41,strategic ,Expired,2023-02-05,2025-02-04,25000.00,500.00,USD,
2906,CTR-2025-02906,1508,226,Spot,Cancelled,2025-01-29,2028-01-29,2500.00,5000.00,GBP, 
2907,CTR-2024-02907,1659,201,Preferred,Active,2024-08-12,2025-08-12,500.00,2500.00,USD,
2908,CTR-2023-02908,1162,210,Preferred,Active,2023-02-09,2026-02-08,500.00,0.00,usd,
2909,CTR-2025-02909,1279,119,Standard,Cancelled,2025-07-30,2027-07-30,10000.00,500.00,EUR,Moved to competitor
2910,CTR-2023-02910,443,257,Spot,Expired,2023-01-24,2025-01-23,2500.00,0.00,USD,
2911,CTR-2025-02911,1091,79,strategic ,Expired,2025-10-11,2026-10-11,2500.00,1000.00,USD,
2912,CTR-2023-02912,245,220,Preferred,Expired,2023-02-09,2024-02-09,500.00,1000.00,USD,
2913,CTR-2025-02913,244,190,Standard,active,2025-05-20,2026-05-20,500.00,2500.00,USD,
2914,CTR-2023-02914,390,82,Spot,Active,2023-04-19,2023-10-16,1000.00,2500.00,USD,
2915,CTR-2025-02915,1358,241,Standard,Active,2025-09-17,2026-03-16,10000.00,0.00,USD,
2916,CTR-2023-02916,639,192,Preferred,Active,2023-01-14,2024-01-14,5000.00,1000.00,USD,
2917,CTR-2024-02917,2016,280,Strategic,Expired,2024-05-19,2025-05-19,1000.00,2500.00,USD,
2918,CTR-2023-02918,40,41,Standard,Active,2023-02-23,2024-02-23,25000.00,10000.00,USD,
2919,CTR-2025-02919,1926,269,strategic ,Expired,2025-09-13,2026-09-13,10000.00,2500.00,EUR,
2920,CTR-2023-02920,2242,191,Standard,Cancelled,2023-01-26,2024-01-26,2500.00,0.00,EUR,Price increase
2921,CTR-2024-02921,2078,79,Preferred,Active,2024-01-13,7/11/2024,5000.00,500.00,USD,
2922,CTR-2025-02922,583,67,Standard,Active,2025-06-08,2025-12-05,10000.00,500.00,CAD,
2923,CTR-2025-02923,1553,15,Standard,Active,2025-04-30,2025-10-27,500.00,10000.00,USD,
2924,CTR-2024-02924,1994,201,strategic ,Active,2024-09-27,26/03/2025,500.00,5000.00,USD,
2925,CTR-2025-02925,2421,218,Strategic,Expired,2025-01-29,2026-01-29,1000.00,0.00,usd,
2926,CTR-2025-02926,2391,245,strategic ,Suspended,2025-04-27,2027-04-27,5000.00,2500.00,usd,
2927,CTR-2023-02927,256,248,strategic ,Cancelled,2023-03-14,2026-03-13,10000.00,1000.00,USD,Price increase
2928,CTR-2025-02928,1300,258,Preferred,Active,2025-01-13,2025-07-12,1000.00,5000.00,USD,
2929,CTR-2025-02929,1388,51,Strategic,Expired,2025-08-05,2026-08-05,500.00,0.00,USD,
2930,CTR-2025-02930,1554,128,strategic ,Active,2025-03-27,2025-09-23,2500.00,500.00,USD,
2931,CTR-2023-02931,1339,57,Standard,Expired,2023-09-17,2024-03-15,2500.00,5000.00,EUR,
2932,CTR-2025-02932,2318,231,Standard,Active,2025-09-11,2026/09/11,500.00,500.00,EUR,
2933,CTR-2024-02933,1610,26,Preferred,Expired,2024-01-22,2025-01-21,25000.00,500.00,USD,
2934,CTR-2023-02934,771,236,Preferred,Cancelled,2023-11-03,2025-11-02,25000.00,0.00,CAD, 
2935,CTR-2024-02935,856,79,strategic ,Cancelled,2024-06-18,6/18/2027,500.00,500.00,USD,Unknown
2936,CTR-2023-02936,1387,41,Strategic,active,2023-10-03,2026-10-02,2500.00,2500.00,USD,
2937,CTR-2024-02937,387,82,Standard,Cancelled,2024-03-06,2026-03-06,2500.00,5000.00,CAD,Unknown
2938,CTR-2023-02938,333,69,Strategic,Expired,2023-09-30,2025-09-29,1000.00,10000.00,USD,
2939,CTR-2023-02939,2410,7,Preferred,Expired,2023-09-05,2026-09-04,25000.00,0.00,EUR,
2940,CTR-2023-02940,2143,82,Preferred,Active,2023-07-24,20/01/2024,2500.00,500.00,USD,
2941,CTR-2024-02941,1356,234,Preferred,Active,2024-10-21,2025-10-21,10000.00,1000.00,USD,
2942,CTR-2025-02942,966,149,Spot,Active,2025-06-11,2027-06-11,5000.00,500.00,CAD,
2943,CTR-2025-02943,620,280,Preferred,Active,2025-07-03,2026-07-03,10000.00,0.00,USD,
2944,CTR-2023-02944,2428,267,Standard,Active,2023-06-01,2023-11-28,5000.00,10000.00,USD,
2945,CTR-2024-02945,1167,239,strategic ,Cancelled,2024-09-20,2025-09-20,5000.00,5000.00,EUR,Moved to competitor
2946,CTR-2023-02946,1580,187,Standard,Active,2023-07-15,14/07/2024,2500.00,2500.00,USD,
2947,CTR-2024-02947,77,22,strategic ,Suspended,2024-07-09,2025/07/09,500.00,1000.00,USD,
2948,CTR-2023-02948,597,249,strategic ,Active,2023-08-07,2024-02-03,10000.00,500.00,usd,
2949,CTR-2023-02949,100,15,strategic ,Expired,2023-05-31,2024-05-30,1000.00,10000.00,USD,
2950,CTR-2024-02950,1417,266,strategic ,Active,2024-05-23,2027-05-23,5000.00,2500.00,USD,
2951,CTR-2023-02951,1195,269,Preferred,Active,2023-05-31,2023-11-27,10000.00,1000.00,USD,
2952,CTR-2025-02952,1543,273,Spot,Expired,2025-06-30,2028-06-29,500.00,5000.00,USD,
2953,CTR-2023-02953,208,239,Preferred,active,2023-01-23,2023-07-22,25000.00,10000.00,USD,
2954,CTR-2024-02954,1629,149,Spot,active,2024-05-26,2025-05-26,5000.00,5000.00,CAD,
2955,CTR-2025-02955,313,220,Standard,Active,2025-01-26,2025-07-25,500.00,500.00,usd,
2956,CTR-2023-02956,1698,273,Preferred,Expired,2023-09-18,2024-09-17,500.00,5000.00,GBP,
2957,CTR-2023-02957,920,226,Standard,Active,2023-07-11,2024-07-10,1000.00,500.00,EUR,
2958,CTR-2024-02958,1418,156,Standard,Cancelled,2024-10-31,2026-10-31,500.00,5000.00,USD,Customer consolidation
2959,CTR-2025-02959,472,165,strategic ,Active,2025-08-07,2028-08-06,2500.00,10000.00,CAD,
2960,CTR-2025-02960,2186,82,Preferred,Expired,2025-09-15,2026/03/14,500.00,0.00,USD,
2961,CTR-2023-02961,402,179,Strategic,Expired,2023-07-08,2024-07-07,25000.00,500.00,USD,
2962,CTR-2023-02962,582,273,Standard,Active,2023-06-06,2026-06-05,500.00,1000.00,USD,
2963,CTR-2025-02963,841,179,strategic ,Active,2025-04-29,2026-04-29,2500.00,500.00,USD,
2964,CTR-2024-02964,884,41,Spot,Active,2024-08-14,2025-08-14,5000.00,500.00,CAD,
2965,CTR-2025-02965,770,249,Preferred,Active,2025-01-14,2026-01-14,5000.00,0.00,GBP,
2966,CTR-2023-02966,915,83,Spot,Active,2023-07-12,2025-07-11,5000.00,10000.00,GBP,
2967,CTR-2024-02967,56,280,strategic ,Expired,2024-05-29,2025-05-29,10000.00,1000.00,USD,
2968,CTR-2023-02968,893,152,Standard,Active,2023-10-30,10/29/2025,10000.00,0.00,USD,
2969,CTR-2025-02969,1603,190,Preferred,Active,2025-04-19,2025-10-16,1000.00,5000.00,EUR,
2970,CTR-2023-02970,307,68,Spot,Expired,2023-06-22,2025-06-21,25000.00,500.00,USD,
2971,CTR-2024-02971,72,249,Standard,Active,2024-08-29,2025-08-29,25000.00,2500.00,USD,
2972,CTR-2023-02972,1591,20,Preferred,Active,2023-03-29,2024-03-28,25000.00,5000.00,USD,
2973,CTR-2024-02973,1745,60,Strategic,Active,2024-04-13,2025-04-13,5000.00,5000.00,GBP,
2974,CTR-2023-02974,2471,249,strategic ,Cancelled,2023-06-23,2026-06-22,10000.00,10000.00,CAD,Price increase
2975,CTR-2024-02975,780,69,Standard,Active,2024-01-11,2025-01-10,2500.00,500.00,USD,
2976,CTR-2023-02976,1,82,Spot,Active,2023-12-23,2024-12-22,10000.00,10000.00,EUR,
2977,CTR-2024-02977,938,140,Spot,Active,2024-06-01,2024-11-28,5000.00,0.00,CAD,
2978,CTR-2024-02978,2167,12,Preferred,active,2024-12-18,2026-12-18,5000.00,5000.00,CAD,
2979,CTR-2024-02979,1189,94,Spot,active,2024-12-05,2025-12-05,25000.00,0.00,USD,
2980,CTR-2023-02980,1566,226,Standard,Active,2023-03-20,2023-09-16,500.00,0.00,USD,
2981,CTR-2023-02981,2238,258,strategic ,Active,2023-10-21,2024-10-20,500.00,10000.00,USD,
2982,CTR-2025-02982,580,67,Standard,Active,2025-01-28,2025-07-27,2500.00,500.00,CAD,
2983,CTR-2024-02983,1000,94,Standard,Expired,2024-09-27,2025-09-27,500.00,0.00,USD,
2984,CTR-2024-02984,1858,146,Standard,Suspended,2024-01-01,2024-12-31,5000.00,2500.00,USD,
2985,CTR-2024-02985,1613,201,Standard,Active,2024-05-12,2026-05-12,2500.00,0.00,USD,
2986,CTR-2025-02986,956,74,strategic ,Active,2025-07-19,2026-07-19,5000.00,10000.00,EUR,
2987,CTR-2025-02987,1779,128,Strategic,Cancelled,2025-04-29,2027-04-29,5000.00,500.00,USD,Price increase
2988,CTR-2024-02988,95,68,Standard,Cancelled,2024-11-07,2025-05-06,5000.00,500.00,USD,Moved to competitor
2989,CTR-2023-02989,1462,273,Preferred,Active,2023-02-26,2024-02-26,2500.00,10000.00,USD,
2990,CTR-2025-02990,613,82,Spot,Active,2025-08-16,2026-08-16,25000.00,5000.00,USD,
2991,CTR-2024-02991,1294,26,Preferred,Expired,2024-11-19,19/11/2025,500.00,5000.00,USD,
2992,CTR-2023-02992,1587,39,strategic ,Active,2023-05-28,2025-05-27,2500.00,0.00,USD,
2993,CTR-2023-02993,996,149,Preferred,Suspended,2023-03-30, 2024-03-29 ,500.00,5000.00,USD,
2994,CTR-2023-02994,106,249,Preferred,active,2023-11-26,2024-11-25,1000.00,10000.00,USD,
2995,CTR-2023-02995,2297,69,Standard,Active,2023-06-05,2026-06-04,1000.00,10000.00,USD,
2996,CTR-2024-02996,2178,14,Spot,Suspended,2024-01-23,1/22/2027,1000.00,10000.00,USD,
2997,CTR-2024-02997,871,152,Standard,Expired,2024-02-21,2024-08-19,1000.00,0.00,USD,
2998,CTR-2023-02998,2330,210,strategic ,Active,2023-08-15,2025-08-14,5000.00,1000.00,USD,
2999,CTR-2023-02999,457,51,Spot,active,2023-05-03,2024-05-02,2500.00,500.00,USD,
3000,CTR-2023-03000,2138,64,Spot,Active,2023-10-06,05/10/2024,500.00,2500.00,USD,
3001,CTR-2023-03001,913,262,Standard,Active,2023-07-04,2024-07-03,25000.00,10000.00,USD,
3002,CTR-2024-03002,1544,252,Preferred,Active,2024-05-10, 2025-05-10 ,25000.00,10000.00,usd,
3003,CTR-2024-03003,1110,220,Spot,Active,2024-01-31,2025-01-30,2500.00,0.00,GBP,
3004,CTR-2024-03004,750,128,Strategic,Cancelled,2024-01-27,2027-01-26,10000.00,1000.00,GBP,Customer consolidation
3005,CTR-2025-03005,2433,289,strategic ,Active,2025-05-09,2027-05-09,5000.00,10000.00,USD,
3006,CTR-2025-03006,1736,14,Standard,Expired,2025-04-15,2027-04-15,1000.00,1000.00,USD,
3007,CTR-2023-03007,1824,266,Strategic,Active,2023-01-14,14/01/2024,25000.00,10000.00,USD,
3008,CTR-2023-03008,2149,14,Standard,Active,2023-04-25,2024-04-24,25000.00,0.00,USD,
3009,CTR-2024-03009,1443,20,Preferred,Active,2024-03-30,2025-03-30,25000.00,500.00,USD,
3010,CTR-2025-03010,1851,20,Spot,Active,2025-06-09,2026-06-09,500.00,2500.00,USD,
3011,CTR-2024-03011,1978,78,Spot,Active,2024-05-27,2025-05-27,1000.00,500.00,USD,
3012,CTR-2023-03012,1582,273,Standard,Active,2023-04-10,2024-04-09,500.00,1000.00,USD,
3013,CTR-2025-03013,177,210,Preferred,Cancelled,2025-01-02,02/01/2028,500.00,2500.00,USD,Moved to competitor
3014,CTR-2025-03014,2182,39,Strategic,Expired,2025-04-13,2026-04-13,2500.00,1000.00,GBP,
3015,CTR-2024-03015,1245,149,Strategic,Active,2024-03-21,2027-03-21,500.00,2500.00,USD,
3016,CTR-2024-03016,859,278,Preferred,Expired,2024-03-29,2025-03-29,5000.00,10000.00,GBP,
3017,CTR-2023-03017,709,83,Standard,Expired,2023-06-30,2026-06-29,10000.00,1000.00,CAD,
3018,CTR-2024-03018,1055,266,Strategic,Expired,2024-04-24,21/10/2024,5000.00,2500.00,USD,
3019,CTR-2024-03019,601,192,Spot,Expired,2024-02-10,2027-02-09,5000.00,2500.00,USD,
3020,CTR-2025-03020,1062,273,Standard,Expired,2025-04-20,2027-04-20,5000.00,500.00,USD,
3021,CTR-2025-03021,21,146,Preferred,active,2025-06-19,2026-06-19,1000.00,500.00,USD,
3022,CTR-2025-03022,2084,146,Spot,Expired,2025-04-18,2026-04-18,2500.00,10000.00,USD,
3023,CTR-2023-03023,1194,64,strategic ,Active,2023-05-28,2026-05-27,25000.00,0.00,USD,
3024,CTR-2023-03024,1288,187,Standard,Active,2023-02-22,2024-02-22,25000.00,1000.00,USD,
3025,CTR-2023-03025,945,191,Strategic,Active,2023-09-03,2024-09-02,2500.00,5000.00,USD,
3026,CTR-2024-03026,2108,243,Standard,Active,2024-12-12,12/12/2027,5000.00,2500.00,USD,
3027,CTR-2023-03027,815,156,Preferred,Active,2023-08-21,2024-08-20,500.00,10000.00,USD,
3028,CTR-2024-03028,788,254,Strategic,Expired,2024-02-28,2024-08-26,5000.00,10000.00,USD,
3029,CTR-2024-03029,536,266,Preferred,Active,2024-12-05,2025-12-05,5000.00,500.00,USD,
3030,CTR-2025-03030,1270,152,Preferred,Expired,2025-06-30,2027-06-30,10000.00,5000.00,USD,
3031,CTR-2024-03031,211,146,Strategic,Expired,2024-01-18,2027-01-17,500.00,5000.00,GBP,
3032,CTR-2024-03032,531,266,Strategic,Cancelled,2024-11-29,29/11/2027,10000.00,500.00,EUR,Moved to competitor
3033,CTR-2023-03033,2072,147,strategic ,Active,2023-06-01,2026-05-31,25000.00,10000.00,USD,
3034,CTR-2024-03034,2391,79,Standard,Active,2024-05-29,2025-05-29,10000.00,500.00,USD,
3035,CTR-2023-03035,2341,245,Spot,Cancelled,2023-07-23,2025-07-22,25000.00,2500.00,USD,Unknown
3036,CTR-2024-03036,1086,30,Standard,Active,2024-12-18,2027-12-18,2500.00,500.00,GBP,
3037,CTR-2024-03037,1382,191,Spot,Active,2024-04-18,18/04/2026,2500.00,0.00,CAD,
3038,CTR-2024-03038,471,19,strategic ,Expired,2024-04-24,2024-10-21,25000.00,0.00,USD,
3039,CTR-2024-03039,1885,39,Standard,Expired,2024-09-25,2026-09-25,500.00,10000.00,USD,
3040,CTR-2025-03040,727,19,Spot,Cancelled,2025-05-02, 2026-05-02 ,1000.00,10000.00,USD,Moved to competitor
3041,CTR-2023-03041,472,12,Preferred,Active,2023-10-20,2024-04-17,2500.00,500.00,usd,
3042,CTR-2025-03042,2390,280,strategic ,Active,2025-07-30,2028-07-29,10000.00,2500.00,EUR,
3043,CTR-2023-03043,338,239,Preferred,active,2023-06-28,2025-06-27,2500.00,500.00,USD,
3044,CTR-2023-03044,2490,266,strategic ,Active,2023-05-14,2026-05-13,1000.00,500.00,USD,
3045,CTR-2025-03045,1934,269,Standard,Active,2025-09-26,2026-03-25,10000.00,0.00,USD,
3046,CTR-2025-03046,281,187,Standard,Expired,2025-05-27,2027-05-27,1000.00,2500.00,USD,
3047,CTR-2024-03047,2456,280,Standard,Active,2024-02-10,2027-02-09,10000.00,2500.00,USD,
3048,CTR-2024-03048,1503,147,Spot,Active,2024-11-27,2025-11-27,10000.00,5000.00,USD,
3049,CTR-2023-03049,2355,262,Strategic,Expired,2023-10-28,2024-10-27,500.00,2500.00,CAD,
3050,CTR-2023-03050,1464,267,Strategic,Expired,2023-01-06,05/01/2026,5000.00,0.00,USD,
3051,CTR-2023-03051,393,252,strategic ,Cancelled,2023-04-07,2024-04-06,10000.00,10000.00,CAD,Moved to competitor
3052,CTR-2023-03052,132,22,strategic ,Active,2023-08-08,2024-08-07,1000.00,500.00,USD,
3053,CTR-2024-03053,102,187,Spot,Suspended,2024-04-02,29/09/2024,1000.00,10000.00,USD,
3054,CTR-2024-03054,1401,299,Strategic,Cancelled,2024-07-04,7/4/2025,1000.00,0.00,CAD,Customer consolidation
3055,CTR-2024-03055,1076,82,Strategic,Expired,2024-03-03,2025-03-03,5000.00,500.00,USD,
3056,CTR-2024-03056,1300,269,strategic ,Cancelled,2024-12-29,2025-12-29,1000.00,0.00,USD, 
3057,CTR-2025-03057,1297,165,Spot,Active,2025-07-19,2026-07-19,25000.00,10000.00,USD,
3058,CTR-2024-03058,47,156,Spot,Active,2024-07-25,2025-07-25,5000.00,500.00,USD,
3059,CTR-2025-03059,445,108,Strategic,Cancelled,2025-10-14,2026-10-14,500.00,10000.00,usd,Service unreliability
3060,CTR-2025-03060,724,290,strategic ,active,2025-05-18,2025-11-14,500.00,1000.00,USD,
3061,CTR-2023-03061,850,278,Strategic,Active,2023-12-15,2025-12-14,25000.00,1000.00,USD,
3062,CTR-2023-03062,611,310,strategic ,Cancelled,2023-05-03,2026-05-02,5000.00,500.00,USD,Unknown
3063,CTR-2025-03063,604,234,Strategic,Expired,2025-07-18,2026-07-18,10000.00,5000.00,USD,
3064,CTR-2025-03064,920,289,strategic ,active,2025-03-14,14/03/2026,1000.00,2500.00,USD,
3065,CTR-2023-03065,583,161,Standard,Active,2023-02-05,2026-02-04,500.00,1000.00,USD,
3066,CTR-2025-03066,1083,147,Preferred,Expired,2025-01-13,2028-01-13,10000.00,1000.00,USD,
3067,CTR-2025-03067,228,67,strategic ,Active,2025-09-26, 2026-03-25 ,500.00,500.00,USD,
3068,CTR-2025-03068,2086,128,Standard,Active,2025-06-17,2028-06-16,1000.00,5000.00,EUR,
3069,CTR-2025-03069,1322,296,Strategic,Cancelled,2025-02-04,2026-02-04,500.00,10000.00,USD,Price increase
3070,CTR-2024-03070,2217,108,Strategic,Active,2024-12-15,2025-12-15,2500.00,1000.00,CAD,
3071,CTR-2023-03071,423,218,strategic ,Active,2023-10-18,2024-04-15,1000.00,500.00,CAD,
3072,CTR-2024-03072,1742,226,Standard,Active,2024-06-12,2027-06-12,1000.00,10000.00,USD,
3073,CTR-2023-03073,732,128,Standard,Expired,2023-07-02,2025-07-01,5000.00,1000.00,USD,
3074,CTR-2023-03074,2347,82,Preferred,Active,2023-11-22,21/11/2025,500.00,500.00,USD,
3075,CTR-2024-03075,1461,310,strategic ,Active,2024-08-19,8/19/2025,2500.00,2500.00,USD,
3076,CTR-2024-03076,1970,240,Preferred,Suspended,2024-04-05,2026-04-05,25000.00,1000.00,USD,
3077,CTR-2023-03077,915,108,Strategic,Active,2023-03-19,2024-03-18,2500.00,10000.00,USD,
3078,CTR-2025-03078,1908,187,Preferred,Suspended,2025-08-19,2027-08-19,2500.00,0.00,GBP,
3079,CTR-2024-03079,662,248,Strategic,Active,2024-08-18,2025-02-14,5000.00,5000.00,EUR,
3080,CTR-2024-03080,1532,19,Preferred,Active,2024-08-07,2026-08-07,25000.00,0.00,usd,
3081,CTR-2024-03081,1158,74,Standard,Active,2024-05-28,5/28/2027,5000.00,5000.00,USD,
3082,CTR-2023-03082,2121,278,Strategic,Active,2023-01-24,2024-01-24,1000.00,5000.00,CAD,
3083,CTR-2024-03083,279,140,strategic ,Suspended,2024-05-07,2025-05-07,10000.00,1000.00,EUR,
3084,CTR-2024-03084,2171,67,Standard,Active,2024-12-28,28/12/2025,1000.00,10000.00,USD,
3085,CTR-2023-03085,1768,161,Preferred,Expired,2023-08-01,2024-07-31,25000.00,10000.00,USD,
3086,CTR-2023-03086,147,299,Strategic,Active,2023-05-20,2024-05-19,5000.00,1000.00,USD,
3087,CTR-2023-03087,2363,262,Strategic,Cancelled,2023-03-05,2026-03-04,1000.00,1000.00,USD,Unknown
3088,CTR-2024-03088,604,74,strategic ,Active,2024-05-14, 2025-05-14 ,1000.00,5000.00,USD,
3089,CTR-2023-03089,547,67,Standard,Active,2023-08-02,2024-01-29,25000.00,2500.00,USD,
3090,CTR-2023-03090,182,236,strategic ,Active,2023-11-03,2026-11-02,500.00,500.00,CAD,
3091,CTR-2025-03091,1090,64,Spot,Suspended,2025-02-02,2028-02-02,10000.00,1000.00,USD,
3092,CTR-2024-03092,1421,242,strategic ,Active,2024-02-15,2027-02-14,5000.00,1000.00,USD,
3093,CTR-2023-03093,2363,266,strategic ,Expired,2023-05-02,2024-05-01,1000.00,1000.00,EUR,
3094,CTR-2025-03094,1644,191,Spot,Cancelled,2025-07-14,2027-07-14,5000.00,10000.00,CAD,Price increase
3095,CTR-2025-03095,96,299,Spot,Active,2025-01-13,2026-01-13,10000.00,0.00,USD,
3096,CTR-2023-03096,2227,266,Preferred,Active,2023-02-20,2024-02-20,5000.00,1000.00,USD,
3097,CTR-2024-03097,891,296,Standard,Active,2024-11-08,2025-11-08,5000.00,1000.00,USD,
3098,CTR-2024-03098,27,149,Preferred,Active,2024-10-29,2025-10-29,500.00,5000.00,USD,
3099,CTR-2024-03099,99,299,strategic ,Active,2024-06-27,2025-06-27,25000.00,2500.00,USD,
3100,CTR-2023-03100,587,108,Strategic,active,2023-08-13,2024-02-09,10000.00,500.00,USD,
3101,CTR-2023-03101,1575,119,Spot,Expired,2023-12-02,2024-12-01,25000.00,2500.00,USD,
3102,CTR-2025-03102,2260,299,Strategic,Active,2025-02-19,2025-08-18,500.00,2500.00,USD,
3103,CTR-2025-03103,2401,254,Spot,Suspended,2025-08-22,2026-08-22,500.00,500.00,CAD,
3104,CTR-2025-03104,2095,78,Preferred,Active,2025-06-18, 2027-06-18 ,10000.00,2500.00,USD,
3105,CTR-2023-03105,2080,82,Strategic,Active,2023-07-24,2024-07-23,25000.00,10000.00,USD,
3106,CTR-2024-03106,1450,156,Strategic,Active,2024-06-25,2025-06-25,5000.00,2500.00,USD,
3107,CTR-2025-03107,355,243,Spot,Active,2025-01-28,28/01/2026,5000.00,10000.00,USD,
3108,CTR-2025-03108,792,64,Spot,Active,2025-06-04,04/06/2027,5000.00,5000.00,USD,
3109,CTR-2023-03109,357,258,strategic ,Expired,2023-04-09,2023-10-06,500.00,1000.00,USD,
3110,CTR-2023-03110,2017,22,Standard,Active,2023-09-20,2024-03-18,2500.00,1000.00,CAD,
3111,CTR-2025-03111,427,161,Preferred,Cancelled,2025-03-13,2026-03-13,1000.00,2500.00,CAD,Price increase
3112,CTR-2023-03112,572,20,Standard,Active,2023-11-04,2024-11-03,10000.00,500.00,GBP,
3113,CTR-2024-03113,586,242,Standard,Expired,2024-09-08,2026-09-08,500.00,500.00,USD,
3114,CTR-2025-03114,2118,67,strategic ,Active,2025-04-03,2028-04-02,10000.00,500.00,GBP,
3115,CTR-2025-03115,443,273,strategic ,Active,2025-05-27,2026-05-27,10000.00,0.00,GBP,
3116,CTR-2023-03116,1143,234,strategic ,Active,2023-06-28,2023-12-25,500.00,500.00,USD,
3117,CTR-2024-03117,2052,299,Spot,Active,2024-06-06,2024-12-03,5000.00,500.00,USD,
3118,CTR-2023-03118,1097,165,Standard,Active,2023-06-11,10/06/2024,5000.00,1000.00,USD,
3119,CTR-2025-03119,2025,79,Strategic,Active,2025-01-20,2028-01-20,5000.00,500.00,USD,
3120,CTR-2025-03120,1095,252,strategic ,Active,2025-01-20,1/20/2028,2500.00,1000.00,USD,
3121,CTR-2023-03121,1557,15,Strategic,Suspended,2023-08-26,2024-08-25,2500.00,500.00,USD,
3122,CTR-2025-03122,1419,20,Preferred,Cancelled,2025-09-07,06/03/2026,10000.00,0.00,usd,Moved to competitor
3123,CTR-2024-03123,2492,67,strategic ,active,2024-04-25,2026-04-25,25000.00,10000.00,USD,
3124,CTR-2024-03124,846,30,strategic ,Expired,2024-09-06,2026/09/06,2500.00,0.00,USD,
3125,CTR-2023-03125,996,290,Preferred,Cancelled,2023-10-17,2025-10-16,5000.00,10000.00,USD, 
3126,CTR-2025-03126,2446,191,Standard,Expired,2025-04-30,2026-04-30,5000.00,0.00,CAD,
3127,CTR-2024-03127,1261,67,Preferred,Active,2024-10-02,2027-10-02,25000.00,0.00,USD,
3128,CTR-2023-03128,2098,242,Spot,Cancelled,2023-07-05,2024/07/04,5000.00,5000.00,USD,Customer consolidation
3129,CTR-2025-03129,1562,187,strategic ,Cancelled,2025-01-04,2026-01-04,5000.00,5000.00,USD,Unknown
3130,CTR-2023-03130,439,179,Preferred,Expired,2023-08-07,2026-08-06,5000.00,500.00,USD,
3131,CTR-2023-03131,2227,296,Standard,Active,2023-12-29,2024-12-28,10000.00,500.00,USD,
3132,CTR-2023-03132,1967,234,strategic ,Active,2023-10-07,2024-10-06,10000.00,2500.00,usd,
3133,CTR-2025-03133,1820,15,Spot,Cancelled,2025-07-17,2027-07-17,2500.00,10000.00,USD,Customer consolidation
3134,CTR-2025-03134,1388,240,Strategic,Cancelled,2025-01-30,2026-01-30,10000.00,5000.00,USD,Moved to competitor
3135,CTR-2024-03135,826,191,Strategic,Active,2024-05-20,2026-05-20,5000.00,5000.00,CAD,
3136,CTR-2024-03136,1005,310,Strategic,Active,2024-09-15,2025-03-14,5000.00,1000.00,USD,
3137,CTR-2024-03137,1601,22,strategic ,Cancelled,2024-08-30,30/08/2027,2500.00,5000.00,CAD,Moved to competitor
3138,CTR-2023-03138,2418,78,Standard,Active,2023-02-13,2023-08-12,5000.00,0.00,usd,
3139,CTR-2024-03139,1764,22,Preferred,active,2024-07-13,13/07/2026,5000.00,0.00,USD,
3140,CTR-2025-03140,1378,83,Strategic,Expired,2025-06-09,2028-06-08,10000.00,500.00,USD,
3141,CTR-2023-03141,427,7,Preferred,Cancelled,2023-10-05,2024-04-02,5000.00,500.00,USD,Customer consolidation
3142,CTR-2024-03142,1396,226,Spot,Expired,2024-03-27,2025-03-27,2500.00,1000.00,USD,
3143,CTR-2025-03143,2076,60,Standard,Active,2025-06-22,2028-06-21,10000.00,1000.00,CAD,
3144,CTR-2024-03144,268,269,Strategic,Active,2024-09-25,2025-09-25,25000.00,1000.00,USD,
3145,CTR-2024-03145,836,231,Standard,Expired,2024-11-19,2025-05-18,2500.00,0.00,CAD,
3146,CTR-2025-03146,498,7,Spot,Expired,2025-05-11,2028-05-10,10000.00,10000.00,GBP,
3147,CTR-2024-03147,1630,57,Strategic,Cancelled,2024-12-18,2025-06-16,2500.00,2500.00,USD,Moved to competitor
3148,CTR-2025-03148,981,295,Strategic,Active,2025-03-12,2026-03-12,500.00,0.00,USD,
3149,CTR-2023-03149,784,60,Preferred,Active,2023-11-15,2024-11-14,500.00,500.00,USD,
3150,CTR-2024-03150,1578,156,strategic ,Active,2024-10-03,2026-10-03,5000.00,0.00,USD,
3151,CTR-2024-03151,78,226,Spot,Active,2024-05-28,28/05/2027,2500.00,1000.00,EUR,
3152,CTR-2023-03152,1299,187,Strategic,Active,2023-08-31,2024-08-30,1000.00,500.00,CAD,
3153,CTR-2024-03153,1178,187,Standard,Suspended,2024-04-18,2025-04-18,500.00,5000.00,USD,
3154,CTR-2025-03154,1945,74,Preferred,Active,2025-03-05,3/5/2026,2500.00,1000.00,USD,
3155,CTR-2023-03155,1688,156,Strategic,Cancelled,2023-08-21,2026-08-20,10000.00,500.00,CAD,Unknown
3156,CTR-2024-03156,1297,234,Strategic,Expired,2024-02-01,2025-01-31,10000.00,1000.00,GBP,
3157,CTR-2025-03157,2270,289,Preferred,Active,2025-09-20,2026-03-19,25000.00,1000.00,USD,
3158,CTR-2025-03158,1273,30,strategic ,Suspended,2025-04-19,2028-04-18,500.00,0.00,USD,
3159,CTR-2024-03159,97,64,strategic ,Active,2024-09-05,2025-09-05,25000.00,500.00,USD,
3160,CTR-2023-03160,91,295,Strategic,Cancelled,2023-03-02,2023-08-29,1000.00,1000.00,USD,Moved to competitor
3161,CTR-2024-03161,546,152,Strategic,Expired,2024-06-04,2024-12-01,500.00,5000.00,CAD,
3162,CTR-2025-03162,1581,241,Spot,Suspended,2025-01-14,2026-01-14,500.00,5000.00,USD,
3163,CTR-2025-03163,36,19,Spot,Active,2025-08-23,2028-08-22,5000.00,500.00,USD,
3164,CTR-2024-03164,2136,267,Strategic,Cancelled,2024-01-29,2026-01-28,5000.00,500.00,USD,Moved to competitor
3165,CTR-2024-03165,1887,41,Preferred,Cancelled,2024-05-11,2027-05-11,10000.00,0.00,USD,Price increase
3166,CTR-2025-03166,1668,152,strategic ,Active,2025-01-06,2026-01-06,1000.00,500.00,USD,
3167,CTR-2025-03167,1862,280,Spot,Active,2025-04-26,10/23/2025,1000.00,2500.00,USD,
3168,CTR-2024-03168,1796,278,Preferred,Expired,2024-01-18,2026-01-17,10000.00,5000.00,USD,
3169,CTR-2024-03169,1835,234,Standard,Active,2024-06-06,2025-06-06,1000.00,1000.00,USD,
3170,CTR-2024-03170,1280,299,Preferred,active,2024-08-11,2025-02-07,5000.00,10000.00,USD,
3171,CTR-2024-03171,1338,262,Preferred,Active,2024-07-11,2026-07-11,25000.00,1000.00,CAD,
3172,CTR-2023-03172,655,41,strategic ,Expired,2023-04-25,2024-04-24,2500.00,1000.00,CAD,
3173,CTR-2024-03173,63,108,Spot,Active,2024-08-05,2026-08-05,2500.00,0.00,USD,
3174,CTR-2025-03174,1565,152,Standard,Expired,2025-03-10,2028-03-09,10000.00,5000.00,USD,
3175,CTR-2025-03175,1131,19,Preferred,Cancelled,2025-04-26,2026-04-26,1000.00,500.00,USD,Service unreliability
3176,CTR-2024-03176,1505,60,Strategic,Active,2024-04-16, 2025-04-16 ,500.00,10000.00,USD,
3177,CTR-2025-03177,2057,174,strategic ,active,2025-06-21,6/21/2027,5000.00,500.00,USD,
3178,CTR-2024-03178,84,152,strategic ,Active,2024-07-09,2025/07/09,2500.00,2500.00,USD,
3179,CTR-2025-03179,595,240,Strategic,active,2025-08-23,2026-08-23,2500.00,1000.00,USD,
3180,CTR-2025-03180,1912,267,Preferred,Suspended,2025-07-18,7/18/2026,5000.00,1000.00,USD,
3181,CTR-2024-03181,829,64,Preferred,active,2024-06-08,08/06/2027,500.00,1000.00,USD,
3182,CTR-2024-03182,1358,33,strategic ,Active,2024-01-05,2026-01-04,10000.00,10000.00,USD,
3183,CTR-2025-03183,2283,105,Preferred,Cancelled,2025-04-04,2026-04-04,500.00,1000.00,USD, 
3184,CTR-2024-03184,38,179,Strategic,Cancelled,2024-08-21,2025-08-21,10000.00,1000.00,USD,Service unreliability
3185,CTR-2025-03185,160,108,Standard,Active,2025-06-26,2026-06-26,1000.00,500.00,usd,
3186,CTR-2024-03186,2169,296,Spot,Active,2024-01-31,2025-01-30,5000.00,5000.00,USD,
3187,CTR-2024-03187,360,26,Preferred,active,2024-06-28,2026-06-28,2500.00,500.00,usd,
3188,CTR-2023-03188,1152,278,Spot,Cancelled,2023-11-26,2024-11-25,1000.00,2500.00,USD,Price increase
3189,CTR-2024-03189,732,26,Spot,Expired,2024-05-10,2025-05-10,10000.00,1000.00,CAD,
3190,CTR-2025-03190,640,156,strategic ,Active,2025-07-14,2026-01-10,2500.00,2500.00,USD,
3191,CTR-2024-03191,1646,147,Preferred,Active,2024-09-05,3/4/2025,1000.00,5000.00,GBP,
3192,CTR-2023-03192,472,273,Preferred,Active,2023-07-13,7/12/2025,10000.00,2500.00,USD,
3193,CTR-2023-03193,1837,242,strategic ,Active,2023-04-15,2023-10-12,25000.00,5000.00,usd,
3194,CTR-2024-03194,1326,310,Spot,Active,2024-11-08,2026-11-08,25000.00,10000.00,USD,
3195,CTR-2023-03195,445,12,Strategic,Active,2023-01-31,2024-01-31,2500.00,10000.00,USD,
3196,CTR-2025-03196,1231,310,Spot,Active,2025-01-05,2025-07-04,2500.00,500.00,EUR,
3197,CTR-2024-03197,1971,7,Preferred,Active,2024-03-01,2026-03-01,1000.00,500.00,USD,
3198,CTR-2025-03198,1945,20,Standard,Cancelled,2025-07-30,2026-07-30,1000.00,10000.00,USD,Moved to competitor
3199,CTR-2023-03199,1738,245,Spot,Suspended,2023-12-10,12/9/2024,500.00,5000.00,USD,
3200,CTR-2023-03200,1057,296,Spot,Cancelled,2023-04-03,2023-09-30,25000.00,1000.00,USD,Customer consolidation
3201,CTR-2023-03201,267,12,Spot,Expired,2023-05-10,5/9/2024,5000.00,500.00,USD,
3202,CTR-2025-03202,309,22,Standard,Active,2025-02-27,2026-02-27,500.00,5000.00,EUR,
3203,CTR-2024-03203,1657,254,Spot,Expired,2024-02-06,2025-02-05,5000.00,2500.00,USD,
3204,CTR-2024-03204,1798,258,strategic ,Expired,2024-10-31,2025-10-31,10000.00,500.00,USD,
3205,CTR-2025-03205,1675,280,Preferred,Expired,2025-05-08,08/05/2026,25000.00,5000.00,CAD,
3206,CTR-2023-03206,1394,296,Preferred,Suspended,2023-12-06,2024-12-05,1000.00,0.00,USD,
3207,CTR-2024-03207,863,234,strategic ,Active,2024-07-20,20/07/2025,2500.00,10000.00,EUR,
3208,CTR-2024-03208,1192,149,Preferred,Expired,2024-08-16,2025-08-16,1000.00,500.00,EUR,
3209,CTR-2024-03209,312,147,Strategic,Expired,2024-06-30,2025-06-30,500.00,10000.00,usd,
3210,CTR-2023-03210,2412,60,Spot,Active,2023-01-11,2023-07-10,2500.00,2500.00,USD,
3211,CTR-2024-03211,1543,245,Strategic,Cancelled,2024-11-05,2025-11-05,500.00,10000.00,CAD,Service unreliability
3212,CTR-2023-03212,2233,201,strategic ,Cancelled,2023-06-29, 2025-06-28 ,500.00,2500.00,USD,Price increase
3213,CTR-2024-03213,621,69,Strategic,Active,2024-09-24,2027-09-24,5000.00,5000.00,USD,
3214,CTR-2023-03214,320,156,Strategic,Expired,2023-03-28,2026-03-27,10000.00,5000.00,USD,
3215,CTR-2024-03215,764,119,Standard,Active,2024-05-20,16/11/2024,1000.00,10000.00,CAD,
3216,CTR-2025-03216,2217,257,Spot,Active,2025-03-29,25/09/2025,10000.00,500.00,USD,
3217,CTR-2023-03217,834,22,Standard,Expired,2023-08-26,2024-08-25,25000.00,500.00,CAD,
3218,CTR-2024-03218,1325,57,Spot,Active,2024-08-06,2025-08-06,500.00,5000.00,USD,
3219,CTR-2024-03219,1892,240,strategic ,Expired,2024-09-16,2026-09-16,10000.00,0.00,USD,
3220,CTR-2024-03220,483,269,strategic ,Active,2024-08-08,2025/08/08,25000.00,10000.00,USD,
3221,CTR-2023-03221,2478,252,Spot,Active,2023-02-18,2024-02-18,2500.00,2500.00,USD,
3222,CTR-2025-03222,1581,190,Strategic,Suspended,2025-07-25,2026-07-25,500.00,10000.00,EUR,
3223,CTR-2024-03223,1633,278,Preferred,Cancelled,2024-02-23,22/02/2025,1000.00,2500.00,USD,Unknown
3224,CTR-2023-03224,2096,258,strategic ,Active,2023-04-06,2025-04-05,10000.00,0.00,USD,
3225,CTR-2023-03225,1324,94,Strategic,Expired,2023-03-28,2026-03-27,2500.00,500.00,USD,
3226,CTR-2025-03226,311,183,Spot,Suspended,2025-07-22,2027-07-22,500.00,5000.00,USD,
3227,CTR-2024-03227,3,295,Preferred,Cancelled,2024-12-08,2025-12-08,10000.00,2500.00,USD,Customer consolidation
3228,CTR-2024-03228,2184,290,Preferred,Expired,2024-07-05,2026/07/05,500.00,5000.00,USD,
3229,CTR-2024-03229,12,26,Spot,Active,2024-02-15,2024-08-13,25000.00,1000.00,USD,
3230,CTR-2024-03230,1946,234,Spot,Cancelled,2024-09-26,2026-09-26,5000.00,0.00,GBP,Moved to competitor
3231,CTR-2024-03231,2131,201,Spot,Expired,2024-01-01,2024-06-29,1000.00,10000.00,usd,
3232,CTR-2023-03232,1000,257,Standard,Expired,2023-02-14,2024-02-14,500.00,2500.00,USD,
3233,CTR-2025-03233,501,33,Standard,Active,2025-09-27,26/03/2026,500.00,5000.00,EUR,
3234,CTR-2024-03234,1596,220,Spot,Cancelled,2024-01-10,09/01/2027,500.00,500.00,GBP,Customer consolidation
3235,CTR-2023-03235,1798,179,Preferred,Active,2023-07-08,2024-01-04,2500.00,1000.00,USD,
3236,CTR-2025-03236,863,252,Preferred,Expired,2025-05-10,2028-05-09,2500.00,500.00,USD,
3237,CTR-2023-03237,2313,22,Strategic,Active,2023-12-10,2024-12-09,10000.00,0.00,USD,
3238,CTR-2023-03238,2316,192,strategic ,Cancelled,2023-06-15,2025-06-14,2500.00,1000.00,USD, 
3239,CTR-2023-03239,670,82,strategic ,Expired,2023-12-15,2024/06/12,1000.00,0.00,USD,
3240,CTR-2025-03240,1029,12,Strategic,Expired,2025-04-07,2027-04-07,5000.00,500.00,EUR,
3241,CTR-2025-03241,1548,254,strategic ,Active,2025-08-29,2026-02-25,25000.00,0.00,USD,
3242,CTR-2023-03242,1758,165,Spot,Active,2023-10-11,2024-10-10,5000.00,500.00,USD,
3243,CTR-2023-03243,1897,69,Preferred,Cancelled,2023-01-30,2023-07-29,25000.00,2500.00,GBP, 
3244,CTR-2024-03244,649,51,Spot,Active,2024-12-11,6/9/2025,10000.00,10000.00,USD,
3245,CTR-2024-03245,1498,257,Standard,Active,2024-10-24,2026-10-24,5000.00,2500.00,USD,
3246,CTR-2023-03246,2164,33,strategic ,Active,2023-09-23,2026-09-22,10000.00,500.00,USD,
3247,CTR-2025-03247,391,266,Spot,Active,2025-06-29,2027-06-29,2500.00,500.00,USD,
3248,CTR-2025-03248,1856,245,Preferred,Cancelled,2025-06-08,2027-06-08,5000.00,0.00,USD, 
3249,CTR-2024-03249,1450,310,Strategic,Expired,2024-08-17,2025-08-17,1000.00,0.00,USD,
3250,CTR-2024-03250,1307,266,Preferred,active,2024-09-21,2027-09-21,2500.00,2500.00,usd,
3251,CTR-2025-03251,1177,248,Spot,Suspended,2025-07-21,2027-07-21,500.00,0.00,USD,
3252,CTR-2025-03252,510,60,Strategic,Expired,2025-07-03,2026-07-03,25000.00,5000.00,EUR,
3253,CTR-2025-03253,1611,187,strategic ,Suspended,2025-06-11,2026-06-11,10000.00,5000.00,EUR,
3254,CTR-2025-03254,2377,280,strategic ,Active,2025-02-11,2025-08-10,5000.00,1000.00,USD,
3255,CTR-2023-03255,1080,267,strategic ,Active,2023-08-08,8/7/2024,2500.00,10000.00,GBP,
3256,CTR-2023-03256,1469,245,strategic ,Cancelled,2023-10-25,10/24/2025,10000.00,0.00,USD,Moved to competitor
3257,CTR-2023-03257,2426,240,Standard,Suspended,2023-09-17,9/16/2025,2500.00,500.00,usd,
3258,CTR-2025-03258,406,191,Standard,Active,2025-06-06,2026-06-06,5000.00,500.00,USD,
3259,CTR-2023-03259,698,290,Strategic,Expired,2023-10-16,2024-10-15,10000.00,500.00,USD,
3260,CTR-2025-03260,351,210,strategic ,Cancelled,2025-09-14,2028-09-13,1000.00,5000.00,USD,Price increase
3261,CTR-2023-03261,1021,226,Preferred,Active,2023-11-24,2024-11-23,2500.00,500.00,GBP,
3262,CTR-2024-03262,597,190,Preferred,active,2024-10-04,2025-10-04,1000.00,0.00,USD,
3263,CTR-2025-03263,65,187,strategic ,active,2025-05-14,2026-05-14,500.00,1000.00,USD,
3264,CTR-2023-03264,1006,51,Spot,Active,2023-03-15,2025-03-14,1000.00,1000.00,USD,
3265,CTR-2023-03265,516,234,strategic ,Active,2023-06-28,2024-06-27,25000.00,1000.00,USD,
3266,CTR-2025-03266,1550,39,Standard,Active,2025-05-17,2028-05-16,10000.00,10000.00,USD,
3267,CTR-2024-03267,2438,254,Preferred,Active,2024-05-07,2025-05-07,1000.00,2500.00,USD,
3268,CTR-2025-03268,518,106,strategic ,Active,2025-05-12,2026-05-12,10000.00,10000.00,CAD,
3269,CTR-2025-03269,1044,299,Strategic,Active,2025-02-11,2025-08-10,1000.00,2500.00,USD,
3270,CTR-2024-03270,952,240,Standard,Active,2024-03-05,2025-03-05,2500.00,500.00,USD,
3271,CTR-2024-03271,77,267,Preferred,Active,2024-01-15,2024-07-13,10000.00,500.00,USD,
3272,CTR-2025-03272,1332,295,Standard,Active,2025-04-20,2025-10-17,10000.00,1000.00,EUR,
3273,CTR-2025-03273,1349,226,Strategic,Active,2025-03-26,2025-09-22,2500.00,0.00,USD,
3274,CTR-2024-03274,974,236,Preferred,Active,2024-01-30,29/01/2025,1000.00,10000.00,USD,
3275,CTR-2025-03275,146,83,Spot,Expired,2025-04-08,2026-04-08,25000.00,0.00,USD,
3276,CTR-2023-03276,127,69,Standard,Cancelled,2023-04-07,2025-04-06,5000.00,5000.00,GBP,Customer consolidation
3277,CTR-2024-03277,971,140,strategic ,Active,2024-06-07,07/06/2025,2500.00,2500.00,USD,
3278,CTR-2023-03278,1514,12,Preferred,Active,2023-06-28,2025-06-27,500.00,1000.00,USD,
3279,CTR-2024-03279,233,210,strategic ,Active,2024-05-31,2024-11-27,5000.00,10000.00,USD,
3280,CTR-2024-03280,808,68,Strategic,Active,2024-06-23,23/06/2027,25000.00,2500.00,CAD,
3281,CTR-2025-03281,1023,190,Strategic,Active,2025-07-31,2026-01-27,500.00,500.00,USD,
3282,CTR-2023-03282,1393,258,Spot,Active,2023-07-29,2026/07/28,10000.00,500.00,GBP,
3283,CTR-2023-03283,1096,187,strategic ,Active,2023-04-05,2023-10-02,500.00,10000.00,USD,
3284,CTR-2025-03284,400,193,Strategic,Suspended,2025-01-29,7/28/2025,500.00,1000.00,USD,
3285,CTR-2024-03285,1216,191,Preferred,Expired,2024-08-27,2025-02-23,25000.00,1000.00,USD,
3286,CTR-2025-03286,1640,267,Strategic,Active,2025-05-25, 2025-11-21 ,25000.00,10000.00,USD,
3287,CTR-2023-03287,950,12,strategic ,Active,2023-05-29,2025-05-28,2500.00,1000.00,USD,
3288,CTR-2023-03288,844,210,Preferred,Expired,2023-03-11,2025-03-10,1000.00,10000.00,usd,
3289,CTR-2023-03289,396,82,strategic ,Expired,2023-02-22,2026-02-21,2500.00,10000.00,USD,
3290,CTR-2024-03290,973,78,Strategic,Expired,2024-10-15,2025-10-15,10000.00,1000.00,USD,
3291,CTR-2024-03291,1422,30,Preferred,Active,2024-01-31,2024-07-29,500.00,500.00,CAD,
3292,CTR-2025-03292,1280,39,Spot,Expired,2025-02-11,2028-02-11,1000.00,500.00,USD,
3293,CTR-2023-03293,57,119,strategic ,Active,2023-06-18,2024-06-17,2500.00,500.00,USD,
3294,CTR-2023-03294,1064,258,strategic ,Active,2023-03-20,2026-03-19,10000.00,0.00,USD,
3295,CTR-2025-03295,1499,165,strategic ,Cancelled,2025-04-19,2027-04-19,500.00,5000.00,USD,Customer consolidation
3296,CTR-2024-03296,153,19,Preferred,active,2024-01-07,2025/01/06,2500.00,2500.00,USD,
3297,CTR-2024-03297,1412,149,Preferred,Active,2024-04-22,2026-04-22,1000.00,5000.00,EUR,
3298,CTR-2024-03298,2160,234,strategic ,Active,2024-09-09,2025-03-08,2500.00,1000.00,CAD,
3299,CTR-2024-03299,1612,278,Strategic,Active,2024-10-25,2025-04-23,1000.00,500.00,USD,
3300,CTR-2023-03300,292,266,Strategic,Cancelled,2023-10-16,2024-10-15,2500.00,5000.00,USD,Service unreliability
3301,CTR-2024-03301,1163,192,Spot,Active,2024-06-04,2025-06-04,5000.00,1000.00,USD,
3302,CTR-2025-03302,1788,19,strategic ,Expired,2025-08-11,2026-08-11,2500.00,2500.00,USD,
3303,CTR-2023-03303,2231,33,Strategic,Cancelled,2023-02-11,2023-08-10,2500.00,500.00,USD, 
3304,CTR-2025-03304,431,179,Preferred,active,2025-04-03,2026-04-03,10000.00,0.00,CAD,
3305,CTR-2024-03305,700,278,strategic ,Active,2024-02-12,2027-02-11,2500.00,10000.00,USD,
3306,CTR-2023-03306,2103,218,Preferred,Cancelled,2023-11-20,11/19/2024,1000.00,1000.00,USD,Moved to competitor
3307,CTR-2024-03307,1914,165,Preferred,Active,2024-05-12,2025-05-12,500.00,500.00,USD,
3308,CTR-2024-03308,1295,79,Standard,Cancelled,2024-02-27,2025-02-26,500.00,5000.00,USD,Price increase
3309,CTR-2024-03309,2305,57,Preferred,Expired,2024-02-05,2027-02-04,1000.00,2500.00,USD,
3310,CTR-2023-03310,528,165,strategic ,Cancelled,2023-02-03,2025-02-02,500.00,5000.00,usd,Service unreliability
3311,CTR-2024-03311,286,252,strategic ,Active,2024-05-10,06/11/2024,1000.00,5000.00,USD,
3312,CTR-2025-03312,563,218,Preferred,Expired,2025-02-11,2027-02-11,10000.00,5000.00,USD,
3313,CTR-2023-03313,61,296,Preferred,Expired,2023-03-13,2023-09-09,25000.00,500.00,usd,
3314,CTR-2023-03314,1574,22,Preferred,Cancelled,2023-05-04,2023-10-31,500.00,1000.00,CAD, 
3315,CTR-2024-03315,87,236,Spot,Cancelled,2024-08-30,2027-08-30,1000.00,2500.00,USD,Moved to competitor
3316,CTR-2024-03316,45,249,strategic ,active,2024-02-07,2024-08-05,1000.00,10000.00,EUR,
3317,CTR-2025-03317,1800,22,Spot,Expired,2025-03-20,2027-03-20,25000.00,500.00,USD,
3318,CTR-2025-03318,1428,191,Strategic,active,2025-01-03,2028-01-03,500.00,5000.00,GBP,
3319,CTR-2023-03319,175,248,strategic ,Active,2023-10-07,2024-10-06,10000.00,2500.00,USD,
3320,CTR-2024-03320,2081,149,Preferred,Suspended,2024-04-16,2024-10-13,5000.00,500.00,GBP,
3321,CTR-2025-03321,1453,121,Strategic,Active,2025-06-02,2026-06-02,1000.00,10000.00,USD,
3322,CTR-2023-03322,1141,69,Standard,Cancelled,2023-07-25,2025-07-24,10000.00,0.00,EUR,Customer consolidation
3323,CTR-2025-03323,1721,128,Strategic,Suspended,2025-01-26,2025/07/25,25000.00,0.00,USD,
3324,CTR-2024-03324,472,82,Preferred,Cancelled,2024-01-14,13/01/2026,5000.00,500.00,CAD,Moved to competitor
3325,CTR-2025-03325,473,241,Spot,Active,2025-09-18,2026/09/18,25000.00,2500.00,USD,
3326,CTR-2024-03326,1217,26,Preferred,Active,2024-02-11,2026-02-10,25000.00,10000.00,USD,
3327,CTR-2023-03327,1909,26,Standard,Cancelled,2023-05-01,2026-04-30,2500.00,5000.00,CAD,Service unreliability
3328,CTR-2023-03328,1238,245,Spot,Expired,2023-12-05,6/2/2024,2500.00,10000.00,USD,
3329,CTR-2024-03329,266,39,Preferred,Active,2024-01-31,2025-01-30,1000.00,500.00,USD,
3330,CTR-2025-03330,1422,82,Strategic,Active,2025-01-10, 2027-01-10 ,2500.00,5000.00,USD,
3331,CTR-2024-03331,991,201,Spot,Active,2024-04-08,10/5/2024,10000.00,0.00,USD,
3332,CTR-2024-03332,1739,248,Strategic,active,2024-02-18,2024-08-16,10000.00,500.00,USD,
3333,CTR-2023-03333,2031,267,Standard,Expired,2023-04-04,2026-04-03,1000.00,5000.00,USD,
3334,CTR-2024-03334,576,174,Standard,Active,2024-03-09,2025-03-09,500.00,5000.00,GBP,
3335,CTR-2023-03335,2127,192,Strategic,Expired,2023-04-15,2025-04-14,5000.00,1000.00,USD,
3336,CTR-2025-03336,1179,82,Standard,Expired,2025-04-21,21/04/2027,25000.00,0.00,USD,
3337,CTR-2023-03337,358,254,Preferred,Active,2023-10-26,2024-10-25,25000.00,500.00,USD,
3338,CTR-2024-03338,2412,210,strategic ,active,2024-07-25,2025-01-21,2500.00,5000.00,EUR,
3339,CTR-2024-03339,1827,15,Preferred,Expired,2024-03-19,2027-03-19,500.00,2500.00,GBP,
3340,CTR-2024-03340,2101,262,Spot,Active,2024-05-01,2027-05-01,5000.00,10000.00,USD,
3341,CTR-2024-03341,1541,269,Preferred,active,2024-10-01,2025-03-30,500.00,10000.00,CAD,
3342,CTR-2025-03342,2154,299,Spot,Active,2025-01-12,2027-01-12,25000.00,2500.00,USD,
3343,CTR-2023-03343,1752,234,Spot,Expired,2023-08-25,2024-02-21,1000.00,0.00,USD,
3344,CTR-2025-03344,2488,33,Strategic,Active,2025-10-15,2026-10-15,5000.00,5000.00,USD,
3345,CTR-2025-03345,869,78,Standard,Active,2025-09-08,2026-09-08,1000.00,500.00,USD,
3346,CTR-2024-03346,1585,210,Spot,Active,2024-09-17,2026-09-17,25000.00,500.00,USD,
3347,CTR-2025-03347,1967,266,strategic ,Cancelled,2025-09-08,2026-09-08,1000.00,500.00,EUR,Customer consolidation
3348,CTR-2025-03348,233,152,strategic ,Active,2025-09-21,2027-09-21,2500.00,500.00,USD,
3349,CTR-2025-03349,138,20,Preferred,Cancelled,2025-07-20,2026-07-20,1000.00,2500.00,USD,Moved to competitor
3350,CTR-2023-03350,1948,41,Standard,active,2023-01-25,24/01/2026,25000.00,5000.00,CAD,
3351,CTR-2025-03351,2063,280,strategic ,Active,2025-07-29,2026-07-29,2500.00,10000.00,USD,
3352,CTR-2024-03352,1268,310,Spot,active,2024-02-09,2024/08/07,2500.00,0.00,USD,
3353,CTR-2024-03353,851,39,Spot,Active,2024-09-13,2027-09-13,5000.00,10000.00,USD,
3354,CTR-2025-03354,272,231,strategic ,Expired,2025-01-25,2026-01-25,25000.00,5000.00,usd,
3355,CTR-2024-03355,1446,7,Preferred,Active,2024-03-30,2027-03-30,10000.00,2500.00,USD,
3356,CTR-2024-03356,1131,243,Preferred,Active,2024-10-08,2026-10-08,10000.00,0.00,USD,
3357,CTR-2023-03357,2164,239,strategic ,Active,2023-07-30,7/29/2024,10000.00,10000.00,USD,
3358,CTR-2024-03358,871,106,Preferred,Expired,2024-07-03,2026-07-03,2500.00,500.00,GBP,
3359,CTR-2024-03359,198,174,Standard,Active,2024-08-02,2027-08-02,25000.00,500.00,USD,
3360,CTR-2023-03360,1600,187,Standard,Active,2023-12-09,2026-12-08,5000.00,1000.00,USD,
3361,CTR-2023-03361,378,146,Standard,Active,2023-06-24,2024-06-23,10000.00,1000.00,USD,
3362,CTR-2023-03362,1463,201,Spot,Cancelled,2023-02-08,08/02/2024,10000.00,10000.00,USD,Unknown
3363,CTR-2024-03363,837,121,Preferred,Active,2024-02-06,2027-02-05,500.00,1000.00,EUR,
3364,CTR-2024-03364,793,231,Strategic,Active,2024-01-10,2024-07-08,2500.00,0.00,USD,
3365,CTR-2024-03365,91,82,Preferred,Active,2024-10-27,2025-04-25,25000.00,10000.00,USD,
3366,CTR-2025-03366,1293,183,Spot,Cancelled,2025-03-04,31/08/2025,25000.00,500.00,USD,Service unreliability
3367,CTR-2024-03367,1267,280,Strategic,Cancelled,2024-09-25,2027-09-25,10000.00,0.00,EUR,Service unreliability
3368,CTR-2025-03368,323,78,Preferred,Cancelled,2025-01-20,2026-01-20,10000.00,500.00,CAD,Service unreliability
3369,CTR-2023-03369,1915,94,strategic ,Active,2023-01-26,2024-01-26,5000.00,2500.00,EUR,
3370,CTR-2023-03370,1944,64,Preferred,Cancelled,2023-12-19,2025-12-18,5000.00,5000.00,USD,Unknown
3371,CTR-2024-03371,410,67,strategic ,Active,2024-12-10,2025-12-10,25000.00,1000.00,USD,
3372,CTR-2025-03372,343,310,Strategic,Active,2025-06-12,2025-12-09,2500.00,10000.00,USD,
3373,CTR-2024-03373,890,30,Spot,Active,2024-07-26, 2027-07-26 ,500.00,2500.00,USD,
3374,CTR-2023-03374,1148,94,strategic ,Active,2023-01-16,2023-07-15,2500.00,2500.00,GBP,
3375,CTR-2025-03375,209,243,strategic ,Active,2025-08-30,2026-02-26,2500.00,2500.00,GBP,
3376,CTR-2023-03376,620,179,Standard,Active,2023-01-16,2023-07-15,10000.00,1000.00,USD,
3377,CTR-2023-03377,1596,147,Preferred,Active,2023-11-18,2024-11-17,25000.00,2500.00,USD,
3378,CTR-2023-03378,563,22,Spot,Expired,2023-03-10,2024-03-09,5000.00,2500.00,USD,
3379,CTR-2024-03379,634,15,Strategic,Cancelled,2024-07-24,2025-07-24,2500.00,500.00,CAD, 
3380,CTR-2025-03380,2273,240,Spot,Active,2025-06-17,2026-06-17,1000.00,0.00,USD,
3381,CTR-2023-03381,1171,299,Standard,Suspended,2023-01-28, 2026-01-27 ,25000.00,5000.00,usd,
3382,CTR-2025-03382,976,78,strategic ,Active,2025-06-07,2025-12-04,1000.00,2500.00,USD,
3383,CTR-2023-03383,1312,108,Standard,Expired,2023-11-18,2024-11-17,25000.00,0.00,USD,
3384,CTR-2025-03384,700,41,Spot,Suspended,2025-02-14,2026-02-14,2500.00,5000.00,USD,
3385,CTR-2023-03385,2205,192,Spot,Expired,2023-03-08,2024-03-07,25000.00,0.00,USD,
3386,CTR-2024-03386,502,51,strategic ,Active,2024-09-24,2025-03-23,5000.00,2500.00,EUR,
3387,CTR-2024-03387,310,146,Standard,Active,2024-09-02,2025-09-02,5000.00,2500.00,USD,
3388,CTR-2023-03388,448,262,Spot,Cancelled,2023-09-30,2024/03/28,10000.00,2500.00,USD,Customer consolidation
3389,CTR-2024-03389,114,278,Preferred,Cancelled,2024-10-11,4/9/2025,2500.00,1000.00,CAD,Moved to competitor
3390,CTR-2025-03390,2003,68,Strategic,Suspended,2025-10-02,10/2/2026,500.00,5000.00,usd,
3391,CTR-2025-03391,1704,231,Standard,Active,2025-09-01,2026-09-01,5000.00,500.00,USD,
3392,CTR-2025-03392,2226,149,Strategic,Expired,2025-06-01,2027-06-01,25000.00,2500.00,USD,
3393,CTR-2025-03393,2459,30,Spot,active,2025-01-31,30/07/2025,10000.00,5000.00,USD,
3394,CTR-2024-03394,1919,249,Spot,Active,2024-06-10,2024-12-07,10000.00,0.00,CAD,
3395,CTR-2025-03395,1507,39,Strategic,Expired,2025-07-08,2026-07-08,5000.00,0.00,USD,
3396,CTR-2024-03396,1657,140,strategic ,Expired,2024-03-05,2025-03-05,500.00,1000.00,CAD,
3397,CTR-2024-03397,35,146,Spot,Active,2024-07-09,2025-01-05,10000.00,5000.00,EUR,
3398,CTR-2024-03398,952,165,Standard,Suspended,2024-03-29,2025-03-29,2500.00,1000.00,GBP,
3399,CTR-2023-03399,2380,12,Strategic,Active,2023-08-11,2025-08-10,25000.00,500.00,USD,
3400,CTR-2023-03400,1442,262,strategic ,Active,2023-11-17,2024-11-16,25000.00,5000.00,USD,
3401,CTR-2023-03401,1256,106,Preferred,Active,2023-06-14,2026-06-13,1000.00,2500.00,USD,
3402,CTR-2024-03402,693,299,Standard,Cancelled,2024-12-05,12/5/2026,25000.00,10000.00,USD,Unknown
3403,CTR-2024-03403,1759,108,Strategic,Expired,2024-12-31,2026-12-31,5000.00,5000.00,USD,
3404,CTR-2024-03404,2240,41,strategic ,Expired,2024-04-25,2025-04-25,5000.00,10000.00,USD,
3405,CTR-2025-03405,1495,33,Standard,Active,2025-10-05,2026-10-05,25000.00,0.00,USD,
3406,CTR-2023-03406,1110,20,Strategic,Active,2023-02-26,2023-08-25,2500.00,1000.00,USD,
3407,CTR-2023-03407,2281,258,strategic ,Active,2023-08-15,2024/08/14,1000.00,5000.00,USD,
3408,CTR-2024-03408,18,242,Strategic,Expired,2024-09-11,2026-09-11,1000.00,0.00,USD,
3409,CTR-2025-03409,225,108,Standard,Expired,2025-04-19,2027-04-19,500.00,1000.00,USD,
3410,CTR-2025-03410,1909,39,Standard,Cancelled,2025-07-07,2026-07-07,5000.00,2500.00,USD,Unknown
3411,CTR-2025-03411,1846,51,Strategic,Cancelled,2025-01-17,2027-01-17,500.00,500.00,USD,Service unreliability
3412,CTR-2023-03412,1512,262,Spot,Active,2023-04-25,2026-04-24,25000.00,1000.00,USD,
3413,CTR-2023-03413,1243,192,Standard,Active,2023-10-01,2026-09-30,10000.00,500.00,USD,
3414,CTR-2025-03414,1210,252,Standard,Expired,2025-04-03,2028-04-02,25000.00,500.00,USD,
3415,CTR-2024-03415,1917,119,strategic ,Expired,2024-04-22,2027-04-22,2500.00,5000.00,CAD,
3416,CTR-2023-03416,796,30,strategic ,Expired,2023-03-22,2024-03-21,25000.00,500.00,USD,
3417,CTR-2025-03417,2351,146,Strategic,Active,2025-04-15,2026/04/15,10000.00,1000.00,usd,
3418,CTR-2025-03418,654,68,Preferred,Active,2025-06-05,2026-06-05,500.00,5000.00,CAD,
3419,CTR-2024-03419,944,106,Strategic,Expired,2024-12-22,2025-12-22,2500.00,1000.00,USD,
3420,CTR-2023-03420,1291,278,Standard,active,2023-10-11,2024-10-10,25000.00,2500.00,usd,
3421,CTR-2023-03421,2152,156,Spot,Cancelled,2023-04-11,2024-04-10,25000.00,2500.00,CAD,Customer consolidation
3422,CTR-2023-03422,195,218,Strategic,Active,2023-02-21,2024-02-21,25000.00,0.00,EUR,
3423,CTR-2025-03423,712,289,Spot,Cancelled,2025-03-30,2027-03-30,5000.00,5000.00,USD,Price increase
3424,CTR-2024-03424,503,193,Standard,Expired,2024-06-19,16/12/2024,1000.00,10000.00,USD,
3425,CTR-2024-03425,1908,236,strategic ,Active,2024-03-23,2025-03-23,10000.00,1000.00,EUR,
3426,CTR-2024-03426,613,22,Preferred,Expired,2024-12-17,2025-12-17,5000.00,2500.00,USD,
3427,CTR-2024-03427,724,7,strategic ,Active,2024-06-06,2026-06-06,10000.00,2500.00,USD,
3428,CTR-2024-03428,1543,296,Strategic,Active,2024-02-20,2024-08-18,25000.00,5000.00,USD,
3429,CTR-2024-03429,2428,257,Strategic,Expired,2024-10-01,2026-10-01,10000.00,500.00,EUR,
3430,CTR-2024-03430,1980,174,Standard,Active,2024-10-04,2025-04-02,1000.00,0.00,USD,
3431,CTR-2025-03431,1188,22,Preferred,Active,2025-08-11,2027-08-11,2500.00,10000.00,USD,
3432,CTR-2024-03432,937,174,strategic ,Active,2024-03-22,2024-09-18,10000.00,10000.00,USD,
3433,CTR-2024-03433,189,289,Spot,Active,2024-12-04,2027-12-04,5000.00,10000.00,USD,
3434,CTR-2024-03434,2304,140,Standard,Active,2024-05-08,2025-05-08,2500.00,5000.00,USD,
3435,CTR-2023-03435,639,161,Spot,Cancelled,2023-12-13,2026-12-12,5000.00,10000.00,USD,Service unreliability
3436,CTR-2024-03436,475,252,Spot,active,2024-01-14,2025-01-13,10000.00,0.00,EUR,
3437,CTR-2025-03437,1216,187,Standard,Active,2025-04-24,2027-04-24,1000.00,0.00,USD,
3438,CTR-2024-03438,518,310,Strategic,Active,2024-07-30,30/07/2027,25000.00,10000.00,CAD,
3439,CTR-2023-03439,576,14,Preferred,Expired,2023-08-28,2024-02-24,1000.00,500.00,EUR,
3440,CTR-2025-03440,684,243,Spot,Expired,2025-07-07,2028-07-06,25000.00,2500.00,CAD,
3441,CTR-2024-03441,1924,22,Preferred,Expired,2024-01-17,2024-07-15,500.00,10000.00,USD,
3442,CTR-2023-03442,213,146,strategic ,Expired,2023-03-06,05/03/2024,500.00,500.00,USD,
3443,CTR-2023-03443,2454,68,Standard,Expired,2023-12-27,2025-12-26,500.00,10000.00,CAD,
3444,CTR-2023-03444,1374,174,strategic ,Expired,2023-03-26,2024-03-25,500.00,5000.00,USD,
3445,CTR-2024-03445,21,119,Preferred,Active,2024-07-29,2025-07-29,500.00,1000.00,USD,
3446,CTR-2023-03446,2483,234,strategic ,Expired,2023-12-08,2026-12-07,1000.00,10000.00,USD,
3447,CTR-2024-03447,1099,239,Standard,Expired,2024-07-05,2025-07-05,10000.00,1000.00,CAD,
3448,CTR-2024-03448,535,33,Spot,Expired,2024-05-12,2025-05-12,1000.00,500.00,USD,
3449,CTR-2023-03449,857,78,Standard,Active,2023-09-14,2024-09-13,1000.00,0.00,USD,
3450,CTR-2023-03450,1602,165,Strategic,Active,2023-09-15,2024-03-13,5000.00,500.00,CAD,
3451,CTR-2023-03451,1170,239,Preferred,Expired,2023-08-30,2024-08-29,5000.00,10000.00,USD,
3452,CTR-2025-03452,1954,156,Standard,Active,2025-05-29,2027-05-29,10000.00,0.00,USD,
3453,CTR-2025-03453,2051,147,Spot,Suspended,2025-09-22,2027-09-22,10000.00,2500.00,USD,
3454,CTR-2024-03454,1601,191,strategic ,Cancelled,2024-08-14,2026-08-14,5000.00,500.00,USD, 
3455,CTR-2023-03455,398,108,Strategic,Active,2023-07-25,2024-01-21,1000.00,10000.00,USD,
3456,CTR-2024-03456,2259,248,Standard,active,2024-12-01,2027-12-01,25000.00,1000.00,USD,
3457,CTR-2025-03457,20,14,Standard,Cancelled,2025-01-14,2027-01-14,1000.00,2500.00,USD,Customer consolidation
3458,CTR-2024-03458,1309,140,Spot,Expired,2024-08-01,2027-08-01,2500.00,10000.00,EUR,
3459,CTR-2024-03459,2032,262,Preferred,Active,2024-07-29,2026-07-29,2500.00,0.00,USD,
3460,CTR-2023-03460,1730,128,Standard,Active,2023-10-10,2026-10-09,2500.00,2500.00,USD,
3461,CTR-2025-03461,112,64,Spot,Expired,2025-02-09,09/02/2026,25000.00,0.00,USD,
3462,CTR-2024-03462,579,14,Standard,Active,2024-04-10,2025-04-10,1000.00,500.00,USD,
3463,CTR-2024-03463,2013,252,Spot,Active,2024-09-13,9/13/2027,10000.00,5000.00,USD,
3464,CTR-2023-03464,1166,299,Spot,Expired,2023-03-17,2025/03/16,10000.00,500.00,USD,
3465,CTR-2025-03465,398,64,Spot,Active,2025-05-11,2026-05-11,5000.00,5000.00,GBP,
3466,CTR-2024-03466,1629,296,Strategic,Expired,2024-08-18,2025-02-14,2500.00,1000.00,GBP,
3467,CTR-2025-03467,761,149,Spot,Expired,2025-01-09,2025-07-08,500.00,10000.00,CAD,
3468,CTR-2025-03468,1917,210,Spot,Active,2025-05-06,2028-05-05,10000.00,0.00,usd,
3469,CTR-2024-03469,2329,240,Strategic,Cancelled,2024-05-18,2025-05-18,1000.00,10000.00,USD,Moved to competitor
3470,CTR-2025-03470,1285,220,Standard,active,2025-02-25,2026-02-25,500.00,2500.00,usd,
3471,CTR-2025-03471,2337,278,Strategic,Cancelled,2025-09-19,2026-09-19,500.00,10000.00,EUR,Customer consolidation
3472,CTR-2024-03472,2253,146,Spot,Active,2024-03-04,2025-03-04,1000.00,1000.00,usd,
3473,CTR-2025-03473,1721,210,strategic ,Active,2025-07-02,2026-07-02,1000.00,0.00,USD,
3474,CTR-2024-03474,917,241,Strategic,Active,2024-10-12,2025-10-12,25000.00,5000.00,USD,
3475,CTR-2024-03475,1310,67,Spot,Active,2024-12-10,2025-12-10,10000.00,5000.00,USD,
3476,CTR-2023-03476,2343,105,Preferred,active,2023-11-19,11/18/2024,25000.00,2500.00,USD,
3477,CTR-2023-03477,2052,128,strategic ,Expired,2023-01-09,08/01/2026,5000.00,5000.00,usd,
3478,CTR-2023-03478,274,190,Strategic,Active,2023-04-15,2024-04-14,500.00,5000.00,USD,
3479,CTR-2023-03479,2291,257,Preferred,Cancelled,2023-12-12,2026-12-11,1000.00,5000.00,USD,Service unreliability
3480,CTR-2024-03480,1333,248,Standard,Suspended,2024-04-11,2027-04-11,10000.00,1000.00,EUR,
3481,CTR-2023-03481,1585,296,Preferred,Active,2023-11-02,2026-11-01,25000.00,0.00,CAD,
3482,CTR-2023-03482,77,19,Preferred,Active,2023-08-01,2024-07-31,2500.00,5000.00,USD,
3483,CTR-2023-03483,1894,57,Standard,Cancelled,2023-08-17,2025-08-16,500.00,10000.00,USD,Price increase
3484,CTR-2024-03484,2489,192,Standard,Active,2024-04-30,2026-04-30,500.00,1000.00,USD,
3485,CTR-2025-03485,1764,193,strategic ,Cancelled,2025-07-15,2026-07-15,5000.00,1000.00,USD,Unknown
3486,CTR-2024-03486,2229,210,Preferred,Active,2024-04-14,2026-04-14,500.00,2500.00,USD,
3487,CTR-2023-03487,1310,161,strategic ,active,2023-11-30,2024-11-29,10000.00,1000.00,USD,
3488,CTR-2025-03488,816,245,Strategic,Active,2025-09-30,2026-09-30,2500.00,10000.00,USD,
3489,CTR-2024-03489,1728,82,Preferred,Cancelled,2024-12-19,2027-12-19,2500.00,0.00,USD,Service unreliability
3490,CTR-2023-03490,1260,128,Preferred,Expired,2023-06-19,18/06/2024,2500.00,500.00,USD,
3491,CTR-2025-03491,1937,296,Standard,Active,2025-04-20,2026-04-20,10000.00,10000.00,USD,
3492,CTR-2024-03492,1478,241,Preferred,Active,2024-10-09,2026-10-09,5000.00,10000.00,EUR,
3493,CTR-2024-03493,939,149,strategic ,Cancelled,2024-12-13,2027-12-13,5000.00,5000.00,USD,Moved to competitor
3494,CTR-2025-03494,371,241,strategic ,Cancelled,2025-05-18,2026-05-18,1000.00,1000.00,USD,Unknown
3495,CTR-2024-03495,1669,161,Strategic,Active,2024-08-12,2025-08-12,2500.00,500.00,USD,
3496,CTR-2023-03496,118,19,Spot,Active,2023-04-23,4/22/2026,10000.00,5000.00,USD,
3497,CTR-2024-03497,1121,161,Spot,Active,2024-02-15,2027-02-14,1000.00,0.00,USD,
3498,CTR-2023-03498,653,257,Spot,Active,2023-01-01,2024-01-01,5000.00,5000.00,USD,
3499,CTR-2024-03499,2045,190,strategic ,Active,2024-07-25,2025-07-25,2500.00,5000.00,USD,
3500,CTR-2025-03500,514,192,strategic ,Cancelled,2025-01-22,2025-07-21,5000.00,5000.00,USD,Price increase
3501,CTR-2023-03501,1230,12,Spot,Expired,2023-12-22,2024-12-21,2500.00,10000.00,EUR,
3502,CTR-2025-03502,2251,258,strategic ,Cancelled,2025-01-27,2027-01-27,500.00,500.00,CAD,Moved to competitor
3503,CTR-2025-03503,1853,156,strategic ,active,2025-08-02,2026-08-02,10000.00,500.00,CAD,
3504,CTR-2023-03504,1782,121,Preferred,active,2023-08-26,8/25/2024,2500.00,0.00,usd,
3505,CTR-2024-03505,1676,179,strategic ,Active,2024-09-17,2025-09-17,10000.00,10000.00,USD,
3506,CTR-2024-03506,289,15,strategic ,Active,2024-05-12,12/05/2025,5000.00,0.00,USD,
3507,CTR-2024-03507,1793,240,strategic ,Active,2024-03-28,2024-09-24,10000.00,0.00,USD,
3508,CTR-2023-03508,142,51,Preferred,active,2023-10-16,2024-10-15,5000.00,5000.00,EUR,
3509,CTR-2023-03509,108,161,Preferred,Active,2023-02-04,2023-08-03,2500.00,5000.00,USD,
3510,CTR-2023-03510,2395,245,Strategic,Active,2023-09-09,2025-09-08,500.00,1000.00,EUR,
3511,CTR-2023-03511,1211,183,Spot,Active,2023-01-16,2026-01-15,2500.00,1000.00,USD,
3512,CTR-2025-03512,2061,310,Standard,Active,2025-03-22,2027-03-22,25000.00,5000.00,USD,
3513,CTR-2025-03513,1088,147,Standard,Active,2025-08-13,2026-02-09,10000.00,1000.00,USD,
3514,CTR-2024-03514,82,249,Standard,Active,2024-02-07,2024-08-05,1000.00,2500.00,USD,
3515,CTR-2023-03515,1953,296,Strategic,Suspended,2023-12-15,2024-12-14,5000.00,5000.00,USD,
3516,CTR-2025-03516,447,245,Strategic,Active,2025-10-04,2027-10-04,500.00,0.00,USD,
3517,CTR-2023-03517,543,152,Preferred,Expired,2023-01-19,2024-01-19,25000.00,500.00,USD,
3518,CTR-2025-03518,694,248,Preferred,Expired,2025-01-13,2026-01-13,10000.00,0.00,USD,
3519,CTR-2025-03519,1939,289,Spot,Expired,2025-08-09,2027-08-09,2500.00,2500.00,EUR,
3520,CTR-2023-03520,2432,149,strategic ,Expired,2023-03-14,2024-03-13,10000.00,1000.00,USD,
3521,CTR-2024-03521,531,192,Standard,active,2024-02-20,2027-02-19,10000.00,1000.00,USD,
3522,CTR-2025-03522,349,82,Spot,active,2025-09-09,2026-09-09,5000.00,10000.00,USD,
3523,CTR-2025-03523,318,190,Strategic,Expired,2025-01-04,2025-07-03,2500.00,10000.00,USD,
3524,CTR-2024-03524,1741,236,Strategic,active,2024-12-05,2025-12-05,5000.00,5000.00,GBP,
3525,CTR-2024-03525,229,257,Strategic,Expired,2024-09-26,2025-09-26,5000.00,10000.00,USD,
3526,CTR-2024-03526,55,108,Spot,Cancelled,2024-09-16,2026-09-16,500.00,0.00,CAD,Customer consolidation
3527,CTR-2024-03527,908,278,strategic ,Active,2024-06-17,2026-06-17,1000.00,5000.00,USD,
3528,CTR-2024-03528,1191,147,Strategic,Active,2024-12-27,2025-12-27,2500.00,2500.00,USD,
3529,CTR-2024-03529,539,231,Preferred,Active,2024-07-25,2025-07-25,2500.00,1000.00,USD,
3530,CTR-2025-03530,1239,140,Strategic,Expired,2025-06-20,2028-06-19,500.00,10000.00,USD,
3531,CTR-2025-03531,1395,191,Standard,Active,2025-02-15,2026-02-15,2500.00,1000.00,GBP,
3532,CTR-2023-03532,1682,190,Spot,Active,2023-11-05,2024-05-03,25000.00,500.00,USD,
3533,CTR-2023-03533,958,12,Standard,Active,2023-07-19,2024-01-15,2500.00,2500.00,USD,
3534,CTR-2023-03534,225,249,Strategic,Expired,2023-06-11,2024-06-10,2500.00,10000.00,USD,
3535,CTR-2025-03535,1741,193,Strategic,Cancelled,2025-10-10,2028-10-09,10000.00,1000.00,USD,Unknown
3536,CTR-2023-03536,1401,69,Preferred,Active,2023-09-24,2024-09-23,2500.00,2500.00,USD,
3537,CTR-2024-03537,1098,67,Strategic,Active,2024-08-26,2027-08-26,10000.00,1000.00,USD,
3538,CTR-2024-03538,2400,190,Standard,Expired,2024-04-07,2024/10/04,2500.00,10000.00,USD,
3539,CTR-2024-03539,209,39,Spot,Active,2024-12-04,12/4/2025,500.00,5000.00,USD,
3540,CTR-2024-03540,2268,79,Spot,active,2024-08-23,2025-02-19,1000.00,5000.00,USD,
3541,CTR-2025-03541,1325,121,Strategic,Expired,2025-09-01,2026-09-01,5000.00,1000.00,CAD,
3542,CTR-2024-03542,1420,226,Standard,Active,2024-03-28,2027-03-28,25000.00,10000.00,EUR,
3543,CTR-2023-03543,1580,243,Strategic,active,2023-08-21,2025-08-20,5000.00,10000.00,USD,
3544,CTR-2025-03544,2409,128,Strategic,Active,2025-09-12,2028-09-11,5000.00,0.00,USD,
3545,CTR-2025-03545,418,191,Preferred,Expired,2025-03-02,2028-03-01,5000.00,10000.00,USD,
3546,CTR-2025-03546,1610,240,Preferred,Expired,2025-06-16,16/06/2027,5000.00,10000.00,EUR,
3547,CTR-2025-03547,1365,64,Standard,Active,2025-10-01,2026-10-01,10000.00,500.00,usd,
3548,CTR-2025-03548,852,26,strategic ,Active,2025-07-15,2026-07-15,25000.00,500.00,USD,
3549,CTR-2023-03549,1086,245,Strategic,Active,2023-03-22, 2025-03-21 ,10000.00,10000.00,USD,
3550,CTR-2024-03550,762,19,Strategic,Active,2024-07-09,7/9/2025,2500.00,1000.00,EUR,
3551,CTR-2024-03551,1510,267,Standard,Active,2024-08-16,2025-02-12,2500.00,500.00,USD,
3552,CTR-2025-03552,1935,252,Strategic,Active,2025-09-09,2026-03-08,2500.00,5000.00,USD,
3553,CTR-2024-03553,1281,299,Strategic,Expired,2024-11-05,2025-11-05,1000.00,2500.00,USD,
3554,CTR-2024-03554,73,74,Strategic,Active,2024-06-09,06/12/2024,10000.00,5000.00,USD,
3555,CTR-2024-03555,1108,190,Standard,Active,2024-03-30,2024-09-26,2500.00,500.00,usd,
3556,CTR-2024-03556,517,290,Preferred,Expired,2024-09-07,2025-09-07,1000.00,0.00,USD,
3557,CTR-2023-03557,388,121,strategic ,Active,2023-08-25,2024-08-24,2500.00,10000.00,USD,
3558,CTR-2025-03558,845,146,Spot,Active,2025-05-03,2028-05-02,1000.00,2500.00,USD,
3559,CTR-2024-03559,1768,83,Spot,Active,2024-08-08,2025-08-08,2500.00,500.00,USD,
3560,CTR-2024-03560,598,64,Preferred,Expired,2024-11-09,2025-11-09,1000.00,5000.00,USD,
3561,CTR-2025-03561,1519,278,Standard,Suspended,2025-02-23,2026-02-23,25000.00,5000.00,EUR,
3562,CTR-2023-03562,1886,121,Spot,Active,2023-04-14,2023/10/11,5000.00,1000.00,USD,
3563,CTR-2025-03563,133,236,Preferred,Expired,2025-06-15,2028-06-14,10000.00,10000.00,USD,
3564,CTR-2025-03564,1379,30,Preferred,Active,2025-09-04,2028-09-03,10000.00,2500.00,CAD,
3565,CTR-2024-03565,916,12,Preferred,Active,2024-02-23,2025-02-22,2500.00,10000.00,USD,
3566,CTR-2024-03566,1625,128,Strategic,active,2024-12-07,2025-12-07,2500.00,10000.00,USD,
3567,CTR-2024-03567,2022,218,Preferred,Active,2024-03-28,2025-03-28,1000.00,500.00,USD,
3568,CTR-2023-03568,1112,191,Standard,Active,2023-02-27,2023-08-26,1000.00,5000.00,USD,
3569,CTR-2025-03569,1617,201,Standard,Cancelled,2025-03-13,2026-03-13,500.00,500.00,USD,Unknown
3570,CTR-2023-03570,896,51,Preferred,Active,2023-04-14,2024-04-13,25000.00,10000.00,USD,
3571,CTR-2024-03571,986,290,Preferred,Active,2024-10-01,2025-10-01,10000.00,10000.00,USD,
3572,CTR-2024-03572,536,249,Standard,Suspended,2024-11-09,2025-11-09,25000.00,10000.00,USD,
3573,CTR-2023-03573,296,187,Preferred,Expired,2023-10-26,2024-10-25,5000.00,0.00,USD,
3574,CTR-2024-03574,1649,190,Standard,active,2024-03-19,2024-09-15,500.00,5000.00,EUR,
3575,CTR-2024-03575,763,30,Standard,Active,2024-11-28,2025-11-28,1000.00,10000.00,USD,
3576,CTR-2024-03576,300,15,strategic ,Cancelled,2024-03-05,2025-03-05,10000.00,0.00,USD, 
3577,CTR-2025-03577,837,165,Spot,Cancelled,2025-03-10,2028-03-09,2500.00,10000.00,GBP,Price increase
3578,CTR-2025-03578,1212,30,strategic ,Expired,2025-09-26,2026-09-26,500.00,2500.00,USD,
3579,CTR-2025-03579,490,69,Preferred,Active,2025-02-22,2028-02-22,2500.00,1000.00,GBP,
3580,CTR-2024-03580,1494,201,strategic ,Expired,2024-09-29,2025-09-29,1000.00,10000.00,USD,
3581,CTR-2025-03581,2430,273,Standard,Cancelled,2025-06-27,2025-12-24,2500.00,5000.00,USD,Price increase
3582,CTR-2025-03582,278,278,strategic ,Active,2025-02-18,2026-02-18,25000.00,5000.00,GBP,
3583,CTR-2025-03583,2134,51,Preferred,Cancelled,2025-04-03,2026-04-03,25000.00,5000.00,USD,Unknown
3584,CTR-2024-03584,1330,269,Strategic,Active,2024-03-11,2025/03/11,25000.00,1000.00,usd,
3585,CTR-2023-03585,1867,258,Standard,Active,2023-05-16,2025/05/15,2500.00,2500.00,USD,
3586,CTR-2025-03586,435,39,Strategic,Cancelled,2025-09-02,2028-09-01,5000.00,1000.00,USD,Unknown
3587,CTR-2024-03587,202,105,Standard,Suspended,2024-02-02,2026-02-01,2500.00,2500.00,CAD,
3588,CTR-2025-03588,2198,296,Preferred,Active,2025-10-01,2026-03-30,2500.00,1000.00,USD,
3589,CTR-2024-03589,319,179,Standard,Active,2024-12-24,2026-12-24,2500.00,0.00,EUR,
3590,CTR-2025-03590,654,192,Spot,Active,2025-07-17,2028-07-16,500.00,10000.00,USD,
3591,CTR-2025-03591,1574,242,Standard,Cancelled,2025-08-30,2026-08-30,10000.00,10000.00,CAD, 
3592,CTR-2024-03592,920,106,Standard,Active,2024-03-16,3/16/2026,500.00,0.00,USD,
3593,CTR-2025-03593,955,280,Standard,Active,2025-09-26,2028-09-25,10000.00,0.00,USD,
3594,CTR-2023-03594,660,241,Strategic,Active,2023-02-20,2024-02-20,1000.00,10000.00,USD,
3595,CTR-2024-03595,822,152,Strategic,Active,2024-01-14,2025-01-13,500.00,1000.00,GBP,
3596,CTR-2023-03596,1241,7,Strategic,Suspended,2023-10-28,2026-10-27,1000.00,0.00,USD,
3597,CTR-2025-03597,1956,57,Standard,Active,2025-10-09,2026/10/09,2500.00,10000.00,USD,
3598,CTR-2025-03598,237,258,Spot,Expired,2025-02-22,2025-08-21,2500.00,1000.00,GBP,
3599,CTR-2024-03599,50,193,Strategic,Active,2024-09-09, 2026-09-09 ,2500.00,500.00,USD,
3600,CTR-2024-03600,289,106,Spot,Expired,2024-07-29,2025-07-29,1000.00,5000.00,USD,
3601,CTR-2024-03601,1229,20,Strategic,Expired,2024-09-08,2025-09-08,10000.00,5000.00,CAD,
3602,CTR-2025-03602,941,241,Preferred,Active,2025-02-07,2025-08-06,25000.00,5000.00,USD,
3603,CTR-2024-03603,1496,30,Preferred,Active,2024-02-13,2024-08-11,500.00,5000.00,USD,
3604,CTR-2024-03604,2122,273,Preferred,Suspended,2024-12-09,2025-06-07,25000.00,10000.00,USD,
3605,CTR-2025-03605,2234,249,Spot,Expired,2025-05-25,24/05/2028,25000.00,10000.00,usd,
3606,CTR-2023-03606,1798,226,Preferred,Expired,2023-10-12,2025-10-11,25000.00,0.00,USD,
3607,CTR-2025-03607,97,242,Standard,Cancelled,2025-07-31,2027-07-31,1000.00,1000.00,CAD,Moved to competitor
3608,CTR-2023-03608,795,83,strategic ,Active,2023-01-01,2023-06-30,500.00,10000.00,USD,
3609,CTR-2025-03609,1099,201,strategic ,Expired,2025-04-27,2025-10-24,5000.00,0.00,USD,
3610,CTR-2025-03610,1823,296,Preferred,Active,2025-08-07,2027-08-07,25000.00,0.00,USD,
3611,CTR-2025-03611,1659,241,Strategic,Active,2025-10-11,2026-10-11,500.00,0.00,GBP,
3612,CTR-2023-03612,125,210,Preferred,Expired,2023-02-02,2024-02-02,10000.00,10000.00,EUR,
3613,CTR-2024-03613,976,14,Preferred,Active,2024-12-28,2026-12-28,500.00,5000.00,USD,
3614,CTR-2023-03614,749,33,Strategic,Cancelled,2023-04-24,2023-10-21,2500.00,5000.00,USD,Moved to competitor
3615,CTR-2024-03615,311,140,Standard,Active,2024-11-16,2025-11-16,1000.00,5000.00,EUR,
3616,CTR-2025-03616,1979,67,Standard,Active,2025-09-17,2028-09-16,5000.00,500.00,USD,
3617,CTR-2024-03617,736,14,Preferred,Suspended,2024-04-29,2025-04-29,500.00,0.00,USD,
3618,CTR-2023-03618,560,119,strategic ,active,2023-11-10,2024/05/08,10000.00,0.00,USD,
3619,CTR-2025-03619,1891,262,Strategic,Active,2025-05-20,2026-05-20,1000.00,1000.00,USD,
3620,CTR-2023-03620,506,15,Preferred,Expired,2023-08-01,2026-07-31,1000.00,10000.00,USD,
3621,CTR-2024-03621,2493,7,Preferred,Active,2024-01-20,2027-01-19,1000.00,2500.00,USD,
3622,CTR-2025-03622,1342,64,Preferred,Expired,2025-09-15,2026-09-15,5000.00,1000.00,USD,
3623,CTR-2024-03623,75,258,Standard,Active,2024-08-15,2025-02-11,1000.00,500.00,USD,
3624,CTR-2023-03624,623,41,Spot,Active,2023-05-10,2026-05-09,2500.00,5000.00,USD,
3625,CTR-2025-03625,2329,51,Standard,Active,2025-01-19,2025-07-18,500.00,1000.00,USD,
3626,CTR-2023-03626,2458,280,Strategic,active,2023-06-24,6/23/2024,1000.00,10000.00,USD,
3627,CTR-2024-03627,576,278,strategic ,Expired,2024-05-21,2024-11-17,5000.00,2500.00,USD,
3628,CTR-2024-03628,2295,33,Standard,Suspended,2024-09-04,2025-09-04,10000.00,1000.00,USD,
3629,CTR-2024-03629,1268,258,Preferred,active,2024-10-19,2025-04-17,10000.00,500.00,USD,
3630,CTR-2025-03630,904,22,strategic ,Active,2025-10-04,04/10/2027,2500.00,5000.00,USD,
3631,CTR-2025-03631,506,60,strategic ,Active,2025-05-08,2026-05-08,1000.00,500.00,USD,
3632,CTR-2024-03632,1922,39,Standard,Suspended,2024-11-18,2025-05-17,5000.00,0.00,GBP,
3633,CTR-2023-03633,1215,296,Standard,Cancelled,2023-03-20,2024-03-19,1000.00,5000.00,CAD,Service unreliability
3634,CTR-2023-03634,1021,64,Standard,Active,2023-12-07, 2024-12-06 ,1000.00,10000.00,USD,
3635,CTR-2025-03635,25,262,Spot,Active,2025-06-08,2027-06-08,1000.00,5000.00,GBP,
3636,CTR-2023-03636,537,193,strategic ,Active,2023-02-21,2024-02-21,25000.00,1000.00,EUR,
3637,CTR-2023-03637,568,20,Standard,Active,2023-12-16,2024-12-15,2500.00,1000.00,CAD,
3638,CTR-2023-03638,2032,249,Standard,Active,2023-04-13,2024-04-12,25000.00,1000.00,USD,
3639,CTR-2023-03639,2342,140,Standard,Expired,2023-10-20,2025-10-19,25000.00,10000.00,USD,
3640,CTR-2024-03640,1896,278,Standard,Active,2024-05-21,2025-05-21,2500.00,1000.00,CAD,
3641,CTR-2025-03641,1486,12,Standard,Active,2025-04-05,2025-10-02,1000.00,10000.00,USD,
3642,CTR-2024-03642,937,33,Standard,Active,2024-08-17,2026-08-17,25000.00,2500.00,USD,
3643,CTR-2025-03643,426,295,Preferred,Active,2025-06-25,2026-06-25,10000.00,1000.00,USD,
3644,CTR-2025-03644,542,156,Strategic,Active,2025-02-22,2026-02-22,500.00,5000.00,USD,
3645,CTR-2025-03645,1965,187,strategic ,Active,2025-01-20,7/19/2025,1000.00,2500.00,usd,
3646,CTR-2023-03646,531,140,Strategic,Active,2023-08-14,2025/08/13,2500.00,5000.00,USD,
3647,CTR-2024-03647,1734,19,Strategic,Active,2024-03-22,2024-09-18,25000.00,2500.00,USD,
3648,CTR-2023-03648,95,210,Preferred,Active,2023-01-26,2023-07-25,500.00,10000.00,USD,
3649,CTR-2023-03649,547,280,Spot,Expired,2023-08-17,2024-08-16,5000.00,5000.00,USD,
3650,CTR-2023-03650,2357,220,Standard,Active,2023-09-30,2024-09-29,2500.00,10000.00,USD,
3651,CTR-2023-03651,1395,234,Standard,Active,2023-02-15,2024-02-15,2500.00,5000.00,USD,
3652,CTR-2023-03652,601,39,strategic ,Cancelled,2023-11-15,2024-11-14,500.00,10000.00,USD,Price increase
3653,CTR-2024-03653,2252,210,strategic ,Cancelled,2024-12-07,2025/12/07,5000.00,2500.00,GBP,Service unreliability
3654,CTR-2023-03654,842,252,Spot,Expired,2023-05-02,2023-10-29,500.00,5000.00,usd,
3655,CTR-2025-03655,1057,79,Spot,Expired,2025-06-26,2026-06-26,10000.00,10000.00,USD,
3656,CTR-2023-03656,391,245,strategic ,Active,2023-09-13,2024-09-12,25000.00,5000.00,USD,
3657,CTR-2023-03657,998,191,Spot,Active,2023-02-26,8/25/2023,2500.00,1000.00,USD,
3658,CTR-2024-03658,2436,201,Spot,active,2024-11-09,2025-05-08,10000.00,0.00,USD,
3659,CTR-2024-03659,1584,241,Spot,Active,2024-03-15,2024/09/11,10000.00,500.00,usd,
3660,CTR-2024-03660,1635,51,Spot,Expired,2024-11-13,2025-11-13,500.00,1000.00,CAD,
3661,CTR-2024-03661,2462,190,Spot,Active,2024-02-19,2027-02-18,1000.00,0.00,USD,
3662,CTR-2025-03662,1352,60,Preferred,Cancelled,2025-03-26,2025-09-22,2500.00,5000.00,USD,Unknown
3663,CTR-2024-03663,547,147,strategic ,Expired,2024-10-04,04/10/2027,500.00,5000.00,USD,
3664,CTR-2023-03664,232,14,Standard,Expired,2023-10-28,2026-10-27,5000.00,10000.00,GBP,
3665,CTR-2024-03665,2009,165,Preferred,Active,2024-07-18,2027-07-18,25000.00,2500.00,USD,
3666,CTR-2023-03666,67,140,Strategic,Active,2023-05-18,2026-05-17,10000.00,5000.00,USD,
3667,CTR-2023-03667,228,174,strategic ,Active,2023-05-31,2026-05-30,5000.00,1000.00,USD,
3668,CTR-2024-03668,500,289,Spot,Active,2024-11-04,2027-11-04,1000.00,2500.00,USD,
3669,CTR-2024-03669,458,19,Preferred,Active,2024-05-09,2025-05-09,500.00,1000.00,USD,
3670,CTR-2023-03670,1422,193,Strategic,Active,2023-08-05,2026-08-04,500.00,500.00,CAD,
3671,CTR-2024-03671,1202,236,strategic ,Expired,2024-04-15,2026-04-15,5000.00,2500.00,CAD,
3672,CTR-2025-03672,95,67,Standard,Active,2025-06-11,2028-06-10,2500.00,5000.00,USD,
3673,CTR-2024-03673,1104,33,strategic ,Cancelled,2024-06-03,2024-11-30,500.00,1000.00,USD,Moved to competitor
3674,CTR-2025-03674,1663,210,Strategic,Expired,2025-09-25,2026-09-25,500.00,5000.00,USD,
3675,CTR-2023-03675,543,289,Preferred,Active,2023-07-01,2024-06-30,5000.00,500.00,USD,
3676,CTR-2025-03676,2300,30,Preferred,Active,2025-08-08,2026-08-08,2500.00,0.00,USD,
3677,CTR-2023-03677,722,183,Standard,active,2023-08-27,2024-08-26,25000.00,5000.00,USD,
3678,CTR-2023-03678,1431,299,Spot,Active,2023-09-21,2024-09-20,1000.00,2500.00,USD,
3679,CTR-2024-03679,437,14,Strategic,Expired,2024-09-25,2025-03-24,10000.00,2500.00,USD,
3680,CTR-2024-03680,1613,210,Preferred,Active,2024-09-10,2025-09-10,1000.00,5000.00,usd,
3681,CTR-2023-03681,2127,296,Preferred,Cancelled,2023-11-07,2025-11-06,10000.00,10000.00,USD,Price increase
3682,CTR-2024-03682,1614,220,Strategic,Active,2024-10-05,4/3/2025,2500.00,2500.00,USD,
3683,CTR-2024-03683,1164,68,Spot,Active,2024-06-07,2025-06-07,500.00,0.00,USD,
3684,CTR-2024-03684,12,105,Strategic,Cancelled,2024-12-13,2025-06-11,500.00,2500.00,EUR,Unknown
3685,CTR-2023-03685,708,220,Strategic,Active,2023-02-28,2026-02-27,10000.00,1000.00,USD,
3686,CTR-2023-03686,509,41,strategic ,Active,2023-05-01,2023-10-28,25000.00,0.00,GBP,
3687,CTR-2024-03687,701,254,Spot,Cancelled,2024-06-06,2026-06-06,5000.00,1000.00,USD,Price increase
3688,CTR-2025-03688,1844,190,strategic ,Active,2025-01-05,1/5/2026,500.00,2500.00,USD,
3689,CTR-2024-03689,2188,12,Strategic,Active,2024-12-01,2025-12-01,2500.00,0.00,USD,
3690,CTR-2025-03690,2257,41,Spot,Active,2025-01-28,2028-01-28,500.00,5000.00,USD,
3691,CTR-2024-03691,1468,273,Preferred,Expired,2024-08-15,11/02/2025,500.00,10000.00,USD,
3692,CTR-2023-03692,884,79,Standard,Expired,2023-07-24,2024/01/20,25000.00,500.00,GBP,
3693,CTR-2023-03693,56,74,Standard,Active,2023-08-05,2024-08-04,2500.00,5000.00,usd,
3694,CTR-2025-03694,956,296,Strategic,Cancelled,2025-06-30,2026-06-30,5000.00,1000.00,USD,Moved to competitor
3695,CTR-2024-03695,341,161,Preferred,Cancelled,2024-05-21,2027-05-21,5000.00,1000.00,USD,Moved to competitor
3696,CTR-2025-03696,2248,187,Spot,Cancelled,2025-06-30,2026-06-30,10000.00,500.00,USD, 
3697,CTR-2024-03697,2366,220,strategic ,Active,2024-03-15,2024-09-11,25000.00,500.00,USD,
3698,CTR-2023-03698,1616,267,Spot,active,2023-11-06, 2024-05-04 ,1000.00,2500.00,USD,
3699,CTR-2025-03699,287,33,Standard,Active,2025-06-11,2026-06-11,10000.00,500.00,USD,
3700,CTR-2025-03700,2309,234,Preferred,Cancelled,2025-08-31,31/08/2026,2500.00,5000.00,USD,Customer consolidation
