customer_id,customer_code,legal_name,trading_name,customer_segment,industry,home_region_id,account_manager_id,primary_email,primary_phone,lifecycle_status,registered_on,credit_limit,tax_id,record_source
1,CUS-000001,Cardinal Seafood Distribution,Cardinal Seafood Distribution,Mid-Market,Cold-Chain Pharma,5,249,hugo@cardinalseafooddis.example,296-472-6681,active,2024-02-14,25000.00,10-9963341,CRM
2,CUS-000002,Keystone Pet Nutrition Foods,Keystone Pet Nutrition Foods,enterprise ,Clinical Logistics,4,242,fatima@keystonepetnutriti.example,536-834-1248,At Risk,2025-02-25,75000.00,64-2041719,Legacy CRM
3,CUS-000003,Helix Ingredients Foods,Helix Ingredients Foods,Regional,Food Distribution,7,165,mateo@helixingredientsfo.example,228-328-8805,Active,2023-05-28,500000.00,85-9387296,Legacy CRM
4,CUS-000004,Ardent Laboratories Distribution ,Ardent Laboratories Distribution,Startup,Clinical Logistics,4,257,nina@ardentlaboratories.example,852-267-9817,Active,2024-09-21,250000.00,53-5825780,CRM
5,CUS-000005,Ardent Laboratories Supply,Ardent Laboratories Supply,Startup,Food Distribution,6,290,lena@ardentlaboratories.example,451-820-4419,Inactive,2025-03-16,250000.00,95-7028504,CRM
6,CUS-000006,Helix Seafood Labs,Helix Seafood Labs,Mid-Market,Cold-Chain Pharma,5,183,fatima@helixseafoodlabs.example,222-396-8533,Active,2024-10-03,50000.00,00-0000000,CRM
7,CUS-000007,Meridian Cold Foods Foods,Meridian Cold Foods Foods,Mid-Market,Food Distribution,4,51,talia@meridiancoldfoodsf.example,252-539-8495,Inactive,2024-11-30,50000.00,29-9017859,CRM
8,CUS-000008,Orchard Specialty Produce Distribution,Orchard Specialty Produce Dist.,Enterprise,Specialty Grocery,11,41,mateo@orchardspecialtypr.example,721-911-5485,Active,2024-07-04,25000.00,80-8377105,Legacy CRM
9,CUS-000009,Lakeside Foods Labs,Lakeside Foods Labs,Enterprise,Cold-Chain Pharma,10,174,avery@lakesidefoodslabs.example,340-805-9940,Prospect,2025-07-02,50000.00,79-6913666,CRM
10,CUS-000010,Crown Seafood Co-op,Crown Seafood Co-op,Enterprise,Cold-Chain Pharma,7,82,caleb@crownseafoodcoop.example,536-804-3294,Inactive,2023-09-05,25000.00,11-5491208,Manual Entry
11,CUS-000011,Aster Biologics Holdings,Aster Biologics Holdings,Startup,Specialty Grocery,1,296,rafael@asterbiologicshold.example,560-299-7057,Active,2023-07-01,25000.00,26-6121791,CRM
12,CUS-000012,Brightwell Beverage Foods,Brightwell Beverage Foods,Enterprise,Meal Kit Producer,8,51,noah@brightwellbeverage.example,245-585-4917,Active,2023-02-12,250000.00,81-6172435,CRM
13,CUS-000013,Westline Dairy Holdings,Westline Dairy Holdings,enterprise ,Specialty Grocery,2,39,keiko@westlinedairyholdi.example,601-440-2668,Active,2024-08-01,150000.00,15-7760553,CRM
14,CUS-000014,Pioneer Foods Manufacturing,Pioneer Foods Manufacturing,Startup,Beverage Distribution,10,295,fatima@pioneerfoodsmanufa.example,397-867-8945,At Risk,2023-10-21,75000.00,49-7832913,CRM
15,CUS-000015,Ardent Pet Nutrition Supply,Ardent Pet Nutrition Supply,enterprise ,Cold-Chain Pharma,8,239,rina@ardentpetnutrition.example,946-646-1575,Active,2023-05-27,150000.00,92-3171358,Legacy CRM
16,CUS-000016,Mosaic Pharma Holdings,Mosaic Pharma Holdings,Mid-Market,Cold-Chain Pharma,3,258,zara@mosaicpharmaholdin.example,405-947-4678,Active,2023-11-21,100000.00,72-7160539,CRM
17,CUS-000017,Orchard Ingredients Co-op,Orchard Ingredients Co-op,Startup,Meal Kit Producer,11,190,,959-399-1495,Active,2023-10-15,50000.00,46-2890954,Manual Entry
18,CUS-000018,Everfield Floral Logistics Distribution,Everfiled Floral Logistics Distribution,Regional,Beverage Distribution,4,179,zara@everfieldflorallog.example,545.745.6820,Active,2025-11-06,100000.00,51-6866398,CRM
19,CUS-000019,Solace Seafood Logistics,Solace Seafood Logistics,Regional,Meal Kit Producer,4,19,caleb@solaceseafoodlogis.example,438-667-9390,At Risk,2024-01-01,100000.00,28-1652492,CRM
20,CUS-000020,forge dairy logistics,Forge Dairy Logistics,enterprise ,Cold-Chain Pharma,11,68,ben@forgedairylogistic.example,447-544-5110,Active,2024-02-20,25000.00,56-3352334,CRM
21,CUS-000021,Vantage Biologics Manufacturing,Vantage Biologics Mfg,enterprise ,Food Distribution,9,192,lena@vantagebiologicsma.example,248-781-1127,At Risk,2024-12-02,150000.00,96-6268273,Manual Entry
22,CUS-000022,Aster Dairy Holdings,Aster Dairy Holdings,Regional,Food Distribution,1,241,miles@asterdairyholdings.example,872-861-6532,Active,2025-02-11,25000.00,51-5777704,CRM
23,CUS-000023,Crown Specialty Produce Holdings,Crown Specialty Produce Holdings,Enterprise,Clinical Logistics,7,41,fatima@crownspecialtyprod.example,248-858-6813,At Risk,2024-03-09,25000.00,36-7201507,CRM
24,CUS-000024,Cardinal Specialty Produce Partners,Cardinal Specialty Produce Partners,Enterprise,Specialty Grocery,10,83,caleb@cardinalspecialtyp.example,422-509-3676,Active,2023-01-15,50000.00,58-5080195,Manual Entry
25,CUS-000025,Pioneer Laboratories Co-op,Pioneer Laboratories Co-op,Mid-Market,Food Distribution,2,278,iris@pioneerlaboratorie.example,298-769-3469,Inactive,2024-02-03,250000.00,97-4931963,CRM
26,CUS-000026,Brightwell Cold Foods Foods,Brightwell Cold Foods Foods,Mid-Market,Specialty Grocery,10,165,hugo@brightwellcoldfood.example ,806-846-1071,Active,2023-02-16,250000.00,23-6191415,CRM
27,CUS-000027,Aster Floral Logistics Supply,Aster Floral Logistics Supply,Startup,Specialty Grocery,11,243,ben@asterflorallogisti.example,598-805-9948,Active,2025-08-13,150000.00,47-1838745,CRM
28,CUS-000028,Harbor Specialty Produce Manufacturing,Harbor Specialty Produce Mfg,Mid-Market,Beverage Distribution,11,187,priya@harborspecialtypro.example,865-242-1264,Inactive,2024-06-19,250000.00,47-2610055,Legacy CRM
29,CUS-000029,Orchard Biologics Labs,Orchard Biologics Labs,Startup,Cold-Chain Pharma,1,146,rafael@orchardbiologicsla.example,726-288-2156,Active,2024-12-20,75000.00,12-5418718,CRM
30,CUS-000030,Summit Meal Systems Group,Summit Meal Systems Group,enterprise ,Specialty Grocery,11,191,rina@summitmealsystemsg.example,603-817-8124,Active,2023-02-21,150000.00,37-2463565,CRM
31,CUS-000031,Harbor Ingredients Co-op,Harbor Ingredients Co-op,Regional,Meal Kit Producer,1,22,jonah@harboringredientsc.example,479-760-6869,Prospect,2024-07-12,100000.00,70-4682201,CRM
32,CUS-000032,Crescent Biologics Group,Crescent Biologics Group,Mid-Market,Meal Kit Producer,4,241,lena@crescentbiologicsg.example,406-302-8799,Active,2024-06-29,25000.00,62-6536505,CRM
33,CUS-000033,Granite Foods Supply,granite foods supply,Startup,Beverage Distribution,7,39,darren@granitefoodssupply.example,817-692-3996,active,2024-03-23,500000.00,16-8246821,Manual Entry
34,CUS-000034,Cedar Ingredients Partners,Cedar Ingredients Partners,Regional,Specialty Grocery,11,128,,00311 986 8088,Active,2023-06-13,150000.00,82-8928655,Legacy CRM
35,CUS-000035,Everfield Pet Nutrition Group,Everfield Pet Nutrition Group,Mid-Market,Clinical Logistics,11,249,priya@everfieldpetnutrit.example,342-590-7932,Active,2025-01-07,50000.00,84-9585483,Trade Show Import
36,CUS-000036,Aster Dairy Co-op,Aster Dairy Co-op,Regional,Clinical Logistics,11,226,miles@asterdairycoop.example,361-690-4831,Active,2024-01-10,150000.00,94-6660269,Legacy CRM
37,CUS-000037,Solace Meal Systems Foods,Solace Meal Systems Foods,Mid-Market,Food Distribution,9,252,mateo@solacemealsystemsf.example,427-850-2351,Active,2025-03-17,500000.00,57-8564435,Trade Show Import
38,CUS-000038,Summit Laboratories Logistics,Summit Laboratories Logistics,Mid-Market,Meal Kit Producer,1,121,mateo@summitlaboratories.example,870-605-2285,Active,2025-05-14,500000.00,35-1172520,Manual Entry
39,CUS-000039,Pioneer Foods Foods,Pioneer Foods Foods,Enterprise,Specialty Grocery,11,119,zara@pioneerfoodsfoods.example,977-392-6441,Inactive,2025-10-08,250000.00,89-3006285,CRM
40,CUS-000040,Harbor Specialty Produce Group,Harbor Specialty Produce Group,Enterprise,Food Distribution,4,236,rina@harborspecialtypro.example,262-969-2230,Active,2023-09-10,50000.00,70-8294741,CRM
41,CUS-000041,Aster Floral Logistics Manufacturing,Aster Floral Logistics Manufacturing,Enterprise,Specialty Grocery,9,146,zara@asterflorallogisti.example,404-483-4468,Active,2023-01-14,100000.00,90-3742047,Trade Show Import
42,CUS-000042,Brightwell Dairy Foods,Brightwell Dairy Foods,Enterprise,Clinical Logistics,7,14,caleb@brightwelldairyfoo.example,627-436-8732,Prospect,2023-06-17,25000.00,20-8088371,CRM
43,CUS-000043,Keystone Floral Logistics Logistics,Keystone Floral Logistics Logistics,Regional,Food Distribution,1,257,,263-842-4882,At Risk,2023-07-15,25000.00,23-3263213,Legacy CRM
44,CUS-000044,Helix Ingredients Partners,Helix Ingredients Partners,Mid-Market,Cold-Chain Pharma,7,140,iris@helixingredientspa.example,318-394-7899,Inactive,2024-09-13,250000.00,99-8998367,Manual Entry
45,CUS-000045,Forge Specialty Produce Logistics,Forge Specialty Produce Logistics,Enterprise,Cold-Chain Pharma,4,241,fatima@forgespecialtyprod.example,756-547-4518,Active,2023-05-30,150000.00,60-5697432,CRM
46,CUS-000046,Northwind Pharma Partners,Northwind Pharma Partners,enterprise ,Beverage Distribution,7,192,sofia@northwindpharmapar.example,837-867-2351,Active,2025-07-26,150000.00,53-3112578,CRM
47,CUS-000047,Riverbend Pharma Manufacturing,Riverbend Pharma Manufacturing,Regional,Food Distribution,3,74,ben@riverbendpharmaman.example,897-696-8364,active,2023-12-25,150000.00,52-7020919,CRM
48,CUS-000048,Cobalt Foods Manufacturing,Cobalt Foods Mfg,enterprise ,Beverage Distribution,7,262,darren@cobaltfoodsmanufac.example,229-663-1556,Active,2023-02-16,150000.00,80-9405902,CRM
49,CUS-000049,Summit Beverage Partners,Summit Beverage Partners,Mid-Market,Meal Kit Producer,5,22,noah@summitbeveragepart.example,615-332-8684,Active,2023-11-22,100000.00,76-2182097,CRM
50,CUS-000050,Aster Specialty Produce Co-op,Aster Specialty Produce Co-op,enterprise ,Meal Kit Producer,9,249,rina@asterspecialtyprod.example,626-744-1322,Active,2024-06-06,50000.00,39-3000852,Manual Entry
51,CUS-000051,Riverbend Pharma Labs,Riverbend Pharma Labs,Regional,Clinical Logistics,10,241,owen@riverbendpharmalab.example,861-548-2385,Active,2024-08-23,250000.00,47-2654111,Manual Entry
52,CUS-000052,Vantage Biologics Manufacturing,Vantage Biologics Manufacturing,enterprise ,Meal Kit Producer,8,51,avery@vantagebiologicsma.example,825-974-5592,Active,2023-01-31,250000.00,70-5619279,Manual Entry
53,CUS-000053,Briar Seafood Holdings,Briar Seafood Holdings,Startup,Clinical Logistics,4,146,hugo@briarseafoodholdin.example,637-780-7190,Active,2024-07-28,150000.00,59-1615084,Manual Entry
54,CUS-000054,Orchard Pharma Supply,Orchard Pharma Supply,enterprise ,Beverage Distribution,8,192,caleb@orchardpharmasuppl.example,915-917-4281,Active,2023-07-09,150000.00,68-7638661,CRM
55,CUS-000055,crown meal systems distribution,Crown Meal Systems Distribution,enterprise ,Meal Kit Producer,9,252,keiko@crownmealsystemsdi.example,727-938-1294,Active,2023-11-11,50000.00,28-1054653,Legacy CRM
56,CUS-000056,Bluevale Laboratories Holdings,Bluevale Laboratories Holdings,Startup,Food Distribution,4,191,anika@bluevalelaboratori.example,866-429-4375,Active,2023-04-20,150000.00,54-1210900,CRM
57,CUS-000057,Summit Pet Nutrition Holdings,Summit Pet Nutrition Holdings,Mid-Market,Food Distribution,10,67,avery@summitpetnutrition.example,334-447-9690,Active,2025-01-31,250000.00,16-5973875,CRM
58,CUS-000058,Keystone Cold Foods Manufacturing,Keystone Cold Foods Manufacturing,enterprise ,Food Distribution,4,226,nina@keystonecoldfoodsm.example,706-866-2184,Active,2024-06-16,50000.00,22-7785735,CRM
59,CUS-000059,Mosaic Meal Systems Co-op,Mosaic Meal Systems Co-op,enterprise ,Beverage Distribution,1,149,lena@mosaicmealsystemsc.example,682-931-7412,Inactive,2025-10-22,250000.00,20-2435585,Trade Show Import
60,CUS-000060,Helix Foods Co-op,Helix Foods Co-op,Startup,Food Distribution,4,262,owen@helixfoodscoop.example,511-697-3363,Active,2025-01-06,25000.00,61-1243851,CRM
61,CUS-000061,Lantern Foods Logistics,lantern foods logistics,Enterprise,Beverage Distribution,9,249,priya@lanternfoodslogist.example,824-349-1769,active,2024-07-19,50000.00,72-5049121,Trade Show Import
62,CUS-000062,Riverbend Beverage Group,Rivebrend Beverage Group,Startup,Food Distribution,4,280,jonah@riverbendbeverageg.example,814.613.5857,active,2024-10-26,250000.00,47-9359807,CRM
63,CUS-000063,Summit Ingredients Co-op,Summit Ingredients Co-op,Mid-Market,Meal Kit Producer,8,83,owen@summitingredientsc.example,219-937-7040,Inactive,2023-07-01,100000.00,84-3781743,Legacy CRM
64,CUS-000064,Oakmont Beverage Partners,Oakmont Beverage Partners,Regional,Clinical Logistics,3,310,iris@oakmontbeveragepar.example,426-820-9830,Active,2023-06-23,50000.00,46-9352575,Manual Entry
65,CUS-000065,Briar Nutrition Manufacturing,Briar Nutrition Manufacturing,Startup,Food Distribution,6,60,hugo@briarnutritionmanu.example,240-924-8641,Active,2023-09-29,75000.00,27-3784270,Manual Entry
66,CUS-000066,Forge Nutrition Supply,Forge Nutrition Supply,Regional,Clinical Logistics,7,183,keiko@forgenutritionsupp.example,743-539-8661,Active,2024-04-15,75000.00,88-5724862,Legacy CRM
67,CUS-000067,Westline Specialty Produce Logistics,Westline Specialty Produce Logistics,Startup,Specialty Grocery,11,140,talia@westlinespecialtyp.example,743-480-2634,Active,2025-10-01,100000.00,16-8635713,Trade Show Import
68,CUS-000068,Northwind Seafood Manufacturing,Northwind Seafood Manufacturing,Startup,Specialty Grocery,2,174,nina@northwindseafoodma.example,914-477-8799,Inactive,2025-10-06,250000.00,58-3182869,Legacy CRM
69,CUS-000069,Solace Laboratories Group,SOLACE LABORATORIES GROUP,Mid-Market,Food Distribution,3,78,lena@solacelaboratories.example,707-765-3518,Active,2024-11-16,500000.00,97-5192864,CRM
70,CUS-000070,Aster Cold Foods Supply,Aster Cold Foods Supply,Startup,Meal Kit Producer,9,262,darren@astercoldfoodssupp.example,979-756-2613,Active,2024-12-15,100000.00,88-4274150,Trade Show Import
71,CUS-000071,cardinal nutrition partners,Cardinal Nutrition Partners,Startup,Beverage Distribution,1,39,zara@cardinalnutritionp.example,712-896-9687,Active,2025-06-06,150000.00,56-1275570,CRM
72,CUS-000072,Northwind Floral Logistics Supply,Northwind Floral Logistics Supply,Startup,Clinical Logistics,3,68,keiko@northwindflorallog.example,432-368-1058,Active,2024-11-02,150000.00,75-3648006,Legacy CRM
73,CUS-000073,Riverbend Dairy Holdings,RIVERBEND DAIRY HOLDINGS,Mid-Market,Beverage Distribution,4,240,mateo@riverbenddairyhold.example,210-812-8627,Active,2025-09-16,75000.00,65-6594976,CRM
74,CUS-000074,Bluevale Cold Foods Distribution,Bluevale Cold Foods Distribution,enterprise ,Cold-Chain Pharma,5,106,jonah@bluevalecoldfoodsd.example,784-831-4386,Active,2024-09-26,150000.00,93-1789193,CRM
75,CUS-000075,Keystone Floral Logistics Co-op,KEYSTONE FLORAL LOGISTICS CO-OP,Startup,Specialty Grocery,9,258,fatima@keystoneflorallogi.example,827-449-3055,Active,2025-09-18,500000.00,42-7902310,Trade Show Import
76,CUS-000076,Everfield Beverage Foods,Everfield Beverage Foods,Startup,Meal Kit Producer,9,179,maya@everfieldbeveragef.example,314-888-9769,Active,2023-08-13,100000.00,17-7076307,CRM
77,CUS-000077,Bluevale Beverage Supply,Bluevale Beverage Supply,enterprise ,Meal Kit Producer,7,78,avery@bluevalebeveragesu.example,304-686-4412,Active,2023-06-25,50000.00,78-3355655,CRM
78,CUS-000078,Briar Beverage Distribution,Briar Beverage Distribution,enterprise ,Clinical Logistics,3,82,ben@briarbeveragedistr.example,585-475-1889,Active,2025-10-19,500000.00,71-6534742,CRM
79,CUS-000079,Forge Specialty Produce Partners,Forge Specialty Produce Partners,Startup,Meal Kit Producer,6,60,miles@forgespecialtyprod.example,498-580-7808,Active,2025-07-23,25000.00,31-5929008,Trade Show Import
80,CUS-000080,Cobalt Cold Foods Supply,Cobalt Cold Foods Supply,Regional,Clinical Logistics,8,60,lena@cobaltcoldfoodssup.example,687-578-8958,Active,2023-11-07,25000.00,62-2605953,CRM
81,CUS-000081,Summit Floral Logistics Foods,Summit Floral Logistics Foods,Mid-Market,Specialty Grocery,6,33,jonah@summitflorallogist.example,486-278-6858,Active,2023-08-22,75000.00,50-3563192,CRM
82,CUS-000082,Cedar Seafood Holdings,Cedar Seafood Holdings,Mid-Market,Food Distribution,7,254,iris@cedarseafoodholdin.example,593-692-6653,Active,2023-02-11,25000.00,42-7540836,CRM
83,CUS-000083,Cardinal Laboratories Co-op,Cardinal Laboratories Co-op,Mid-Market,Specialty Grocery,7,94,elias@cardinallaboratori.example,983-817-5274,Active,2023-04-27,25000.00,93-1115308,CRM
84,CUS-000084,Crown Foods Partners,Crown Foods Partners,Regional,Clinical Logistics,5,174,caleb@crownfoodspartners.example,254-410-2424,Active,2025-08-07,25000.00,15-3831725,CRM
85,CUS-000085,Meridian Beverage Foods ,Meridian Beverage Foods,Enterprise,Beverage Distribution,5,231,rafael@meridianbeveragefo.example,536-209-6037,Prospect,2024-11-13,150000.00,37-5817720,Manual Entry
86,CUS-000086,Cobalt Meal Systems Group,Cobalt Meal Systems Group,Mid-Market,Specialty Grocery,2,241,jonah@cobaltmealsystemsg.example,710-377-9736,Active,2025-03-25,500000.00,76-3501214,Trade Show Import
87,CUS-000087,Cardinal Nutrition Holdings,Cardinal Nutrition Holdings,Enterprise,Specialty Grocery,7,201,lena@cardinalnutritionh.example,513-933-5712,Active,2023-08-20,250000.00,10-7425312,CRM
88,CUS-000088,Lantern Nutrition Labs,Lantern Nutritino Labs,Mid-Market,Meal Kit Producer,6,299,ben@lanternnutritionla.example,703-953-3937,Inactive,2024-06-05,100000.00,60-2244529,CRM
89,CUS-000089,Trinity Specialty Produce Manufacturing,Trinity Specialty Produce Manufacturing,enterprise ,Beverage Distribution,4,146,fatima@trinityspecialtypr.example,283-468-9901,Active,2025-03-08,75000.00,50-9440452,Legacy CRM
90,CUS-000090,Westline Dairy Distribution,Westline Dairy Distribution,Regional,Cold-Chain Pharma,5,257,ben@westlinedairydistr.example,495-261-3180,active,2023-12-06,50000.00,24-6487723,CRM
91,CUS-000091,Briar Cold Foods Group,Briar Cold Foods Group,Regional,Beverage Distribution,8,121,priya@briarcoldfoodsgrou.example,521-700-9598,Active,2023-04-28,500000.00,23-5006452,Legacy CRM
92,CUS-000092,Summit Pharma Labs,Summit Pharma Labs,Startup,Cold-Chain Pharma,6,280,caleb@summitpharmalabs.example,515-820-9350,Active,2024-12-28,250000.00,94-7734432,CRM
93,CUS-000093,Summit Seafood Labs,Summit Seafood Labs,enterprise ,Food Distribution,7,252,noah@summitseafoodlabs.example,976-589-6706,Prospect,2025-05-14,50000.00,78-7322609,Legacy CRM
94,CUS-000094,Everfield Ingredients Logistics,Everfield Ingredients Logistics,Startup,Cold-Chain Pharma,6,108,mateo@everfieldingredien.example,608-437-6916,At Risk,2024-06-09,150000.00,56-6971364,CRM
95,CUS-000095,Cedar Floral Logistics Group,Cedar Floral Logistics Group,Regional,Beverage Distribution,5,69,lena@cedarflorallogisti.example,349-981-7271,Active,2023-10-07,25000.00,45-2092320,CRM
96,CUS-000096, Aster Pharma Partners,Aster Pharma Partners,Startup,Food Distribution,7,201,sofia@asterpharmapartner.example,434-961-7598,At Risk,2023-02-06,500000.00,43-7164366,Manual Entry
97,CUS-000097,Northwind Beverage Holdings ,Northwind Beverage Holdings,Startup,Beverage Distribution,7,19,owen@northwindbeverageh.example,439-436-6329,Active,2025-10-04,25000.00,31-8822185,CRM
98,CUS-000098,Cobalt Cold Foods Manufacturing,Cobalt Cold Foods Manufacturing,Mid-Market,Beverage Distribution,9,7,miles@cobaltcoldfoodsman.example,322-380-1812,Active,2023-05-20,500000.00,PENDING,Legacy CRM
99,CUS-000099,Aster Foods Co-op,Aster Foods Co-op,Regional,Food Distribution,4,266,hugo@asterfoodscoop.example,487-942-7376,Active,2025-07-25,75000.00,72-9964843,CRM
100,CUS-000100,HARBOR COLD FOODS GROUP,Harbor Cold Foods Group,enterprise ,Meal Kit Producer,11,252,mateo@harborcoldfoodsgro.example,743-367-2837,Active,2025-01-18,25000.00,36-8202393,Legacy CRM
101,CUS-000101,Vantage Nutrition Group,Vantage Nutrition Group,Enterprise,Clinical Logistics,11,236,darren@vantagenutritiongr.example,882-295-1192,Active,2025-09-09,25000.00,86-3772771,Manual Entry
102,CUS-000102, Vantage Pharma Supply,Vantage Pharma Supply,Enterprise,Food Distribution,3,262,zara@vantagepharmasuppl.example,610-788-4623,Inactive,2024-11-29,150000.00,86-6462202,Legacy CRM
103,CUS-000103,Pioneer Dairy Distribution,Pioneer Dairy Distribution,Enterprise,Specialty Grocery,10,78,priya@pioneerdairydistri.example,908-742-8004,Active,2023-05-13,150000.00,60-5226048,Legacy CRM
104,CUS-000104,Solace Specialty Produce Logistics,Solace Specialty Produce Logistics,enterprise ,Clinical Logistics,9,14,fatima@solacespecialtypro.example,909-200-4560,Active,2023-10-28,250000.00,57-9670966,Legacy CRM
105,CUS-000105,Northwind Floral Logistics Labs,Northwind Floral Logistics Labs,enterprise ,Specialty Grocery,2,51,,600-896-3578,Active,2023-04-10,75000.00,70-9030162,Legacy CRM
106,CUS-000106,Vantage Beverage Supply,vantage beverage supply,Mid-Market,Specialty Grocery,9,289,maya@vantagebeveragesup.example,478-268-5176,Active,2024-06-17,500000.00,45-6281151,Trade Show Import
107,CUS-000107,Keystone Floral Logistics Holdings,Keystone Floral Logistics Holdings,Regional,Food Distribution,6,226,jonah@keystoneflorallogi.example,623-806-9523,Active,2025-03-30,250000.00,57-8070809,CRM
108,CUS-000108,Cardinal Laboratories Labs,Cardinal Laboratories Labs,Mid-Market,Clinical Logistics,2,15,zara@cardinallaboratori.example,459-766-9288,Active,2025-09-17,500000.00,64-3919869,Manual Entry
109,CUS-000109,Granite Biologics Labs,Granit eBiologics Labs,Regional,Beverage Distribution,1,149,hugo@granitebiologicsla.example,472-561-1882,Active,2024-11-24,75000.00,11-9431979,Manual Entry
110,CUS-000110,Westline Meal Systems Manufacturing,Westline Meal Systems Mfg,Mid-Market,Meal Kit Producer,5,192,priya@westlinemealsystem.example,8453793201,Prospect,2024-06-04,75000.00,,Legacy CRM
111,CUS-000111,Everfield Specialty Produce Logistics,Everfield Specialty Produce Logistics,enterprise ,Cold-Chain Pharma,2,249,zara@everfieldspecialty.example,770-878-1922,Active,2024-05-04,100000.00,47-4163511,Trade Show Import
112,CUS-000112,Keystone Biologics Holdings,Keystone Biologics Holdings,enterprise ,Clinical Logistics,7,33,sofia@keystonebiologicsh.example,951-712-9722,Active,2023-09-05,150000.00,87-3028325,CRM
113,CUS-000113,Summit Laboratories Group,Summit Laboratories Group,Regional,Specialty Grocery,8,83,keiko@summitlaboratories.example,220-626-5159,At Risk,2025-03-21,25000.00,18-2580072,CRM
114,CUS-000114,Keystone Dairy Foods,Keystone Dairy Foods,Enterprise,Clinical Logistics,11,262,darren@keystonedairyfoods.example,612-961-9020,Active,2024-01-16,50000.00,18-7976440,Manual Entry
115,CUS-000115,Meridian Ingredients Partners,Meridian Ingredients Partners,Regional,Meal Kit Producer,1,30,ben@meridianingredient.example,617-720-4254,Active,2023-10-05,75000.00,83-7986635,Legacy CRM
116,CUS-000116,Crown Specialty Produce Manufacturing,Crown Specialty Produce Manufacturing,Enterprise,Specialty Grocery,3,201,anika@crownspecialtyprod.example,880-223-5321,INACTIVE ,2024-06-28,100000.00,43-3174470,CRM
117,CUS-000117,Forge Meal Systems Holdings,Forge Meal Systems Holdings,Startup,Cold-Chain Pharma,9,174,,761-215-2392,Active,2024-10-04,500000.00,43-9588536,CRM
118,CUS-000118,Westline Cold Foods Group,Westline Cold Foods Group,Regional,Food Distribution,10,12,nina@westlinecoldfoodsg.example,377-374-6083,Active,2024-03-31,250000.00,80-3889701,Manual Entry
119,CUS-000119,Keystone Ingredients Distribution,Keystone Ingredients Distribution,Enterprise,Cold-Chain Pharma,8,22,miles@keystoneingredient.example,301-547-4601,active,2025-02-05,25000.00,19-5797050,CRM
120,CUS-000120,Pioneer Pet Nutrition Group,Pioneer Pet Nutrition Group,enterprise ,Food Distribution,9,121,elias@pioneerpetnutritio.example,581-626-5932,Active,2025-02-20,75000.00,43-2428486,CRM
121,CUS-000121,Vantage Pharma Co-op,Vantage Pharma Co-op,Enterprise,Meal Kit Producer,2,280,sofia@vantagepharmacoop.example,291-422-1910,At Risk,2024-10-10,50000.00,30-2137564,CRM
122,CUS-000122,Cobalt Cold Foods Logistics,Cobalt Cold Foods Logistics,enterprise ,Cold-Chain Pharma,11,190,elias@cobaltcoldfoodslog.example,656-484-2161,Active,2024-06-27,100000.00,98-7096712,CRM
123,CUS-000123,LANTERN BEVERAGE CO-OP,Lantern Beverage Co-op,Startup,Clinical Logistics,4,161,fatima@lanternbeveragecoo.example,953-608-8218,Active,2023-03-12,50000.00,53-4205616,CRM
124,CUS-000124,Aster Beverage Logistics,Aster Beverage Logistics,enterprise ,Beverage Distribution,8,295,rina@asterbeveragelogis.example,570-769-5781,At Risk,2023-03-01,100000.00,12-3282279,CRM
125,CUS-000125,Crown Foods Labs,Crown Foods Labs,enterprise ,Cold-Chain Pharma,7,254,elias@crownfoodslabs.example,527-564-9341,At Risk,2023-08-19,250000.00,58-9331458,CRM
126,CUS-000126,Aster Nutrition Holdings,Aster Nutrition Holdings,Startup,Cold-Chain Pharma,5,289,nina@asternutritionhold.example,289-803-5675,At Risk,2024-10-05,500000.00,11-9479272,Manual Entry
127,CUS-000127,Briar Dairy Supply,Briar Dairy Supply,Regional,Food Distribution,2,68,,545.463.6667,Active,2025-04-18,500000.00,38-9253572,Legacy CRM
128,CUS-000128,Brightwell Seafood Co-op,Brightwell Seafood Co-op,Startup,Meal Kit Producer,10,193,rina@brightwellseafoodc.example,296-207-8046,Active,2025-09-05,75000.00,42-9840376,CRM
129,CUS-000129,Lakeside Floral Logistics Labs,Lakeside Floral Logistics Labs,Enterprise,Cold-Chain Pharma,9,243,caleb@lakesideflorallogi.example,679-547-4187,Inactive,2024-11-24,150000.00,45-5039634,CRM
130,CUS-000130,Orchard Dairy Labs,Orchard Dairy Labs,Startup,Beverage Distribution,3,266,keiko@orcharddairylabs.example,533-313-7383,Active,2023-04-09,50000.00,58-3133821,CRM
131,CUS-000131,Trinity Laboratories Foods,Trinity Laboratories Foods,Enterprise,Beverage Distribution,3,14,sofia@trinitylaboratorie.example,871-974-5540,At Risk,2024-01-23,75000.00,35-2310370,CRM
132,CUS-000132,Crescent Pet Nutrition Group,Crescent Pet Nutrition Group,Enterprise,Specialty Grocery,10,105,rina@crescentpetnutriti.example,853-880-7303,Inactive,2024-01-20,100000.00,31-7133350,Legacy CRM
133,CUS-000133,Everfield Specialty Produce Holdings,Everfield Specialty Produce Holdings,Regional,Specialty Grocery,1,14,avery@everfieldspecialty.example,383-610-1462,Active,2023-07-18,500000.00,69-4698191,Manual Entry
134,CUS-000134,Everfield Laboratories Supply,Everfield Laboratories Supply,Enterprise,Food Distribution,10,30,ben@everfieldlaborator.example,757-305-9968,At Risk,2024-09-20,500000.00,39-5045831,CRM
135,CUS-000135,Westline Pharma Manufacturing,Westline Pahrma Manufacturing,Mid-Market,Beverage Distribution,8,236,sofia@westlinepharmamanu.example,693-365-3414,Active,2025-02-21,25000.00,88-1781086,Legacy CRM
136,CUS-000136,Granite Dairy Distribution, Granite Dairy Distribution,enterprise ,Specialty Grocery,9,210,noah@granitedairydistri.example,784-605-8848,Active,2025-06-04,250000.00,61-6816260,Trade Show Import
137,CUS-000137,Cedar Pharma Supply,Cedar Pharma Supply,Regional,Clinical Logistics,3,310,zara@cedarpharmasupply.example,264-914-4616,Active,2024-06-01,150000.00,10-5323691,CRM
138,CUS-000138,Trinity Pet Nutrition Foods,Trinity Pet Nutrition Foods,Mid-Market,Specialty Grocery,3,119,talia@trinitypetnutritio.example,755-757-9482,Active,2023-03-14,150000.00,35-2244625,CRM
139,CUS-000139,Cardinal Dairy Partners,Cardinal Dairy Partners,Enterprise,Clinical Logistics,7,191,,(443) 815-7304,Inactive,2023-08-05,100000.00,72-3752465,CRM
140,CUS-000140,Ardent Nutrition Logistics,Ardent Nutrition Logistics,enterprise ,Clinical Logistics,3,15,sofia@ardentnutritionlog.example,6754783255,Active,2023-03-28,25000.00,32-8592468,Trade Show Import
141,CUS-000141,Briar Cold Foods Co-op,Briar Cold Foods Co-op,Mid-Market,Food Distribution,3,69,avery@briarcoldfoodscoop.example,942-581-6665,Active,2025-04-25,75000.00,27-7963919,Manual Entry
142,CUS-000142,Cobalt Beverage Supply,Cobalt Beverage Supply,Mid-Market,Beverage Distribution,4,12,fatima@cobaltbeveragesupp.example,200-444-3025,Active,2023-11-15,150000.00,65-2726749,Trade Show Import
143,CUS-000143,Pioneer Meal Systems Foods,Pioneer Meal Systems Foods,Mid-Market,Meal Kit Producer,5,242,noah@pioneermealsystems.example,927-862-3006,Active,2023-12-19,100000.00,16-1501172,Trade Show Import
144,CUS-000144,Aster Pharma Manufacturing,Aster Pharma Manufacturing ,Enterprise,Clinical Logistics,10,165,caleb@asterpharmamanufac.example,N/A,Inactive,2023-09-02,100000.00,22-9880072,CRM
145,CUS-000145,Bluevale Pharma Labs,Bluevale Pharma Labs,Enterprise,Meal Kit Producer,4,51,maya@bluevalepharmalabs.example,778-889-4804,Active,2023-06-21,50000.00,85-5834963,CRM
146,CUS-000146,Oakmont Dairy Labs,Oakmont Dairy Labs,enterprise ,Clinical Logistics,10,69,anika@oakmontdairylabs.example,256-326-8278,Active,2025-06-14,100000.00,79-2625778,CRM
147,CUS-000147,brightwell pet nutrition logistics,Brightwell Pet Nutrition Logistics,Mid-Market,Food Distribution,3,19,mateo@brightwellpetnutri.example,225-902-5116,Active,2024-12-21,25000.00,79-1012853,Legacy CRM
148,CUS-000148,Brightwell Pet Nutrition Partners,Brightwell Pet Nutrition Partners,Enterprise,Food Distribution,10,68,avery@brightwellpetnutri.example,425-698-1557,Inactive,2024-11-17,75000.00,77-3478256,CRM
149,CUS-000149,Crown Beverage Partners,Crown Beverage Partners,enterprise ,Meal Kit Producer,6,41,owen@crownbeveragepartn.example,759-666-5761,Active,2024-10-05,250000.00,98-1135099,CRM
150,CUS-000150,Orchard Seafood Group,Orchard Seafood Group,enterprise ,Meal Kit Producer,6,183,darren@orchardseafoodgrou.example,603-305-3407,Active,2024-10-03,25000.00,81-2439687,Legacy CRM
151,CUS-000151,Cardinal Biologics Labs,Cardinal Biologics Labs,enterprise ,Beverage Distribution,6,22,sofia@cardinalbiologicsl.example,561-305-8480,At Risk,2023-04-24,50000.00,20-5313241,CRM
152,CUS-000152,Summit Foods Partners,Summit Foods Partners,enterprise ,Food Distribution,7,14,priya@summitfoodspartner.example,391-240-2855,At Risk,2024-12-16,75000.00,76-2634715,CRM
153,CUS-000153,Cardinal Dairy Group,Cardinal Dairy Group,Enterprise,Beverage Distribution,8,69,darren@cardinaldairygroup.example,585-228-9025,At Risk,2023-01-21,250000.00,13-9609703,CRM
154,CUS-000154,Cobalt Foods Co-op,Coablt Foods Co-op,enterprise ,Clinical Logistics,4,192,noah@cobaltfoodscoop.example,910-518-9706,Prospect,2024-02-29,250000.00,98-8822110,CRM
155,CUS-000155,Cedar Pet Nutrition Distribution,Cedar Pet Nutrition Distribution,Startup,Specialty Grocery,11,41,fatima@cedarpetnutritiond.example,551-767-5251,Inactive,2023-07-29,50000.00,31-2675247,Manual Entry
156,CUS-000156,Solace Laboratories Logistics,Solace Laboratories Logistics,Startup,Clinical Logistics,11,67,sofia@solacelaboratories.example,842-398-2922,Active,2023-07-26,25000.00,21-9986993,Manual Entry
157,CUS-000157,Cobalt Floral Logistics Co-op,Cobalt Floral Logistics Co-op,Regional,Beverage Distribution,7,226,noah@cobaltflorallogist.example,263-691-2592,Active,2025-02-13,50000.00,56-7919397,Legacy CRM
158,CUS-000158,Mosaic Cold Foods Holdings,Mosaic Cold Foods Holdings,Mid-Market,Cold-Chain Pharma,2,241,ben@mosaiccoldfoodshol.example,671-221-4511,Active,2023-12-08,75000.00,23-9494893,CRM
159,CUS-000159,Harbor Floral Logistics Manufacturing,Harbor Floral Logistics Manufacturing,enterprise ,Meal Kit Producer,7,51,owen@harborflorallogist.example,709-890-9255,Active,2024-09-02,25000.00,21-5997719,CRM
160,CUS-000160,Summit Floral Logistics Distribution,summit floral logistics distribution,Enterprise,Cold-Chain Pharma,6,289,sofia@summitflorallogist.example,763-604-6042,Active,2024-09-16,50000.00,92-6674306,Manual Entry
161,CUS-000161,Solace Pharma Distribution,Solace Pharma Dist.,Mid-Market,Specialty Grocery,11,64,hugo@solacepharmadistri.example,358-756-2938,Active,2024-11-01,75000.00,74-3565338,CRM
162,CUS-000162,Vantage Biologics Holdings,Vantage Biologics Holdings,enterprise ,Specialty Grocery,11,121,darren@vantagebiologicsho.example,281-816-9513,Active,2025-01-10,50000.00,83-2466678,CRM
163,CUS-000163,Oakmont Floral Logistics Holdings,Oakmont Floral Logistics Holdings,enterprise ,Meal Kit Producer,5,140,hugo@oakmontflorallogis.example,766-913-3674,Inactive,2025-05-12,100000.00,18-1612552,Manual Entry
164,CUS-000164,Granite Floral Logistics Partners,Granite Floral Logistics Partners,Regional,Clinical Logistics,5,273,talia@graniteflorallogis.example,985-509-6137,Active,2024-06-09,100000.00,50-5587533,CRM
165,CUS-000165,Aster Cold Foods Foods,Aster Cold Foods Foods,Regional,Specialty Grocery,8,218,owen@astercoldfoodsfood.example,934-810-9090,Active,2024-01-10,50000.00,98-3711376,Legacy CRM
166,CUS-000166,Ardent Ingredients Labs,Ardent Ingredients Labs,Regional,Food Distribution,6,179,elias@ardentingredientsl.example,505-381-9535,Prospect,2023-04-17,150000.00,18-4003840,Legacy CRM
167,CUS-000167,Pioneer Pet Nutrition Distribution,Pioneer Pet Nutrition Dist.,enterprise ,Cold-Chain Pharma,5,245,lena@pioneerpetnutritio.example,N/A,INACTIVE ,2023-02-14,500000.00,46-7188113,Legacy CRM
168,CUS-000168,Granite Beverage Holdings,Granite Beverage Holdings,Enterprise,Specialty Grocery,5,82,darren@granitebeveragehol.example,669-664-8247,Inactive,2025-08-06,150000.00,61-1427451,CRM
169,CUS-000169,Vantage Nutrition Distribution,Vantage Nutrition Dist.,Enterprise,Cold-Chain Pharma,10,78,jonah@vantagenutritiondi.example,773-444-8428,Active,2024-06-30,150000.00,52-9034251,Manual Entry
170,CUS-000170,Cobalt Foods Group,Cobalt Foods Group,Enterprise,Beverage Distribution,3,83,jonah@cobaltfoodsgroup.example,347-663-8459,Active,2023-02-03,25000.00,51-3759465,CRM
171,CUS-000171,Lakeside Meal Systems Foods,Lakeside Meal Systems Foods,enterprise ,Clinical Logistics,3,289,darren@lakesidemealsystem.example,270-485-4229,Active,2024-12-22,50000.00,89-4207524,Legacy CRM
172,CUS-000172,Crown Biologics Foods,Crown Biologics Foods,Regional,Clinical Logistics,3,51,elias@crownbiologicsfood.example,785-622-5377,Active,2024-06-01,50000.00,66-6598597,CRM
173,CUS-000173,Everfield Floral Logistics Co-op,Everfield Floral Logistics Co-op,Mid-Market,Meal Kit Producer,11,12,elias@everfieldflorallog.example,500-829-7728,Active,2024-10-26,25000.00,57-3231332,Legacy CRM
174,CUS-000174,Aster Nutrition Labs,Aster Nutrition Labs,Startup,Specialty Grocery,8,149,hugo@asternutritionlabs.example,391-893-4547,Inactive,2023-08-16,500000.00,95-5210326,Manual Entry
175,CUS-000175,Crown Beverage Co-op,Crown Beverage Co-op,Mid-Market,Beverage Distribution,4,146,hugo@crownbeveragecoop.example,465.482.3934,Active,2024-07-25,100000.00,58-8857422,Manual Entry
176,CUS-000176,Bluevale Pet Nutrition Labs,Bluevale Pet Nutrition Labs,Enterprise,Specialty Grocery,4,280,elias@bluevalepetnutriti.example,,Active,2025-03-28,100000.00,40-2920693,Legacy CRM
177,CUS-000177,Trinity Pharma Foods,Trinity Pharma Foods,Mid-Market,Clinical Logistics,10,191,miles@trinitypharmafoods.example,952-398-5109,At Risk,2023-07-30,50000.00,69-4328534,CRM
178,CUS-000178,Bluevale Specialty Produce Logistics,Bluevale Specialty Produce Logistics,Enterprise,Food Distribution,2,22,maya@bluevalespecialtyp.example,328-771-8410,At Risk,2023-03-17,500000.00,88-1685417,Trade Show Import
179,CUS-000179,Lantern Dairy Co-op,Lantern Dairy Co-op ,enterprise ,Beverage Distribution,3,234,owen@lanterndairycoop.example,391-285-9352,At Risk,2024-03-26,500000.00,91-4386366,Manual Entry
180,CUS-000180,Bluevale Laboratories Group, Bluevale Laboratories Group,Regional,Meal Kit Producer,10,26,keiko@bluevalelaboratori.example,831-616-4158,Prospect,2023-12-29,150000.00,67-8780162,Legacy CRM
181,CUS-000181,Solace Biologics Supply,Solace Biologics Supply,Mid-Market,Food Distribution,11,210,anika@solacebiologicssup.example,288-478-9416,Active,2025-08-30,250000.00,73-5788932,Legacy CRM
182,CUS-000182,Aster Seafood Logistics,Aster Seafood Logistics,Startup,Cold-Chain Pharma,3,19,noah@asterseafoodlogist.example,232-916-2478,Inactive,2025-01-02,250000.00,83-1392038,Legacy CRM
183,CUS-000183,Aster Floral Logistics Foods,Aster Floral Logistics Foods,Startup,Clinical Logistics,8,226,talia@asterflorallogisti.example,954-501-1695,Inactive,2025-10-12,75000.00,67-5925673,CRM
184,CUS-000184,Bluevale Floral Logistics Manufacturing,Bluevale Floral Logistics Mfg,Startup,Food Distribution,11,249,maya@bluevaleflorallogi.example,518-889-6952,Active,2024-08-19,50000.00,98-9454584,Trade Show Import
185,CUS-000185,Cedar Biologics Co-op,Cedar Biologics Co-op,Startup,Specialty Grocery,10,179,zara@cedarbiologicscoop.example,220-817-5264,Active,2023-10-14,100000.00,29-8698132,CRM
186,CUS-000186,Lantern Seafood Labs,Lantern Seafood Labs,Enterprise,Clinical Logistics,5,257,talia@lanternseafoodlabs.example,474-493-5358,Active,2024-02-17,100000.00,54-6212103,Manual Entry
187,CUS-000187,Briar Laboratories Partners,Briar Laboratories Partners,Startup,Meal Kit Producer,5,267,sofia@briarlaboratoriesp.example,385-474-7081,Inactive,2025-02-27,150000.00,67-9643896,CRM
188,CUS-000188,Meridian Foods Group,Meridian Foods Group,Mid-Market,Food Distribution,6,57,ben@meridianfoodsgroup.example,705-819-4094,Active,2023-10-23,50000.00,68-1449522,Legacy CRM
189,CUS-000189,Orchard Specialty Produce Manufacturing,Orchard Specialty Produce Manufacturing,Enterprise,Clinical Logistics,1,258,iris@orchardspecialtypr.example,929-779-7871,Active,2023-08-18,500000.00,26-3397315,CRM
190,CUS-000190,Northwind Beverage Labs,Northiwnd Beverage Labs,Startup,Meal Kit Producer,11,33,mateo@northwindbeveragel.example,338-253-9810,Active,2024-05-03,100000.00,74-1184747,CRM
191,CUS-000191,Granite Specialty Produce Holdings,Granite Specialty Produce Holdings,Startup,Beverage Distribution,7,234,caleb@granitespecialtypr.example,477-251-6718,Prospect,2023-02-06,50000.00,87-1173874,Legacy CRM
192,CUS-000192,Crown Nutrition Logistics,Crown Nutrition Logistics,enterprise ,Cold-Chain Pharma,7,257,caleb@crownnutritionlogi.example,529-275-5925,Active,2023-07-22,150000.00,49-1091032,Legacy CRM
193,CUS-000193,Keystone Pharma Group,Keystone Pharma Group,Mid-Market,Meal Kit Producer,9,174,ben@keystonepharmagrou.example,502-472-5078,Active,2023-12-24,75000.00,74-7374435,Manual Entry
194,CUS-000194,Solace Ingredients Group,Solace Ingredients Group,Enterprise,Specialty Grocery,11,231,zara@solaceingredientsg.example,634.745.9934,At Risk,2024-03-03,500000.00,91-3405905,Manual Entry
195,CUS-000195,Brightwell Dairy Logistics,Brightwell Dairy Logistics,enterprise ,Beverage Distribution,4,234,noah@brightwelldairylog.example,293-454-2157,Active,2024-06-03,250000.00,72-9379885,CRM
196,CUS-000196,Cedar Beverage Group,Cedar Beverage Group,Regional,Cold-Chain Pharma,4,193,elias@cedarbeveragegroup.example,271-600-9572,Active,2025-01-16,500000.00,24-8865782,CRM
197,CUS-000197,Oakmont Ingredients Holdings,Oakmont Ingredients Holdings,Enterprise,Food Distribution,8,310,anika@oakmontingredients.example,587-433-2753,At Risk,2023-12-02,500000.00,72-7448603,Trade Show Import
198,CUS-000198,Briar Seafood Manufacturing,Briar Seafood Manufacturing,Startup,Meal Kit Producer,5,187,sofia@briarseafoodmanufa.example,581-820-7405,Active,2024-05-11,150000.00,54-4219584,CRM
199,CUS-000199,Briar Beverage Labs,Briar Beverage Labs,Regional,Specialty Grocery,4,267,lena@briarbeveragelabs.example,579-438-6107,Active,2023-01-14,250000.00,37-7898754,CRM
200,CUS-000200,Harbor Foods Labs,Harbor Foods Labs,Mid-Market,Meal Kit Producer,2,174,iris@harborfoodslabs.example,201-846-4562,active,2025-02-15,25000.00,37-3035013,CRM
201,CUS-000201,Pioneer Ingredients Manufacturing,Pioneer Ingredients Manufacturing,Startup,Meal Kit Producer,7,273,nina@pioneeringredients.example,400-475-8964,At Risk,2025-11-05,100000.00,72-4134504,Legacy CRM
202,CUS-000202,Summit Meal Systems Group,Summit Meal Systems Group,Startup,Clinical Logistics,8,239,lena@summitmealsystemsg.example,227-771-2725,At Risk,2024-08-15,25000.00, ,Legacy CRM
203,CUS-000203,Lantern Dairy Logistics,Lantern Dairy Logistics,enterprise ,Food Distribution,9,20,owen@lanterndairylogist.example,791-440-7832,Active,2023-08-23,500000.00,86-8143904,CRM
204,CUS-000204,Riverbend Ingredients Holdings,Riverbend Ingredients Holdings,Regional,Clinical Logistics,7,262,maya@riverbendingredien.example,963-685-8629,Active,2023-01-28,25000.00,26-4251814,CRM
205,CUS-000205,Keystone Floral Logistics Foods ,Keystone Floral Logistics Foods,Regional,Clinical Logistics,5,41,jonah@keystoneflorallogi.example,896-895-4027,Active,2024-03-29,50000.00, ,CRM
206,CUS-000206,Keystone Laboratories Distribution,Keystone Laboratories Distribution,Enterprise,Cold-Chain Pharma,5,26,keiko@keystonelaboratori.example,793-567-3953,Active,2024-02-06,250000.00,53-9718695,CRM
207,CUS-000207,Granite Cold Foods Partners,Granite Cold Foods Partners,Mid-Market,Specialty Grocery,2,161,iris@granitecoldfoodspa.example,235-836-8685,Inactive,2023-07-27,250000.00,92-3277214,Trade Show Import
208,CUS-000208,Keystone Pet Nutrition Manufacturing,Keystone Pet Nutrition Manufacturing,Regional,Clinical Logistics,6,290,nina@keystonepetnutriti.example,970-611-2669,Active,2025-01-23,500000.00,67-1995916,Manual Entry
209,CUS-000209,Cedar Cold Foods Holdings,Cedar Cold Foods Holdings,Regional,Cold-Chain Pharma,7,105,owen@cedarcoldfoodshold.example,719-439-8294,Active,2024-04-15,150000.00,32-1991388,CRM
210,CUS-000210,Forge Seafood Holdings,Forge Seafood Holdings,Enterprise,Cold-Chain Pharma,3,243,miles@forgeseafoodholdin.example,432-892-9688,Active,2025-10-21,100000.00,82-6799604,CRM
211,CUS-000211,Cedar Beverage Group,Cedar Beverage Group,Mid-Market,Specialty Grocery,1,248,zara@cedarbeveragegroup.example,633-211-3929,Active,2025-01-04,100000.00,37-4626056,CRM
212,CUS-000212,Harbor Dairy Partners,Harbor Dairy Partners,Regional,Meal Kit Producer,3,152,priya@harbordairypartner.example,563-494-2645,Active,2025-07-23,100000.00,19-1737298,Manual Entry
213,CUS-000213,Aster Biologics Holdings,aster biologics holdings,Startup,Cold-Chain Pharma,9,295,caleb@asterbiologicshold.example,728-742-5453,Active,2024-11-28,150000.00,94-1688140,CRM
214,CUS-000214,Briar Seafood Supply ,Briar Seafood Supply,Startup,Beverage Distribution,2,296,fatima@briarseafoodsupply.example,200-279-4603,Active,2025-06-20,75000.00,25-4621201,Legacy CRM
215,CUS-000215,Solace Biologics Labs ,Solace Biologics Labs,enterprise ,Clinical Logistics,9,239,keiko@solacebiologicslab.example,872-236-7063,active,2025-08-17,500000.00,71-7132286,CRM
216,CUS-000216,Cardinal Biologics Holdings,Cardinal Biologics Holdings,Startup,Cold-Chain Pharma,1,296,caleb@cardinalbiologicsh.example,924-390-4426,At Risk,2023-07-03,100000.00,67-6317299,CRM
217,CUS-000217,Cedar Cold Foods Co-op,Cedar Cold Foods Co-op,enterprise ,Clinical Logistics,2,248,lena@cedarcoldfoodscoop.example,213-569-4944,Active,2023-10-18,150000.00,92-2696784,Legacy CRM
218,CUS-000218,Oakmont Pharma Manufacturing,Oakmont Pharma Manufacturing,Startup,Meal Kit Producer,4,187,keiko@oakmontpharmamanuf.example,495-915-2722,Active,2025-04-26,75000.00,85-9880772,Manual Entry
219,CUS-000219,Cedar Beverage Supply,Cedar Beverage Supply,Startup,Beverage Distribution,1,165,fatima@cedarbeveragesuppl.example,473-517-6384,At Risk,2023-06-02,100000.00,28-9562737,Legacy CRM
220,CUS-000220, Bluevale Ingredients Group,Bluevale Ingredients Group,Mid-Market,Meal Kit Producer,8,106,fatima@bluevaleingredient.example,298-744-8764,Active,2025-04-26,50000.00,54-2660770,CRM
221,CUS-000221,Forge Dairy Supply,Forge Dairy Supply,Regional,Specialty Grocery,6,60,iris@forgedairysupply.example,867-484-5040,Active,2023-04-22,150000.00,63-1101594,CRM
222,CUS-000222,Trinity Pet Nutrition Holdings,Trinity Pet Nutrition Holdings,enterprise ,Clinical Logistics,5,278,miles@trinitypetnutritio.example,494-318-6750,Active,2025-07-23,250000.00,87-7489046,Manual Entry
223,CUS-000223,Crescent Ingredients Partners,Crescent Ingredients Partners,Startup,Clinical Logistics,6,289,,971-666-1049,Prospect,2024-03-02,500000.00,98-8665697,CRM
224,CUS-000224,Cardinal Nutrition Co-op,CARDINAL NUTRITION CO-OP,enterprise ,Cold-Chain Pharma,9,69,ben@cardinalnutritionc.example,956-783-5897,Inactive,2024-02-05,50000.00,15-9629672,CRM
225,CUS-000225,Briar Cold Foods Supply,Briar Cold Foods Supply,Enterprise,Specialty Grocery,9,241,ben@briarcoldfoodssupp.example,483-893-8655,Inactive,2025-08-19,500000.00,14-6193842,Legacy CRM
226,CUS-000226,Harbor Nutrition Manufacturing,Harbor Nutrition Manufacturing,Startup,Beverage Distribution,5,310,owen@harbornutritionman.example,605-279-2407,Active,2023-06-16,150000.00,98-2903417,CRM
227,CUS-000227,Harbor Floral Logistics Co-op,Harbor Floral Logistics Co-op,Mid-Market,Meal Kit Producer,2,146,rafael@harborflorallogist.example,962-419-8734,Prospect,2023-11-21,25000.00,22-2365745,CRM
228,CUS-000228,Granite Ingredients Partners,Granite Ingredients Partners,Enterprise,Food Distribution,9,267,iris@graniteingredients.example,853-849-6934,At Risk,2025-04-28,75000.00,85-9541524,CRM
229,CUS-000229,Mosaic Pet Nutrition Labs,Mosaic Pet Nutrition Labs,Enterprise,Specialty Grocery,8,22,rina@mosaicpetnutrition.example,347-509-5871,At Risk,2023-12-25,100000.00,72-7432278,CRM
230,CUS-000230,Orchard Seafood Foods,Orchard Seafood Foods,Startup,Specialty Grocery,4,121,iris@orchardseafoodfood.example,643-484-1152,Active,2024-10-03,100000.00,83-5306659,CRM
231,CUS-000231,Oakmont Foods Partners,Oakmont Foods Partners,Mid-Market,Cold-Chain Pharma,9,193,miles@oakmontfoodspartne.example,892-202-9674,active,2023-08-03,500000.00,19-7992852,CRM
232,CUS-000232,Granite Foods Supply,Granite Foods Supply,Regional,Specialty Grocery,4,242,hugo@granitefoodssupply.example,510-387-3010,Active,2025-01-14,50000.00,65-6975092,CRM
233,CUS-000233,Vantage Biologics Supply,Vantage Biologics Supply,Mid-Market,Specialty Grocery,1,220,rina@vantagebiologicssu.example,539-605-7056,Active,2023-10-11,500000.00,18-5614665,CRM
234,CUS-000234,Summit Laboratories Group,Summit Laboratories Group,Regional,Food Distribution,9,231,miles@summitlaboratories.example,402-759-8868,Prospect,2024-06-10,50000.00,46-8266277,CRM
235,CUS-000235,Ardent Pet Nutrition Co-op,Ardent Pet Nutrition Co-op,Mid-Market,Food Distribution,7,269,hugo@ardentpetnutrition.example,636-412-6386,Inactive,2024-04-29,250000.00,80-3923293,CRM
236,CUS-000236,Briar Pet Nutrition Distribution,Briar Pet Nutrition Dist.,Startup,Meal Kit Producer,9,296,avery@briarpetnutritiond.example ,897-521-6116,At Risk,2024-02-28,75000.00,11-8061992,Legacy CRM
237,CUS-000237,Riverbend Pharma Labs,Riverbend Pharma Labs,Startup,Cold-Chain Pharma,6,60,rina@riverbendpharmalab.example,342-308-7277,Active,2025-03-25,100000.00,83-1170685,Legacy CRM
238,CUS-000238,Meridian Foods Co-op,Meridian Foosd Co-op,Startup,Food Distribution,9,299,zara@meridianfoodscoop.example,360-444-2545,At Risk,2024-04-21,100000.00,94-2948207,CRM
239,CUS-000239,ORCHARD BEVERAGE DISTRIBUTION,Orchard Beverage Distribution,Startup,Meal Kit Producer,3,243,talia@orchardbeveragedis.example,(575) 983-2161,Active,2024-10-19,250000.00,22-3136030,Legacy CRM
240,CUS-000240,Brightwell Dairy Holdings,Brightwell Dairy Holdings,Mid-Market,Meal Kit Producer,4,234,anika@brightwelldairyhol.example,317-785-7090,At Risk,2024-04-07,500000.00,20-5690536,CRM
241,CUS-000241,Everfield Ingredients Distribution,everfield ingredients distribution,Mid-Market,Meal Kit Producer,4,269,darren@everfieldingredien.example,219-355-9679,At Risk,2024-06-15,50000.00,11-2560626,Legacy CRM
242,CUS-000242,Granite Foods Group,Granite Foods Group,Startup,Specialty Grocery,7,128,mateo@granitefoodsgroup.example,731-267-2100,Active,2024-08-25,500000.00,96-6700288,CRM
243,CUS-000243,Summit Pharma Holdings,Summit Pharma Holdings,Mid-Market,Specialty Grocery,11,74,elias@summitpharmaholdin.example,732-535-1406,Active,2023-07-23,500000.00,73-2242418,CRM
244,CUS-000244,Aster Biologics Partners,Aster Biologics Partners,Enterprise,Specialty Grocery,10,183,darren@asterbiologicspart.example,854-626-8093,At Risk,2024-11-20,75000.00,97-3551200,CRM
245,CUS-000245,CEDAR SEAFOOD FOODS,Cedar Seafood Foods,Startup,Food Distribution,3,174,hugo@cedarseafoodfoods.example,499-468-2813,Active,2023-08-08,150000.00,61-1205145,CRM
246,CUS-000246,Aster Pharma Logistics,Aster Pharma Logistics,Enterprise,Food Distribution,3,310,avery@asterpharmalogisti.example,939-323-9183,Active,2023-10-18,25000.00,24-7058970,CRM
247,CUS-000247,Brightwell Dairy Supply,brightwell dairy supply,Mid-Market,Clinical Logistics,8,289,mateo@brightwelldairysup.example,976-276-5323,Active,2024-03-23,500000.00,51-8596982,Legacy CRM
248,CUS-000248,Cobalt Pharma Foods,Cobalt Pharma Foods,Regional,Food Distribution,10,79,anika@cobaltpharmafoods.example,446-939-6330,Active,2025-08-30,25000.00,43-4883580,CRM
249,CUS-000249,Cedar Pharma Group,Cedar Pharma Group,Regional,Clinical Logistics,4,254,rina@cedarpharmagroup.example,705-552-9046,Prospect,2025-02-16,100000.00,46-9223015,CRM
250,CUS-000250,Oakmont Biologics Supply,Oakmont Biologics Supply,Startup,Specialty Grocery,9,20,mateo@oakmontbiologicssu.example,805-271-4885,Inactive,2025-04-04,250000.00,83-2707973,CRM
251,CUS-000251,Trinity Ingredients Manufacturing,Trinity Ingredients Manufacturing,Regional,Cold-Chain Pharma,7,179,keiko@trinityingredients.example,430-496-7686,Active,2025-08-24,50000.00,40-3402639,CRM
252,CUS-000252,Harbor Ingredients Group,HarborI ngredients Group,enterprise ,Specialty Grocery,5,20,noah@harboringredientsg.example,728-817-7773,Prospect,2024-01-28,150000.00,11-4544545,CRM
253,CUS-000253,Cardinal Dairy Supply,Cardinal Dairy Supply,Startup,Specialty Grocery,9,12,elias@cardinaldairysuppl.example,471-883-8732,Active,2023-08-31,250000.00,85-5053391,CRM
254,CUS-000254,Cedar Laboratories Logistics,Cedar Laboratories Logistics,enterprise ,Clinical Logistics,4,119,mateo@cedarlaboratoriesl.example,332-844-7993,Inactive,2024-02-17,75000.00,20-6044290,Manual Entry
255,CUS-000255,Cardinal Meal Systems Group,Cardinal Meal Systems Group,Regional,Cold-Chain Pharma,11,119,hugo@cardinalmealsystem.example,327-975-9908,Active,2023-11-18,150000.00,32-8001803,CRM
256,CUS-000256,Northwind Meal Systems Partners,Northwind Meal Systems Partners,enterprise ,Beverage Distribution,2,15,darren@northwindmealsyste.example,325-573-1348,Active,2023-12-26,25000.00,24-6541633,Manual Entry
257,CUS-000257,Oakmont Pet Nutrition Logistics,Oakmont Pet Nutrition Logistics,Mid-Market,Clinical Logistics,1,278,talia@oakmontpetnutritio.example,375-291-6946,Active,2023-07-21,75000.00,PENDING,CRM
258,CUS-000258,Northwind Floral Logistics Logistics,Northwind Floral Logistics Logistics,Regional,Beverage Distribution,2,12,rafael@northwindflorallog.example,812-444-8514,Active,2025-04-21,75000.00,56-9081796,Trade Show Import
259,CUS-000259,Bluevale Biologics Holdings,Bluevlae Biologics Holdings,Regional,Food Distribution,11,243,ben@bluevalebiologicsh.example,428-338-8796,Active,2024-02-03,25000.00,65-1695609,CRM
260,CUS-000260,Pioneer Seafood Partners,Pioneer Seafood Partners,Mid-Market,Clinical Logistics,11,147,noah@pioneerseafoodpart.example,200-323-3287,Active,2025-08-11,75000.00,75-1443145,CRM
261,CUS-000261,Helix Laboratories Manufacturing,Helix Laboratories Manufacturing,Enterprise,Food Distribution,9,108,caleb@helixlaboratoriesm.example,932-472-3188,Active,2024-10-02,75000.00,18-2655038,Manual Entry
262,CUS-000262,Orchard Pet Nutrition Logistics,Orchard Pet Nutrition Logistics,Enterprise,Meal Kit Producer,2,254,sofia@orchardpetnutritio.example,701-890-2668,At Risk,2025-04-12,75000.00, ,CRM
263,CUS-000263,Orchard Ingredients Labs,Orchard Ingredients Labs,Mid-Market,Cold-Chain Pharma,11,220,caleb@orchardingredients.example,759-210-1239,At Risk,2023-12-28,50000.00,12-5694361,Manual Entry
264,CUS-000264,Northwind Seafood Holdings,NORTHWIND SEAFOOD HOLDINGS,Enterprise,Food Distribution,7,7,mateo@northwindseafoodho.example,707-830-1985,Active,2023-05-22,150000.00,47-5467959,Legacy CRM
265,CUS-000265,Orchard Meal Systems Partners,Orchard Meal Systems Partners ,Startup,Clinical Logistics,11,156,rafael@orchardmealsystems.example,00312 325 7826,Active,2025-02-21,50000.00,87-9270997,Legacy CRM
266,CUS-000266,PIONEER BIOLOGICS PARTNERS,Pioneer Biologics Partners,Enterprise,Clinical Logistics,11,193,priya@pioneerbiologicspa.example,343-404-9089,Inactive,2023-05-22,50000.00,28-6554065,CRM
267,CUS-000267,Orchard Pet Nutrition Partners,Orchard Pet Nutrition Partners,enterprise ,Food Distribution,7,64,anika@orchardpetnutritio.example,937-274-9807,Active,2024-06-12,150000.00,34-5252468,CRM
268,CUS-000268,Ardent Pet Nutrition Labs,Ardent Pet Nutrition Labs,Mid-Market,Specialty Grocery,5,218,,698-902-1474,Inactive,2024-11-06,150000.00,99-4238312,CRM
269,CUS-000269,Meridian Meal Systems Supply,Meridian Meal Systems Supply,enterprise ,Food Distribution,6,193,hugo@meridianmealsystem.example,255-633-1810,Active,2024-04-26,500000.00,24-7503866,Legacy CRM
270,CUS-000270,Cardinal Nutrition Labs,Cardinal Nutrition Labs,enterprise ,Beverage Distribution,10,7,anika@cardinalnutritionl.example,342-334-4477,Prospect,2025-08-26,75000.00,24-7737639,Legacy CRM
271,CUS-000271,Aster Dairy Supply,Aster Dairy Supply,Enterprise,Beverage Distribution,3,83,owen@asterdairysupply.example,520-406-8045,Active,2025-04-05,100000.00,79-4657377,Trade Show Import
272,CUS-000272,Cobalt Pharma Logistics,Cobalt Pharma Logistics,enterprise ,Beverage Distribution,4,26,rina@cobaltpharmalogist.example,717-854-4986,Active,2023-09-13,50000.00,85-7838664,Legacy CRM
273,CUS-000273,Granite Pharma Labs,Granite Pharma Labs,Regional,Beverage Distribution,11,257,maya@granitepharmalabs.example,312-872-1866,Active,2024-12-28,25000.00,72-5902716,Manual Entry
274,CUS-000274,Granite Cold Foods Partners,Granite Cold Foods Partners,Regional,Specialty Grocery,7,22,maya@granitecoldfoodspa.example,824-586-9856,Active,2023-03-31,250000.00,72-4874385,CRM
275,CUS-000275,Crown Cold Foods Labs,Crown Cold Foods Labs,Enterprise,Clinical Logistics,8,68,avery@crowncoldfoodslabs.example,955-770-7245,Active,2023-03-11,75000.00,93-7253456,CRM
276,CUS-000276,Solace Meal Systems Co-op,Solace Meal Systems Co-op,Mid-Market,Specialty Grocery,8,183,nina@solacemealsystemsc.example,676-366-1410,Inactive,2024-10-14,100000.00,54-4422890,CRM
277,CUS-000277,Riverbend Nutrition Supply,Riverbend Nutrition Supply,Regional,Food Distribution,6,140,sofia@riverbendnutrition.example,486-736-3279,Active,2023-09-16,75000.00,96-8971530,Legacy CRM
278,CUS-000278,Helix Dairy Holdings,Helix Dairy Holdings,Startup,Meal Kit Producer,7,83,darren@helixdairyholdings.example,938-869-7214,Active,2025-08-29,50000.00,91-4485059,CRM
279,CUS-000279,Briar Pet Nutrition Co-op,Briar Pet Nutrition Co-op,Regional,Beverage Distribution,1,174,elias@briarpetnutritionc.example,926-498-6747,active,2023-04-13,150000.00,79-6693448,CRM
280,CUS-000280,Summit Cold Foods Co-op,Summit Cold Foods Co-op,Regional,Beverage Distribution,5,152,zara@summitcoldfoodscoo.example,970-735-8786,Inactive,2024-01-08,500000.00,60-6209604,CRM
281,CUS-000281,Cedar Ingredients Holdings,Cedar Ingredients Holdings,Enterprise,Meal Kit Producer,4,15,mateo@cedaringredientsho.example,729-953-7124,Active,2025-07-05,100000.00,46-6366608,CRM
282,CUS-000282,Northwind Specialty Produce Partners,Northwind Specialty Produce Partners,Regional,Clinical Logistics,2,156,hugo@northwindspecialty.example,00659 676 4779,Prospect,2025-06-30,50000.00,34-4030443,CRM
283,CUS-000283,Northwind Floral Logistics Foods,Northwind Floral Logistics Foods,Enterprise,Clinical Logistics,10,140,lena@northwindflorallog.example,337-651-4240,Active,2023-05-11,25000.00,47-5590082,Manual Entry
284,CUS-000284,Westline Pharma Group,Westline Pharma Group,Mid-Market,Meal Kit Producer,8,174,priya@westlinepharmagrou.example,753-320-3156,At Risk,2024-01-17,250000.00,74-6141535,CRM
285,CUS-000285,Solace Dairy Supply,Solace Dairy Supply,Mid-Market,Meal Kit Producer,5,64,owen@solacedairysupply.example,394-980-8505,Active,2023-11-02,50000.00,77-9886535,CRM
286,CUS-000286,Crown Seafood Distribution,CROWN SEAFOOD DISTRIBUTION,Startup,Cold-Chain Pharma,4,140,keiko@crownseafooddistri.example,249-881-5862,Active,2023-11-12,25000.00,23-5888052,CRM
287,CUS-000287,Everfield Specialty Produce Partners,Everfield Specialty Produce Partners,Mid-Market,Food Distribution,1,248,nina@everfieldspecialty.example,859-245-4380,At Risk,2024-05-30,500000.00,14-9668328,Manual Entry
288,CUS-000288,Everfiedl Biologics Manufacturing,Everfield Biologics Manufacturing,Enterprise,Cold-Chain Pharma,6,210,nina@everfieldbiologics.example,551-668-9665,At Risk,2023-03-05,150000.00,42-4729838,Manual Entry
289,CUS-000289,Trinity Floral Logistics Co-op,Trinity Floral Logistics C-oop,Enterprise,Food Distribution,11,191,iris@trinityflorallogis.example,385-246-3643,Active,2024-05-08,150000.00,63-6338730,Manual Entry
290,CUS-000290,harbor nutrition logistics,Harbor Nutrition Logistics,Mid-Market,Beverage Distribution,11,57,nina@harbornutritionlog.example,390-321-5000,INACTIVE ,2024-07-30,150000.00,51-3177806,CRM
291,CUS-000291,Cobalt Nutrition Distribution,Cobalt Nutrition Distribution,Enterprise,Cold-Chain Pharma,3,14,hugo@cobaltnutritiondis.example,237-819-2416,At Risk,2024-09-18,150000.00,80-1805961,CRM
292,CUS-000292,Pioneer Dairy Foods,Pioneer Dairy Foods,Startup,Beverage Distribution,7,106,iris@pioneerdairyfoods.example,561-207-1854,Inactive,2024-04-04,100000.00,54-5742892,CRM
293,CUS-000293,Vantgae Laboratories Partners,Vantage Laboratories Partners,enterprise ,Food Distribution,6,273,,629-932-5346,Active,2024-05-08,500000.00,80-7981614,CRM
294,CUS-000294,Harbor Meal Systems Manufacturing,Harbor Meal Systems Manufacturing,Regional,Beverage Distribution,2,183,elias@harbormealsystemsm.example,310-502-1660,Inactive,2025-10-13,150000.00,,Legacy CRM
295,CUS-000295,Westline Beverage Co-op,Westline Beverage Co-op,Mid-Market,Specialty Grocery,11,220,fatima@westlinebeverageco.example,890-896-7012,active,2023-12-17,500000.00,76-1252947,CRM
296,CUS-000296,Bluevale Nutrition Group,Bluevale Nutrition Group,Enterprise,Beverage Distribution,3,210,lena@bluevalenutritiong.example,651-323-6723,At Risk,2024-03-25,50000.00,33-4800937,Trade Show Import
297,CUS-000297,Lakeside Meal Systems Holdings,Lakeside Meal Systems Holdings,Mid-Market,Beverage Distribution,5,262,avery@lakesidemealsystem.example,739-676-5639,Prospect,2023-05-15,250000.00,23-2721913,CRM
298,CUS-000298, Mosaic Specialty Produce Labs,Mosaic Specialty Produce Labs,Regional,Clinical Logistics,9,210,zara@mosaicspecialtypro.example,418-881-5654,Active,2024-05-25,150000.00,87-1518630,CRM
299,CUS-000299,Crown Foods Manufacturing,Crown Foods Manufacturing ,Startup,Meal Kit Producer,5,273,rina@crownfoodsmanufact.example,706-312-1061,Active,2023-03-18,150000.00,23-1963983,Trade Show Import
300,CUS-000300,Vantage Seafood Logistics,Vantage Seafood Logistics,Startup,Cold-Chain Pharma,11,179,fatima@vantageseafoodlogi.example,939-353-7411,Active,2024-07-10,150000.00,69-8123032,CRM
301,CUS-000301,Cobalt Nutrition Partners,Cobalt Nutrition Partners,Regional,Clinical Logistics,6,14,sofia@cobaltnutritionpar.example,950-207-9304,Active,2024-01-13,500000.00,62-6971289,Legacy CRM
302,CUS-000302,Cardinal Pet Nutrition Manufacturing,Cardinal Pet Nutrition Mfg,Startup,Clinical Logistics,5,149,rafael@cardinalpetnutriti.example,(844) 457-7435,Inactive,2025-07-23,100000.00,65-1423499,Legacy CRM
303,CUS-000303,ardent pharma foods,Ardent Pharma Foods,enterprise ,Beverage Distribution,2,147,iris@ardentpharmafoods.example,968-514-7821,At Risk,2024-10-08,50000.00,78-3260280,CRM
304,CUS-000304,Bluevale Beverage Group,Bluevale Beverage Group,Startup,Clinical Logistics,9,258,jonah@bluevalebeveragegr.example,708-723-7778,Active,2023-03-24,150000.00,43-5993210,CRM
305,CUS-000305,Cedar Seafood Supply,Cedar Seafood Supply,Mid-Market,Cold-Chain Pharma,11,240,caleb@cedarseafoodsupply.example,(928) 254-2343,Inactive,2024-07-14,25000.00,99-7260602,Legacy CRM
306,CUS-000306,Westline Biologics Group,Westline Biologics Group,Enterprise,Beverage Distribution,5,249,avery@westlinebiologicsg.example,871-270-2105,Active,2025-08-14,500000.00,72-9289297,CRM
307,CUS-000307,Orchard Beverage Labs,Orchard Beverage Labs,Startup,Meal Kit Producer,1,152,fatima@orchardbeveragelab.example,840-577-4741,Inactive,2023-10-05,150000.00,85-7413183,CRM
308,CUS-000308,Vantage Dairy aPrtners,Vantage Dairy Partners,Mid-Market,Clinical Logistics,7,269,sofia@vantagedairypartne.example,926-927-8675,Active,2024-01-31,250000.00,18-7442904,Legacy CRM
309,CUS-000309,Aster Floral Logistics Holdings,Aster Floral Logistics Holdings,Mid-Market,Clinical Logistics,8,67,anika@asterflorallogisti.example,262-912-5059,Active,2023-03-08,100000.00,26-9405883,Trade Show Import
310,CUS-000310,Briar Dairy Foods,BriarD airy Foods,Startup,Cold-Chain Pharma,10,174,rafael@briardairyfoods.example,928-411-8807,Active,2023-12-23,100000.00,43-6559790,Trade Show Import
311,CUS-000311,Vantage Pet Nutrition Co-op,Vantage Pet Nutrition Co-op,Enterprise,Food Distribution,6,140,fatima@vantagepetnutritio.example,908-545-9396,Active,2023-04-27,75000.00,10-9426503,CRM
312,CUS-000312,Keystone Ingredients Foods,Keystone Ingredients Foods,enterprise ,Beverage Distribution,3,94,zara@keystoneingredient.example,478-477-3444,Active,2025-10-25,25000.00,10-8708403,Legacy CRM
313,CUS-000313,Cardinal Specialty Produce Distribution,Cardinal Specialty Produce Distribution,Startup,Clinical Logistics,3,280,zara.cardinalspecialtyp.example,730-988-3882,Active,2025-03-09,150000.00,45-4548323,Legacy CRM
314,CUS-000314,Summit Ingredients Labs,Summit Ingredients Labs,Mid-Market,Specialty Grocery,3,57,hugo@summitingredientsl.example,767-435-5181,Active,2024-12-28,25000.00,77-7370456,CRM
315,CUS-000315,Mosaic Pet Nutrition Holdings,Mosaic Pet Nutrition Holdings,Mid-Market,Beverage Distribution,9,60,ben@mosaicpetnutrition.example,806-646-3516,At Risk,2024-05-02,50000.00,85-5467355,CRM
316,CUS-000316,Bluevale Biologics Distribution,Bluevale Biologics Distribution,enterprise ,Beverage Distribution,3,149,keiko@bluevalebiologicsd.example,366-795-6147,Active,2025-10-24,75000.00,99-4853128,Trade Show Import
317,CUS-000317,Aster Specialty Produce Supply,Aster Specialty Produce Supply,Enterprise,Cold-Chain Pharma,6,39,anika@asterspecialtyprod.example,631-212-2663,Active,2025-10-07,150000.00,32-1638537,CRM
318,CUS-000318,Harbor Cold Foods Distribution,Harbor Cold Foods Distribution,Regional,Specialty Grocery,11,201,lena@harborcoldfoodsdis.example,284-512-3949,Active,2024-05-14,50000.00,28-9174779,CRM
319,CUS-000319,Pioneer Biologics Labs,Pioneer Biologics Labs,Mid-Market,Specialty Grocery,11,187,priya@pioneerbiologicsla.example,318-707-4534,Active,2024-08-18,150000.00,56-3833795,CRM
320,CUS-000320,Briar Dairy Foods,Briar Dairy Foods,Regional,Food Distribution,4,83,anika@briardairyfoods.example,321-745-4874,Active,2025-02-22,250000.00,88-7489270,CRM
321,CUS-000321,Trinity Cold Foods Supply,Trinity Cold Foods Supply,Regional,Food Distribution,1,12,miles@trinitycoldfoodssu.example,406-755-6860,Active,2023-01-03,150000.00,39-1093428,Legacy CRM
322,CUS-000322,Briar Ingredients Logistics,Briar Ingredients Logistics,Enterprise,Cold-Chain Pharma,6,183,hugo@briaringredientslo.example,635-587-7291,Inactive,2024-08-17,100000.00,70-8396809,Legacy CRM
323,CUS-000323,Riverbend Cold Foods Group,Riverbend Cold Foods Group,Startup,Specialty Grocery,10,15,talia@riverbendcoldfoods.example,221-804-7415,Active,2024-09-23,25000.00,13-3981039,Legacy CRM
324,CUS-000324,Trinity Biologics Partners,Trinity Biologics Partners,Mid-Market,Beverage Distribution,2,51,priya@trinitybiologicspa.example,984-842-6779,Active,2024-12-09,75000.00,23-3130255,CRM
325,CUS-000325,Orchard Beverage Group,Orchard Beverage Group,Startup,Beverage Distribution,5,106,lena@orchardbeveragegro.example,534-641-5007,Active,2024-05-11,250000.00,39-4854252,CRM
326,CUS-000326,Briar Specialty Produce Logistics,Briar Specialty Produce Logistics,Mid-Market,Specialty Grocery,6,257,anika@briarspecialtyprod.example,326-475-9631,Active,2024-07-05,500000.00,58-7345827,CRM
327,CUS-000327,Crown Pet Nutrition Manufacturing,Crown Pet Nutrition Mfg,enterprise ,Cold-Chain Pharma,6,174,avery@crownpetnutritionm.example,374-751-4168,Active,2023-02-18,75000.00,30-3067775,CRM
328,CUS-000328,Solace Pharma Group,Solace Pharma Group,Startup,Specialty Grocery,8,15,darren@solacepharmagroup.example,439-810-8335,Active,2025-05-27,100000.00, ,CRM
329,CUS-000329,Brightwell Specialty Produce Group,Brightwell Specialty Produce Group,enterprise ,Cold-Chain Pharma,10,296,anika@brightwellspecialt.example,871-832-7759,Active,2024-08-26,100000.00,82-3994037,CRM
330,CUS-000330,Brightwell Beverage Co-op,Brightwell Beverage Co-op,Mid-Market,Beverage Distribution,7,248,owen@brightwellbeverage.example,922-705-6057,Active,2024-07-10,500000.00,25-8019442,CRM
331,CUS-000331,Pioneer Laboratories Manufacturing,Pioneer Laboratories Manufacturing,Regional,Beverage Distribution,6,152,zara@pioneerlaboratorie.example,798-217-5287,Active,2025-08-16,25000.00,73-5586931,CRM
332,CUS-000332,Ardent Pharma Logistics,Ardent Pharma Logistics,Mid-Market,Specialty Grocery,5,105,ben@ardentpharmalogist.example,675-387-2799,active,2024-05-15,150000.00,86-2508915,CRM
333,CUS-000333,Forge Biologics Co-op,Forge Biologics Co-op,enterprise ,Food Distribution,4,156,sofia@forgebiologicscoop.example,850-748-4059,Prospect,2025-08-30,75000.00,66-6945860,CRM
334,CUS-000334,Orchard Cold Foods Logistics,Orchard Cold Foods Logistics,enterprise ,Meal Kit Producer,9,128,owen@orchardcoldfoodslo.example,885-446-8083,Prospect,2023-10-04,75000.00,62-4526960,CRM
335,CUS-000335,Oakmont Ingredients Distribution,Oakmont Ingredients Distribution,Startup,Specialty Grocery,6,218,owen@oakmontingredients.example,792-280-3427,Active,2023-09-24,50000.00,50-6064675,Trade Show Import
336,CUS-000336,Forge Foods Labs,Forge Foods Labs,enterprise ,Clinical Logistics,5,273,fatima@forgefoodslabs.example,919-954-2258,Active,2025-04-08,100000.00,50-4189105,CRM
337,CUS-000337,Everfield Seafood Co-op,Everfield Seafood Co-op,Startup,Food Distribution,2,69,darren@everfieldseafoodco.example,718-347-2096,Active,2024-05-14,150000.00,99-2466696,Manual Entry
338,CUS-000338,Oakmont Ingredients Co-op,Oakmont Ingredients Co-op,Startup,Meal Kit Producer,8,119,keiko@oakmontingredients.example,989-243-5110,Active,2023-04-02,100000.00,79-1199628,CRM
339,CUS-000339,HELIX BEVERAGE SUPPLY,Helix Beverage Supply,enterprise ,Specialty Grocery,11,299,avery@helixbeveragesuppl.example,261-214-9587,Active,2024-11-04,250000.00,00-0000000,CRM
340,CUS-000340,Ardent Ingredients Logistics,Ardent Ingredients Logistics,Regional,Food Distribution,3,64,hugo@ardentingredientsl.example,737-902-3246,Prospect,2024-01-07,500000.00,70-8307140,CRM
341,CUS-000341,Cedar Foods Distribution,Cedar Foods Distribution,Enterprise,Specialty Grocery,11,121,noah@cedarfoodsdistribu.example,682-779-3636,At Risk,2024-05-21,100000.00,51-2348155,CRM
342,CUS-000342,Crown Pet Nutrition Labs,Crown Pet Nutrition Labs,enterprise ,Meal Kit Producer,1,67,owen@crownpetnutritionl.example,482-603-6114,Active,2025-02-06,500000.00,96-7697181,Manual Entry
343,CUS-000343,Meridian Dairy Labs,Meridian Dairy Labs,Enterprise,Food Distribution,7,191,anika@meridiandairylabs.example,677-695-5400,Active,2023-04-30,25000.00,78-8143649,Manual Entry
344,CUS-000344,Keystone Specialty Produce Group,Keystone Specialty Produce Group,Enterprise,Cold-Chain Pharma,11,231,priya@keystonespecialtyp.example,402-673-5380,Active,2025-05-16,75000.00,59-2667247,CRM
345,CUS-000345,Meridian Beverage Group,Meridian Beverage Group,Startup,Specialty Grocery,9,236,anika@meridianbeveragegr.example,916-846-1673,At Risk,2025-02-25,75000.00,27-7310490,Legacy CRM
346,CUS-000346,Orchard Laboratories Partners,Orchard Laboratories Partners,Mid-Market,Beverage Distribution,2,269,caleb@orchardlaboratorie.example,560-362-7484,Active,2024-11-01,500000.00,87-7053570,CRM
347,CUS-000347,Northwind Nutrition Supply,northwind nutrition supply,Mid-Market,Meal Kit Producer,11,257,hugo@northwindnutrition.example,968-591-3984,Prospect,2023-01-31,500000.00,92-9558612,Legacy CRM
348,CUS-000348,Lantern Cold Foods Manufacturing,Lantern Cold Foods Manufacturing,Mid-Market,Meal Kit Producer,2,152,priya@lanterncoldfoodsma.example,963-516-3000,Active,2025-07-17,75000.00,12-4498873,CRM
349,CUS-000349,Westline Floral Logistics Distribution,Westline Floral Logistics Dist.,Regional,Food Distribution,9,57,priya@westlineflorallogi.example,355-437-7801,Active,2023-09-10,150000.00,25-9755418,CRM
350,CUS-000350,Orchard Biologics Foods,Orchard Biologics Foods,enterprise ,Specialty Grocery,6,20,rina@orchardbiologicsfo.example,767-408-8621,Prospect,2023-05-26,50000.00,50-4972758,Legacy CRM
351,CUS-000351,Pioneer Pharma Partners,Pioneer Pharma Partners,enterprise ,Food Distribution,8,187,anika@pioneerpharmapartn.example,790-644-7188,Active,2024-02-05,50000.00,13-7250967,Legacy CRM
352,CUS-000352,Aster Laboratories Labs,Aster Laboratories Labs,Enterprise,Food Distribution,2,15,rafael@asterlaboratoriesl.example,752-628-5454,Active,2024-09-02,25000.00,29-8867629,Legacy CRM
353,CUS-000353,Crown Biologics Labs ,Crown Biologics Labs,enterprise ,Specialty Grocery,9,108,rina@crownbiologicslabs.example,704-407-6155,At Risk,2024-02-29,500000.00,17-4293758,CRM
354,CUS-000354,Granite Floral Logistics Labs,Granite Floral Logistics Labs,Regional,Food Distribution,1,234,anika@graniteflorallogis.example,639-930-7920,active,2024-04-24,150000.00,93-1728251,CRM
355,CUS-000355,Forge Pet Nutrition Holdings, Forge Pet Nutrition Holdings,Enterprise,Beverage Distribution,8,242,lena@forgepetnutritionh.example,349-771-5588,Active,2023-03-20,150000.00,68-8236329,CRM
356,CUS-000356,Summit Floral Logistics Foods,Summit Floral Logistics Foods,Mid-Market,Meal Kit Producer,2,68,priya@summitflorallogist.example,630-593-7439,At Risk,2023-12-04,150000.00,,Trade Show Import
357,CUS-000357,Everfield Cold Foods Distribution,Everfield Cold Foods Dist.,Mid-Market,Meal Kit Producer,3,226,ben@everfieldcoldfoods.example,566-510-2639,Prospect,2024-12-31,500000.00,50-3744061,CRM
358,CUS-000358,Crown Specialty Produce Manufacturing,Crown Specialty Produce Manufacturing,Mid-Market,Meal Kit Producer,7,220,anika@crownspecialtyprod.example,440-434-3237,Active,2025-11-03,500000.00,81-6222390,CRM
359,CUS-000359,Keystone Specialty Produce Distribution,Keystone Specialty Produce Distribution,Regional,Beverage Distribution,5,245,rina@keystonespecialtyp.example,452-477-9281,Inactive,2023-03-11,150000.00,90-3347778,CRM
360,CUS-000360,Briar Dairy Manufacturing, Briar Dairy Mfg,Startup,Meal Kit Producer,1,156,priya@briardairymanufact.example,784-373-5270,Active,2025-04-07,75000.00,29-7519586,CRM
361,CUS-000361,Solace Pet Nutrition Manufacturing,Solace Pet Nutrition Manufacturing,Startup,Food Distribution,9,119,priya@solacepetnutrition.example,318-897-1258,Active,2024-04-20,75000.00,99-2039016,CRM
362,CUS-000362,Riverbend Biologics Distribution, Riverbend Biologics Distribution,Mid-Market,Meal Kit Producer,4,192,rafael@riverbendbiologics.example,583-743-4034,Active,2023-07-03,500000.00,76-5615529,CRM
363,CUS-000363,Summit Nutrition Supply,Summit Nutrition Supply,Mid-Market,Beverage Distribution,4,7,hugo@summitnutritionsup.example,304-534-3639,Active,2024-09-28,250000.00,79-1573864,Manual Entry
364,CUS-000364,Crescent Specialty Produce Manufacturing,Crescent Specialty Produce Manufacturing,enterprise ,Specialty Grocery,9,83,anika@crescentspecialtyp.example,498-645-3679,Prospect,2025-10-19,150000.00, ,Legacy CRM
365,CUS-000365,Meridian Ingredients Holdings,Meridian Ingredients Holdings,Regional,Specialty Grocery,5,236,fatima@meridianingredient.example,673-969-3074,Active,2023-11-07,25000.00,90-6994477,Legacy CRM
366,CUS-000366,Aster Floral Logistics Group,Aster Floral Logistics Group,enterprise ,Meal Kit Producer,6,152,miles@asterflorallogisti.example,835-496-6919,Active,2025-07-04,100000.00,94-3864042,Legacy CRM
367,CUS-000367,Northwind Biologics Supply,Northwind Biologics Supply,Regional,Beverage Distribution,1,20,priya@northwindbiologics.example,358-829-3852,Active,2023-03-14,100000.00,22-3882424,Legacy CRM
368,CUS-000368,Mosaic Cold Foods Foods,Mosaic Cold Foods Foods,Regional,Specialty Grocery,3,295,darren@mosaiccoldfoodsfoo.example,405-702-1045,Inactive,2023-03-28,25000.00,42-7575054,CRM
369,CUS-000369,Cardinal Pharma Group,Cardinal Pharma Group,Startup,Beverage Distribution,6,140,nina@cardinalpharmagrou.example,726-254-2160,Active,2024-07-01,500000.00,41-4192953,CRM
370,CUS-000370,Lakeside Dairy Logistics,Lakeside Dairy Logistics,enterprise ,Clinical Logistics,3,108,priya@lakesidedairylogis.example,693-830-3088,Active,2023-10-24,500000.00,70-7948574,Legacy CRM
371,CUS-000371,Granite Floral Logistics Foods,Granite Floral Logistics Foods,Mid-Market,Beverage Distribution,9,258,lena@graniteflorallogis.example,202-249-4723,At Risk,2025-04-26,75000.00,33-9910226,CRM
372,CUS-000372,Crescent Specialty Produce Partners,Crescent Specialty Produce Partners,Mid-Market,Clinical Logistics,10,165,owen@crescentspecialtyp.example,361-290-2711,Active,2023-11-22,100000.00,23-1301297,Manual Entry
373,CUS-000373,Lantern Cold Foods Partners,Lantern Cold Foods Partners,Mid-Market,Clinical Logistics,8,179,lena@lanterncoldfoodspa.example,984-361-1457,At Risk,2023-03-24,100000.00,,CRM
374,CUS-000374,Bluevale Dairy Labs,Bluevale Dairy Labs,Enterprise,Food Distribution,1,26,,853-655-1283,active,2025-01-16,75000.00,24-7779156,CRM
375,CUS-000375,Brightwell Floral Logistics Labs,Brightwell Floral Logistics Labs,Startup,Specialty Grocery,10,290,caleb@brightwellflorallo.example,00742 911 2783,Active,2023-02-03,500000.00,23-6050910,Manual Entry
376,CUS-000376,Summit Cold Foods Logistics,Summit Cold Foods Logistics,enterprise ,Cold-Chain Pharma,9,266,rafael@summitcoldfoodslog.example,556-863-5574,Active,2024-12-26,500000.00,23-1639907,Legacy CRM
377,CUS-000377,Mosaic Cold Foods Holdings,Mosaic Cold Foods Holdings,Regional,Meal Kit Producer,8,289,owen@mosaiccoldfoodshol.example,765-879-5131,At Risk,2025-02-11,150000.00,72-3338168,Legacy CRM
378,CUS-000378, Lakeside Ingredients Group,Lakeside Ingredients Group,enterprise ,Meal Kit Producer,9,218,elias@lakesideingredient.example,300-630-3240,Active,2024-08-19,75000.00,12-9490464,CRM
379,CUS-000379,Aster Beverage Group, Aster Beverage Group,Regional,Food Distribution,4,299,miles@asterbeveragegroup.example,319-770-7296,Inactive,2025-05-12,500000.00,45-6812248,CRM
380,CUS-000380,Brightwell Biologics Group,Brightwell Biologics Group,enterprise ,Specialty Grocery,3,39,caleb@brightwellbiologic.example,713-575-5417,Active,2024-08-27,25000.00,81-9524814,CRM
381,CUS-000381,Brightwell Beverage Partners,Brightwell Beverage Partners,Startup,Clinical Logistics,9,236,sofia@brightwellbeverage.example,928-690-9854,Inactive,2025-02-02,250000.00,74-2834953,CRM
382,CUS-000382,Pioneer Meal Systems Logistics,Pioneer Meal Systems Logistics,Enterprise,Beverage Distribution,2,128,lena@pioneermealsystems.example,966-870-6901,Active,2025-07-08,75000.00,39-9428172,Legacy CRM
383,CUS-000383,Everfield Nutrition Logistics,Everfield Nutrition Logistics,Regional,Beverage Distribution,1,149,darren@everfieldnutrition.example,776.603.5596,Prospect,2024-01-22,500000.00,87-7014638,CRM
384,CUS-000384,Mosaic Cold Foods Partners,Mosaic Cold Foods Partners,Mid-Market,Clinical Logistics,4,20,caleb@mosaiccoldfoodspar.example,634-604-5471,Prospect,2024-10-19,75000.00,15-8231503,CRM
385,CUS-000385,Crown Seafood Distribution,Crown Seafood Distribution,Regional,Meal Kit Producer,8,220,lena@crownseafooddistri.example,802-488-8991,Active,2025-07-04,100000.00,73-8240379,CRM
386,CUS-000386,Vantage Cold Foods Co-op,Vantage Cold Foods Co-op,Startup,Cold-Chain Pharma,2,257,caleb@vantagecoldfoodsco.example,396-384-7138,Active,2025-06-28,100000.00,11-9453897,Legacy CRM
387,CUS-000387,Cedar Meal Systems Manufacturing,Cedar Meal Systems Manufacturing,enterprise ,Clinical Logistics,10,269,iris@cedarmealsystemsma.example,872-675-7580,Active,2025-03-17,250000.00,96-5321807,Manual Entry
388,CUS-000388,Bluevale Floral Logistics Partners,Bluevale Floral Logistics Partners,Enterprise,Cold-Chain Pharma,11,254,talia@bluevaleflorallogi.example,398-936-8875,Active,2024-11-07,250000.00,83-8663060,Manual Entry
389,CUS-000389,Cobalt Dairy Mnaufacturing,Cobalt Dairy Manufacturing,Regional,Food Distribution,5,193,anika@cobaltdairymanufac.example,678-908-8942,Active,2024-10-21,250000.00,68-6270640,Legacy CRM
390,CUS-000390,Cardinal Dairy Co-op,Cardinal Dairy Co-op,Regional,Meal Kit Producer,8,94,priya@cardinaldairycoop.example,688-800-1978,Active,2023-09-07,75000.00,93-8063751,CRM
391,CUS-000391,Bluevale Laboratories Co-op,Bluevale Laboratories Co-op,Startup,Food Distribution,5,161,avery@bluevalelaboratori.example,888-762-4834,Active,2024-05-20,150000.00,35-9547380,CRM
392,CUS-000392,Everfield Seafood Supply,Everfield Seafood Supply,enterprise ,Clinical Logistics,9,108,noah@everfieldseafoodsu.example,829-961-3173,active,2023-02-16,25000.00,45-3580864,CRM
393,CUS-000393,Everfield Pet Nutrition Logistics,Everfield Pet Nutrition Logistics,Regional,Specialty Grocery,4,249,elias@everfieldpetnutrit.example,322-373-6951,Active,2023-08-18,50000.00,32-2128478,CRM
394,CUS-000394,Crescent Specialty Produce Distribution,Crescent Specialty Produce Distribution,enterprise ,Food Distribution,2,121,maya@crescentspecialtyp.example,943-492-4518,At Risk,2024-07-23,75000.00,55-8724459,CRM
395,CUS-000395,Vantage Laboratories Supply,Vantage Laboratories Supply,Startup,Specialty Grocery,5,33,mateo@vantagelaboratorie.example,281-801-1538,Inactive,2025-05-25,500000.00,18-1102597,CRM
396,CUS-000396,Meridian Cold Foods Group,Meridian Cold Foods Gropu,Enterprise,Specialty Grocery,9,290,maya@meridiancoldfoodsg.example,532-948-3114,Prospect,2024-05-31,25000.00, ,CRM
397,CUS-000397,Keystone Foods Distribution,Keystone Foods Distribution,Regional,Food Distribution,1,191,anika@keystonefoodsdistr.example,975-287-7370,Active,2024-03-07,250000.00,55-3461180,CRM
398,CUS-000398,Summit Floral Logistics Group,Summit Floral Logistics Group,enterprise ,Cold-Chain Pharma,10,20,sofia@summitflorallogist.example,287-567-4214,Active,2023-01-12,25000.00,69-3695365,Legacy CRM
399,CUS-000399,Northwind Cold Foods Distribution,Northwind Cold Foods Distribution,Mid-Market,Meal Kit Producer,11,179,,250-773-8084,Active,2023-07-25,50000.00,54-9532759,CRM
400,CUS-000400,Keystone Specialty Produce Group,Keystone Specialty Produce Group,Regional,Specialty Grocery,3,41,hugo@keystonespecialtyp.example,281-460-1717,active,2023-08-04,50000.00,94-2723426,Manual Entry
401,CUS-000401,Cardinal Floral Logistics Distribution,Cardinal Floral Logistics Distribution,enterprise ,Food Distribution,2,257,rina@cardinalflorallogi.example,316-429-7831,Active,2024-07-21,75000.00,55-2698294,CRM
402,CUS-000402,Briar Specialty Produce Foods,Briar Specialty Produce Foods,Startup,Beverage Distribution,10,192,lena@briarspecialtyprod.example,442-330-6981,Active,2025-05-04,25000.00,73-7115365,CRM
403,CUS-000403,Trinity Laboratories Labs,Trinity Laboratories Labs,Enterprise,Specialty Grocery,6,30,jonah@trinitylaboratorie.example,224-288-5284,Inactive,2024-02-28,75000.00,40-5463618,CRM
404,CUS-000404,everfield cold foods labs,Everfield Cold Foods Labs,Enterprise,Specialty Grocery,5,183,mateo@everfieldcoldfoods.example,799-950-8578,Active,2025-11-03,250000.00,45-8773892,CRM
405,CUS-000405,Cedar Ingredients Logistics,Cedar Ingredients Logistics,Mid-Market,Clinical Logistics,5,147,ben@cedaringredientslo.example,,Inactive,2025-01-07,150000.00,71-4227446,CRM
406,CUS-000406,Harbor Specialty Produce Supply,harbor specialty produce supply,Mid-Market,Meal Kit Producer,4,149,maya@harborspecialtypro.example,864-481-4690,Active,2025-10-16,500000.00,89-8125567,Manual Entry
407,CUS-000407,Helix Pharma Manufacturing,Helix Pharma Manufacturing,Mid-Market,Food Distribution,7,234,keiko@helixpharmamanufac.example ,769-458-2604,Active,2024-08-09,150000.00,68-3117460,Trade Show Import
408,CUS-000408,Orchard Seafood Labs,Orchard Seafood Labs,Mid-Market,Clinical Logistics,9,57,lena@orchardseafoodlabs.example,727-308-8949,Prospect,2024-12-15,75000.00,72-2124614,Legacy CRM
409,CUS-000409,Brightwell Pet Nutrition Labs,Brightwell Pet Nutrition Labs,Enterprise,Clinical Logistics,10,83,owen@brightwellpetnutri.example,732-876-1311,Active,2023-03-12,100000.00, ,CRM
410,CUS-000410,Lakeside Cold Foods Partners,Lakeside Cold Foods Partners ,Regional,Specialty Grocery,10,231,talia@lakesidecoldfoodsp.example,491-410-1561,At Risk,2023-08-26,50000.00,62-9153237,CRM
411,CUS-000411,Harbor Foods Group,Harbor Foods Group,Startup,Cold-Chain Pharma,5,165,elias@harborfoodsgroup.example,690-294-6121,Active,2025-09-12,250000.00,66-8099556,CRM
412,CUS-000412,Crescent Cold Foods Supply,Crescent Cold Foods Supply,Regional,Cold-Chain Pharma,5,22,priya@crescentcoldfoodss.example,857-743-8288,Active,2025-07-10,250000.00,61-1842444,CRM
413,CUS-000413,Orchard Meal Systems Distribution,Orchard Meal Systems Distribution,Enterprise,Cold-Chain Pharma,1,296,priya@orchardmealsystems.example,260-452-6563,Active,2023-04-30,75000.00,36-6158173,Trade Show Import
414,CUS-000414,Granite Ingredients Group ,Granite Ingredients Group,Regional,Food Distribution,6,273,mateo@graniteingredients.example,(976) 603-2129,Active,2024-03-17,75000.00,75-9015727,CRM
415,CUS-000415,Granite Biologics Supply,Granite Biologics Supply,Startup,Clinical Logistics,10,252,anika@granitebiologicssu.example,544-442-1154,Active,2024-02-12,150000.00,67-5650890,CRM
416,CUS-000416,Keystone Ingredients Holdings,Keystone Ingredients Holdings,Startup,Meal Kit Producer,8,39,sofia@keystoneingredient.example,924-723-6963,active,2025-04-11,50000.00,PENDING,Legacy CRM
417,CUS-000417,Lakeside Ingredients Group,Lakeside Ingredients Group,Enterprise,Clinical Logistics,11,119,miles@lakesideingredient.example,712-760-6159,At Risk,2025-02-18,500000.00,93-7079181,Legacy CRM
418,CUS-000418,Crescent Biologics Manufacturing,Crescent Biologics Manufacturing,Startup,Clinical Logistics,6,296,rina@crescentbiologicsm.example,279-565-6372,Active,2023-07-10,250000.00,16-4685261,Legacy CRM
419,CUS-000419,Lantern Pharma Distribution,Lantern Pharma Distribution,Enterprise,Meal Kit Producer,1,201,lena@lanternpharmadistr.example,850-643-7550,Prospect,2023-01-05,500000.00,65-1512642,Legacy CRM
420,CUS-000420,Crown Floral Logistics Group,Crown Floral Logistics Group,enterprise ,Specialty Grocery,10,236,jonah@crownflorallogisti.example,314-983-9404,Active,2025-09-16,500000.00,54-8868359,CRM
421,CUS-000421,Aster Seafood Holdings,Aster Seafood Holdings,enterprise ,Specialty Grocery,10,19,elias@asterseafoodholdin.example,758-603-3219,At Risk,2025-05-14,25000.00,91-4134275,CRM
422,CUS-000422,Mosaic Ingredients Labs,Mosaic Ingredients Labs,Regional,Meal Kit Producer,11,94,sofia@mosaicingredientsl.example,264-858-3202,Active,2024-09-29,500000.00,45-6914637,CRM
423,CUS-000423,Harbor Laboratories Manufacturing,Harbor Laboratories Manufacturing,Regional,Clinical Logistics,5,299,noah@harborlaboratories.example,790-978-2678,Active,2023-09-21,25000.00,75-7164102,Legacy CRM
424,CUS-000424,Trinity Specialty Produce Holdings,Trinity Specialty Produce Holdings,Mid-Market,Beverage Distribution,7,179,jonah@trinityspecialtypr.example,586-507-2844,Prospect,2024-08-04,150000.00,62-8678866,CRM
425,CUS-000425,Trinity Ingredients Manufacturing,Trinity Ingredients Manufacturing,Mid-Market,Food Distribution,2,242,elias@trinityingredients.example,882-925-2698,Active,2025-05-04,50000.00,34-3146557,CRM
426,CUS-000426,Lakeside Laboratories Manufacturing,Lakeside Laboratories Manufacturing,Startup,Specialty Grocery,4,83,noah@lakesidelaboratori.example,910-596-9369,Inactive,2023-07-21,500000.00,76-3511749,CRM
427,CUS-000427,Northwind Floral Logistics Holdings,Northwind Floral Logistics Holdings,Mid-Market,Clinical Logistics,2,64,noah@northwindflorallog.example,843-862-5617,At Risk,2024-03-01,75000.00,17-5375243,Legacy CRM
428,CUS-000428,Forge Nutrition Holdings,Forge Nutrition Holdings,Regional,Cold-Chain Pharma,9,79,fatima@forgenutritionhold.example,418-776-1215,Active,2024-01-12,500000.00,,Legacy CRM
429,CUS-000429,Summit Foods Co-op,Summit Foods Co-op,Mid-Market,Meal Kit Producer,6,83,darren@summitfoodscoop.example,876-252-7821,active,2023-12-16,250000.00,58-4072812,CRM
430,CUS-000430,Solace Ingredients Distribution,Solace Ingredients Distribution,Regional,Cold-Chain Pharma,11,128,nina@solaceingredientsd.example,617-672-6275,Active,2025-01-12,25000.00,62-4635676,Legacy CRM
431,CUS-000431,Mosaic Beverage Group,Mosaic Beverage Group,enterprise ,Meal Kit Producer,9,152,avery@mosaicbeveragegrou.example,923-497-93,Active,2025-06-17,100000.00,31-5708932,CRM
432,CUS-000432,Riverbend Foods Logistics,Riverbend Foods Logistics,Startup,Food Distribution,8,33,elias@riverbendfoodslogi.example,556-767-5884,Active,2023-04-16,50000.00,22-1336324,Legacy CRM
433,CUS-000433,Harbor Foods Logistics,Harbor Foods Logistics,Regional,Meal Kit Producer,3,140,nina@harborfoodslogisti.example,838-778-2870,Inactive,2025-11-03,75000.00,18-9219807,Legacy CRM
434,CUS-000434,Cedar Biologics Holdings,Cedar Biologics Holdings,Regional,Meal Kit Producer,1,252,anika@cedarbiologicshold.example,490-580-5170,Active,2024-08-15,100000.00,51-4596852,CRM
435,CUS-000435,Trinity Nutrition Logistics,Trinity Nutrition Logistics,Mid-Market,Food Distribution,9,64,anika@trinitynutritionlo.example,529-363-3691,Active,2024-12-03,25000.00,25-6602922,Legacy CRM
436,CUS-000436,Cedar Foods Manufacturing,Cedar Foods Manufacturing,enterprise ,Cold-Chain Pharma,3,156,miles@cedarfoodsmanufact.example,277-520-7178,Active,2025-02-27,100000.00,10-2896665,Trade Show Import
437,CUS-000437,Oakmont Foods Group,Oamkont Foods Group,Startup,Cold-Chain Pharma,8,254,darren@oakmontfoodsgroup.example,835-321-5729,Active,2025-08-14,100000.00,21-5690070,Legacy CRM
438,CUS-000438,Brightwell Seafood Group,Brightwell Seafood Group,Regional,Meal Kit Producer,6,12,mateo@brightwellseafoodg.example,358-307-5447,At Risk,2023-10-06,50000.00,96-1030927,CRM
439,CUS-000439,Ardent Pharma Labs,Ardent Pharma Labs,enterprise ,Cold-Chain Pharma,3,30,mateo@ardentpharmalabs.example,404-662-5147,At Risk,2025-10-14,75000.00,49-6466700,CRM
440,CUS-000440,Crown Meal Systems Co-op,Crown Meal Systems Co-op,Enterprise,Meal Kit Producer,7,64,maya@crownmealsystemsco.example,216-208-2880,At Risk,2025-04-12,75000.00,70-6629828,Trade Show Import
441,CUS-000441,Orchard Pharma Group,Orchard Pharma Group,Enterprise,Clinical Logistics,10,147,zara@orchardpharmagroup.example,216-396-9897,Active,2024-11-21,25000.00,95-6081164,Legacy CRM
442,CUS-000442,Forge Laboratories Logistics,Forge Laboratories Logistics,Mid-Market,Clinical Logistics,2,241,zara@forgelaboratoriesl.example,933-845-9595,Active,2023-07-28,25000.00,36-9093162,CRM
443,CUS-000443,Westline Beverage Partners,Westline Beverage Partners,enterprise ,Beverage Distribution,9,191,iris@westlinebeveragepa.example,557-935-7839,At Risk,2024-11-14,50000.00,90-5292723,Legacy CRM
444,CUS-000444,Helix Foods Manufacturing,Helix Foods Mfg,Enterprise,Meal Kit Producer,2,15,owen@helixfoodsmanufact.example,513-637-6236,Active,2023-09-04,75000.00,73-8391639,CRM
445,CUS-000445,Granite Cold Foods Supply,Granite Cold Foods Supply,Mid-Market,Food Distribution,10,280,ben@granitecoldfoodssu.example,599-840-1734,Active,2025-03-12,75000.00,98-4285654,CRM
446,CUS-000446,Riverbend Meal Systems Partners,Riverbend Meal Systems Partners,Regional,Beverage Distribution,4,296,iris@riverbendmealsyste.example,298-967-2382,Active,2023-07-17,75000.00,66-6459320,CRM
447,CUS-000447,Lantern Nutrition Manufacturing,Lantern Nutrition Manufacturing,Mid-Market,Meal Kit Producer,7,236,keiko@lanternnutritionma.example,624-569-4613,At Risk,2024-01-25,500000.00,64-4666797,CRM
448,CUS-000448,Pioneer Foods Distribution,Pioneer Foods Distribution ,Enterprise,Specialty Grocery,5,39,elias@pioneerfoodsdistri.example,780-265-8535,Active,2025-05-05,50000.00,71-2098294,Legacy CRM
449,CUS-000449,Harbor Laboratories Partners,Harbor Laboratories Partners,Mid-Market,Food Distribution,4,245,elias@harborlaboratories.example,828-911-2728,Active,2025-01-20,250000.00,57-2006376,Manual Entry
450,CUS-000450,Trinity Laboratories Labs,Trinity Laboratories Labs,Regional,Cold-Chain Pharma,6,296,avery@trinitylaboratorie.example,426-316-3625,At Risk,2024-06-01,100000.00,36-8407543,CRM
451,CUS-000451,Riverbend Pharma Supply,Riverbend Pharma Supply,Mid-Market,Meal Kit Producer,7,295,mateo@riverbendpharmasup.example,927-722-2202,Inactive,2025-06-14,100000.00,32-2746755,CRM
452,CUS-000452,Solace Pet Nutrition Supply,Solace Pet Nutrition Supply,Enterprise,Specialty Grocery,5,67,rina@solacepetnutrition.example,893-571-5081,Active,2024-05-04,500000.00,35-3584062,CRM
453,CUS-000453,Riverbend Biologics Manufacturing,Riverbend Biologics Mfg,Startup,Meal Kit Producer,6,248,caleb@riverbendbiologics.example,204-212-8128,At Risk,2023-11-27,50000.00,36-6036343,Trade Show Import
454,CUS-000454,Solace Biologics Holdings,SOLACE BIOLOGICS HOLDINGS,Mid-Market,Specialty Grocery,4,7,ben@solacebiologicshol.example,227-709-3128,Active,2024-09-07,100000.00,51-5012405,CRM
455,CUS-000455,Ardent Foods Manufacturing,Ardent Foods Manufacturing,Startup,Specialty Grocery,1,161,keiko@ardentfoodsmanufac.example,808-809-8155,Active,2025-04-04,75000.00,69-3700861,CRM
456,CUS-000456,Lakeside Foods Manufacturing,Lakeside Foods Manufacturing,Mid-Market,Specialty Grocery,5,20,owen@lakesidefoodsmanuf.example,875-297-5856,Inactive,2025-07-15,500000.00,70-6252249,Manual Entry
457,CUS-000457,Lakeside Cold Foods Distribution,Lakeside Cold Foods Distribution,Mid-Market,Food Distribution,5,26,anika@lakesidecoldfoodsd.example,932-919-3640,At Risk,2025-07-09,50000.00,14-4987724,CRM
458,CUS-000458,Oakmont Pet Nutrition Partners,Oakmont Pet Nutrition Partners,Startup,Cold-Chain Pharma,5,39,hugo@oakmontpetnutritio.example,482-456-7311,Active,2023-10-21,100000.00, ,Manual Entry
459,CUS-000459,Orchard Foods Partners,Orchard Foods Partners,Startup,Cold-Chain Pharma,4,278,elias@orchardfoodspartne.example,431-303-1098,Prospect,2023-08-26,25000.00,99-7967940,CRM
460,CUS-000460,Lakeside Beverage Labs,Lakeside Beverage Labs,Enterprise,Clinical Logistics,8,249,caleb@lakesidebeveragela.example,520-521-5046,Active,2024-08-29,100000.00,56-1567026,CRM
461,CUS-000461,riverbend dairy co-op,Riverbend Dairy Co-op ,Mid-Market,Food Distribution,3,258,rina@riverbenddairycoop.example,772-795-1748,active,2023-01-21,75000.00,15-5893734,CRM
462,CUS-000462,Cobalt Foods Partners,Cobalt Foosd Partners,Mid-Market,Food Distribution,4,267,sofia@cobaltfoodspartner.example,337-940-3483,Active,2023-02-01,250000.00,99-1273635,Manual Entry
463,CUS-000463,Oakmont Seafood Holdings,Oakmont Seafood Holdings,Mid-Market,Meal Kit Producer,11,149,,690-430-7424,At Risk,2024-05-18,75000.00,32-3467119,Legacy CRM
464,CUS-000464,Lakeside Meal Systems Foods,Lakeside Meal Systems Foods,Mid-Market,Specialty Grocery,3,226,lena@lakesidemealsystem.example,337-249-2780,Active,2025-01-14,150000.00,13-5047515,CRM
465,CUS-000465,Aster Ingredients Supply,Aster Ingredients Supply,Startup,Food Distribution,9,234,miles@asteringredientssu.example,213-630-4754,Active,2024-12-07,100000.00,51-7230591,CRM
466,CUS-000466,Bluevale Specialty Produce Holdings,Bluevale Specialty Produce Holdings,Regional,Clinical Logistics,7,193,talia@bluevalespecialtyp.example,449-664-9297,Active,2024-10-27,250000.00,PENDING,CRM
467,CUS-000467,Aster Ingredients Distribution,Aster Ingredients Distribution,enterprise ,Beverage Distribution,9,41,owen@asteringredientsdi.example,774-718-2528,Active,2023-12-16,500000.00,50-9660894,Manual Entry
468,CUS-000468,Cardinal Biologics Co-op,Cardinal Biologics Co-op,Regional,Cold-Chain Pharma,9,278,anika@cardinalbiologicsc.example,678-615-7595,Active,2023-08-21,75000.00,54-4856961,CRM
469,CUS-000469,Mosaic Floral Logistics Foods,Mosaic Floral Logistics Foods,Regional,Meal Kit Producer,6,290,zara@mosaicflorallogist.example,303-326-8254,Active,2023-06-26,250000.00,82-4473173,Manual Entry
470,CUS-000470,Aster Floral Logistics Logistics,Aster Floral Logistics Logistics,enterprise ,Food Distribution,2,60,maya@asterflorallogisti.example,776-415-3701,Active,2024-01-26,25000.00,49-4006235,CRM
471,CUS-000471,Forge Laboratories Partners,Forge Laboratories Partners,Mid-Market,Beverage Distribution,2,242,priya@forgelaboratoriesp.example,535-474-3001,INACTIVE ,2025-07-08,50000.00,62-5786233,Legacy CRM
472,CUS-000472,Orchard Nutrition Partners,Orchard Nutrition Partners,Enterprise,Clinical Logistics,9,33,fatima@orchardnutritionpa.example,204-316-1436,Active,2024-05-17,500000.00,26-4478529,CRM
473,CUS-000473,Vantage Foods Group, Vantage Foods Group,Enterprise,Food Distribution,11,121,zara@vantagefoodsgroup.example,906-773-8384,Active,2024-02-03,25000.00,74-2637949,CRM
474,CUS-000474,Cobalt Foods Manufacturing,Cobalt Foods Mfg,enterprise ,Clinical Logistics,2,289,owen@cobaltfoodsmanufac.example,310-409-2153,At Risk,2023-10-20,100000.00,94-8276434,CRM
475,CUS-000475,Crescent Beverage Partners,Crescent Beverage Partners,Mid-Market,Clinical Logistics,3,187,miles@crescentbeveragepa.example,758-291-8814,Active,2025-05-29,50000.00,47-3259198,CRM
476,CUS-000476,Bluevale Biologics Labs,Bluevale Biologics Labs,Mid-Market,Food Distribution,9,254,jonah@bluevalebiologicsl.example,961-882-9295,At Risk,2024-01-21,50000.00,25-6983797,CRM
477,CUS-000477,Meridian Dairy Group,Meridian Dairy Group,Regional,Cold-Chain Pharma,7,20,lena.meridiandairygroup.example,820-579-1491,Active,2024-03-26,500000.00,63-7259292,CRM
478,CUS-000478,Crown Floral Logistics Manufacturing,Crown Floral Logistics Mfg,Startup,Food Distribution,4,146,keiko@crownflorallogisti.example,315-349-3351,Active,2023-10-06,250000.00,22-5220138,CRM
479,CUS-000479,Cardinal Laboratories Partners,Cardinal Laboratories Partners,Startup,Food Distribution,9,69,keiko@cardinallaboratori.example,788-840-6408,Inactive,2025-04-23,25000.00,95-3290812,Legacy CRM
480,CUS-000480,Trinity Floral Logistics Group,Trinity Floral Logistics Group,Enterprise,Beverage Distribution,7,254,keiko@trinityflorallogis.example,421-542-7337,Active,2025-05-22,150000.00,92-9615316,CRM
481,CUS-000481,Northwind Ingredients Manufacturing,Northwind Ingredients Manufacturing,enterprise ,Beverage Distribution,8,310,keiko@northwindingredien.example,630-524-3414,Active,2024-09-24,75000.00,PENDING,CRM
482,CUS-000482,Oakmont Meal Systems Group,Oakmont Meal Systems Group,Startup,Food Distribution,6,289,anika@oakmontmealsystems.example,791-543-3498,Active,2023-07-16,25000.00,76-8442099,CRM
483,CUS-000483,Crown Biologics Group,Crown Biologics Group,Mid-Market,Meal Kit Producer,8,239,rina@crownbiologicsgrou.example,N/A,At Risk,2023-04-05,50000.00,24-2695818,CRM
484,CUS-000484,Bluevale Specialty Produce Distribution,Bluevale Specialty Produce Distribution,Regional,Food Distribution,1,68,nina@bluevalespecialtyp.example,698-595-1363,Active,2023-10-01,75000.00,42-1937061,CRM
485,CUS-000485,Harbor Beverage Labs,Harbor Beverage Labs,Enterprise,Specialty Grocery,4,295,anika@harborbeveragelabs.example,958-668-9707,At Risk,2024-01-24,500000.00,36-7097055,CRM
486,CUS-000486,Cardinal Nutrition Partners,Cardinal Nutrition Parnters,Mid-Market,Food Distribution,2,20,iris@cardinalnutritionp.example,762-905-5382,Active,2024-11-10,150000.00,51-6279115,CRM
487,CUS-000487,Trinity Meal Systems Partners,Trinity Meal Systems Partners,enterprise ,Clinical Logistics,2,69,maya@trinitymealsystems.example,873-201-7954,active,2025-05-28,25000.00,65-5803119,Manual Entry
488,CUS-000488,Northwind Specialty Produce Partners,Northwind Specialty Produce Partners,Regional,Clinical Logistics,3,295,talia@northwindspecialty.example,851-398-3693,Active,2023-05-05,50000.00,39-3607095,CRM
489,CUS-000489,Ardent Seafood Group,Ardent Seafood Group,enterprise ,Clinical Logistics,9,39,zara@ardentseafoodgroup.example,236-753-2541,Active,2023-10-29,75000.00,40-7841784,CRM
490,CUS-000490,Brightwell Floral Logistics Partners, Brightwell Floral Logistics Partners,enterprise ,Specialty Grocery,5,78,ben@brightwellflorallo.example,309-810-2412,Active,2024-11-20,75000.00,47-1580710,Legacy CRM
491,CUS-000491,Briar Meal Systems Distribution,Briar Meal Systems Distribution,Enterprise,Specialty Grocery,5,128,darren@briarmealsystemsdi.example,889-645-6205,Inactive,2025-07-15,25000.00,25-4462050,Trade Show Import
492,CUS-000492,Orchard Specialty Produce Foods,Orchard Specialty Produce Foods,Startup,Clinical Logistics,1,290,maya@orchardspecialtypr.example,849-754-3434,Active,2024-08-10,25000.00,75-1048760,Legacy CRM
493,CUS-000493,Northwind Seafood Foods,Northwind Seafood Foods,Mid-Market,Specialty Grocery,9,20,miles@northwindseafoodfo.example,303-205-4864,Active,2024-01-16,250000.00,69-5286242,CRM
494,CUS-000494,Briar Dairy Holdings,Briar Dairy Holdings,Startup,Specialty Grocery,4,7,caleb@briardairyholdings.example,318-461-9772,Active,2023-03-26,75000.00,61-4105540,Trade Show Import
495,CUS-000495,Cobalt Cold Foods Holdings,Cobalt Cold Foods Holdings,Regional,Clinical Logistics,6,78,mateo@cobaltcoldfoodshol.example,689-737-6980,Prospect,2024-11-04,250000.00,23-7768686,Trade Show Import
496,CUS-000496,Cobalt Specialty Produce Manufacturing,Cobalt Specialty Produce Manufacturing,Enterprise,Specialty Grocery,9,119,zara@cobaltspecialtypro.example,430-455-3640,Active,2025-09-19,50000.00,92-4233183,CRM
497,CUS-000497,Summit Meal Systems Supply,summit meal systems supply,enterprise ,Specialty Grocery,10,201,owen@summitmealsystemss.example,905-849-4311,Active,2025-06-07,250000.00,81-8936325,Manual Entry
498,CUS-000498,Lantern Beverage Manufacturing,Lantern Beverage Manufacturing,Mid-Market,Beverage Distribution,3,243,hugo@lanternbeverageman.example,798-206-5900,Active,2023-01-20,25000.00,61-9461518,CRM
499,CUS-000499,Brightwell Ingredients Labs,Brightwell Ingredients Labs,Mid-Market,Specialty Grocery,4,249,talia@brightwellingredie.example,741-221-5654,Inactive,2025-04-12,75000.00,32-9513830,CRM
500,CUS-000500,Granite Meal Systems Manufacturing,Granite Meal Systems Manufacturing,Startup,Food Distribution,6,252,lena@granitemealsystems.example,947-423-5434,Active,2025-09-01,100000.00,55-6061452,Legacy CRM
501,CUS-000501,Orchard Nutrition Distribution,Orchard Nutrition Distribution,Mid-Market,Cold-Chain Pharma,6,262,elias@orchardnutritiondi.example,508-948-7927,At Risk,2023-07-02,250000.00,56-1952556,CRM
502,CUS-000502,Riverbend Pet Nutrition Holdings,Riverbend Pet Nutrition Holdings,enterprise ,Food Distribution,4,231,miles@riverbendpetnutrit.example,973-734-5852,Active,2024-05-24,25000.00,60-7197205,Legacy CRM
503,CUS-000503,Bluevale Nutrition Co-op,Bluevale Nutrition Co-op,enterprise ,Meal Kit Producer,5,140,rafael@bluevalenutritionc.example,722-887-3584,Active,2023-05-29,150000.00,66-3485585,CRM
504,CUS-000504,Granite Floral Logistics Manufacturing,Granite Floral Logistics Manufacturing,Mid-Market,Meal Kit Producer,6,289,rina@graniteflorallogis.example,750-897-5941,Inactive,2024-06-18,100000.00,25-3819793,CRM
505,CUS-000505,Crown Specialty Produce Manufacturing,Crown Specialty Produce Mfg,Startup,Beverage Distribution,11,220,lena@crownspecialtyprod.example,406-614-9175,Active,2023-04-25,500000.00,77-4858047,CRM
506,CUS-000506,Cobalt Seafood Supply,Cobalt Seafood Supply,Regional,Food Distribution,9,299,talia@cobaltseafoodsuppl.example,739-846-7702,Inactive,2024-04-08,25000.00,42-1257835,Legacy CRM
507,CUS-000507,Pioneer Foods Foods,Pioneer Foods Foods,enterprise ,Specialty Grocery,7,193,noah@pioneerfoodsfoods.example,262-589-1369,Active,2025-01-16,50000.00,35-9484176,Manual Entry
508,CUS-000508,Oakmont Ingredients Foods,Oakmont Ingredients Foods,Enterprise,Beverage Distribution,1,192,hugo@oakmontingredients.example,878-329-4310,Active,2023-03-09,25000.00,88-3819380,CRM
509,CUS-000509,Northwind Pet Nutrition Manufacturing,Northwind Pet Nutrition Mfg,Regional,Specialty Grocery,3,39,lena@northwindpetnutrit.example,231-340-3969,active,2024-10-08,50000.00,41-3563301,Legacy CRM
510,CUS-000510,Orchard Nutrition Partners,Orchard Nutrition Partners,enterprise ,Specialty Grocery,1,252,fatima@orchardnutritionpa.example,691-577-1461,Active,2024-03-02,50000.00,87-7487147,Trade Show Import
511,CUS-000511,Summit Pharma Partners,SummitP harma Partners,Regional,Clinical Logistics,6,152,keiko@summitpharmapartne.example,387-747-9277,Active,2023-07-10,500000.00,89-4731343,CRM
512,CUS-000512,Oakmont Specialty Produce Holdings,Oakmont Specialty Produce Holdings,Enterprise,Specialty Grocery,11,156,iris@oakmontspecialtypr.example,527-560-7634,Active,2025-09-17,75000.00,19-1337780,Legacy CRM
513,CUS-000513,Lantern Nutrition Supply,Lantern Nutrition Supply,Regional,Beverage Distribution,10,108,talia@lanternnutritionsu.example,473-831-4537,Active,2023-06-30,100000.00,35-5546134,CRM
514,CUS-000514,Briar Pharma Holdings,Briar Pharma Holdings,Startup,Meal Kit Producer,7,39,jonah@briarpharmaholding.example,693-911-9027,Active,2024-10-04,100000.00,13-3437738,Legacy CRM
515,CUS-000515,Granite Pharma Co-op,Granite Pharma Co-op,Mid-Market,Beverage Distribution,5,165,ben@granitepharmacoop.example,,Inactive,2025-05-25,500000.00,18-6398841,Manual Entry
516,CUS-000516,Helix Specialty Produce Distribution,Helix Specialty Produce Distribution,Startup,Food Distribution,7,220,priya@helixspecialtyprod.example,494-841-9150,At Risk,2024-06-28,25000.00,38-8608238,CRM
517,CUS-000517,Cedar Beverage Foods,Cedar Beverage Foods,Mid-Market,Specialty Grocery,10,156,keiko@cedarbeveragefoods.example,502-518-7858,Active,2024-11-29,100000.00,90-7854611,Legacy CRM
518,CUS-000518,Bluevale Nutrition Labs,Bluevale Nutrition Labs,enterprise ,Specialty Grocery,2,128,caleb@bluevalenutritionl.example,239-964-1006,Active,2024-12-20,250000.00,11-1580344,CRM
519,CUS-000519,Solace Meal Systems Supply,Solace Meal Systems Supply,Startup,Beverage Distribution,1,210,caleb@solacemealsystemss.example,,Active,2025-08-06,100000.00,90-4114468,Manual Entry
520,CUS-000520,Briar Cold Foods Manufacturing,Briar Cold Foods Manufacturing,Enterprise,Clinical Logistics,9,296,elias@briarcoldfoodsmanu.example,887-360-8829,Active,2024-10-26,50000.00,88-8142910,Legacy CRM
521,CUS-000521,Bluevale Cold Foods Distribution,Bluevale Cold Foods Distribution,Mid-Market,Beverage Distribution,11,30,priya@bluevalecoldfoodsd.example,300-832-7072,Active,2024-10-31,25000.00,14-9926902,CRM
522,CUS-000522,Solace Floral Logistics Manufacturing,Solace Floral Logistics Manufacturing ,Enterprise,Meal Kit Producer,10,295,noah@solaceflorallogist.example,247-824-2116,Active,2024-02-25,75000.00,48-6911754,CRM
523,CUS-000523,Helix Floral Logistics Foods,Helix Floral Logistics Foods,Enterprise,Meal Kit Producer,7,106,maya@helixflorallogisti.example,957-681-8336,Active,2024-08-12,75000.00,40-5869873,Legacy CRM
524,CUS-000524,Helix Pharma Distribution ,Helix Pharma Distribution,Regional,Specialty Grocery,11,152,lena@helixpharmadistrib.example,236-778-2706,Active,2023-09-13,75000.00,53-1595003,CRM
525,CUS-000525,Bluevale Cold Foods Co-op,Bluevale Cold Foods Co-op,Regional,Food Distribution,10,78,ben@bluevalecoldfoodsc.example,377-580-1760,At Risk,2023-02-20,250000.00,58-2448837,CRM
526,CUS-000526,Orchard Pet Nutrition Holdings,Orchard Pet Nutrition Holdings,Mid-Market,Food Distribution,10,262,mateo@orchardpetnutritio.example,415-893-5796,Active,2024-02-16,100000.00,91-5738127,CRM
527,CUS-000527,Everfield Pharma Holdings,Everfield Pharma Holdings,Regional,Meal Kit Producer,9,187,zara@everfieldpharmahol.example,362-581-1485,At Risk,2024-11-11,500000.00,25-5476039,CRM
528,CUS-000528,Crown Biologics Holdings,Crown Biologics Holdings,Regional,Clinical Logistics,3,240,avery@crownbiologicshold.example,672-513-1900,At Risk,2023-01-09,150000.00,13-4554347,Trade Show Import
529,CUS-000529,Vantage Specialty Produce Manufacturing,Vantage Specialty Produce Manufacturing,enterprise ,Specialty Grocery,8,183,hugo@vantagespecialtypr.example,524-815-1625,At Risk,2024-02-04,75000.00,34-9429256,CRM
530,CUS-000530,Northwind Cold Foods Holdings,Northwind Cold Foods Holdings,Startup,Meal Kit Producer,8,192,noah@northwindcoldfoods.example,769-785-5949,Prospect,2024-06-05,150000.00,15-8314795,CRM
531,CUS-000531,HARBOR BEVERAGE HOLDINGS,Harbor Beverage Holdings,Mid-Market,Food Distribution,7,146,caleb@harborbeveragehold.example,448-409-3611,Inactive,2023-03-31,500000.00,12-6130038,Legacy CRM
532,CUS-000532,Cobalt Beverage Group,Cobalt Beverage Group,enterprise ,Cold-Chain Pharma,7,239,iris@cobaltbeveragegrou.example,556-355-7974,At Risk,2023-02-15,250000.00,88-5717183,Manual Entry
533,CUS-000533,Granite Beverage Foods,Granite Beverage Foods,Mid-Market,Food Distribution,4,187,owen@granitebeveragefoo.example,315.820.7279,Active,2023-05-02,25000.00,18-8867713,CRM
534,CUS-000534,Vantage Seafood Manufacturing,Vantage Seafood Mfg,Startup,Specialty Grocery,7,156,miles@vantageseafoodmanu.example,319-681-1320,Active,2025-09-22,150000.00,49-8677258,Manual Entry
535,CUS-000535,Keystone Foods Co-op,Keystone Foods Co-op,Enterprise,Clinical Logistics,4,156,caleb@keystonefoodscoop.example,894-892-2102,Active,2023-03-30,25000.00,PENDING,CRM
536,CUS-000536,Cobalt Specialty Produce Logistics,Cboalt Specialty Produce Logistics,enterprise ,Food Distribution,7,156,rina@cobaltspecialtypro.example,222-912-3880,Active,2023-04-01,75000.00,99-9754746,CRM
537,CUS-000537,Keystone Cold Foods Group,Keystone Cold Foods Group,Enterprise,Food Distribution,5,30,miles@keystonecoldfoodsg.example,523-602-5985,Active,2025-04-03,100000.00,70-3874103,Manual Entry
538,CUS-000538,Helix Seafood Foods,Helix Seafood Foods,Mid-Market,Specialty Grocery,10,79,fatima@helixseafoodfoods.example,452-689-2398,Active,2024-05-04,50000.00,91-1852118,CRM
539,CUS-000539,Oakmont Cold Foods Logistics,Oakmont Cold Foods Logistics,Enterprise,Clinical Logistics,7,106,keiko@oakmontcoldfoodslo.example,776-986-15,Active,2024-04-25,50000.00,47-5012761,Legacy CRM
540,CUS-000540,Northwind Pharma Logistics,Northwind Pharma Logistics,Regional,Meal Kit Producer,9,140,lena@northwindpharmalog.example,225-852-6020,At Risk,2023-09-16,150000.00,40-9298168,CRM
541,CUS-000541,Trinity Pet Nutrition Partners,Trinity Pet Nutrition Partners,Regional,Food Distribution,2,60,hugo@trinitypetnutritio.example,443-596-1265,Inactive,2024-02-20,50000.00,46-3406055,Legacy CRM
542,CUS-000542,EVERFIELD FOODS CO-OP,Everfield Foods Co-op,Enterprise,Beverage Distribution,11,152,caleb@everfieldfoodscoop.example,387-753-1319,Active,2025-09-12,75000.00,31-6013688,CRM
543,CUS-000543,Brightwell Foods Logistics,Brightwell Foods Logistics,Enterprise,Cold-Chain Pharma,4,252,fatima@brightwellfoodslog.example,773-447-8177,Active,2023-01-30,100000.00,90-7359405,CRM
544,CUS-000544,Crescent Pet Nutrition Distribution,Crescent Pet Nutriiton Distribution,Regional,Meal Kit Producer,7,218,darren@crescentpetnutriti.example,537-939-5466,Inactive,2025-08-11,100000.00,38-2853829,CRM
545,CUS-000545,Summit Dairy Group,Summit Dairy Group,enterprise ,Clinical Logistics,7,20,maya@summitdairygroup.example,858-631-9975,Active,2025-02-08,100000.00,98-7216872,Legacy CRM
546,CUS-000546,Granite Specialty Produce Supply,Granite Specialty Produce Supply,Regional,Cold-Chain Pharma,3,201,hugo@granitespecialtypr.example,254-274-5329,Active,2025-07-16,25000.00,18-3496035,Legacy CRM
547,CUS-000547,Solace Specialty Produce Foods,Solace Specialty Produce Foods,enterprise ,Meal Kit Producer,6,187,anika@solacespecialtypro.example,274-923-2715,Active,2023-11-25,500000.00,30-8748836,CRM
548,CUS-000548,Bluevale Ingredients Manufacturing,Bluevale Ingredients Manufacturing,Enterprise,Food Distribution,8,296,fatima@bluevaleingredient.example,957-598-36,Inactive,2024-02-21,500000.00,46-4141996,Trade Show Import
549,CUS-000549,Pioneer Meal Systems Logistics,Pioneer Meal Systems Logistics,Startup,Specialty Grocery,10,152,rina@pioneermealsystems.example,956-318-6481,Active,2024-02-17,75000.00,93-5379346,CRM
550,CUS-000550,cobalt meal systems manufacturing,Cobalt Meal Systems Manufacturing,Regional,Beverage Distribution,4,262,keiko@cobaltmealsystemsm.example,937-426-5834,Active,2023-04-19,150000.00,00-0000000,Manual Entry
551,CUS-000551,Orchard Ingredients Logistics,Orchard Ingredients Logistics,Regional,Food Distribution,11,236,mateo@orchardingredients.example,302.384.3890,Active,2024-01-27,25000.00,39-3405329,CRM
552,CUS-000552,Crown Laboratories Labs,Crown Laboratories Labs,Mid-Market,Clinical Logistics,9,262,maya@crownlaboratoriesl.example,927-818-8102,Active,2024-01-07,250000.00,51-6610283,Trade Show Import
553,CUS-000553,Northwind Beverage Holdings,Northwind Beverage Holdings,Startup,Clinical Logistics,7,266,fatima@northwindbeverageh.example,673-247-3676,Active,2023-01-08,25000.00,56-6748452,CRM
554,CUS-000554,Lantern Pet Nutrition Group,Lantern Pet Nutrition Group,Regional,Specialty Grocery,4,239,keiko@lanternpetnutritio.example,678-249-8130,Active,2024-08-29,250000.00,33-3303865,Legacy CRM
555,CUS-000555,Brightwell Ingredients Foods,Brightwell Ingredients Foods,Startup,Food Distribution,6,14,rina@brightwellingredie.example ,684-963-8490,Active,2024-07-18,150000.00,85-6766137,CRM
556,CUS-000556,Granite Meal Systems Logistics,Granite Meal Systems Logistics,enterprise ,Specialty Grocery,4,269,hugo@granitemealsystems.example,703-801-4683,Active,2023-09-22,25000.00,35-9731821,Legacy CRM
557,CUS-000557,Keystone Pharma Manufacturing,Keystone Pharma Mfg,Enterprise,Cold-Chain Pharma,2,146,jonah@keystonepharmamanu.example,241-443-9442,Active,2023-08-15,150000.00,58-4757639,Manual Entry
558,CUS-000558,Orchard Nutrition Logistics, Orchard Nutrition Logistics,Enterprise,Beverage Distribution,8,94,priya@orchardnutritionlo.example,945-329-7209,Active,2023-10-20,75000.00,22-2784948,CRM
559,CUS-000559,Trinity Pet Nutrition Labs,Trinity Pet Nutrition Labs,Mid-Market,Beverage Distribution,2,220,,3935136216,Active,2024-04-07,100000.00,72-1738023,CRM
560,CUS-000560,Cardinal Floral Logistics Foods,Cardinal Floral Logistics Foods,enterprise ,Food Distribution,3,146,sofia@cardinalflorallogi.example,983-468-7867,At Risk,2025-10-15,25000.00,13-2935507,Manual Entry
561,CUS-000561,Granite Ingredients Logistics,Granite Ingredients Logistics,Startup,Cold-Chain Pharma,2,236,fatima@graniteingredients.example,956-560-1815,Active,2025-05-13,500000.00,89-4421266,CRM
562,CUS-000562,Harbor Biologics Holdings,Harbor Biologics Holdings ,enterprise ,Cold-Chain Pharma,10,74,fatima@harborbiologicshol.example,805-417-3323,Active,2023-09-24,75000.00,84-1192653,Trade Show Import
563,CUS-000563,Forge Pharma Foods,Forge Pharma Foods,Mid-Market,Food Distribution,3,69,maya@forgepharmafoods.example,899-528-2733,Active,2023-10-08,75000.00,64-3537434,CRM
564,CUS-000564,Forge Floral Logistics Partners,Forge Floral Logistics Partners,Startup,Cold-Chain Pharma,8,310,darren@forgeflorallogisti.example,529-511-8536,Inactive,2024-11-20,250000.00,27-7135758,CRM
565,CUS-000565,Lakeside Cold Foods Partners,Lakeside Cold Foods Partners,Mid-Market,Meal Kit Producer,4,119,zara@lakesidecoldfoodsp.example,426-506-5355,Active,2025-05-22,75000.00,90-1070112,CRM
566,CUS-000566,Everfield Biologics Co-op,Everfield Biologics Co-op,enterprise ,Clinical Logistics,4,39,avery@everfieldbiologics.example,686-630-1948,Active,2023-06-30,250000.00,98-2903375,CRM
567,CUS-000567,Orchard Foods Partners,Orchard Foods Partners,Enterprise,Clinical Logistics,4,193,fatima@orchardfoodspartne.example,367-563-1224,Active,2024-01-20,25000.00,62-8375950,CRM
568,CUS-000568,Trinity Beverage Manufacturing,Trinity Beverage Manufacturing,Enterprise,Specialty Grocery,4,30,rina@trinitybeverageman.example,,Inactive,2023-06-20,50000.00,81-4514574,CRM
569,CUS-000569,Riverbend Specialty Produce Partners,Riverbend Specialty Produce Partners,Regional,Beverage Distribution,10,140,miles@riverbendspecialty.example,217-850-4625,Active,2025-02-03,25000.00,56-2104869,CRM
570,CUS-000570,Briar Seafood Foods ,Briar Seafood Foods,Mid-Market,Meal Kit Producer,10,295,rafael@briarseafoodfoods.example,293-215-7450,Active,2025-05-18,25000.00,98-5529784,Manual Entry
571,CUS-000571,Westline Dairy Foods,Westline Dairy Foods,Startup,Beverage Distribution,4,278,talia@westlinedairyfoods.example,,At Risk,2024-10-13,75000.00,18-9991783,CRM
572,CUS-000572,Forge Laboratories Labs,Forge Laboratories Labs,Enterprise,Clinical Logistics,7,140,sofia@forgelaboratoriesl.example,623-550-7281,Active,2023-12-08,250000.00,99-4223932,CRM
573,CUS-000573,Harbor Pharma Distribution,Harbor Pharma Dist.,Startup,Specialty Grocery,1,239,talia@harborpharmadistri.example,214-598-9036,Active,2023-03-23,100000.00,89-5301190,Trade Show Import
574,CUS-000574,Cobalt Specialty Produce Holdings,Cobalt Specialty Produce Holdings,Mid-Market,Clinical Logistics,8,299,talia@cobaltspecialtypro.example,286-455-7730,Active,2025-02-23,150000.00,71-7415226,Legacy CRM
575,CUS-000575,Pioneer Seafood Manufacturing,Pioneer Seafood Manufacturing,Startup,Food Distribution,10,280,rafael@pioneerseafoodmanu.example,589-484-1258,Active,2024-10-24,50000.00,56-2813668,Manual Entry
576,CUS-000576,Harbor Laboratories Foods,Harbor Laboratories Foods,enterprise ,Cold-Chain Pharma,5,147,caleb@harborlaboratories.example,752-878-5070,Active,2024-02-24,25000.00,39-8971222,Legacy CRM
577,CUS-000577,Crown Foods Supply,Crown Foods Supply,Regional,Specialty Grocery,1,60,iris@crownfoodssupply.example,597-656-3741,Active,2024-04-17,100000.00,94-4364167,Legacy CRM
578,CUS-000578,Oakmont Biologics Group,Oakmont Biologics Group,enterprise ,Clinical Logistics,6,15,rafael@oakmontbiologicsgr.example,366-397-6329,At Risk,2025-06-02,500000.00,43-7041168,Manual Entry
579,CUS-000579,ORCHARD SPECIALTY PRODUCE DISTRIBUTION,Orchard Specialty Produce Distribution,Enterprise,Food Distribution,3,266,noah@orchardspecialtypr.example,N/A,Active,2025-09-18,150000.00,78-6134113,Trade Show Import
580,CUS-000580,Granite Specialty Produce Logistics,Granite Specialty Produce Logistics,enterprise ,Beverage Distribution,7,19,caleb@granitespecialtypr.example,409-694-5564,Inactive,2025-01-07,75000.00,52-3739052,CRM
581,CUS-000581,Northwind Laboratories Manufacturing,Northwind Laboratories Manufacturing,Enterprise,Food Distribution,11,289,zara@northwindlaborator.example,887-241-1210,Active,2023-02-27,100000.00,00-0000000,Legacy CRM
582,CUS-000582,Meridian Floral Logistics Holdings,Meridian Floral Logistics Holdings,Mid-Market,Beverage Distribution,7,106,talia@meridianflorallogi.example,983-922-3503,Active,2025-05-16,150000.00,70-4472019,CRM
583,CUS-000583,Cedar Laboratories Logistics,Cedar Laboratories Logistics,Regional,Cold-Chain Pharma,7,165,miles@cedarlaboratoriesl.example,965-776-2754,Active,2024-12-18,25000.00,PENDING,Legacy CRM
584,CUS-000584,Cedar Biologics Supply,Cedar Biologics Supply,Startup,Specialty Grocery,1,128,avery@cedarbiologicssupp.example,647-368-2118,Active,2025-02-27,250000.00,24-3540947,CRM
585,CUS-000585,Summit Meal Systems Partners,Summit Meal Systems Partners,Mid-Market,Cold-Chain Pharma,3,121,sofia@summitmealsystemsp.example,379-241-3975,Active,2024-11-10,50000.00,29-9577545,CRM
586,CUS-000586,Trinity Nutrition Logistics,Trinity Nutrition Logistics,enterprise ,Clinical Logistics,10,258,caleb@trinitynutritionlo.example,250-406-3299,Active,2023-06-14,25000.00,33-1360055,Legacy CRM
587,CUS-000587,Cardinal Foods Holdings,Cadrinal Foods Holdings,Enterprise,Cold-Chain Pharma,2,210,iris@cardinalfoodsholdi.example,957-980-4035,Active,2024-01-18,25000.00,16-7239272,CRM
588,CUS-000588,Vantage Dairy Holdings, Vantage Dairy Holdings,Mid-Market,Cold-Chain Pharma,1,252,rina@vantagedairyholdin.example,718-934-5135,Active,2024-04-08,250000.00,27-2404446,Legacy CRM
589,CUS-000589,Everfield Floral Logistics Labs,Everfield Floral Logistics Labs,Enterprise,Specialty Grocery,10,12,ben@everfieldflorallog.example,536-741-9410,Active,2024-06-11,25000.00,29-2493630,CRM
590,CUS-000590,Briar Biologics Distribution,Briar Biologics Distribution,Mid-Market,Meal Kit Producer,11,179,sofia@briarbiologicsdist.example,923-556-6368,Active,2023-08-24,75000.00,80-2772353,Trade Show Import
591,CUS-000591,Trinity Pet Nutrition Co-op,Trinity Pet Nutrition Co-op,Regional,Specialty Grocery,11,257,lena@trinitypetnutritio.example,462-954-8697,Inactive,2024-10-22,50000.00,15-9615728,Trade Show Import
592,CUS-000592,Crown Nutrition Labs,Crown Nutrition Labs,enterprise ,Food Distribution,11,249,anika@crownnutritionlabs.example,973-513-9342,Active,2023-03-02,250000.00,58-1015476,CRM
593,CUS-000593,Cobalt Seafood Foods,Cobalt Seafood Foods,Startup,Specialty Grocery,7,119,rafael@cobaltseafoodfoods.example,502-320-1559,Active,2024-07-15,500000.00,,Trade Show Import
594,CUS-000594,Cardinal Floral Logistics Partners,CARDINAL FLORAL LOGISTICS PARTNERS,Regional,Specialty Grocery,4,64,caleb@cardinalflorallogi.example ,864-322-4365,Active,2023-12-31,250000.00,21-3120343,CRM
595,CUS-000595,Oakmont Pharma Holdings,Oakmont Pharma Holdings,Regional,Beverage Distribution,2,310,mateo@oakmontpharmaholdi.example,852-714-3962,Active,2023-10-05,500000.00,65-8054101,CRM
596,CUS-000596,Forge Cold Foods Labs,Forge Cold Foods Labs,Startup,Specialty Grocery,8,30,mateo@forgecoldfoodslabs.example,950-552-9283,Active,2024-06-28,250000.00,74-3306467,CRM
597,CUS-000597,Granite Meal Systems Group,Granite Meal Systems Group,Enterprise,Beverage Distribution,11,128,anika@granitemealsystems.example,660-877-8211,Prospect,2024-11-25,100000.00,71-5158570,Manual Entry
598,CUS-000598,Brightwell Pet Nutrition Logistics,Brightwell Pet Nutrition Logistics,Startup,Clinical Logistics,4,67,rafael@brightwellpetnutri.example,861-602-7167,Active,2025-03-15,150000.00,26-5766951,CRM
599,CUS-000599,Granite Nutrition Logistics,Granite Nutrition Logistics,Startup,Specialty Grocery,5,242,rina@granitenutritionlo.example,986-565-1285,Active,2023-02-20,100000.00,97-8194128,CRM
600,CUS-000600,Meridian Floral Logistics Supply,Meridian Floral Logistics Supply,enterprise ,Beverage Distribution,7,210,anika@meridianflorallogi.example,457-462-8650,Active,2025-06-22,150000.00,16-7057342,Trade Show Import
601,CUS-000601,Mosaic Foods Foods,Mosaic Foods Foods,Mid-Market,Beverage Distribution,11,179,avery@mosaicfoodsfoods.example,579-724-1309,At Risk,2025-03-19,150000.00,63-3277208,Legacy CRM
602,CUS-000602,Cobalt Pet Nutrition Co-op,Cobalt Pet Nutrition Co-op,Enterprise,Specialty Grocery,8,254,maya@cobaltpetnutrition.example,873-531-7757,Active,2025-07-30,100000.00,85-8047015,Legacy CRM
603,CUS-000603,Aster Pet Nutrition Foods,Aster Pet Nutrition Foods,Enterprise,Clinical Logistics,5,193,lena@asterpetnutritionf.example,937-783-5511,Active,2025-01-26,500000.00,24-8311616,CRM
604,CUS-000604,Helix Foods Labs,Helix Foods Labs,Mid-Market,Cold-Chain Pharma,1,220,rafael@helixfoodslabs.example,422-806-75,Active,2023-09-25,100000.00,23-1225729,Manual Entry
605,CUS-000605, Meridian Seafood Partners,Meridian Seafood Partners,enterprise ,Specialty Grocery,9,51,ben@meridianseafoodpar.example,955-512-4106,Active,2023-10-20,50000.00,83-9715031,Legacy CRM
606,CUS-000606,Bluevale Specialty Produce Labs,Bluevale Specialty Produce Labs,Mid-Market,Meal Kit Producer,6,140,hugo@bluevalespecialtyp.example,814-284-6543,Active,2024-06-02,100000.00,28-6050271,Legacy CRM
607,CUS-000607,Cedar Biologics Manufacturing,Cedar Biologics Manufacturing,Enterprise,Clinical Logistics,4,82,elias@cedarbiologicsmanu.example,702-980-9737,Active,2025-10-14,150000.00,50-9466735,CRM
608,CUS-000608,Lantern Foods Supply,Lantern Foods Supply,Regional,Beverage Distribution,9,193,jonah@lanternfoodssupply.example,306-726-9481,Active,2023-10-28,500000.00,12-2120074,CRM
609,CUS-000609,Crown Specialty Produce Maunfacturing,Crown Specialty Produce Manufacturing,Enterprise,Specialty Grocery,10,218,elias@crownspecialtyprod.example,698-630-7140,Active,2024-09-24,25000.00,45-2354043,Trade Show Import
610,CUS-000610,Ardent Biologics Foods,Ardent Biologics Foods,enterprise ,Specialty Grocery,9,190,zara@ardentbiologicsfoo.example,342-424-6955,Active,2023-01-28,50000.00,18-4722642,Manual Entry
611,CUS-000611,Granite Ingredients Group,Granite Ingredients Group ,Mid-Market,Cold-Chain Pharma,10,121,sofia@graniteingredients.example,860-738-5519,INACTIVE ,2024-07-29,250000.00,36-9725594,Manual Entry
612,CUS-000612,Forge Floral Logistics Partners,Forge Floral Loigstics Partners,Regional,Food Distribution,5,26,miles@forgeflorallogisti.example,337-525-2769,Active,2024-11-14,75000.00,21-6793583,Manual Entry
613,CUS-000613,Trinity Ingredients Labs,Trinity Ingredients Labs,enterprise ,Cold-Chain Pharma,6,240,nina@trinityingredients.example,985-850-2282,Active,2023-09-17,150000.00,34-9989821,Trade Show Import
614,CUS-000614,Mosaic Pharma Supply,Mosaic Pharma Supply,Enterprise,Specialty Grocery,11,82,sofia@mosaicpharmasupply.example,497-516-1965,Active,2024-02-16,25000.00,13-2982786,CRM
615,CUS-000615,Crown Ingredients Supply,Crown Ingredients Supply,Mid-Market,Beverage Distribution,10,121,fatima@crowningredientssu.example,258-909-7382,Inactive,2024-04-09,75000.00,29-4501998,CRM
616,CUS-000616,Mosaic Pet Nutrition Manufacturing,Mosaic Pet Nutrition Manufacturing,Startup,Cold-Chain Pharma,5,7,fatima@mosaicpetnutrition.example,771-451-8332,Active,2024-05-30,150000.00,78-7446848,CRM
617,CUS-000617,Keystone Cold Foods Logistics,Keystone Cold Foods Logistics,Startup,Meal Kit Producer,2,20,lena@keystonecoldfoodsl.example,956-650-2682,Active,2023-04-26,50000.00,00-0000000,Manual Entry
618,CUS-000618,Cronw Floral Logistics Group,Crown Floral Logistics Group,Mid-Market,Clinical Logistics,1,174,anika@crownflorallogisti.example,533-878-4070,Active,2024-11-20,250000.00,78-9149680,CRM
619,CUS-000619,Meridian Beverage Co-op,Meridian Beverage Co-op,Enterprise,Beverage Distribution,7,79,sofia@meridianbeverageco.example,671-312-2521,Active,2023-08-21,250000.00,45-8831058,CRM
620,CUS-000620,Helix Dairy Distribution,Helix Dairy Distribution,Startup,Beverage Distribution,7,192,hugo@helixdairydistribu.example,632-430-7912,Active,2023-06-26,100000.00,16-6133928,CRM
621,CUS-000621,Meridian Specialty Produce Labs,Meridian Specialty Produce Labs,Regional,Cold-Chain Pharma,2,239,priya@meridianspecialtyp.example,376-334-1411,Active,2024-09-22,150000.00,76-8182166,CRM
622,CUS-000622,Briar Nutrition Partners,Briar Nutrition Partners,Mid-Market,Food Distribution,7,310,mateo@briarnutritionpart.example,541-424-6792,Inactive,2024-01-04,150000.00,20-2992851,CRM
623,CUS-000623,Riverbend Biologics Group,Riverbend Biologics Group,enterprise ,Clinical Logistics,2,165,rafael@riverbendbiologics.example,664-460-4949,Active,2024-10-26,75000.00,62-5077852,Legacy CRM
624,CUS-000624,Pioneer Pharma Distribution,Pioneer Pharma Distribution,Mid-Market,Meal Kit Producer,7,267,zara@pioneerpharmadistr.example,722-400-5601,Active,2024-09-06,75000.00,63-2069367,CRM
625,CUS-000625,Crescent Biologics Supply,Crescent Biologics Supply,Regional,Specialty Grocery,2,128,rafael@crescentbiologicss.example,502-665-7110,At Risk,2025-04-04,100000.00,38-8119195,CRM
626,CUS-000626,Keystone Pharma Labs,keystone pharma labs,Mid-Market,Specialty Grocery,11,30,caleb@keystonepharmalabs.example,583-668-3362,Active,2023-03-04,25000.00,52-9635162,CRM
627,CUS-000627,Crescent Laboratories Logistics,Crescent Laboratories Logistics,Mid-Market,Clinical Logistics,11,67,owen@crescentlaboratori.example,897-843-6900,Active,2023-04-12,75000.00,16-5341118,CRM
628,CUS-000628, Ardent Seafood Group,Ardent Seafood Group,Startup,Clinical Logistics,8,243,elias@ardentseafoodgroup.example,855-510-5830,Inactive,2025-02-07,50000.00,78-8763326,CRM
629,CUS-000629,Bluevale Nutrition Holdings,Bluevale Nutrition Holdings,Mid-Market,Specialty Grocery,7,295,nina@bluevalenutritionh.example,773-653-9766,Active,2023-09-07,250000.00,82-5881956,Manual Entry
630,CUS-000630,Summit Pharma Logistics,Summit Pharma Logistics,Startup,Meal Kit Producer,8,74,miles@summitpharmalogist.example,440-679-1201,Active,2024-07-12,100000.00,79-4180381,CRM
631,CUS-000631,Everfield Meal Systems Co-op,Everfield Meal Systems Co-op,Startup,Cold-Chain Pharma,7,20,talia@everfieldmealsyste.example,(202) 872-4944,Active,2023-04-05,100000.00,55-3841433,CRM
632,CUS-000632,Northwind Pet Nutrition Holdings,Northwind Pet Nutrition Holdings,Mid-Market,Food Distribution,4,295,zara@northwindpetnutrit.example,528-434-9549,Active,2023-07-21,500000.00,00-0000000,CRM
633,CUS-000633,Orchard Meal Systems Logistics,Orchard Mael Systems Logistics,Startup,Cold-Chain Pharma,10,67,maya@orchardmealsystems.example,712-690-8805,At Risk,2025-06-14,50000.00,64-1648535,Manual Entry
634,CUS-000634,Pioneer Floral Logistics Co-op,Pioneer Floral Logistics Co-op,Mid-Market,Clinical Logistics,4,121,avery@pioneerflorallogis.example,431-759-6061,Active,2024-07-21,75000.00,54-5104566,CRM
635,CUS-000635,Trinity Meal Systems Holdings,Trinity Meal Systems Holdings,Enterprise,Cold-Chain Pharma,5,7,rina@trinitymealsystems.example,630-473-6115,Active,2024-01-24,150000.00,66-9254399,Trade Show Import
636,CUS-000636,Trinity Pet Nutrition Partners,Trinity Pet Nutrition Partners,Enterprise,Specialty Grocery,10,79,rina@trinitypetnutritio.example,809-798-7696,Active,2025-02-05,250000.00,89-2695095,Manual Entry
637,CUS-000637,Westline Foods Partners,Westline Foods Partners,Regional,Food Distribution,6,280,anika@westlinefoodspartn.example,317-927-1228,Prospect,2023-08-22,50000.00,35-6903161,Legacy CRM
638,CUS-000638,Aster Biologics Distribution,aster biologics dist.,enterprise ,Cold-Chain Pharma,6,290,keiko@asterbiologicsdist.example,491-231-3477,Active,2024-05-03,150000.00,60-1392548,CRM
639,CUS-000639,Aster Seafood Manufacturing,Aster Seafood Manufacturing,Mid-Market,Clinical Logistics,6,245,keiko@asterseafoodmanufa.example,496-573-1644,At Risk,2023-12-04,250000.00,52-7747373,CRM
640,CUS-000640,Granite Dairy Labs,Granite Dairy Labs,enterprise ,Cold-Chain Pharma,11,128,avery@granitedairylabs.example,351-423-8390,Active,2024-07-29,50000.00,25-8745685,Legacy CRM
641,CUS-000641,Oakmont Specialty Produce Group,Oakmont Specialty Produce Group,Regional,Food Distribution,3,161,maya@oakmontspecialtypr.example,892-344-5549,Active,2025-01-24,75000.00,69-8718305,CRM
642,CUS-000642,Summit Ingredients Group,summit ingredients group,enterprise ,Meal Kit Producer,4,254,caleb@summitingredientsg.example,847-518-8499,At Risk,2024-12-30,75000.00,65-6576151,Manual Entry
643,CUS-000643,Oakmont Biologics Distribution,Oakmont Biologics Distribution,Regional,Beverage Distribution,3,41,hugo@oakmontbiologicsdi.example,598-209-4864,Active,2025-01-03,100000.00,66-4772087,Legacy CRM
644,CUS-000644,Cobalt Pharma Distribution,Cobalt Pharma Distribution,enterprise ,Clinical Logistics,7,183,noah@cobaltpharmadistri.example,828-826-7554,Prospect,2025-02-11,100000.00,59-4563880,Manual Entry
645,CUS-000645,Bluevale Pharma Distribution,Bluevale Pharma Distribution,Enterprise,Beverage Distribution,5,39,,279-351-6613,Active,2023-09-29,500000.00,67-8403368,CRM
646,CUS-000646,Solace Foods Holdings,Solace Foods Holdings,Startup,Specialty Grocery,11,231,mateo@solacefoodsholding.example,242-636-7132,Active,2025-03-14,25000.00,PENDING,CRM
647,CUS-000647,Cardinal Biologics Holdings,Cardinal Biologics Holdings,Mid-Market,Specialty Grocery,4,210,anika@cardinalbiologicsh.example,743-716-1882,Active,2023-08-21,100000.00,88-1943377,CRM
648,CUS-000648,Lantern Meal Systems Labs,Lantern Meal Systems Labs,enterprise ,Clinical Logistics,8,239,fatima@lanternmealsystems.example,324-484-4838,active,2023-02-24,150000.00,63-6483560,CRM
649,CUS-000649,Brightwell Pet Nutrition Distribution,Brightwell Pet Nutrition Distribution,Enterprise,Beverage Distribution,2,193,nina@brightwellpetnutri.example,961-889-1631,At Risk,2024-06-05,100000.00,63-2823964,Legacy CRM
650,CUS-000650,Solace Pet Nutrition Co-op,solace pet nutrition co-op,Regional,Meal Kit Producer,6,220,avery@solacepetnutrition.example,719-212-9284,Active,2024-04-23,100000.00,68-7754176,CRM
651,CUS-000651,KEYSTONE LABORATORIES MANUFACTURING,Keystone Laboratories Manufacturing,Mid-Market,Cold-Chain Pharma,1,269,rina@keystonelaboratori.example,560-612-1674,Active,2024-05-02,100000.00,55-1309591,CRM
652,CUS-000652,Brightwell Seafood Logistics,Brightwell Seafood Logistics,Enterprise,Clinical Logistics,9,7,mateo@brightwellseafoodl.example,878-936-9456,Inactive,2024-12-22,25000.00,81-9245772,Legacy CRM
653,CUS-000653,Pioneer Foods Labs,Pioneer Foods Labs,Mid-Market,Food Distribution,10,105,zara@pioneerfoodslabs.example,579-403-9165,Active,2025-03-14,100000.00,12-4809285,Manual Entry
654,CUS-000654,Crown Ingredients Holdings,Crown Ingredients Holdings,enterprise ,Meal Kit Producer,5,156,avery@crowningredientsho.example,766-926-3727,Active,2023-02-27,150000.00,68-3806987,Manual Entry
655,CUS-000655,Trinity Specialty Produce Labs,trinity specialty produce labs,Startup,Cold-Chain Pharma,7,119,sofia@trinityspecialtypr.example,962-927-8286,Inactive,2024-11-17,50000.00,72-8656626,Manual Entry
656,CUS-000656,Orchard Biologics Partners,Orchard Biologics Partners,enterprise ,Specialty Grocery,10,220,iris@orchardbiologicspa.example,973-240-7865,Active,2023-09-15,150000.00,27-2762194,Legacy CRM
657,CUS-000657,Cobalt Pharma Foods,Cobalt Pharma Foods,Startup,Food Distribution,1,218,jonah@cobaltpharmafoods.example,605-535-1579,At Risk,2024-08-26,50000.00,19-3859683,Manual Entry
658,CUS-000658,Crown Dairy Manufacturing,Crown Dairy Manufacturing,Enterprise,Specialty Grocery,2,26,noah@crowndairymanufact.example,672-583-2479,Active,2023-07-01,100000.00,50-4083990,Manual Entry
659,CUS-000659,Forge Laboratories Distribution,Forge Laboratories Dist.,Mid-Market,Food Distribution,5,152,,324.709.1046,Active,2023-11-26,500000.00,72-2089680,CRM
660,CUS-000660,Cardinal Laboratories Supply,Cardinal Laboratories Supply,Mid-Market,Food Distribution,2,152,rina@cardinallaboratori.example,450-943-3194,Active,2023-02-19,50000.00,44-4070157,Manual Entry
661,CUS-000661,Bluevale Pet Nutrition Distribution,Bluevale Pet Nutrition Distribution,Startup,Cold-Chain Pharma,7,14,darren@bluevalepetnutriti.example,524-338-9296,Active,2024-07-31,250000.00,74-8703332,CRM
662,CUS-000662,Mosaic Laboratories Manufacturing,Mosaic Laboratories Mfg,enterprise ,Cold-Chain Pharma,5,82,owen@mosaiclaboratories.example,308-519-4586,Active,2024-03-28,500000.00,PENDING,CRM
663,CUS-000663,LANTERN MEAL SYSTEMS SUPPLY,Lantern Meal Systems Supply,enterprise ,Cold-Chain Pharma,5,236,mateo@lanternmealsystems.example,827-578-2115,Inactive,2025-07-16,50000.00,56-4971247,CRM
664,CUS-000664,Lakeside Meal Systems Labs,Lakeside Meal Systems Labs,Startup,Food Distribution,5,252,rafael@lakesidemealsystem.example,358-648-9488,Active,2023-01-12,250000.00,47-7354716,Legacy CRM
665,CUS-000665,Everfield Cold Foods Foods,Everfield Cold Foods Foods,enterprise ,Specialty Grocery,4,156,anika@everfieldcoldfoods.example,867-461-4223,At Risk,2025-08-09,150000.00,64-4411236,CRM
666,CUS-000666,Lakeside Pharma Co-op,Lakeside Pharma Co-op,Mid-Market,Specialty Grocery,8,289,jonah@lakesidepharmacoop.example,574-515-4496,At Risk,2024-05-16,75000.00,89-7323480,Manual Entry
667,CUS-000667,Pinoeer Ingredients Co-op,Pioneer Ingredients Co-op,Regional,Cold-Chain Pharma,5,64,miles@pioneeringredients.example,937-581-4316,At Risk,2023-11-07,50000.00,39-9203593,CRM
668,CUS-000668,Crescent Biologics Labs,Crescent Biologics Labs,Mid-Market,Food Distribution,3,57,lena@crescentbiologicsl.example,516-763-5214,Active,2025-05-05,250000.00,32-8477594,CRM
669,CUS-000669,Summit Pet Nutrition Labs,Summit Pet Nutrition Labs,Enterprise,Beverage Distribution,3,257,hugo@summitpetnutrition.example,525-300-7706,INACTIVE ,2024-12-17,150000.00,83-5722416,CRM
670,CUS-000670,Oakmont Specialty Produce Distribution,Oakmont Specialty Produce Distribution,enterprise ,Clinical Logistics,8,33,mateo@oakmontspecialtypr.example,778-820-9472,Active,2024-07-30,25000.00,77-3172352,CRM
671,CUS-000671,Crescent Foods Supply,Crescent Foods Supply,Regional,Beverage Distribution,6,68,miles@crescentfoodssuppl.example,394-673-7903,Active,2024-09-01,25000.00,93-7306571,Manual Entry
672,CUS-000672,Cardinal Biologics Supply,Cardinal Biologics Supply,enterprise ,Meal Kit Producer,10,57,anika@cardinalbiologicss.example,844-724-8844,At Risk,2024-07-01,250000.00,31-2847787,CRM
673,CUS-000673,Forge Pharma Logistics,Forge Pharma Logistics,Regional,Cold-Chain Pharma,3,165,rina@forgepharmalogisti.example,692-904-1950,Active,2023-11-13,75000.00, ,CRM
674,CUS-000674,Ardent Cold Foods Co-op,Ardent Cold Foods Co-op,Startup,Clinical Logistics,4,187,talia@ardentcoldfoodscoo.example,303-908-3582,Inactive,2024-09-27,50000.00,44-4794219,CRM
675,CUS-000675,Northwind Foods Foods,Northwind Foods Foods,Enterprise,Specialty Grocery,10,149,iris@northwindfoodsfood.example,340-945-6022,Active,2025-05-31,150000.00,32-3708976,CRM
676,CUS-000676,Briar Pet Nutrition Group,Briar Pet Nutrition Group,Enterprise,Cold-Chain Pharma,1,165,lena@briarpetnutritiong.example,856-740-7484,Active,2023-01-05,100000.00,80-9932354,CRM
677,CUS-000677,Northwind Pharma Foods,Northwind Pharma Foods,Startup,Meal Kit Producer,10,60,jonah@northwindpharmafoo.example,535-952-2136,Prospect,2023-04-03,50000.00,40-4691943,Legacy CRM
678,CUS-000678,Everfield Beverage Holdings,Everfield Beverage Holdings,enterprise ,Clinical Logistics,2,241,sofia@everfieldbeverageh.example,462-361-3930,At Risk,2024-02-16,250000.00,33-6131214,CRM
679,CUS-000679,Northwind Nutrition Distribution,Northwind Nutrition Distribution,Regional,Specialty Grocery,2,296,darren@northwindnutrition.example,828-221-1636,Prospect,2023-08-15,25000.00,95-8043927,CRM
680,CUS-000680,Westline Meal Systems Supply,Westline Meal Systems Supply,Mid-Market,Meal Kit Producer,6,57,iris@westlinemealsystem.example,845-474-4976,Active,2023-12-26,500000.00,10-8212228,CRM
681,CUS-000681,Northwind Foods Foods,Northwind Foods Foods,Mid-Market,Specialty Grocery,11,269,mateo@northwindfoodsfood.example,00659 502 8739,Active,2024-10-31,75000.00,48-9916865,CRM
682,CUS-000682,Cedar Pet Nutrition Manufacturing,Cedar Pet Nutrition Mfg,Startup,Cold-Chain Pharma,11,295,priya@cedarpetnutritionm.example,487-369-4018,Active,2025-09-16,25000.00,71-7957005,CRM
683,CUS-000683,Solace Pet Nutrition Supply,Solace Pet Nutrition Supply,Startup,Specialty Grocery,3,14,iris@solacepetnutrition.example,503-630-9614,Active,2024-02-16,100000.00,15-7313551,CRM
684,CUS-000684,Northwind Biologics Group,Northwind Biologics Group,Mid-Market,Clinical Logistics,10,165,jonah@northwindbiologics.example,694-557-5496,At Risk,2025-06-28,150000.00,37-7454647,Manual Entry
685,CUS-000685,Briar Ingredients Group,Briar Ingredients Group,Mid-Market,Beverage Distribution,4,106,zara@briaringredientsgr.example,989-740-4608,At Risk,2025-06-14,100000.00,96-1125072,CRM
686,CUS-000686,Riverbend Beverage Group,Riverbend Beverage Group,Enterprise,Cold-Chain Pharma,3,239,elias@riverbendbeverageg.example,862-564-1308,Active,2024-02-18,250000.00,PENDING,CRM
687,CUS-000687,Solace Cold Foods Holdings,Solace Cold Foods Holdings,Enterprise,Specialty Grocery,1,295,rafael@solacecoldfoodshol.example,281-217-7473,Active,2024-07-01,500000.00,88-9923114,Legacy CRM
688,CUS-000688,Harbor Nutrition Supply,Harbor Nutrition Supply,Startup,Specialty Grocery,9,192,caleb@harbornutritionsup.example,790-283-6779,Active,2025-04-28,100000.00,78-7550146,Legacy CRM
689,CUS-000689,Lantern Biologics Logistics,Lantern Biologics Logistics,Startup,Food Distribution,8,296,ben.lanternbiologicslo.example,346-578-9003,Inactive,2025-07-31,50000.00,31-2006733,Trade Show Import
690,CUS-000690,Bluevale Biologics Co-op,Bluevale Biologics Co-op,Startup,Beverage Distribution,3,128,sofia@bluevalebiologicsc.example,778-975-1793,Active,2024-06-06,500000.00,43-4204901,Legacy CRM
691,CUS-000691,Cedar Ingredients Group,Cedar Ingredients Group,Regional,Cold-Chain Pharma,5,245,darren@cedaringredientsgr.example,356-858-9247,Inactive,2024-08-30,100000.00,43-6157870,CRM
692,CUS-000692,Keystone Biologics Logistics,Keystone Biologics Logistics,Mid-Market,Food Distribution,1,22,jonah@keystonebiologicsl.example,609-927-7207,Active,2023-03-13,500000.00,42-1054972,Trade Show Import
693,CUS-000693, Summit Beverage Co-op,Summit Beverage Co-op,Mid-Market,Beverage Distribution,8,14,owen@summitbeveragecoop.example,639-722-1597,Active,2025-09-06,75000.00,71-6736807,CRM
694,CUS-000694,Helix Pet Nutrition Partners,Helix Pet Nutrition Partners,Enterprise,Food Distribution,2,226,elias@helixpetnutritionp.example,382-573-7935,Active,2023-10-11,150000.00,45-7558126,Legacy CRM
695,CUS-000695,Keystone Beverage Partners,Keystone Beverage Partners,Enterprise,Clinical Logistics,11,128,hugo@keystonebeveragepa.example,447-952-5547,Inactive,2025-05-22,25000.00,16-6027451,Manual Entry
696,CUS-000696, Lantern Ingredients Distribution,Lantern Ingredients Distribution,Regional,Beverage Distribution,8,20,zara@lanterningredients.example,555-590-1135,Active,2024-02-01,250000.00,16-6657271,CRM
697,CUS-000697,Oakmont Meal Systems Partners,Oakmont Meal Systems Partners,enterprise ,Food Distribution,3,179,rafael@oakmontmealsystems.example,672-702-1080,Active,2024-01-22,75000.00,79-1318244,CRM
698,CUS-000698,Granite Beverage Holdings,Granite Beverage Holdings,Mid-Market,Food Distribution,4,22,avery@granitebeveragehol.example,727-732-9866,Inactive,2024-06-29,75000.00,68-3425770,CRM
699,CUS-000699,Crescent Laboratories Labs,Crescent Laboratories Labs,Startup,Cold-Chain Pharma,7,68,nina@crescentlaboratori.example,826-597-4352,Active,2024-12-02,50000.00,32-7994993,Trade Show Import
700,CUS-000700,Keystone Foods Logistics,Keystone Foods Logistics,Regional,Beverage Distribution,4,252,darren@keystonefoodslogis.example,838-328-3560,Prospect,2023-11-11,25000.00,37-1815402,CRM
701,CUS-000701,Lakeside Biologics Supply,Lakeside Biologics Supply,enterprise ,Cold-Chain Pharma,10,147,miles@lakesidebiologicss.example,971-421-2096,Prospect,2023-03-23,50000.00,64-3442206,CRM
702,CUS-000702,Oakmont Laboratories Distribution,Oakmont Laboratories Distribution,enterprise ,Food Distribution,10,26,mateo@oakmontlaboratorie.example,339-381-4157,At Risk,2025-09-18,75000.00,51-2317050,Legacy CRM
703,CUS-000703,Mosaic Pharma Distribution,Mosaic Pharma Dist.,Enterprise,Clinical Logistics,10,242,jonah@mosaicpharmadistri.example,464-701-5849,Active,2025-08-08,25000.00,83-5145966,Legacy CRM
704,CUS-000704,Forge Dairy Holdings,Forge Dairy Holdings,Startup,Clinical Logistics,7,121,talia@forgedairyholdings.example,509-481-1508,Active,2024-01-19,100000.00,67-6593860,Manual Entry
705,CUS-000705,Lantern Pharma Supply,Lantern Pharma Supply,Enterprise,Clinical Logistics,3,128,hugo@lanternpharmasuppl.example,386-249-2455,Prospect,2024-10-28,75000.00,87-2307641,CRM
706,CUS-000706,Keystone Pharma Foods,Keystone Pharma Foods,Startup,Beverage Distribution,3,267,ben@keystonepharmafood.example,600-935-4388,Active,2024-06-23,150000.00,70-8992576,CRM
707,CUS-000707,Harbor Floarl Logistics Group,Harbor Floral Logistics Group,Regional,Meal Kit Producer,2,240,nina@harborflorallogist.example,,Active,2023-04-07,250000.00,50-1901058,CRM
708,CUS-000708,Pioneer Laboratories Manufacturing,Pioneer Laboratories Mfg,Regional,Food Distribution,5,41,owen@pioneerlaboratorie.example,239-913-1723,Active,2023-11-28,150000.00,25-2096544,Legacy CRM
709,CUS-000709,Orchard Foods Holdings,Orchard Foods Holdings,Regional,Beverage Distribution,7,239,talia@orchardfoodsholdin.example,920-836-3126,Active,2025-08-06,100000.00,73-9233955,Manual Entry
710,CUS-000710,Lakeside Dairy Manufacturing,Lakeside Dairy Mfg,enterprise ,Specialty Grocery,2,273,ben@lakesidedairymanuf.example,200-741-7561,Active,2023-11-04,500000.00,27-2343727,CRM
711,CUS-000711,Cardinal Meal Systems Foods,Cardinal Meal Systems Foods,Mid-Market,Meal Kit Producer,6,74,darren@cardinalmealsystem.example,362-332-9609,Active,2023-04-29,25000.00,61-2673270,Legacy CRM
712,CUS-000712,Trinity Laboratories Manufacturing,Trinity Laboratories Manufacturing,Enterprise,Specialty Grocery,5,19,rafael@trinitylaboratorie.example,250-517-1244,Active,2023-11-28,250000.00,67-6124159,CRM
713,CUS-000713,Orchard Pet Nutrition Logistics,Orchard Pet Nutrition Logistics,Regional,Cold-Chain Pharma,4,74,lena@orchardpetnutritio.example,865-207-5654,Active,2024-07-10,25000.00,16-3877306,Manual Entry
714,CUS-000714,Granite Ingredients Partners,Granite Ingredients Partners,Mid-Market,Cold-Chain Pharma,2,278,jonah@graniteingredients.example,620-894-3009,Active,2025-01-14,50000.00,29-7217641,Trade Show Import
715,CUS-000715,Oakmont Laboratories Logistics,Oakmont Laboratories Logistics,enterprise ,Specialty Grocery,9,149,priya@oakmontlaboratorie.example,263-201-2010,Active,2025-05-23,75000.00,82-4030650,CRM
716,CUS-000716,Vantage Dairy Group,Vantage Dairy Group,Enterprise,Clinical Logistics,3,236,priya@vantagedairygroup.example,233-496-8600,Prospect,2023-07-14,75000.00,20-3309442,CRM
717,CUS-000717,Bulevale Cold Foods Co-op,Bluevale Cold Foods Co-op,Regional,Beverage Distribution,3,74,talia@bluevalecoldfoodsc.example,866-418-4988,Active,2024-06-07,75000.00,28-7359646,CRM
718,CUS-000718,Westline Laboratories Supply,Westline Laboratories Supply,Enterprise,Food Distribution,4,146,owen@westlinelaboratori.example,890-271-4504,Active,2024-08-09,25000.00,99-4351292,Manual Entry
719,CUS-000719,Meridian Foods Foods,Meridina Foods Foods,Mid-Market,Cold-Chain Pharma,7,267,,546-845-2338,Inactive,2023-06-04,150000.00,75-1678127,Manual Entry
720,CUS-000720,Oakmont Nutrition Supply,Oakmont Nutrition Supply,enterprise ,Food Distribution,2,192,elias@oakmontnutritionsu.example,953-848-5472,Active,2025-10-02,150000.00,PENDING,CRM
721,CUS-000721,Vantage Cold Foods Partners, Vantage Cold Foods Partners,Regional,Clinical Logistics,8,262,miles@vantagecoldfoodspa.example,866-432-7218,Active,2023-01-11,25000.00,10-9787235,Manual Entry
722,CUS-000722,Pioneer Pharma Co-op,Pioneer Pharma Co-op,Mid-Market,Specialty Grocery,9,245,priya@pioneerpharmacoop.example,N/A,Active,2025-09-10,500000.00,00-0000000,Legacy CRM
723,CUS-000723,Cardinal Dairy Labs,Cadrinal Dairy Labs,enterprise ,Specialty Grocery,8,273,jonah@cardinaldairylabs.example,856-689-5011,Inactive,2023-11-18,50000.00,14-2143500,Legacy CRM
724,CUS-000724,Kesytone Biologics Labs,Keystone Biologics Labs,Startup,Meal Kit Producer,1,289,keiko@keystonebiologicsl.example,933-763-1210,INACTIVE ,2025-01-15,250000.00,77-8799405,CRM
725,CUS-000725,Cardinal Biologics Group,Cardinal Biologics Group,Regional,Specialty Grocery,4,146,caleb@cardinalbiologicsg.example,760-909-7080,At Risk,2024-12-14,500000.00,12-5072839,Legacy CRM
726,CUS-000726,Granite Beverage Co-op,Granite Beverage Co-op,Regional,Beverage Distribution,5,51,zara@granitebeveragecoo.example,966-855-4802,Active,2025-03-15,75000.00,43-6218031,Manual Entry
727,CUS-000727,Brightwell Pet Nutrition Distribution,Brightwell Pet Nutrition Dist.,Startup,Clinical Logistics,1,74,darren@brightwellpetnutri.example,939-584-5667,At Risk,2025-07-27,50000.00,15-5054249,CRM
728,CUS-000728,Keystone Pharma Supply,Keystone Pharma Supply,enterprise ,Cold-Chain Pharma,1,22,keiko@keystonepharmasupp.example,248-361-9462,Inactive,2025-01-25,500000.00,44-4325075,Legacy CRM
729,CUS-000729,Aster Beverage Supply,Aster Beverage Supply,Enterprise,Clinical Logistics,1,22,elias@asterbeveragesuppl.example,634-807-1112,active,2025-09-06,250000.00,83-7489998,CRM
730,CUS-000730,Cardinal Dairy Co-op,Cardinal Dairy Co-op,Startup,Cold-Chain Pharma,6,106,darren@cardinaldairycoop.example,657-631-5561,At Risk,2024-12-11,25000.00,97-9595772,Legacy CRM
731,CUS-000731,Trinity Floral Logistics Logistics,Trinity Floral Logistics Logistics,enterprise ,Specialty Grocery,2,267,sofia@trinityflorallogis.example,838-560-6150,Active,2024-07-08,250000.00,99-3290523,Manual Entry
732,CUS-000732,Vantage Seafood Foods,Vantage Seafood Foods,Regional,Clinical Logistics,2,108,jonah@vantageseafoodfood.example,839-649-8632,Active,2023-11-02,150000.00,12-2453252,Manual Entry
733,CUS-000733,Northwind Meal Systems Co-op,Northwind Meal Systems Co-op,Enterprise,Clinical Logistics,3,240,elias@northwindmealsyste.example,400-264-8578,Inactive,2025-04-04,100000.00,65-6024688,Manual Entry
734,CUS-000734,Westline Specialty Produce Logistics,Westline Specialty Produce Logistics,Startup,Food Distribution,9,191,anika@westlinespecialtyp.example,206-544-4692,Active,2024-08-25,500000.00,43-9767602,CRM
735,CUS-000735,Cobalt Specialty Produce Manufacturing,Cobalt Specialty Produce Manufacturing,Startup,Meal Kit Producer,1,239,fatima@cobaltspecialtypro.example,627-388-3949,Active,2024-10-07,150000.00,37-6178806,CRM
736,CUS-000736,Forge Floral Logistics Manufacturing,Forge Floral Logistics Manufacturing,Regional,Meal Kit Producer,4,33,noah@forgeflorallogisti.example,325-569-1053,Prospect,2024-03-03,25000.00,25-8512752,CRM
737,CUS-000737,Crescent Pharma Co-op,Crescent Pharma Co-op,Enterprise,Beverage Distribution,3,105,talia@crescentpharmacoop.example,730-705-4473,Active,2024-04-10,75000.00,51-8507704,CRM
738,CUS-000738,Granite Cold Foods Partners,Granite Cold Foods Partners,enterprise ,Beverage Distribution,11,245,rafael@granitecoldfoodspa.example,792-776-5977,Inactive,2024-01-19,250000.00,62-4161036,CRM
739,CUS-000739,Brightwell Cold Foods Group,Brightwell Cold Foods Group,Enterprise,Clinical Logistics,6,280,ben@brightwellcoldfood.example,607-697-5018,Prospect,2024-04-07,100000.00,40-2314631,CRM
740,CUS-000740,Trinity Meal Systems Co-op,Trinity Meal Systems Co-op,enterprise ,Meal Kit Producer,10,41,talia@trinitymealsystems.example,270-206-9126,Active,2025-07-31,150000.00,72-3413540,CRM
741,CUS-000741,Lakeside Ingredients Partners,Lakeside Ingredients Partners,Enterprise,Food Distribution,10,140,noah@lakesideingredient.example,517-744-7824,Inactive,2023-02-08,500000.00,88-3178259,CRM
742,CUS-000742,Brightwell Laboratories Labs,Brightwell Laboratories Labs,enterprise ,Cold-Chain Pharma,4,201,zara@brightwelllaborato.example,260-482-3155,Active,2025-09-09,100000.00,79-7804696,Manual Entry
743,CUS-000743,Trinity Ingredients Distribution,Trinity Ingredients Distribution,enterprise ,Food Distribution,8,30,hugo@trinityingredients.example,747-954-2268,Inactive,2023-10-30,250000.00,90-6425096,Legacy CRM
744,CUS-000744,Harbor Seafood Labs,Harbor Seafood Labs,Startup,Beverage Distribution,2,121,maya@harborseafoodlabs.example,329-513-6644,Active,2024-08-24,50000.00,62-8472216,CRM
745,CUS-000745,Crown Pet Nutrition Manufacturing,Crown Pet Nutrition Manufacturing,Startup,Food Distribution,3,234,owen@crownpetnutritionm.example,(552) 964-6202,Active,2023-08-21,25000.00,60-6625139,CRM
746,CUS-000746,Mosaic Foods Supply,Mosaic Foods Supply,enterprise ,Clinical Logistics,11,119,sofia@mosaicfoodssupply.example,348-975-3935,active,2024-04-20,500000.00,89-8715333,Legacy CRM
747,CUS-000747,Lakeside Cold Foods Holdings,Lakeside Cold Foods Holdings,Enterprise,Food Distribution,5,12,darren@lakesidecoldfoodsh.example,787-287-2298,active,2024-07-18,500000.00,13-3890585,Legacy CRM
748,CUS-000748,Pioneer Foods Logistics,Pioneer Foods Logistics,enterprise ,Food Distribution,1,310,mateo@pioneerfoodslogist.example,536-723-9527,At Risk,2024-07-20,250000.00,15-6692459,Trade Show Import
749,CUS-000749,Meridian Dairy Distribution,Meridian Dairy Distribution,Regional,Beverage Distribution,6,295,talia@meridiandairydistr.example,327-616-5216,Active,2023-10-12,50000.00,71-1648564,CRM
750,CUS-000750,Westline Foods Foods,Westline Foods Foods,Startup,Clinical Logistics,4,290,jonah@westlinefoodsfoods.example,854-821-9667,At Risk,2025-08-26,50000.00,88-7487870,Legacy CRM
751,CUS-000751,Briar Biologics Partners,briar biologics partners,enterprise ,Specialty Grocery,7,60,talia@briarbiologicspart.example,602-494-5409,Prospect,2024-12-30,150000.00,47-3281946,Legacy CRM
752,CUS-000752,Norhtwind Ingredients Foods,Northwind Ingredients Foods,enterprise ,Cold-Chain Pharma,8,51,priya@northwindingredien.example,573-493-3938,Active,2025-08-19,500000.00,45-9364174,CRM
753,CUS-000753,Riverbend Nutrition Supply,Riverbend Nutrition Supply ,Startup,Cold-Chain Pharma,6,121,rina@riverbendnutrition.example,208-460-6376,Active,2023-11-23,25000.00, ,Manual Entry
754,CUS-000754,Meridian Pharma Group,Meridian Pharma Group,enterprise ,Cold-Chain Pharma,7,147,avery@meridianpharmagrou.example,580-765-1075,Active,2024-03-20,25000.00,34-2822525,CRM
755,CUS-000755,Meridian Dairy Distribution,Meridian Dairy Dist.,Regional,Specialty Grocery,1,269,talia@meridiandairydistr.example,659-895-8702,Active,2025-03-16,250000.00,30-5340606,Trade Show Import
756,CUS-000756,Riverbend Cold Foods Holdings,Riverbend Cold Foods Holdings,Enterprise,Clinical Logistics,8,278,elias@riverbendcoldfoods.example,618-758-1065,At Risk,2024-07-04,50000.00,18-6406459,Legacy CRM
757,CUS-000757,Northwind Laboratories Group,Northwind Laboratories Group,Mid-Market,Specialty Grocery,1,105,caleb@northwindlaborator.example,679-289-7739,Inactive,2025-02-25,50000.00,38-7223824,CRM
758,CUS-000758,Cobalt Pet Nutrition Manufacturing,Cobalt Pet Nutrition Manufacturing,Regional,Clinical Logistics,10,226,keiko@cobaltpetnutrition.example,595-446-5750,Active,2023-10-19,100000.00,80-6177027,Legacy CRM
759,CUS-000759,Orchard Biologics Partners,Orchard Biologics Partners,Enterprise,Beverage Distribution,5,146,talia@orchardbiologicspa.example,733-478-9239,Active,2024-10-22,250000.00,46-8362557,CRM
760,CUS-000760,Trinity Seafood Co-op,Trinity Seafood Co-op,Enterprise,Clinical Logistics,5,106,hugo@trinityseafoodcoop.example,508-418-4325,Active,2025-02-13,50000.00,71-3025196,CRM
761,CUS-000761,Keystone Laboratories Co-op,Keystone Laboratories Co-op,Mid-Market,Specialty Grocery,3,94,owen@keystonelaboratori.example,777-332-7612,Active,2023-04-14,75000.00,16-2143703,CRM
762,CUS-000762,Keystone Dairy Manufacturing,Keystone Dairy Manufacturing,Mid-Market,Beverage Distribution,8,218,owen@keystonedairymanuf.example,966-887-1887,Inactive,2024-05-28,75000.00,67-2308573,CRM
763,CUS-000763,Crescent Dairy Co-op,Crescent Dairy Co-op,Regional,Cold-Chain Pharma,5,249,anika@crescentdairycoop.example,522-947-5336,Active,2025-01-21,100000.00, ,CRM
764,CUS-000764,Pioneer Laboratories Group,Pioneer Laboratories Group,Enterprise,Specialty Grocery,10,69,talia@pioneerlaboratorie.example,772-473-4809,Active,2024-09-20,250000.00,24-3932537,CRM
765,CUS-000765,Meridian Dairy Distribution,Meridian Dairy Distribution,Startup,Specialty Grocery,9,83,fatima@meridiandairydistr.example,580-626-5055,At Risk,2023-02-19,250000.00,61-7013630,CRM
766,CUS-000766,Briar Specialty Produce Supply,Briar Specialty Produce Supply,Startup,Clinical Logistics,11,290,miles@briarspecialtyprod.example,498-580-7476,Active,2023-09-10,50000.00,34-3401400,CRM
767,CUS-000767,Aster Seafood Group,Aster Seafood Group,Enterprise,Meal Kit Producer,1,83,darren@asterseafoodgroup.example,353-946-8938,Prospect,2023-02-23,250000.00,59-3897393,CRM
768,CUS-000768,Solace Floral Logistics Supply,Solace Floral Logistics Supply,enterprise ,Clinical Logistics,8,119,caleb@solaceflorallogist.example,801-537-8434,At Risk,2024-12-27,50000.00,81-3431384,CRM
769,CUS-000769,Trinity Biologics Foods,Trinity Biologics Foods,Startup,Beverage Distribution,6,119,elias@trinitybiologicsfo.example,373.614.7490,At Risk,2023-04-06,150000.00,21-5563992,Legacy CRM
770,CUS-000770,Forge Laboratories Foods,Forge Laboratories Foods,Mid-Market,Food Distribution,1,296,sofia@forgelaboratoriesf.example,791-364-1543,Active,2023-08-31,150000.00,53-6442908,Manual Entry
771,CUS-000771,Forge Seafood Group,Forge Seafood Group,enterprise ,Clinical Logistics,7,108,ben@forgeseafoodgroup.example,309-530-5763,Active,2023-03-22,500000.00,45-5124777,CRM
772,CUS-000772,Lantern Ingredients Partners,Lantern Ingredients Partners,enterprise ,Beverage Distribution,1,94,darren@lanterningredients.example,900-700-6787,Active,2025-05-23,500000.00,35-3437445,CRM
773,CUS-000773,Ardent Laboratories Supply,Ardent Laboratories Supply,Regional,Cold-Chain Pharma,3,69,zara@ardentlaboratories.example,N/A,Active,2023-08-19,75000.00,22-6339550,Manual Entry
774,CUS-000774,Lakeside Nutrition Holdings,Lakeside Nutrition Holdings,Enterprise,Clinical Logistics,1,108,ben.lakesidenutritionh.example,851-231-9954,Inactive,2025-05-11,150000.00,10-1050561,Legacy CRM
775,CUS-000775,Lantern Meal Systems Manufacturing,Lantern Meal Systems Manufacturing,Startup,Food Distribution,1,249,sofia@lanternmealsystems.example,325-594-7462,At Risk,2023-12-23,75000.00,71-1022847,CRM
776,CUS-000776,Northwind Nutrition Logistics,Northwind Nutrition Logistics,Mid-Market,Specialty Grocery,7,30,darren@northwindnutrition.example,817-876-1223,INACTIVE ,2023-02-05,100000.00,50-2972254,Legacy CRM
777,CUS-000777,Westline Beverage Group,Westline Beverage Group,Startup,Cold-Chain Pharma,2,19,anika@westlinebeveragegr.example,868-466-9266,active,2024-01-02,25000.00,58-4552152,Manual Entry
778,CUS-000778,Northwind Floral Logistics Partners,Northwind Floral Logistics Partners,Regional,Specialty Grocery,3,41,zara@northwindflorallog.example,372-977-5055,Active,2024-09-30,250000.00,20-3076982,Legacy CRM
779,CUS-000779,Cedar Pharma Logistics,Cedar Pharma Logistics,Enterprise,Specialty Grocery,9,234,hugo@cedarpharmalogisti.example,935-731-1396,Active,2023-05-08,250000.00,48-4405899,CRM
780,CUS-000780,Meridian Biologics Partners,Meridian Biologics Partners,Startup,Clinical Logistics,4,220,caleb@meridianbiologicsp.example,211-972-3814,Active,2023-01-24,75000.00,60-3468104,Manual Entry
781,CUS-000781,Everfield Floral Logistics Group,Everfield Floral Logistics Group,Mid-Market,Cold-Chain Pharma,9,121,talia@everfieldflorallog.example,310-236-1756,Inactive,2024-09-01,75000.00,27-1968521,Trade Show Import
782,CUS-000782,Crescent Beverage Distribution,Crescent Beverage Distribution,Regional,Cold-Chain Pharma,7,296,priya@crescentbeveragedi.example,898-846-8027,Inactive,2023-09-22,150000.00,99-2737141,Manual Entry
783,CUS-000783,Trinity Nutrition Partners,Trinity Nutrition Partners,Startup,Specialty Grocery,6,245,fatima@trinitynutritionpa.example,7433829757,Active,2024-10-28,100000.00,27-7700122,Legacy CRM
784,CUS-000784,Orchard Pharma Distribution,Orchard Pharma Distribution,Regional,Food Distribution,9,156,caleb@orchardpharmadistr.example,456-604-1069,At Risk,2024-08-14,75000.00,52-3633650,CRM
785,CUS-000785,Granite Beverage Supply,Granite Beverage Supply,Enterprise,Clinical Logistics,3,22,avery@granitebeveragesup.example,261-833-3304,Prospect,2025-10-10,150000.00,68-9043028,CRM
786,CUS-000786,Crown Floral Logistics Partners,crown floral logistics partners,Enterprise,Meal Kit Producer,9,41,elias@crownflorallogisti.example,394-592-7244,Active,2023-01-28,250000.00,92-1422693,CRM
787,CUS-000787,Meridian Beverage Logistics,Meridian Beverage Logistics,enterprise ,Cold-Chain Pharma,2,41,jonah@meridianbeveragelo.example,844-885-3421,Active,2024-03-25,100000.00,34-7883624,Trade Show Import
788,CUS-000788,Oakmont Meal Systems Manufacturing,Oakmont Meal Systems Manufacturing ,enterprise ,Clinical Logistics,3,278,talia@oakmontmealsystems.example,673-708-2597,At Risk,2025-03-22,25000.00,18-3536509,Manual Entry
789,CUS-000789,Helix Cold Foods Co-op,Helix Cold Foods Co-op,enterprise ,Cold-Chain Pharma,6,60,mateo@helixcoldfoodscoop.example,497-381-3677,At Risk,2023-10-26,25000.00,73-6694928,CRM
790,CUS-000790,Oakmont Beverage Foods,Oakmont Beverage Foods,Startup,Food Distribution,10,106,hugo@oakmontbeveragefoo.example,566-838-3330,Active,2025-07-18,75000.00,88-3287404,CRM
791,CUS-000791,Crown Dairy Labs,Crown Dairy Labs,Enterprise,Beverage Distribution,3,289,mateo@crowndairylabs.example,756-290-6279,Inactive,2023-12-20,50000.00,57-3202702,Legacy CRM
792,CUS-000792,Harbor Ingredients Manufacturing,Harbor Ingredients Mfg,Regional,Beverage Distribution,6,147,zara@harboringredientsm.example,666-502-7303,Active,2023-01-20,75000.00,57-7902582,CRM
793,CUS-000793,Granite Nutrition Distribution,Granite Nutrition Distribution,Mid-Market,Specialty Grocery,6,140,zara@granitenutritiondi.example,214-424-5921,Active,2025-08-08,100000.00,62-2529947,CRM
794,CUS-000794,Granite Biologics Labs,Granite Biologics Labs,Startup,Cold-Chain Pharma,6,218,iris@granitebiologicsla.example,832-509-7852,Active,2023-04-01,500000.00,41-6851195,CRM
795,CUS-000795,Vantage Seafood Partners,Vantage Seafood Partners,Startup,Clinical Logistics,6,267,keiko@vantageseafoodpart.example,333-982-6046,Active,2024-06-25,100000.00,83-3300497,Manual Entry
796,CUS-000796,Everfield Specialty Produce Manufacturing,Everfield Specialty Produce Manufacturing,Mid-Market,Cold-Chain Pharma,1,201,jonah@everfieldspecialty.example,392-269-5816,Inactive,2024-07-10,25000.00,55-7761853,Trade Show Import
797,CUS-000797,Orchard Foods Co-op,Orchard Foods Co-op,Regional,Beverage Distribution,5,51,fatima@orchardfoodscoop.example,278-587-7027,Active,2025-09-05,75000.00,60-4634439,Legacy CRM
798,CUS-000798,Cedar Nutrition Labs,Cedar Nutrition Labs,Startup,Clinical Logistics,8,296,elias@cedarnutritionlabs.example,529-577-6436,At Risk,2023-11-27,75000.00,72-3175860,CRM
799,CUS-000799,Crescent Seafood Distribution,Crescent Seafood Distribution,enterprise ,Specialty Grocery,11,242,talia@crescentseafooddis.example,471-832-5722,Active,2023-05-26,25000.00,55-4735460,Manual Entry
800,CUS-000800,Vantage Dairy Group,Vantage Dairy Group,Startup,Beverage Distribution,1,156,nina.vantagedairygroup.example,734-722-1774,Active,2024-08-21,150000.00,18-9189758,CRM
801,CUS-000801,Oakmont Biologics Supply,Oakmont Biologics Supply,Mid-Market,Meal Kit Producer,5,19,sofia@oakmontbiologicssu.example,233-312-8943,At Risk,2023-11-29,250000.00,21-7599684,CRM
802,CUS-000802,Aster Biologics Co-op,ASTER BIOLOGICS CO-OP,enterprise ,Food Distribution,8,242,darren@asterbiologicscoop.example,271-237-7585,Active,2024-03-17,50000.00,90-4391982,Trade Show Import
803,CUS-000803,Crescent Foods Co-op,Crescent Foods Co-op,enterprise ,Meal Kit Producer,4,14,caleb@crescentfoodscoop.example,880-291-3442,Active,2023-07-23,250000.00,34-1392174,CRM
804,CUS-000804,Harbor Ingredients Supply,Harbor Ingredients Supply,Enterprise,Specialty Grocery,2,105,hugo@harboringredientss.example,605-729-9614,Prospect,2025-10-17,250000.00,11-6211310,Legacy CRM
805,CUS-000805,Cardinal Nutrition Logistics,Cardinal Nutrition Logistics,Mid-Market,Cold-Chain Pharma,7,192,hugo.cardinalnutritionl.example,892-666-1009,Active,2024-02-11,150000.00,33-6651913,CRM
806,CUS-000806,Oakmont Foods Holdings,Oakmont Foods Holdings,Enterprise,Cold-Chain Pharma,9,240,priya@oakmontfoodsholdin.example,675-467-3670,Active,2023-10-30,25000.00,46-5815724,Legacy CRM
807,CUS-000807,Harbor Pharma Group,Harbor Pharma Group,Enterprise,Clinical Logistics,9,82,maya@harborpharmagroup.example,470-581-7319,At Risk,2025-07-31,25000.00,45-6241619,Manual Entry
808,CUS-000808,Forge Laboratories Supply,Forge Laboratories Supply,Enterprise,Beverage Distribution,2,262,fatima@forgelaboratoriess.example,562-772-81,Active,2024-12-15,250000.00,73-9357452,CRM
809,CUS-000809,Forge Cold Foods Group,Forge Cold Foods Group,Startup,Specialty Grocery,8,146,rafael@forgecoldfoodsgrou.example,314-727-7111,Active,2024-05-13,250000.00, ,Legacy CRM
810,CUS-000810,Riverbend Cold Foods Foods,Riverbend Cold Foods Foods,Startup,Clinical Logistics,11,289,mateo@riverbendcoldfoods.example,575-523-2931,Inactive,2024-10-16,250000.00,13-2254162,Legacy CRM
811,CUS-000811,Westline Foods Manufacturing,Westline Foods Manufacturing,Startup,Cold-Chain Pharma,3,179,elias@westlinefoodsmanuf.example ,(790) 254-5703,Active,2024-08-08,25000.00,48-1212393,CRM
812,CUS-000812,Trinity Cold Foods Holdings, Trinity Cold Foods Holdings,enterprise ,Clinical Logistics,5,262,avery@trinitycoldfoodsho.example,567-574-1860,Active,2025-06-26,250000.00,47-3159316,CRM
813,CUS-000813,Cedar Ingredients Manufacturing,Cedar Ingredients Manufacturing,Enterprise,Beverage Distribution,1,7,iris@cedaringredientsma.example,873-428-9363,Active,2025-08-03,150000.00,57-8770988,Legacy CRM
814,CUS-000814,Bluevale Floral Logistics Group,Bluevale Floral Logistics Group,Mid-Market,Beverage Distribution,9,201,iris@bluevaleflorallogi.example,941-422-4845,Active,2025-08-04,500000.00,42-7324538,CRM
815,CUS-000815,Crescent Meal Systems Group,Crescent Meal Systems Group,Mid-Market,Meal Kit Producer,7,245,miles@crescentmealsystem.example,208-697-5653,Active,2024-10-03,100000.00,10-2232042,Legacy CRM
816,CUS-000816,Summit Biologics Co-op,Summit Biologics Co-op,Enterprise,Food Distribution,7,51,lena@summitbiologicscoo.example,773-467-5761,Prospect,2023-01-26,250000.00,89-6928952,Legacy CRM
817,CUS-000817,Briar Laboratories Manufacturing,Briar Laboratories Mfg,Startup,Clinical Logistics,1,258,noah@briarlaboratoriesm.example,410-379-1867,At Risk,2024-05-23,500000.00,30-8794683,CRM
818,CUS-000818,Westline Meal Systems Manufacturing,Westline Meal Systems Manufacturing,enterprise ,Cold-Chain Pharma,2,165,jonah@westlinemealsystem.example,432-875-2275,Active,2024-10-30,150000.00,95-4736960,Manual Entry
819,CUS-000819,Cardinal Floral Logistics Partners,Cardinal Floral Logistics Partners,Mid-Market,Beverage Distribution,11,83,darren@cardinalflorallogi.example,704-544-6135,Active,2023-10-16,50000.00,94-4710194,CRM
820,CUS-000820,Solace Ingredients Labs,Solace Ingredients Labs,Enterprise,Specialty Grocery,6,296,jonah@solaceingredientsl.example,685-484-8544,Active,2024-05-14,250000.00,24-6961597,Trade Show Import
821,CUS-000821,Harbor Ingredients Supply,Harbor Ingredients Supply,Regional,Meal Kit Producer,5,147,anika@harboringredientss.example,,Active,2025-08-05,150000.00,98-5602618,Legacy CRM
822,CUS-000822,Riverbend Laboratories Labs,Riverbend Laboratories Labs,enterprise ,Cold-Chain Pharma,6,242,jonah@riverbendlaborator.example,607-228-3072,Active,2023-07-11,150000.00,36-5320239,Manual Entry
823,CUS-000823,Forge Pet Nutrition Supply,Forge Pet Nutrition Supply,Mid-Market,Clinical Logistics,4,241,iris@forgepetnutritions.example,286-418-1981,Active,2023-10-24,250000.00,48-7854557,CRM
824,CUS-000824,Cobalt Biologics Labs,Cobalt Biologics Labs,Enterprise,Meal Kit Producer,11,252,lena@cobaltbiologicslab.example,520-792-7795,Inactive,2024-01-30,25000.00,53-2093385,CRM
825,CUS-000825,Helix Biologics Manufacturing,Helix Biologics Mfg,Regional,Beverage Distribution,10,7,anika@helixbiologicsmanu.example,934-448-3834,Active,2025-05-16,500000.00,28-1879469,Manual Entry
826,CUS-000826,Keystone Floral Logistics Distribution,Keystone Floral Logistics Distribution,Regional,Specialty Grocery,11,152,avery@keystoneflorallogi.example,328-375-2016,At Risk,2024-12-12,500000.00,89-5751580,Manual Entry
827,CUS-000827,Solace Pet Nutrition Labs,Solace Pet Nutrition Labs,Startup,Clinical Logistics,8,262,priya@solacepetnutrition.example,939-337-8814,Active,2023-01-28,50000.00,59-8481572,Legacy CRM
828,CUS-000828,Keystone Pet Nutrition Partners,Keystone Pet Nutrition Partners,Mid-Market,Specialty Grocery,3,289,caleb@keystonepetnutriti.example,369-879-2914,Inactive,2023-07-28,50000.00,26-8421705,CRM
829,CUS-000829,Helix Meal Systems Foods,Helix Meal Systems Foods ,Regional,Cold-Chain Pharma,5,267,jonah@helixmealsystemsfo.example,620-309-7160,Active,2025-05-30,100000.00,,Trade Show Import
830,CUS-000830,Cedar Nutrition Logistics,Cedar Nutrition Logistics,Regional,Clinical Logistics,2,231,noah@cedarnutritionlogi.example,838-690-2217,Active,2025-04-09,50000.00,42-6100686,Trade Show Import
831,CUS-000831,Lakeside Specialty Produce Holdings,Lakeside Specialty Produce Holdings,Startup,Specialty Grocery,11,258,fatima@lakesidespecialtyp.example,412-381-7687,Active,2023-12-21,150000.00,70-8957613,CRM
832,CUS-000832,Ardent Meal Systems Labs ,Ardent Meal Systems Labs,Enterprise,Cold-Chain Pharma,7,26,zara@ardentmealsystemsl.example,430-955-8852,Active,2023-03-02,100000.00,73-3668785,CRM
833,CUS-000833,Mosaic Nutrition Labs,Mosaic Nutrition Labs,enterprise ,Beverage Distribution,7,249,keiko@mosaicnutritionlab.example,316-430-3058,Inactive,2023-07-31,150000.00,67-3905318,Trade Show Import
834,CUS-000834,Brightwell Nutrition Foods,Brightwell Nutrition Foods,Regional,Specialty Grocery,10,152,ben@brightwellnutritio.example,937-274-4885,Active,2024-04-10,50000.00,99-6072818,Trade Show Import
835,CUS-000835,Westline Foods Logistics,Westline Foods Logistics,Regional,Specialty Grocery,2,149,iris@westlinefoodslogis.example,443-876-4287,Inactive,2024-05-02,150000.00,71-4451861,Legacy CRM
836,CUS-000836,Brightwell Pharma Foods, Brightwell Pharma Foods,Regional,Cold-Chain Pharma,10,67,elias@brightwellpharmafo.example,439-250-7256,Active,2023-10-24,50000.00,31-2565070,Manual Entry
837,CUS-000837,Harbor Nutrition Logistics,Harbor Nutrition Logistics,Startup,Cold-Chain Pharma,10,192,mateo@harbornutritionlog.example,340-842-6740,Active,2024-02-03,100000.00,35-3509463,CRM
838,CUS-000838,Meridian Cold Foods Partners,Meridian Cold Foods Partners,enterprise ,Meal Kit Producer,2,226,mateo@meridiancoldfoodsp.example,410-453-8811,Active,2023-01-04,250000.00,36-4903666,Trade Show Import
839,CUS-000839,Orchard Laboratories Holdings,Orchard Laboratories Holdings,Regional,Specialty Grocery,5,156,talia@orchardlaboratorie.example,210-299-8569,At Risk,2023-10-31,500000.00,37-6093219,CRM
840,CUS-000840,Bluevale Floral Logistics Logistics,Bluevale Floral Logistics Logistics,Mid-Market,Food Distribution,9,128,maya@bluevaleflorallogi.example,846-983-4896,Active,2024-01-19,250000.00,67-9491900,Manual Entry
841,CUS-000841,Northwind Specialty Produce Foods,Northwind Specialty Produce Foods,Startup,Clinical Logistics,4,147,iris@northwindspecialty.example,399-500-5195,Inactive,2024-12-14,250000.00,88-4857829,CRM
842,CUS-000842,Brightwell Pharma Supply,Brightwell Pharma Supply,enterprise ,Beverage Distribution,10,152,caleb@brightwellpharmasu.example,(506) 209-1572,Prospect,2023-08-27,75000.00,50-1689367,Trade Show Import
843,CUS-000843,Briar Biologics Distribution,Briar Biologics Distribution,Enterprise,Meal Kit Producer,3,257,sofia@briarbiologicsdist.example,922-527-9951,Active,2025-08-22,50000.00,96-3285933,Legacy CRM
844,CUS-000844,Forge Seafood Manufacturing,Forge Seafood Manufacturing,Startup,Clinical Logistics,6,22,ben@forgeseafoodmanufa.example,670-860-6014,Active,2025-07-05,25000.00,37-8325412,CRM
845,CUS-000845,Everfield Cold Foods Partners,Everfield Cold Foods Partners,Regional,Meal Kit Producer,7,12,mateo@everfieldcoldfoods.example,394-532-8506,Active,2023-08-18,75000.00,38-5039717,CRM
846,CUS-000846,Granite Nutrition Supply,Granite Nutrition Supply,enterprise ,Specialty Grocery,10,64,rina@granitenutritionsu.example,364-366-2015,At Risk,2024-10-13,250000.00,77-3885795,CRM
847,CUS-000847,Crown Pet Nutrition Manufacturing,Crown Pet Nutrition Manufacturing,Startup,Cold-Chain Pharma,9,14,elias@crownpetnutritionm.example,873-371-7596,At Risk,2024-03-08,500000.00,53-1431126,CRM
848,CUS-000848,Crown Specialty Produce Labs,Crown Specialty Produce Labs,Regional,Meal Kit Producer,10,273,rina@crownspecialtyprod.example,888-239-6627,Active,2025-03-05,100000.00,30-2318400,CRM
849,CUS-000849,Oakmont Pet Nutrition Logistics,Oakmont Pet Nutrition Logistics,Regional,Meal Kit Producer,10,149,maya@oakmontpetnutritio.example,780-264-8361,Active,2023-04-07,500000.00,38-3776207,Manual Entry
850,CUS-000850,Cardinal Seafood Partners,Cardinal Seafood Partners,enterprise ,Clinical Logistics,10,258,mateo@cardinalseafoodpar.example,360-864-1042,Active,2025-04-20,150000.00,28-9577220,Legacy CRM
851,CUS-000851,Crown Nutrition Manufacturing ,Crown Nutrition Manufacturing,enterprise ,Meal Kit Producer,3,254,rina@crownnutritionmanu.example,216-437-7115,Active,2025-05-02,500000.00,12-6467903,Trade Show Import
852,CUS-000852,Cedar Dairy Group,Cedar Dairy Group,Startup,Food Distribution,6,30,rafael@cedardairygroup.example,589-830-8669,Active,2023-11-10,100000.00,62-6968110,CRM
853,CUS-000853,Northwind Pet Nutrition Partners,Northwind Pet Nutrition Parnters,enterprise ,Beverage Distribution,5,33,jonah@northwindpetnutrit.example,620-333-3871,Active,2023-09-01,100000.00,40-6499850,CRM
854,CUS-000854,Brightwell Pharma Group,Brightwell Pharma Group,Regional,Meal Kit Producer,11,210,jonah@brightwellpharmagr.example,734-587-8921,Active,2023-10-16,250000.00,80-4331534,CRM
855,CUS-000855,crescent beverage partners,Crescent Beverage Partners,enterprise ,Cold-Chain Pharma,4,296,zara@crescentbeveragepa.example,626-862-9940,At Risk,2024-06-08,100000.00,27-9174951,Legacy CRM
856,CUS-000856,Forge Biologics Holdings,Forge Biologics Holdings,Regional,Clinical Logistics,2,290,owen@forgebiologicshold.example,530-729-2835,Active,2023-08-08,150000.00,92-6691243,CRM
857,CUS-000857,Harbor Seafood Supply,Harbor Seafood Supply,Startup,Cold-Chain Pharma,9,39,miles@harborseafoodsuppl.example,463-656-5941,active,2024-02-09,500000.00,49-4251431,CRM
858,CUS-000858,Lantern Dairy Co-op,Lantern Dairy Co-op,Startup,Beverage Distribution,4,105,nina@lanterndairycoop.example,216-596-1628,Prospect,2025-02-02,100000.00,94-1585369,CRM
859,CUS-000859,Aster Laboratories Holdings,Aster Laboratories Holdings,Mid-Market,Clinical Logistics,2,140,ben@asterlaboratoriesh.example,540-829-9027,Active,2025-04-20,250000.00,22-3927683,Legacy CRM
860,CUS-000860,Orchard Laboratories Holdings,Orchard Laboratories Holdings,Enterprise,Meal Kit Producer,3,266,caleb@orchardlaboratorie.example,568-482-4307,active,2023-03-27,250000.00,46-9181559,Trade Show Import
861,CUS-000861,Forge Biologics Labs,Forge Biologics Labs,Startup,Meal Kit Producer,11,190,maya@forgebiologicslabs.example,799-471-3958,Active,2023-05-20,100000.00,97-8324684,Trade Show Import
862,CUS-000862,Granite Meal Systems Logistics,Granite Meal Systems Logistics,Startup,Cold-Chain Pharma,10,258,priya@granitemealsystems.example,788-884-3947,Inactive,2023-07-20,250000.00,54-2583412,Manual Entry
863,CUS-000863,Lantern Biologics Foods,Lantern Biologics Foods,enterprise ,Beverage Distribution,2,128,noah@lanternbiologicsfo.example,960-284-6374,Active,2025-05-28,75000.00,93-2227836,CRM
864,CUS-000864,Briar Beverage Foods,Briar Beverage Foods,enterprise ,Meal Kit Producer,8,146,caleb@briarbeveragefoods.example,693-508-4016,At Risk,2025-08-09,25000.00,92-9270667,CRM
865,CUS-000865,Northwind Floral Logistics Logistics,Northwind Floral Logistics Logistics,enterprise ,Clinical Logistics,1,236,rina@northwindflorallog.example,872-522-7855,Active,2024-06-07,250000.00,77-6780437,Manual Entry
866,CUS-000866,Cardinal Beverage Logistics,Cardinal Beverage Logistics,enterprise ,Beverage Distribution,2,78,maya@cardinalbeveragelo.example,887-638-8091,Active,2024-04-04,50000.00,91-6569720,CRM
867,CUS-000867,Brightwell Beverage Partners,Brightwell Beverage Partners,Enterprise,Cold-Chain Pharma,2,226,elias@brightwellbeverage.example,602-337-5076,Active,2024-07-08,100000.00,29-5841537,CRM
868,CUS-000868,Lakeside Pet Nutrition Manufacturing,Lakeside Pet Nutrition Mfg,Enterprise,Specialty Grocery,1,241,darren@lakesidepetnutriti.example,280-251-1811,Active,2024-02-04,50000.00,54-5617090,Manual Entry
869,CUS-000869,Keystone Beverage Co-op,Keystone Beverage Co-op,Startup,Beverage Distribution,2,267,miles@keystonebeverageco.example,893-621-1643,Active,2024-03-30,150000.00,95-5675127,Trade Show Import
870,CUS-000870,Cobalt Meal Systems Holdings,Cobalt Meal Systems Holdings,enterprise ,Clinical Logistics,4,7,caleb@cobaltmealsystemsh.example,939-203-8372,Active,2024-11-05,25000.00,95-7805707,Manual Entry
871,CUS-000871,Brightwell Meal Systems Partners,Brightwell Meal Systems Partners,Regional,Meal Kit Producer,6,69,rafael@brightwellmealsyst.example,722-539-9515,Active,2024-08-16,150000.00,28-7610142,CRM
872,CUS-000872,Trinity Floral Logistics Manufacturing,Trinity Floral Logistics Manufacturing,Enterprise,Meal Kit Producer,7,269,owen@trinityflorallogis.example,435-902-5053,Active,2025-05-04,500000.00,67-5600412,Trade Show Import
873,CUS-000873,Meridian Floral Logistics Group,Meridian Floral Logistics Group,Enterprise,Beverage Distribution,1,231,zara@meridianflorallogi.example,769-682-9113,Active,2025-08-28,100000.00,94-6748455,CRM
874,CUS-000874,Orchard Ingredients Manufacturing,Orchard Ingredients Manufacturing,enterprise ,Beverage Distribution,6,119,keiko@orchardingredients.example,368-265-7320,Active,2023-02-17,500000.00,66-3227519,Legacy CRM
875,CUS-000875,Trinity Specialty Produce Foods,Trinity Specialty Produce Foods,enterprise ,Specialty Grocery,10,267,lena@trinityspecialtypr.example,418-288-3997,Active,2023-09-03,75000.00,66-8552523,Trade Show Import
876,CUS-000876,Solace Floral Logistics Labs,Solace Floral Logistics Labs,Enterprise,Clinical Logistics,6,290,owen@solaceflorallogist.example,00764 662 9652,At Risk,2023-12-22,50000.00,16-6821282,CRM
877,CUS-000877,Aster Foods Labs, Aster Foods Labs,Startup,Clinical Logistics,6,69,sofia@asterfoodslabs.example,881-611-2086,Active,2025-08-16,25000.00,28-3226763,Legacy CRM
878,CUS-000878,Briar Biologics Manufacturing,Briar Biologics Mfg,Regional,Food Distribution,7,254,sofia@briarbiologicsmanu.example,427-731-1456,Active,2024-09-09,50000.00,44-9484429,Legacy CRM
879,CUS-000879,Aster Dairy Partners,Aster Dairy Partners,enterprise ,Food Distribution,10,82,elias@asterdairypartners.example,633-712-6693,Active,2023-12-01,150000.00,76-6355188,Legacy CRM
880,CUS-000880,Trinity Dairy Distribution,Trinity Dairy Dist.,enterprise ,Specialty Grocery,1,210,keiko@trinitydairydistri.example,888-929-7626,Active,2024-06-22,50000.00,40-7958143,CRM
881,CUS-000881,Trinity Nutrition Logistics,Trinity Nutrition Logistics,Mid-Market,Food Distribution,3,146,zara@trinitynutritionlo.example,488-633-8667,Inactive,2024-12-28,150000.00,25-5726154,CRM
882,CUS-000882,Forge Pet Nutrition Foods,Forge Pet Nutrition Foods,Regional,Cold-Chain Pharma,5,241,elias.forgepetnutritionf.example,694-600-9790,Inactive,2025-10-17,25000.00,79-9368661,CRM
883,CUS-000883,Orchard Ingredients Group,Orchard Ingredients Group,enterprise ,Specialty Grocery,11,149,ben@orchardingredients.example,734-801-4328,Active,2023-11-28,500000.00,72-9005423,CRM
884,CUS-000884,Mosaic Specialty Produce Manufacturing,Mosaic Specialty Produce Mfg,enterprise ,Specialty Grocery,7,190,noah@mosaicspecialtypro.example,601-973-5375,Active,2025-03-28,50000.00,44-9050894,Manual Entry
885,CUS-000885,Meridian Pet Nutrition Partners,Meridian Pet Nutrition Partners,Mid-Market,Meal Kit Producer,1,254,noah@meridianpetnutriti.example,927-335-8479,Active,2023-08-06,250000.00,25-9389540,CRM
886,CUS-000886,Everfield Pharma Distribution,Everfield Pharma Distribution,enterprise ,Food Distribution,10,187,keiko@everfieldpharmadis.example,568-619-1426,Active,2024-01-19,25000.00,94-7526640,CRM
887,CUS-000887,Meridian Floral Logistics Co-op,Meridian Floral Logistics Co-op,Enterprise,Beverage Distribution,5,83,sofia@meridianflorallogi.example,264-974-5678,Active,2023-05-09,500000.00,85-6662057,Legacy CRM
888,CUS-000888,Lakeside Laboratories Group,Lakeside Laboratories Group,Mid-Market,Cold-Chain Pharma,1,296,miles@lakesidelaboratori.example,272-546-2457,Active,2025-03-03,25000.00,98-5817934,CRM
889,CUS-000889,Trinity Pet Nutrition Supply,Trinity Pet Nutrition Supply,Startup,Clinical Logistics,5,105,rina@trinitypetnutritio.example,653-947-4153,Active,2024-04-14,500000.00,26-7431728,CRM
890,CUS-000890,Summit Seafood Co-op,Summit Seafood Co-op,Enterprise,Beverage Distribution,9,239,fatima@summitseafoodcoop.example,647-930-5839,active,2025-03-14,50000.00,12-9152582,Manual Entry
891,CUS-000891,Harbor Laboratories Foods,Harbor Laboratories Foods,enterprise ,Meal Kit Producer,1,82,owen@harborlaboratories.example,396-700-3872,At Risk,2024-05-14,25000.00,55-9373982,CRM
892,CUS-000892,Vantage Ingredients Manufacturing,Vantage Ingredients Manufacturing,Mid-Market,Food Distribution,8,280,anika@vantageingredients.example,351-486-6589,Active,2024-03-07,100000.00,91-8509122,Legacy CRM
893,CUS-000893,Crescent Meal Systems Supply,Crescent Meal Systems Supply,Mid-Market,Beverage Distribution,1,310,lena@crescentmealsystem.example,385-328-5553,Active,2024-02-06,25000.00,39-3615110,CRM
894,CUS-000894,Keystone Meal Systems Partners,Keystone Meal Systems Partners,Startup,Clinical Logistics,2,226,nina@keystonemealsystem.example,957-830-3627,Active,2025-03-23,50000.00,79-5390713,CRM
895,CUS-000895,Forge Nutrition Manufacturing,Forge Nutrition Manufacturing,Mid-Market,Clinical Logistics,11,201,noah@forgenutritionmanu.example,876-561-4089,Active,2025-06-26,150000.00,95-8884346,CRM
896,CUS-000896,Westline Ingredients Group,Westline Ingredients Group,enterprise ,Cold-Chain Pharma,9,51,keiko@westlineingredient.example,N/A,INACTIVE ,2025-07-20,250000.00,33-5659190,Trade Show Import
897,CUS-000897,Mosaic Biologics Holdings,Mosaic Biologics Holdings,Regional,Meal Kit Producer,10,249,miles@mosaicbiologicshol.example,707-756-6482,Active,2023-08-17,250000.00,16-9722526,Trade Show Import
898,CUS-000898,Cobalt Floral Logistics Labs,Cobalt Floral Logistics Labs,Mid-Market,Food Distribution,3,234,maya@cobaltflorallogist.example,922-897-7602,Active,2023-11-01,250000.00,67-1924703,Trade Show Import
899,CUS-000899,Granite Pet Nutrition Co-op,Granite Pet Nutrition Co-op,Startup,Food Distribution,8,187,sofia@granitepetnutritio.example,895-575-9170,Inactive,2024-05-14,25000.00,83-7363042,CRM
900,CUS-000900,Meridian Meal Systems Partners,Meridian Meal Systems Partners,Startup,Cold-Chain Pharma,3,20,sofia@meridianmealsystem.example,275-438-9270,Active,2024-03-31,25000.00,61-1135112,Legacy CRM
901,CUS-000901,Keystone Specialty Produce Labs,Keystone Specialty Produce Labs,Regional,Meal Kit Producer,7,26,keiko@keystonespecialtyp.example,510-693-3885,Active,2023-07-09,150000.00,99-7378202,CRM
902,CUS-000902,Mosaic Foods Supply,Mosaic Foods Supply,Mid-Market,Cold-Chain Pharma,7,234,iris@mosaicfoodssupply.example,641-717-7547,Active,2023-07-22,150000.00, ,Manual Entry
903,CUS-000903,Aster Foods Manufacturing,Aster Foods Manufacturing,Startup,Beverage Distribution,6,240,ben@asterfoodsmanufact.example,560-214-9364,Inactive,2024-01-02,150000.00,37-8671187,Trade Show Import
904,CUS-000904,Briar Ingredients Distribution,Briar Ingredients Distribution,Enterprise,Specialty Grocery,1,12,darren@briaringredientsdi.example,412-748-6071,Active,2023-08-11,250000.00,23-8887676,CRM
905,CUS-000905,Ardent Cold Foods Co-op,Ardent Cold Foods Co-op,Mid-Market,Specialty Grocery,7,299,iris@ardentcoldfoodscoo.example,646-348-2780,Active,2024-01-31,500000.00,66-5178462,Legacy CRM
906,CUS-000906,Trinity Meal Systems Logistics,Trinity Meal Systems Logistics,Startup,Cold-Chain Pharma,7,51,rina@trinitymealsystems.example,231-705-5059,At Risk,2025-06-04,250000.00,28-1236855,Trade Show Import
907,CUS-000907,Harbor Pet Nutrition Foods,Harbor Pet Nutrition Foods,Enterprise,Specialty Grocery,11,191,keiko@harborpetnutrition.example,829-941-5487,Active,2025-09-07,75000.00,42-1617759,CRM
908,CUS-000908,Summit Cold Foods Supply,Summit Cold Foods Supply,Enterprise,Clinical Logistics,9,119,maya@summitcoldfoodssup.example,564-800-4649,INACTIVE ,2025-05-18,50000.00,79-5468917,CRM
909,CUS-000909,Meridian Meal Systems Group,Meridian Meal Systems Group,enterprise ,Specialty Grocery,6,30,rafael@meridianmealsystem.example,244-734-8941,Active,2024-02-01,25000.00,88-9616991,Legacy CRM
910,CUS-000910, Lakeside Pet Nutrition Supply,Lakeside Pet Nutrition Supply,Regional,Cold-Chain Pharma,10,234,maya@lakesidepetnutriti.example,947-775-6971,Active,2024-10-04,250000.00,65-1128389,Manual Entry
911,CUS-000911,Trinity Floral Logistics Holdings,Trinity Floral Logistics Holdings,Regional,Beverage Distribution,8,33,ben@trinityflorallogis.example,428-490-8627,At Risk,2025-03-18,25000.00,11-2625477,Manual Entry
912,CUS-000912,Mosaic Floral Logistics Group,Mosaic Floral Logistics Group,Mid-Market,Specialty Grocery,6,83,caleb@mosaicflorallogist.example,568-947-1869,Active,2025-07-24,250000.00,31-1767205,CRM
913,CUS-000913,Lantern Seafood Distribution,Lantern Seafood Distribution,Mid-Market,Meal Kit Producer,8,146,zara@lanternseafooddist.example,814-727-4177,Prospect,2023-07-20,150000.00,55-4237074,Legacy CRM
914,CUS-000914,Crescent Foods Distribution,Crescent Foods Distribution,Enterprise,Beverage Distribution,3,68,owen@crescentfoodsdistr.example,879-701-1667,Inactive,2024-06-18,500000.00,24-6160255,CRM
915,CUS-000915, Lantern Meal Systems Foods,Lantern Meal Systems Foods,Mid-Market,Meal Kit Producer,7,14,anika@lanternmealsystems.example,482-383-7503,At Risk,2025-09-27,150000.00,32-8784536,CRM
916,CUS-000916,Helix Floral Logistics Partners,HELIX FLORAL LOGISTICS PARTNERS,Enterprise,Cold-Chain Pharma,2,254,elias@helixflorallogisti.example,475-625-4207,Active,2024-05-13,250000.00,91-4602970,CRM
917,CUS-000917,Brightwell Nutrition Manufacturing,Brightwell Nutrition Manufacturing,Regional,Food Distribution,8,289,talia@brightwellnutritio.example,456-574-7758,At Risk,2023-10-25,50000.00,91-1226472,Trade Show Import
918,CUS-000918,Trinity Pet Nutrition Holdings,Trinity Pet Nutrition Holdings,Regional,Cold-Chain Pharma,9,7,elias@trinitypetnutritio.example,427-889-1219,Active,2024-04-17,75000.00,65-7918001,CRM
919,CUS-000919,Orchard Floral Logistics Manufacturing,Orchard Floral Logistics Manufacturing,Startup,Food Distribution,2,33,maya@orchardflorallogis.example,972-379-6643,Active,2024-01-21,150000.00,90-4512395,CRM
920,CUS-000920,Summit Laboratories Co-op,Summit Laboratories Co-op,Enterprise,Cold-Chain Pharma,11,165,darren@summitlaboratories.example,354-818-3725,Active,2025-04-28,75000.00,47-5477915,CRM
921,CUS-000921,Orchard Dairy Manufacturing,Orchard Dairy Manufacturing,Enterprise,Clinical Logistics,7,273,ben@orcharddairymanufa.example ,422-395-3102,Active,2024-10-12,75000.00,34-6729038,Manual Entry
922,CUS-000922,Brightwell Laboratories Co-op,Brightwell Laboratories Co-op,Startup,Meal Kit Producer,11,19,fatima@brightwelllaborato.example,972-559-5783,Active,2023-06-24,100000.00,PENDING,Trade Show Import
923,CUS-000923,Lantern Biologics Supply,Lantern Biologics Supply,enterprise ,Beverage Distribution,4,156,anika@lanternbiologicssu.example,277-527-5378,At Risk,2023-08-16,50000.00,35-4031867,CRM
924,CUS-000924,cobalt nutrition group,Cobalt Nutrition Group,Enterprise,Cold-Chain Pharma,9,82,noah@cobaltnutritiongro.example,825-985-9800,Active,2025-10-08,150000.00,67-6569380,Trade Show Import
925,CUS-000925,Riverbend Seafood Distribution,Riverbend Seafood Distribution,Mid-Market,Clinical Logistics,4,41,avery@riverbendseafooddi.example,365-473-1119,Active,2023-07-31,150000.00,50-5431433,CRM
926,CUS-000926,Cobalt Nutrition Foods,Cobalt Nutritino Foods,enterprise ,Meal Kit Producer,5,257,sofia.cobaltnutritionfoo.example,442-896-4215,At Risk,2023-01-19,150000.00,43-1962359,Legacy CRM
927,CUS-000927,Lakeside Dairy Labs,Lakeside Dairy Labs,Regional,Food Distribution,3,231,mateo@lakesidedairylabs.example,515-785-5630,Active,2025-04-09,150000.00,35-2265825,CRM
928,CUS-000928,Pioneer Biologics Logistics,Pioneer Biologics Logistics,Startup,Specialty Grocery,4,146,rina@pioneerbiologicslo.example,544-710-8418,Active,2023-07-12,75000.00,28-8099168,Manual Entry
929,CUS-000929,Lantern Biologics Logistics,Lantern Biologics Logistics,enterprise ,Meal Kit Producer,2,278,noah@lanternbiologicslo.example,833-565-6080,Active,2023-10-10,500000.00,70-2651356,CRM
930,CUS-000930,Riverbend Meal Systems Foods,Riverbend Meal Systems Foods,enterprise ,Food Distribution,2,278,hugo@riverbendmealsyste.example,427-209-6970,Active,2023-03-20,50000.00,,Legacy CRM
931,CUS-000931,Bluevale Foods Supply,Bluevale Foods Supply,Startup,Specialty Grocery,7,121,jonah@bluevalefoodssuppl.example,224-836-1470,Active,2023-08-11,25000.00,68-1769585,CRM
932,CUS-000932,Lakeside Specialty Produce Manufacturing,Lakeside Specialty Produce Manufacturing,enterprise ,Cold-Chain Pharma,4,240,owen@lakesidespecialtyp.example,715-826-1744,Active,2023-02-22,250000.00,89-3030820,CRM
933,CUS-000933,Bluevale Pharma Distribution,Bluevale Pharma Distribution,Regional,Specialty Grocery,9,191,lena@bluevalepharmadist.example,832-694-3330,Prospect,2025-10-11,250000.00,68-1172938,Trade Show Import
934,CUS-000934,Helix Beverage Distribution,Helix Beverage Distribution,Enterprise,Cold-Chain Pharma,2,94,rafael@helixbeveragedistr.example,595-456-2026,active,2025-01-15,500000.00,64-2710807,CRM
935,CUS-000935,Oakmont Dairy Supply,Oakmont Dairy Supply,enterprise ,Beverage Distribution,9,105,zara@oakmontdairysupply.example,570-657-6556,Active,2025-11-06,25000.00,73-6153196,Legacy CRM
936,CUS-000936,Vantage Laboratories Co-op,Vantage Laboratories Co-op,Startup,Meal Kit Producer,2,236,fatima@vantagelaboratorie.example,574-606-3523,Active,2023-12-27,500000.00,15-5508225,CRM
937,CUS-000937,Vantage Ingredients Distribution,Vantage Ingredients Distribution,enterprise ,Food Distribution,6,310,anika@vantageingredients.example,987-507-3599,Active,2024-04-26,50000.00,59-5316221,CRM
938,CUS-000938,Aster Meal Systems Manufacturing,Aster Meal Systems Manufacturing,Regional,Cold-Chain Pharma,9,108,talia@astermealsystemsma.example,822-760-9517,Active,2025-07-11,500000.00,45-4147811,Manual Entry
939,CUS-000939,Mosaic Nutrition Foods,Mosaic Nutrition Foods,enterprise ,Clinical Logistics,4,243,lena@mosaicnutritionfoo.example,571-719-45,Active,2025-03-26,75000.00,85-1816668,CRM
940,CUS-000940,Granite Ingredients Logistics,Granite Ingredients Logistics,Startup,Clinical Logistics,2,12,maya@graniteingredients.example,356-418-7709,Active,2024-04-26,75000.00,19-2026199,CRM
941,CUS-000941,Cobalt Meal Systems Supply,Cobalt Meal Systems Supply,Enterprise,Specialty Grocery,10,226,priya@cobaltmealsystemss.example,7217883540,At Risk,2023-01-14,150000.00,84-4426785,CRM
942,CUS-000942,Oakmont Ingredients Manufacturing,Oakmont Ingredients Manufacturing,Mid-Market,Cold-Chain Pharma,1,14,anika@oakmontingredients.example,(262) 869-5472,Active,2023-09-26,75000.00,98-1255931,CRM
943,CUS-000943,Westline Floral Logistics Co-op,Westline Floral Logistics Co-op,Mid-Market,Specialty Grocery,4,146,jonah@westlineflorallogi.example,652-417-9384,At Risk,2024-11-16,150000.00,11-1899073,CRM
944,CUS-000944,Oakmont Laboratories Co-op,Oakmont Laboratories Co-op,enterprise ,Specialty Grocery,11,22,elias@oakmontlaboratorie.example,819-955-5149,At Risk,2025-08-07,500000.00,63-3053845,Legacy CRM
945,CUS-000945,Lantern Dairy Partners,lantern dairy partners,Mid-Market,Meal Kit Producer,9,258,keiko@lanterndairypartne.example,730-701-7266,Active,2023-10-02,50000.00,67-9052532,CRM
946,CUS-000946,Granite Meal Systems Manufacturing,Granite Meal Systems Manufacturing,Enterprise,Meal Kit Producer,4,295,rafael@granitemealsystems.example,434-452-4347,Active,2025-08-06,50000.00,36-5533465,Manual Entry
947,CUS-000947,Lakeside Meal Systems Manufacturing,Lakeside Meal Systems Manufacturing,Mid-Market,Cold-Chain Pharma,3,310,lena@lakesidemealsystem.example,404-414-6451,Active,2024-11-12,75000.00,24-4134965,CRM
948,CUS-000948,Brightwell Pharma Supply,Brightwell Pharma Supply,enterprise ,Meal Kit Producer,2,273,fatima@brightwellpharmasu.example,466-380-8668,Active,2025-03-29,50000.00,71-6599465,Trade Show Import
949,CUS-000949,Northwind Dairy Foods,Northwind Dairy Foods,Regional,Beverage Distribution,8,51,miles@northwinddairyfood.example,475-641-1381,INACTIVE ,2024-06-14,25000.00,17-3778426,Trade Show Import
950,CUS-000950,Riverbend Nutrition Partners,Riverbend Nutrition Partners,Mid-Market,Clinical Logistics,4,243,miles@riverbendnutrition.example,320-440-2321,Active,2025-05-10,75000.00,43-6076360,Legacy CRM
951,CUS-000951,Northwind Floral Logistics Group,Northwind Floral Logistics Group,Startup,Clinical Logistics,7,26,darren@northwindflorallog.example,870-744-5651,Active,2025-10-01,500000.00,38-5321383,CRM
952,CUS-000952,Briar Seafood Foods,Briar Seafood Foods,Regional,Beverage Distribution,10,156,rina@briarseafoodfoods.example,398-797-1157,Active,2025-09-03,100000.00,92-6248477,Trade Show Import
953,CUS-000953,Oakmont Cold Foods Partners,Oakmont Cold Foods Partners,Regional,Specialty Grocery,10,201,avery@oakmontcoldfoodspa.example,244-908-3196,Prospect,2023-10-03,250000.00,79-6620215,Legacy CRM
954,CUS-000954,Vantage Foods Partners,Vantage Foods Partners,Regional,Beverage Distribution,3,41,caleb@vantagefoodspartne.example,716-523-6977,Active,2024-09-07,75000.00,76-6016984,CRM
955,CUS-000955,Everfield Nutrition Partners,Everfield Nutrition Partners,Mid-Market,Specialty Grocery,1,240,hugo@everfieldnutrition.example,704-808-6918,Active,2023-06-05,250000.00,13-8109663,CRM
956,CUS-000956,Orchard Specialty Produce Group,Orchard Specialty Produce Group,enterprise ,Food Distribution,10,191,nina@orchardspecialtypr.example,5114583924,Active,2025-10-03,75000.00,61-5411926,CRM
957,CUS-000957,Lantern Foods Foods,Lantern Foods Foods,Startup,Beverage Distribution,9,269,elias@lanternfoodsfoods.example,894-501-6468,Active,2023-08-17,75000.00,PENDING,CRM
958,CUS-000958,Cardinal Cold Foods Group,Cardinal Cold Foods Group,Mid-Market,Cold-Chain Pharma,8,119,ben@cardinalcoldfoodsg.example,851-214-3073,Active,2024-07-13,500000.00,75-4286172,CRM
959,CUS-000959,Northwind Ingredients Foods,Northwind Ingredients Foods,Enterprise,Cold-Chain Pharma,10,140,mateo@northwindingredien.example,364-512-5709,Active,2023-05-31,100000.00,15-7372678,CRM
960,CUS-000960,Forge Pharma Group,FORGE PHARMA GROUP,enterprise ,Specialty Grocery,10,218,darren@forgepharmagroup.example,676-211-7834,Active,2023-02-27,150000.00,98-1103311,Legacy CRM
961,CUS-000961,Vantage Specialty Produce Group,Vantage Specialty Produce Group,enterprise ,Specialty Grocery,2,310,noah.vantagespecialtypr.example,358-219-4601,Active,2023-05-18,25000.00,30-8117871,Legacy CRM
962,CUS-000962,Forge Beverage Foods,Forge Beverage Foods,Startup,Clinical Logistics,1,41,iris@forgebeveragefoods.example,208-608-8382,Active,2023-07-11,100000.00,,CRM
963,CUS-000963,Vantage Seafood Partners,Vantage Seafood Partners,Enterprise,Specialty Grocery,9,146,maya@vantageseafoodpart.example,312-880-9335,Active,2025-04-07,150000.00,49-3957077,CRM
964,CUS-000964,Ardent Ingredients Logistics,Ardent Ingredients Logistics ,Regional,Specialty Grocery,3,296,avery@ardentingredientsl.example,291-769-9078,active,2023-11-14,150000.00,86-9108668,CRM
965,CUS-000965,Aster Seafood Labs,Aster Seafood Labs,Startup,Food Distribution,2,299,nina@asterseafoodlabs.example,730-544-3784,Inactive,2025-05-28,75000.00,22-9958174,Manual Entry
966,CUS-000966,Crescent Dairy Labs,Crescent Dairy Labs,Startup,Clinical Logistics,10,252,darren@crescentdairylabs.example,466-227-3121,Active,2024-11-04,100000.00,50-5122799,CRM
967,CUS-000967,Keystone Foods Foods,Keystone Foods Foods,Enterprise,Food Distribution,5,147,nina@keystonefoodsfoods.example,287-507-8992,Active,2023-05-21,75000.00,99-6736306,Legacy CRM
968,CUS-000968,Riverbend Dairy Partners,Riverbend Dairy Partners,enterprise ,Clinical Logistics,4,252,talia.riverbenddairypart.example,836-222-1171,Active,2025-02-18,25000.00,32-4891092,CRM
969,CUS-000969,Helix Pharma Holdings,Helix Pharma Holdings,Regional,Beverage Distribution,4,108,lena@helixpharmaholding.example,607-462-3875,Active,2024-07-26,25000.00,17-3591081,CRM
970,CUS-000970,Pioneer Pet Nutrition Logistics,Pioneer Pet Nutrition Logistics,Mid-Market,Cold-Chain Pharma,10,310,owen@pioneerpetnutritio.example,675-831-5524,At Risk,2023-08-22,75000.00,67-9259255,CRM
971,CUS-000971,Pioneer Ingredients Manufacturing,Pioneer Ingredients Manufacturing,Mid-Market,Cold-Chain Pharma,1,191,nina@pioneeringredients.example,291-832-9412,Active,2023-05-04,50000.00,89-1016594,CRM
972,CUS-000972,Brightwell Laboratories Co-op,Brightwell Laboratories Co-op,enterprise ,Beverage Distribution,2,252,avery@brightwelllaborato.example,571-567-1126,Active,2024-12-13,500000.00,96-2523230,Trade Show Import
973,CUS-000973,Okamont Pharma Holdings,Oakmont Pharma Holdings,Mid-Market,Specialty Grocery,6,60,rina@oakmontpharmaholdi.example,465-905-2203,Active,2024-09-12,75000.00,44-4785756,CRM
974,CUS-000974,Granite Cold Foods Co-op,Granite Cold Foods Co-op,enterprise ,Cold-Chain Pharma,10,310,caleb@granitecoldfoodsco.example,278-894-9793,Active,2023-04-10,50000.00,99-6404061,CRM
975,CUS-000975,Helix Beverage Co-op,Helix Beverage Co-op,enterprise ,Food Distribution,2,266,sofia@helixbeveragecoop.example,433-962-9201,Active,2024-08-08,25000.00,23-9313205,Legacy CRM
976,CUS-000976,Meridian Cold Foods Co-op,Meridian Cold Foods Co-op,enterprise ,Meal Kit Producer,1,67,noah@meridiancoldfoodsc.example,625-799-1441,Active,2025-02-04,50000.00,13-1332720,CRM
977,CUS-000977,Keystone Meal Systems Co-op,Keystone Meal Systems Co-op,Mid-Market,Cold-Chain Pharma,8,242,sofia@keystonemealsystem.example,598-484-3730,Active,2025-07-28,500000.00,10-8228033,Legacy CRM
978,CUS-000978,Summit Nutrition Group,Summit Nutrition Group,Enterprise,Specialty Grocery,5,240,hugo@summitnutritiongro.example,350-705-7185,Inactive,2023-09-26,250000.00,73-1532851,CRM
979,CUS-000979,Orchard Biologics Partners,Orchard Biologics Partners,enterprise ,Cold-Chain Pharma,6,310,ben@orchardbiologicspa.example,632-787-5582,Inactive,2023-07-06,150000.00,23-9559471,CRM
980,CUS-000980,Mosaic Pet Nutrition Distribution,Mosaic Pet Nutrition Dist.,enterprise ,Clinical Logistics,10,310,zara@mosaicpetnutrition.example,617-280-3227,Active,2024-09-23,100000.00,56-2916156,CRM
981,CUS-000981, Crown Foods Logistics,Crown Foods Logistics,Regional,Clinical Logistics,2,240,priya@crownfoodslogistic.example,00572 609 3604,Active,2023-06-10,50000.00,95-6656695,Legacy CRM
982,CUS-000982,Everfield Meal Systems Co-op,Everfield Meal Systems Co-op,Startup,Specialty Grocery,6,280,lena@everfieldmealsyste.example,507-821-2364,Active,2025-07-29,250000.00,80-9144367,CRM
983,CUS-000983,Mosaic Dairy Group,Mosaic Dairy Group,Mid-Market,Meal Kit Producer,5,119,noah@mosaicdairygroup.example,4246777879,Active,2024-03-26,100000.00,68-9499852,Legacy CRM
984,CUS-000984,Harbor Laboratories Labs,Harbor Laboratories Labs,Startup,Beverage Distribution,2,108,talia@harborlaboratories.example,383-921-4409,Inactive,2023-08-05,75000.00,93-3479716,CRM
985,CUS-000985,Trinity Beverage Foods,Trinity Beverage Foods,enterprise ,Cold-Chain Pharma,7,67,hugo@trinitybeveragefoo.example,761-824-8731,At Risk,2025-03-30,25000.00,76-6384423,CRM
986,CUS-000986,Everfield Ingredients Labs,Everfield Ingredients Labs,enterprise ,Specialty Grocery,5,242,nina@everfieldingredien.example,271-405-4073,Inactive,2025-01-22,100000.00,77-5661501,Legacy CRM
987,CUS-000987,Lakeside Meal Systems Foods,Lakeside Meal Systems Foods,Regional,Food Distribution,3,245,nina@lakesidemealsystem.example,588-414-6189,Active,2023-08-26,100000.00,60-1040595,Legacy CRM
988,CUS-000988,Vantage Specialty Produce Distribution,Vantage Specialty Produce Distribution,Enterprise,Cold-Chain Pharma,10,296,darren@vantagespecialtypr.example,703-885-7208,Active,2023-10-04,75000.00,64-1529374,CRM
989,CUS-000989,Pioneer Laboratories Group,Pioneer Laboratories Group,Regional,Clinical Logistics,9,289,owen@pioneerlaboratorie.example,815-258-3975,At Risk,2023-05-25,100000.00,93-1395541,CRM
990,CUS-000990,Cobalt Ingredients Co-op,Cobalt Ingredients Co-op,Enterprise,Beverage Distribution,4,191,rafael@cobaltingredientsc.example,918-900-8600,INACTIVE ,2024-05-09,25000.00,89-8606367,CRM
991,CUS-000991,Pioneer Pet Nutrition Supply,Pioneer Pet Nutrition Supply,Mid-Market,Meal Kit Producer,6,33,caleb@pioneerpetnutritio.example,704-752-4410,Active,2023-03-08,75000.00,28-3347486,CRM
992,CUS-000992,Forge Dairy Labs,Forge Dairy Labs,Regional,Beverage Distribution,8,179,keiko@forgedairylabs.example,638-529-9735,active,2025-02-28,25000.00,42-9612762,CRM
993,CUS-000993,Briar Foods Distribution,Briar Foods Distribution,Enterprise,Meal Kit Producer,7,83,hugo@briarfoodsdistribu.example,597-357-2028,Active,2023-10-01,500000.00,80-8876453,Legacy CRM
994,CUS-000994,Orchard Dairy Group,Orchard Dairy Group,Regional,Clinical Logistics,6,257,rina@orcharddairygroup.example,470-334-9153,Active,2025-05-30,100000.00,20-9946981,Manual Entry
995,CUS-000995,Crescent Laboratories Distribution,Crescent Laboratories Distribution,Regional,Cold-Chain Pharma,5,94,owen@crescentlaboratori.example,315-318-9469,Active,2024-09-11,250000.00,63-4176506,Manual Entry
996,CUS-000996,EVERFIELD MEAL SYSTEMS SUPPLY,Everfield Meal Systems Supply,Startup,Clinical Logistics,11,105,noah@everfieldmealsyste.example,944-536-7072,At Risk,2023-03-15,500000.00,40-5325874,CRM
997,CUS-000997,Solace Ingredients Holdings,Solace Ingredients Holdings,enterprise ,Specialty Grocery,11,119,fatima@solaceingredientsh.example,N/A,At Risk,2023-10-31,75000.00,76-2685537,CRM
998,CUS-000998,Orchard Floral Logistics Logistics,Orchard Floral Logistics Logistics,Startup,Meal Kit Producer,2,290,noah@orchardflorallogis.example,951-475-1056,Active,2025-03-22,250000.00,37-8227809,CRM
999,CUS-000999,Westline Floral Logistics Foods,Westline Floral Logistics Foods,enterprise ,Specialty Grocery,1,201,elias@westlineflorallogi.example,525-610-7533,Active,2025-09-15,150000.00,86-7399231,CRM
1000,CUS-001000,Crown Biologics Co-op, Crown Biologics Co-op,Regional,Cold-Chain Pharma,9,79,miles@crownbiologicscoop.example,795.796.3967,active,2023-09-17,25000.00,94-1698362,Legacy CRM
1001,CUS-001001,Lakeside Beverage Logistics,Lakeside Beverage Logistics,Enterprise,Meal Kit Producer,10,179,,667-810-2117,Active,2023-04-28,50000.00,92-3197956,CRM
1002,CUS-001002,Lantern Floral Logistics Partners,Lantern Floral Logistics Partners,Mid-Market,Meal Kit Producer,3,128,darren@lanternflorallogis.example,596-784-6153,Active,2024-01-25,75000.00,50-6240422,Legacy CRM
1003,CUS-001003,Orchard Nutrition Holdings,Orchard Nutrition Holdings,enterprise ,Beverage Distribution,4,310,jonah@orchardnutritionho.example,957-222-6830,Active,2023-09-12,25000.00,33-7286213,CRM
1004,CUS-001004,Harbor Pharma Co-op,HARBOR PHARMA CO-OP,Enterprise,Specialty Grocery,4,68,ben@harborpharmacoop.example,741-747-6321,Active,2024-04-14,50000.00,71-9373363,Trade Show Import
1005,CUS-001005,Orchard Nutrition Supply,Orchard Nutrition Supply,Startup,Clinical Logistics,7,248,keiko@orchardnutritionsu.example,708-430-7476,At Risk,2024-09-13,500000.00,91-8284991,Legacy CRM
1006,CUS-001006,Keystone Laboratories Co-op,Keystone Laboratories Co-op,Regional,Beverage Distribution,1,106,maya@keystonelaboratori.example,717-751-1476,Active,2023-11-07,50000.00,11-2676281,Legacy CRM
1007,CUS-001007,Northwind Ingredients Co-op,Northwind Ingredients Co-op,Regional,Beverage Distribution,4,74,zara@northwindingredien.example,,At Risk,2023-06-03,100000.00,20-5143228,CRM
1008,CUS-001008,Westline Pet Nutrition Group,Westline Pet Nutrition Group,Enterprise,Cold-Chain Pharma,4,218,priya@westlinepetnutriti.example,298-715-9450,Active,2023-05-06,50000.00,31-7082630,Manual Entry
1009,CUS-001009,Crescent Seafood Supply,Crescent Seafood Supply,Startup,Meal Kit Producer,2,57,lena@crescentseafoodsup.example,521-444-1007,Active,2024-04-06,100000.00,77-7664365,Trade Show Import
1010,CUS-001010,Trinity Dairy Partners,Trinity Dairy Partners,Mid-Market,Food Distribution,2,94,anika@trinitydairypartne.example,206-205-8532,Inactive,2023-07-06,500000.00,63-9387861,CRM
1011,CUS-001011,Lantern Nutrition Supply,Lantern Nutrition Supply,enterprise ,Cold-Chain Pharma,4,236,elias@lanternnutritionsu.example,497-207-3996,Active,2023-01-31,25000.00,10-9983255,CRM
1012,CUS-001012,Aster Nutrition Logistics,Aster Nutrition Logistics,Enterprise,Meal Kit Producer,6,69,iris@asternutritionlogi.example,248-908-2665,Active,2025-05-19,100000.00,29-2845464,CRM
1013,CUS-001013,Trinity Pet Nutrition Manufacturing,Trinity Pet Nutrition Manufacturing,Mid-Market,Food Distribution,9,156,rafael@trinitypetnutritio.example,590-945-9190,Active,2025-08-10,150000.00,10-8122037,CRM
1014,CUS-001014,Pioneer Foods Foods,Pioneer Foods Foods,Regional,Cold-Chain Pharma,10,94,maya@pioneerfoodsfoods.example,220-255-9406,Inactive,2025-09-03,25000.00,35-2839056,CRM
1015,CUS-001015,Keystone Pet Nutrition Supply,Keystone Pet Nutrition Supply,Startup,Clinical Logistics,6,146,noah@keystonepetnutriti.example,472-451-9411,Active,2024-02-09,50000.00,36-5937956,Manual Entry
1016,CUS-001016,Lantern Dairy Co-op,Lantern Dairy Co-op,Startup,Food Distribution,8,262,priya@lanterndairycoop.example,433-675-6459,Inactive,2023-06-27,100000.00,41-5671878,CRM
1017,CUS-001017,Helix Meal Systems Holdings,Helix Meal Systems Holdings,Regional,Specialty Grocery,2,69,lena@helixmealsystemsho.example,869-491-1928,Active,2024-02-23,75000.00,77-6717244,CRM
1018,CUS-001018,Cobalt Nutrition Holdings,Cobalt Nutrition Holdings,Startup,Clinical Logistics,11,254,darren@cobaltnutritionhol.example,427-336-7870,Inactive,2023-08-19,75000.00,57-2177621,Legacy CRM
1019,CUS-001019,Pioneer Pet Nutrition Holdings,Pioneer Pet Nutrition Holdings,Regional,Cold-Chain Pharma,10,74,hugo@pioneerpetnutritio.example,888-983-1493,Active,2025-07-07,75000.00,82-6117176,Legacy CRM
1020,CUS-001020,Aster Cold Foods Holdings,Aster Cold Foods Holdings,enterprise ,Specialty Grocery,2,248,maya@astercoldfoodshold.example,364-535-7307,Active,2023-01-04,250000.00,86-4269187,Trade Show Import
1021,CUS-001021,Briar Foods Logistics,Briar Foods Logistics,enterprise ,Meal Kit Producer,6,193,talia@briarfoodslogistic.example,482-254-8768,Active,2024-08-05,150000.00,43-1461206,Legacy CRM
1022,CUS-001022,Forge Biologics Holdings, Forge Biologics Holdings,Mid-Market,Cold-Chain Pharma,11,242,hugo@forgebiologicshold.example,919-791-5862,Active,2024-01-31,50000.00,99-4801741,Trade Show Import
1023,CUS-001023,Granite Nutrition Partners,Granite Nutrition Partners,Startup,Clinical Logistics,8,187,talia@granitenutritionpa.example,537-507-5523,Active,2024-01-24,250000.00,88-5076939,CRM
1024,CUS-001024,Oakmont Ingredients Manufacturing,Oakmont Ingredients Mfg,Startup,Meal Kit Producer,2,149,maya@oakmontingredients.example ,971-938-8616,Active,2024-04-02,75000.00,85-9140510,Legacy CRM
1025,CUS-001025,Crown Meal Systems Supply,Crown Meal Systems Supply,Mid-Market,Clinical Logistics,8,257,nina@crownmealsystemssu.example,720-929-9999,Active,2024-04-14,250000.00,77-7064827,CRM
1026,CUS-001026,Harbor Meal Systems Logistics,Harbo rMeal Systems Logistics,Startup,Specialty Grocery,9,67,owen@harbormealsystemsl.example,809-352-1401,Inactive,2025-03-10,250000.00,31-1436442,CRM
1027,CUS-001027,Trinity Ingredients Partners,Trinity Ingredients Partners,Enterprise,Beverage Distribution,3,234,fatima@trinityingredients.example,631-552-4016,Active,2025-01-19,150000.00,61-8750103,Legacy CRM
1028,CUS-001028,Cedar Dairy Manufacturing,Cedar Dairy Mfg,Mid-Market,Beverage Distribution,10,79,anika@cedardairymanufact.example,201-559-7890,Prospect,2024-07-25,75000.00,71-8298166,CRM
1029,CUS-001029,Summit Beverage Logistics,Summit Beverage Logistics,Startup,Specialty Grocery,9,7,rafael@summitbeveragelogi.example,205-552-7877,Active,2023-05-08,25000.00,33-2856674,CRM
1030,CUS-001030,Everfield Floral Logistics Foods,Everfield Flora lLogistics Foods,Startup,Cold-Chain Pharma,10,30,sofia@everfieldflorallog.example,606-251-3864,Active,2025-01-09,75000.00,80-2010727,CRM
1031,CUS-001031,Crown Floral Logistics Logistics,Crown Floral Logistics Logistics,Enterprise,Food Distribution,6,60,anika@crownflorallogisti.example,919-719-8373,Active,2024-12-08,100000.00,29-3779994,Trade Show Import
1032,CUS-001032,Helix Foods Manufacturing,Helix Foods Manufacturing,Regional,Specialty Grocery,9,119,elias@helixfoodsmanufact.example,645-458-7545,Active,2024-01-04,100000.00,86-7660417,CRM
1033,CUS-001033,Cardinal Foods Labs,Cardinal Foods Labs,Mid-Market,Cold-Chain Pharma,4,161,elias@cardinalfoodslabs.example,313-204-5972,Active,2024-03-12,250000.00,50-1945814,CRM
1034,CUS-001034,Summit Pet Nutrition Group,Summit Pet Nutrition Group,enterprise ,Specialty Grocery,10,79,talia@summitpetnutrition.example,580-631-1094,Active,2024-08-21,25000.00,40-4595717,Manual Entry
1035,CUS-001035,Meridian Pet Nutrition Foods,Merdiian Pet Nutrition Foods,enterprise ,Food Distribution,7,156,noah@meridianpetnutriti.example,463-642-2250,Active,2025-01-21,75000.00,37-3153945,Manual Entry
1036,CUS-001036,Lakeside Seafood Holdings,Lakeside Seafood Holdings,Enterprise,Specialty Grocery,4,295,hugo@lakesideseafoodhol.example,890-719-6930,active,2023-12-29,25000.00,64-8394300,Trade Show Import
1037,CUS-001037,Crescent Nutrition Manufacturing ,Crescent Nutrition Manufacturing,enterprise ,Cold-Chain Pharma,4,278,talia@crescentnutritionm.example,588-522-3288,Prospect,2025-07-21,250000.00,89-5200997,CRM
1038,CUS-001038,Trinity Biologics Group,Trinity Biologics Group,Regional,Meal Kit Producer,11,242,jonah@trinitybiologicsgr.example,721-574-4347,active,2024-12-23,150000.00,89-5611078,CRM
1039,CUS-001039,Lantern Ingredients Partners,Lantern Ingredients Partners,Enterprise,Meal Kit Producer,6,67,mateo@lanterningredients.example,(827) 204-2793,Active,2024-02-22,100000.00,99-6253015,CRM
1040,CUS-001040,Forge Seafood Foods,Forge Seafood Foods,Enterprise,Food Distribution,6,26,sofia@forgeseafoodfoods.example,863-631-9340,At Risk,2024-12-14,75000.00,40-1465788,Legacy CRM
1041,CUS-001041,Bluevale Cold Foods Logistics,Bluevale Cold Foods Logistics,Enterprise,Food Distribution,1,119,zara@bluevalecoldfoodsl.example,231-356-8240,Prospect,2025-03-29,150000.00,60-4730171,CRM
1042,CUS-001042,Aster Ingredients Co-op,Aster Ingredients Co-op,Enterprise,Meal Kit Producer,4,201,darren@asteringredientsco.example,632-397-9018,Active,2025-08-11,100000.00,37-1770812,CRM
1043,CUS-001043,Riverbend Cold Foods Holdings,Riverbend Cold Foods Holdings,Startup,Clinical Logistics,11,149,noah@riverbendcoldfoods.example,725-701-3341,Active,2024-01-10,50000.00,90-3063702,CRM
1044,CUS-001044,Forge Beverage Logistics,Forge Beverage Logistics,Regional,Food Distribution,8,201,darren@forgebeveragelogis.example,609-499-2945,Prospect,2023-10-01,100000.00,69-6651705,Legacy CRM
1045,CUS-001045,Granite Laboratories Holdings,Granite Laboratories Holdings,Enterprise,Beverage Distribution,10,226,nina@granitelaboratorie.example,373-699-5419,Active,2025-05-29,100000.00,26-9120014,Trade Show Import
1046,CUS-001046,Lantern Seafood Labs,Lantern Seafood Labs,Regional,Cold-Chain Pharma,8,79,anika@lanternseafoodlabs.example,890-747-9753,active,2024-04-20,75000.00,45-7701093,Trade Show Import
1047,CUS-001047,Cardinal Specialty Produce Logistics,Cardinal Specialty Produce Logistics,Mid-Market,Clinical Logistics,7,30,jonah@cardinalspecialtyp.example,967-597-1239,Active,2023-06-02,250000.00,62-8699915,Trade Show Import
1048,CUS-001048,Orchard Beverage Partners,Orchard Beverage Partners,Enterprise,Specialty Grocery,6,258,nina@orchardbeveragepar.example,N/A,Active,2023-12-05,250000.00,40-3641871,Legacy CRM
1049,CUS-001049,Mosaic Meal Systems Co-op,Mosaic Meal Systems Co-op,Startup,Cold-Chain Pharma,9,295,hugo@mosaicmealsystemsc.example,438-784-6949,Prospect,2024-03-14,75000.00,,CRM
1050,CUS-001050,Crown Pharma Partners,Crown Pharma Partners,enterprise ,Specialty Grocery,7,108,hugo@crownpharmapartner.example,276-722-5329,Active,2023-04-22,75000.00,78-5192677,CRM
1051,CUS-001051,Ardent Pet Nutrition Supply,Ardent Pet Nutrition Supply,Mid-Market,Clinical Logistics,8,240,ben@ardentpetnutrition.example,473-365-5346,At Risk,2025-04-02,25000.00,26-4334912,Trade Show Import
1052,CUS-001052,Meridian Foods Foods,Meridian Foods Foods,enterprise ,Specialty Grocery,8,193,jonah@meridianfoodsfoods.example,346-860-5399,Inactive,2024-04-03,150000.00,13-7349723,Legacy CRM
1053,CUS-001053,Bluevale Foods Holdings,Bluevale Foods Holdings,Mid-Market,Beverage Distribution,2,257,ben@bluevalefoodsholdi.example,760-619-6160,Active,2024-10-12,250000.00,95-1840309,Legacy CRM
1054,CUS-001054,Meridian Dairy Labs,Meridian Dairy Labs,enterprise ,Food Distribution,2,243,keiko@meridiandairylabs.example,539-261-4782,Active,2024-09-22,500000.00,86-1965161,CRM
1055,CUS-001055,Mosaic Nutrition Labs,Mosaic Nutrition Labs,Regional,Meal Kit Producer,11,68,miles@mosaicnutritionlab.example,918-713-7403,Active,2025-07-22,25000.00,43-2488006,CRM
1056,CUS-001056,Ardent Cold Foods Distribution,Ardent Cold Foods Distribution,Regional,Beverage Distribution,4,146,darren@ardentcoldfoodsdis.example,751-814-3347,Active,2024-02-13,500000.00,33-7379958,CRM
1057,CUS-001057,Crescent Nutrition Holdings,Crescent Nutrition Holdings,Mid-Market,Beverage Distribution,3,140,owen@crescentnutritionh.example,877-392-2063,Active,2025-07-03,150000.00,34-5074890,Legacy CRM
1058,CUS-001058,Westline Pet Nutrition Holdings,Westline Pet Nutrition Holdings,Regional,Meal Kit Producer,3,289,owen@westlinepetnutriti.example,330-894-4251,Active,2024-11-10,50000.00,77-8336621,Legacy CRM
1059,CUS-001059,Lakeside Meal Systems Co-op,Lakeside Meal Systems Co-op,Enterprise,Meal Kit Producer,3,57,owen@lakesidemealsystem.example,699-284-1859,Active,2024-01-15,500000.00,41-3021908,CRM
1060,CUS-001060,Riverbend Dairy Partners,Riverbend Dairy Partners ,Mid-Market,Meal Kit Producer,4,269,miles@riverbenddairypart.example,777-612-5593,Inactive,2023-06-13,150000.00,81-8788216,CRM
1061,CUS-001061,Cardinal Dairy Labs,Cardinal Dairy Labs,Enterprise,Meal Kit Producer,11,290,mateo@cardinaldairylabs.example,763-247-8954,At Risk,2023-10-20,150000.00,54-5108621,Trade Show Import
1062,CUS-001062,Harbor Foods Co-op,Harbor Foods Co-op,Mid-Market,Specialty Grocery,4,78,nina@harborfoodscoop.example,972-919-4492,Active,2024-12-13,75000.00, ,CRM
1063,CUS-001063,Cardinal Pharma Holdings,Cardinal Pharma Holdings,Mid-Market,Food Distribution,7,94,rafael@cardinalpharmahold.example,838-306-1919,Active,2024-12-12,500000.00,91-9847806,Manual Entry
1064,CUS-001064,GRANITE COLD FOODS LABS,Granite Cold Foods Labs,Enterprise,Clinical Logistics,8,218,anika@granitecoldfoodsla.example,741-689-4948,Prospect,2023-11-22,50000.00,25-2463648,Legacy CRM
1065,CUS-001065,Northwind Laboratories Manufacturing,Northwind Laboratories Manufacturing,Startup,Beverage Distribution,4,296,keiko@northwindlaborator.example,940-336-4000,Prospect,2024-04-03,50000.00,74-1676035,CRM
1066,CUS-001066,Lakeside Floral Logistisc Group,Lakeside Floral Logistics Group,enterprise ,Clinical Logistics,1,239,darren@lakesideflorallogi.example,574-208-8007,Active,2023-10-24,75000.00,87-4332406,Legacy CRM
1067,CUS-001067,Forge Meal Systems Labs,Forge Meal Systems Labs,Regional,Specialty Grocery,5,193,lena@forgemealsystemsla.example,956-610-3733,INACTIVE ,2025-09-17,25000.00,,CRM
1068,CUS-001068,Solace Nutrition Labs,Solace Nutrition Labs,Mid-Market,Clinical Logistics,10,290,ben.solacenutritionlab.example,205-987-9839,Inactive,2024-09-22,75000.00,79-4085339,CRM
1069,CUS-001069,Bluevale Ingredients Distribution,Bluevale Ingredients Distribution,Regional,Meal Kit Producer,3,12,avery@bluevaleingredient.example,317-262-5314,Active,2025-04-12,150000.00,73-5150686,CRM
1070,CUS-001070,Crown Beverage Partners,Crown Beverage Partners,Mid-Market,Meal Kit Producer,5,69,rina@crownbeveragepartn.example,752-440-8158,At Risk,2023-04-09,500000.00,14-1592399,Legacy CRM
1071,CUS-001071,Helix Nutrition Holdings,Helix Nutrition Holdings,Regional,Clinical Logistics,6,257,avery@helixnutritionhold.example,711-569-8089,Active,2025-01-22,75000.00,13-6435743,CRM
1072,CUS-001072,Everfield Laboratories Supply,Everfield Laboratories Supply,Startup,Specialty Grocery,6,193,sofia@everfieldlaborator.example,00797 298 7099,Active,2025-01-16,25000.00,61-4535146,CRM
1073,CUS-001073,Briar Dairy Logistics,Briar Dairy Logistics,enterprise ,Beverage Distribution,9,234,hugo@briardairylogistic.example,413-517-7340,INACTIVE ,2023-09-10,50000.00,43-4623040,CRM
1074,CUS-001074,Brightwell Beverage Holdings,Brightwell Beverage Holdings,Enterprise,Specialty Grocery,11,201,iris@brightwellbeverage.example,528-676-8597,Inactive,2025-06-11,25000.00,55-2156124,CRM
1075,CUS-001075,Oakmont Pharma Supply,Oakmont Pharma Supply,Regional,Beverage Distribution,5,39,zara@oakmontpharmasuppl.example,451-671-1644,Active,2025-03-09,25000.00,78-1317039,Legacy CRM
1076,CUS-001076,Crown Meal Systems Distribution,Crown Meal Systems Distribution,Enterprise,Meal Kit Producer,1,289,rina@crownmealsystemsdi.example,(582) 635-7866,Inactive,2025-08-18,50000.00,39-9448708,Legacy CRM
1077,CUS-001077,Crescent Nutrition Holdings,Crescent Nutrition Holdings,Regional,Beverage Distribution,9,67,hugo@crescentnutritionh.example,678-667-8760,Inactive,2024-03-18,25000.00,31-3966261,CRM
1078,CUS-001078,Everfield Specialty Produce Holdings,Everfield Specialty Produce Holdings,Enterprise,Food Distribution,8,296,darren@everfieldspecialty.example,772-502-2745,Active,2023-11-03,150000.00,95-4560693,CRM
1079,CUS-001079,Northwind Pharma Co-op,Northwind Pharma Co-op ,Enterprise,Specialty Grocery,4,290,avery@northwindpharmacoo.example,339-591-5444,Active,2023-01-19,150000.00,11-5330866,Manual Entry
1080,CUS-001080,Aster Ingredients Manufacturing,Aster Ingredients Mfg,Regional,Food Distribution,6,191,sofia@asteringredientsma.example,261-482-7112,Active,2025-04-07,250000.00,55-4162123,CRM
1081,CUS-001081,Summit Ingredients Logistics,Summit Ingredients Logistics,Enterprise,Food Distribution,9,165,rafael@summitingredientsl.example,812-529-6413,Inactive,2024-03-19,500000.00,45-2177045,CRM
1082,CUS-001082,Vantage Nutrition Co-op,Vantage Nutrition Co-op,Mid-Market,Food Distribution,2,310,lena@vantagenutritionco.example,352-646-3227,Inactive,2024-09-21,75000.00,41-2702410,Trade Show Import
1083,CUS-001083,Cedar Pet Nutrition Labs,Cedar Pet Nutrition Labs,enterprise ,Clinical Logistics,9,140,fatima@cedarpetnutritionl.example,720-901-9656,Active,2023-11-27,50000.00,00-0000000,CRM
1084,CUS-001084,Riverbend Meal Systems Manufacturing,Riverbend Meal Systems Manufacturing,enterprise ,Clinical Logistics,7,236,talia@riverbendmealsyste.example,253-301-8256,Prospect,2023-03-15,500000.00,79-4223391,CRM
1085,CUS-001085,Aster Dairy Distribution,Aster Dairy Distribution,Enterprise,Food Distribution,5,19,jonah@asterdairydistribu.example,246-692-9805,Active,2023-01-02,100000.00,30-6368039,CRM
1086,CUS-001086,Keystone Pharma Supply,Keystone Pharma Supply,enterprise ,Clinical Logistics,8,252,maya@keystonepharmasupp.example,661-554-1265,Active,2024-11-18,250000.00,68-9059187,CRM
1087,CUS-001087,Oakmont Floral Logistics Partners,Oakmont Floral Logistics Partners,enterprise ,Cold-Chain Pharma,10,240,miles@oakmontflorallogis.example,429-807-1267,At Risk,2023-10-30,25000.00,90-3894090,Legacy CRM
1088,CUS-001088,Briar Specialty Produce Distribution,Briar Specialty Produce Distribution,enterprise ,Meal Kit Producer,7,218,owen@briarspecialtyprod.example,439-599-3367,Prospect,2023-11-24,500000.00,51-2786955,Manual Entry
1089,CUS-001089,Brightwell Seafood Labs,Brightwell Seafood Labs,Regional,Specialty Grocery,8,280,ben@brightwellseafoodl.example,,Inactive,2025-05-20,150000.00,49-3006069,CRM
1090,CUS-001090,Aster Seafood Distribution,Aster Seafood Distribution,enterprise ,Meal Kit Producer,10,239,darren@asterseafooddistri.example,242-964-3519,Active,2023-10-17,500000.00,21-8439993,CRM
1091,CUS-001091,Cardinal Pet Nutrition Supply,Cardinal Pet Nutrition Supply,Enterprise,Food Distribution,8,105,rina@cardinalpetnutriti.example,634-201-4937,Active,2024-08-04,500000.00,48-3222649,Trade Show Import
1092,CUS-001092,Lantern Specialty Produce Group,Lantern Specialty Produce Group,enterprise ,Cold-Chain Pharma,1,190,owen@lanternspecialtypr.example,669-814-7855,Active,2025-06-07,150000.00,15-7530395,Trade Show Import
1093,CUS-001093,Orchard Pharma Partners,Orchard Pharma Partners,Mid-Market,Beverage Distribution,11,147,fatima@orchardpharmapartn.example ,338-469-3250,Inactive,2025-08-26,75000.00,33-6512059,CRM
1094,CUS-001094,Pioneer Biologics Supply,Pioneer Biologics Supply,Mid-Market,Clinical Logistics,2,105,owen@pioneerbiologicssu.example,209-518-8685,Prospect,2025-10-13,250000.00,81-7640673,CRM
1095,CUS-001095,Bluevale Ingredients Manufacturing,Bluevale Ingredients Manufacturing,Enterprise,Food Distribution,5,33,sofia@bluevaleingredient.example,507-536-1293,Inactive,2025-07-16,25000.00,17-3859842,CRM
1096,CUS-001096,Lantern Biologics Supply,Lantern Biologics Supply,Mid-Market,Food Distribution,5,12,miles@lanternbiologicssu.example,2407767957,active,2025-04-10,25000.00,74-7730631,Trade Show Import
1097,CUS-001097,Crescent Laboratories Foods,crescent laboratories foods,enterprise ,Meal Kit Producer,4,106,mateo@crescentlaboratori.example,882-880-4669,Active,2025-11-01,250000.00,90-2193406,CRM
1098,CUS-001098,Keystone Seafood Co-op,Keystone Seafood Co-op,enterprise ,Beverage Distribution,3,20,zara@keystoneseafoodcoo.example,570-270-5295,At Risk,2025-09-02,250000.00,64-3459472,CRM
1099,CUS-001099,EVERFIELD DAIRY LOGISTICS,Everfield Dairy Logistics,Enterprise,Meal Kit Producer,6,165,sofia@everfielddairylogi.example,586-257-9449,Active,2023-03-16,500000.00,43-1956089,CRM
1100,CUS-001100,Northwind Biologics Supply,Northwind Biologics Supply,Mid-Market,Beverage Distribution,8,146,priya@northwindbiologics.example,809-696-8267,Active,2024-03-08,100000.00,57-3503232,Legacy CRM
1101,CUS-001101,Riverbend Pharma Holdings,Riverbend Pharma Holdings,Regional,Food Distribution,4,226,keiko@riverbendpharmahol.example,552-528-5567,Active,2023-10-07,75000.00,39-1977376,CRM
1102,CUS-001102,Oakmont Pharma Labs,Oakmont Pharma Labs,Regional,Meal Kit Producer,2,266,ben@oakmontpharmalabs.example,934-343-3637,At Risk,2023-03-11,100000.00,86-3855654,Trade Show Import
1103,CUS-001103,Crescent Pet Nutrition Supply,Crescent Pet Nutrition Supply,Enterprise,Meal Kit Producer,1,174,fatima@crescentpetnutriti.example,633-388-4860,Active,2024-02-02,500000.00,16-9312877,Legacy CRM
1104,CUS-001104,Mosaic Foods Manufacturing,Mosaic Foods Manufacturing,Enterprise,Specialty Grocery,9,240,miles@mosaicfoodsmanufac.example,6263772945,Active,2024-01-14,150000.00,47-9665389,CRM
1105,CUS-001105,Forge Floral Logistics Foods,forge floral logistics foods,Enterprise,Clinical Logistics,4,119,ben@forgeflorallogisti.example,725-742-1938,At Risk,2023-11-30,500000.00,62-3714442,Trade Show Import
1106,CUS-001106,Brightwell Specialty Produce Supply,brightwell specialty produce supply,Regional,Cold-Chain Pharma,9,41,lena@brightwellspecialt.example,841-969-5823,Inactive,2025-05-01,100000.00,60-6003789,Trade Show Import
1107,CUS-001107,Northwind Cold Foods Group,Northwind Cold Foods Group,Regional,Cold-Chain Pharma,11,179,nina@northwindcoldfoods.example,626-572-3417,Active,2023-12-15,100000.00,64-6690496,CRM
1108,CUS-001108,Forge Beverage Foods,Forge Beverage Foods,Startup,Food Distribution,10,257,miles@forgebeveragefoods.example,458-943-6125,Inactive,2025-06-16,150000.00,37-7289540,CRM
1109,CUS-001109,Mosaic Pet Nutrition Manufacturing,Mosaic Pet Nutrition Manufacturing,enterprise ,Meal Kit Producer,1,273,rina@mosaicpetnutrition.example,620-666-8632,At Risk,2025-10-30,50000.00,93-1109375,Legacy CRM
1110,CUS-001110,Meridian Nutrition Distribution,Meridian Nutrition Distribution,Mid-Market,Food Distribution,3,252,talia@meridiannutritiond.example,783-233-3094,Inactive,2024-12-01,250000.00,87-5801854,CRM
1111,CUS-001111,Cobalt Seafood Holdings,Cobalt Seafood Holdings,Regional,Beverage Distribution,4,258,fatima@cobaltseafoodholdi.example,00243 291 8494,Active,2025-01-25,100000.00,16-4974751,CRM
1112,CUS-001112,Crescent Laboratories Labs,Crescent Laboratories Labs,Regional,Clinical Logistics,4,19,mateo@crescentlaboratori.example,299-884-5406,Active,2023-11-10,25000.00,70-2617772,Legacy CRM
1113,CUS-001113,Forge Laboratories Group,Forge Laboratories Group ,enterprise ,Meal Kit Producer,10,254,nina@forgelaboratoriesg.example,987-240-5736,Active,2024-03-23,500000.00,26-7687345,Manual Entry
1114,CUS-001114,Riverbend Foods Holdings,Riverbend Foods Holdings,Enterprise,Specialty Grocery,6,78,avery@riverbendfoodshold.example,404-250-3922,Inactive,2025-07-21,75000.00,45-7995438,Legacy CRM
1115,CUS-001115,Oakmont Specialty Produce Logistics,Oakmont Specialty Produce Logistics,Mid-Market,Food Distribution,5,68,zara@oakmontspecialtypr.example,898-307-9916,Active,2024-12-19,50000.00,33-3290839,CRM
1116,CUS-001116,Pioneer Pharma Distribution,Pioneer Pharma Dist.,Startup,Beverage Distribution,11,262,hugo@pioneerpharmadistr.example,869-231-6469,Prospect,2024-12-02,250000.00,46-8211411,Legacy CRM
1117,CUS-001117,Mosaic Beverage Holdings,Mosaic Beverage Holdings,Enterprise,Cold-Chain Pharma,2,12,hugo@mosaicbeveragehold.example,232-773-6570,Active,2025-02-18,500000.00,84-3529401,Legacy CRM
1118,CUS-001118,Orchard Beverage Manufacturing,Orchard Beverage Manufacturing,Mid-Market,Clinical Logistics,11,22,elias@orchardbeverageman.example,433-392-5305,Active,2023-12-11,500000.00,29-9165395,Legacy CRM
1119,CUS-001119,Mosaic Foods Supply,Mosaic Foods Supply,Mid-Market,Food Distribution,11,267,darren@mosaicfoodssupply.example,429-745-7882,Active,2025-09-27,150000.00,PENDING,CRM
1120,CUS-001120,Northwind Pet Nutrition Foods,Northwind Pet Nutrition Foods,enterprise ,Food Distribution,1,278,,580-499-2663,Active,2025-07-31,500000.00,91-2118484,CRM
1121,CUS-001121,Briar Dairy Partners,Briar Dairy Partners,Regional,Food Distribution,5,245,priya@briardairypartners.example ,632-549-2185,Active,2024-08-10,250000.00,44-8621310,Legacy CRM
1122,CUS-001122,Bluevale Beverage Labs,Bluevale Beverage Labs,Startup,Meal Kit Producer,3,234,elias@bluevalebeveragela.example,685-532-9932,Active,2023-07-27,150000.00,30-7696384,CRM
1123,CUS-001123,Cardinal Floral Logistics Co-op,Cardinal Floral Logistics Co-op,Enterprise,Cold-Chain Pharma,5,121,owen@cardinalflorallogi.example,(504) 728-7597,Active,2024-05-30,75000.00,84-9299239,CRM
1124,CUS-001124,Orchard Nutrition Logistics,Orchard Nutrition Logistics,Enterprise,Clinical Logistics,3,119,rafael@orchardnutritionlo.example,798-697-2716,Prospect,2025-04-27,25000.00,91-2470454,Legacy CRM
1125,CUS-001125,Westline Pet Nutrition Holdings,Westline Pet Nutrition Holdings,Enterprise,Food Distribution,3,15,noah@westlinepetnutriti.example,810-423-7742,Active,2024-10-28,150000.00,80-5103709,CRM
1126,CUS-001126,Forge Cold Foods Group,Forge Cold Foods Group,Mid-Market,Food Distribution,10,20,talia@forgecoldfoodsgrou.example,666-627-7547,INACTIVE ,2024-07-27,250000.00,89-2726125,CRM
1127,CUS-001127,Ardent Cold Foods Labs,Ardent Cold Foods Labs,Regional,Meal Kit Producer,9,60,fatima@ardentcoldfoodslab.example,708-390-5669,Active,2024-06-12,50000.00,79-3269461,CRM
1128,CUS-001128,Harbor Cold Foods Co-op,Harbor Cold Foods Co-op,enterprise ,Meal Kit Producer,1,106,lena@harborcoldfoodscoo.example,305-648-6233,Active,2023-04-13,75000.00,49-1974884,Legacy CRM
1129,CUS-001129,Aster Biologics Logistics,Aster Biologics Logistics,Startup,Food Distribution,5,68,mateo@asterbiologicslogi.example,747-637-8986,Active,2023-03-31,250000.00,72-4558781,Legacy CRM
1130,CUS-001130,Harbor Foods Distribution,Harbor Foods Distribution,Mid-Market,Clinical Logistics,7,240,zara@harborfoodsdistrib.example,901-636-8731,Active,2025-10-18,25000.00,71-4955773,Trade Show Import
1131,CUS-001131,Northwind Meal Systems Co-op,Northwind Meal Systems Co-op,Startup,Clinical Logistics,4,152,ben@northwindmealsyste.example,808-321-2323,Active,2025-05-06,150000.00,30-5902079,CRM
1132,CUS-001132,Helix Pet Nutrition Group,Helxi Pet Nutrition Group,enterprise ,Cold-Chain Pharma,8,243,darren@helixpetnutritiong.example ,437-839-7378,Active,2024-10-23,25000.00,91-9601057,CRM
1133,CUS-001133,Westline Pharma Co-op ,Westline Pharma Co-op,Mid-Market,Specialty Grocery,1,41,priya@westlinepharmacoop.example,866-883-7576,Active,2025-07-18,150000.00,88-4524038,CRM
1134,CUS-001134,helix meal systems foods,Helix Meal Systems Foods,Regional,Meal Kit Producer,5,290,nina@helixmealsystemsfo.example,283-744-6045,Active,2025-08-14,50000.00,71-3964808,Legacy CRM
1135,CUS-001135,Cobalt Pet Nutrition Foods,Cobalt Pet Nutrition Foods,Regional,Specialty Grocery,8,248,avery@cobaltpetnutrition.example,980-425-8288,Prospect,2025-07-25,250000.00,58-9868415,Manual Entry
1136,CUS-001136, Orchard Beverage Partners,Orchard Beverage Partners,Mid-Market,Meal Kit Producer,5,82,maya@orchardbeveragepar.example ,971-942-5348,Active,2025-01-02,75000.00,57-9834027,CRM
1137,CUS-001137,Trinity Specialty Produce Logistics,Trinity Specialty Produce Logistics,Mid-Market,Specialty Grocery,1,295,caleb@trinityspecialtypr.example,382-306-6409,Active,2024-12-19,75000.00,PENDING,CRM
1138,CUS-001138,Ardent Laboratories Logistics,Ardent Laboratories Logistics,enterprise ,Cold-Chain Pharma,7,146,nina@ardentlaboratories.example,507-749-2799,Active,2025-07-27,150000.00,35-4835512,CRM
1139,CUS-001139,Forge Pharma Manufacturing,Forge Pharma Mfg,Startup,Clinical Logistics,3,121,jonah@forgepharmamanufac.example,252-269-9879,Active,2023-11-22,500000.00,92-5111640,Legacy CRM
1140,CUS-001140,Meridian Specialty Produce Co-op,Meridian Specialty Produce Co-op,Mid-Market,Specialty Grocery,6,234,avery@meridianspecialtyp.example,320-329-5090,Active,2023-08-02,500000.00,56-8539509,CRM
1141,CUS-001141,Crown Pharma Foods,Crown Pharma Foods,Mid-Market,Cold-Chain Pharma,6,33,maya@crownpharmafoods.example,981-510-3254,Active,2024-05-27,75000.00,16-2291623,Legacy CRM
1142,CUS-001142,Cobalt Dairy Holdings,Cobalt Dairy Holdings,enterprise ,Food Distribution,10,119,elias@cobaltdairyholding.example,678-876-9750,Prospect,2023-12-02,25000.00,56-5177872,Trade Show Import
1143,CUS-001143,Orchard Biologics Group,Orchard Biologics Group,enterprise ,Specialty Grocery,5,290,talia@orchardbiologicsgr.example,822-603-4341,Inactive,2023-11-23,75000.00,57-1727508,CRM
1144,CUS-001144,Pioneer Dairy Manufacturing,Pioneer Dairy Manufacturing,Mid-Market,Meal Kit Producer,8,252,rina@pioneerdairymanufa.example,851-923-1404,Inactive,2024-01-01,250000.00,45-3748417,CRM
1145,CUS-001145,pioneer beverage labs,Pioneer Beverage Labs,Enterprise,Beverage Distribution,11,119,hugo@pioneerbeveragelab.example,866-385-4135,At Risk,2025-02-22,500000.00,19-3405503,CRM
1146,CUS-001146,BRIAR SPECIALTY PRODUCE DISTRIBUTION,Briar Specialty Produce Distribution,enterprise ,Clinical Logistics,7,108,sofia@briarspecialtyprod.example,00788 472 9528,Prospect,2024-06-29,250000.00,13-3666656,Legacy CRM
1147,CUS-001147,Lantern Pharma Group,Lantern Pharma Group,Mid-Market,Clinical Logistics,8,278,jonah@lanternpharmagroup.example,(706) 371-5857,Active,2024-05-01,50000.00,17-8707410,CRM
1148,CUS-001148,Pioneer Nutrition Partners,Pioneer Nutrition Partners,enterprise ,Beverage Distribution,7,12,nina@pioneernutritionpa.example,954-645-6916,At Risk,2023-06-12,75000.00,35-4155082,CRM
1149,CUS-001149,Solace Beverage Distribution,Solace Beverage Dist.,Regional,Beverage Distribution,4,191,mateo@solacebeveragedist.example,902-271-2081,At Risk,2024-11-15,50000.00,31-8445264,CRM
1150,CUS-001150,Meridian Biologics Holdings,Meridian Biologics Holdings,Enterprise,Meal Kit Producer,1,152,jonah@meridianbiologicsh.example,373-623-5501,Inactive,2023-12-28,100000.00,91-6719660,Legacy CRM
1151,CUS-001151,Granite Beverage Manufacturing,Granite Beverage Manufacturing,Mid-Market,Cold-Chain Pharma,1,299,lena@granitebeverageman.example,591-220-7979,At Risk,2025-01-05,500000.00,52-9239604,CRM
1152,CUS-001152,Cedar Seafood Distribution,Cedar Seafood Distribution,Regional,Beverage Distribution,10,258,anika@cedarseafooddistri.example,334-651-2685,Prospect,2024-07-17,250000.00,55-3331898,CRM
1153,CUS-001153,Oakmont Nutrition Labs,Oakmont Nutrition Labs,Regional,Meal Kit Producer,1,78,keiko@oakmontnutritionla.example,930-731-1453,active,2025-10-01,75000.00,16-1117842,CRM
1154,CUS-001154,Aster Pharma Co-op,ASTER PHARMA CO-OP,Regional,Beverage Distribution,6,258,rafael@asterpharmacoop.example,203-470-6143,Active,2023-04-05,150000.00,46-5606782,CRM
1155,CUS-001155,Westline Biologics Logistics,Westline Biologics Logistics,Regional,Clinical Logistics,1,179,nina@westlinebiologicsl.example,203-930-1580,Active,2025-10-16,150000.00,77-3923805,CRM
1156,CUS-001156,Forge Laboratories Co-op,Forge Laboratories Co-op,Startup,Clinical Logistics,9,210,maya@forgelaboratoriesc.example,869-294-7379,Active,2024-12-27,25000.00,31-7957152,CRM
1157,CUS-001157,Mosaic Ingredients Logistics,Mosaic Ingredients Logistics,Startup,Cold-Chain Pharma,9,262,jonah@mosaicingredientsl.example,284-584-5054,Active,2023-05-18,75000.00,25-3334209,CRM
1158,CUS-001158,Granite Foods Supply,Granite Foods Supply,Startup,Beverage Distribution,7,108,darren@granitefoodssupply.example,867-735-7057,Active,2025-06-24,250000.00,77-7601294,Trade Show Import
1159,CUS-001159,Harbor Dairy Co-op,Harbor Dairy Co-op,Startup,Meal Kit Producer,9,60,ben@harbordairycoop.example,209-739-6592,Active,2023-06-13,250000.00,99-6654075,CRM
1160,CUS-001160,Summit Nutrition Partners,Summit Nutrition Partners,Regional,Meal Kit Producer,9,108,owen@summitnutritionpar.example ,268-748-4066,Active,2025-07-08,25000.00,51-6573965,Legacy CRM
1161,CUS-001161,Harbor Seafood Labs,Harbor Seafood Labs,Mid-Market,Clinical Logistics,3,252,lena@harborseafoodlabs.example,235-733-1348,Active,2023-08-28,50000.00,80-2057913,Trade Show Import
1162,CUS-001162,Solace Beverage Group,Solace Beverage Group ,enterprise ,Clinical Logistics,11,15,owen@solacebeveragegrou.example,393-858-7384,Prospect,2025-06-07,150000.00,13-4073740,CRM
1163,CUS-001163,Granite Cold Foods Distribution ,Granite Cold Foods Distribution,Startup,Cold-Chain Pharma,6,140,fatima@granitecoldfoodsdi.example,767-497-1788,Active,2023-12-06,25000.00,62-7361901,Trade Show Import
1164,CUS-001164,Westline Meal Systems Group,Westline Meal Systems Group,enterprise ,Cold-Chain Pharma,10,296,noah@westlinemealsystem.example,867-818-9256,Active,2025-02-24,250000.00,PENDING,CRM
1165,CUS-001165,Cobalt Floral Logistics Foods,Cobalt Floral Logistics Foods,enterprise ,Food Distribution,3,220,maya@cobaltflorallogist.example,261-844-6104,Inactive,2024-01-25,250000.00,70-2594172,Trade Show Import
1166,CUS-001166,Briar Pet Nutrition Foods,Briar Pet Nutrition Foods,enterprise ,Specialty Grocery,6,239,keiko@briarpetnutritionf.example,859-435-7999,Active,2023-11-28,250000.00,90-9086061,CRM
1167,CUS-001167,Brightwell Specialty Produce Supply,Brightwell Specialty Produce Supply,Startup,Clinical Logistics,2,231,zara@brightwellspecialt.example,607-915-1868,Active,2025-08-01,150000.00,58-4190654,CRM
1168,CUS-001168,Vantage Pharma Co-op,Vantage Pharma Co-op,enterprise ,Cold-Chain Pharma,1,190,priya@vantagepharmacoop.example,719-386-6966,Inactive,2025-06-19,50000.00,72-9659259,CRM
1169,CUS-001169,Vantage Meal Systems Labs,Vantage Meal Systems Labs,Mid-Market,Cold-Chain Pharma,7,20,,754-281-6783,Active,2024-08-04,150000.00,76-2048757,Trade Show Import
1170,CUS-001170,Oakmont Foods Logistics,Oakmont Foods Logistics,Regional,Meal Kit Producer,10,67,rina@oakmontfoodslogist.example,320-799-1123,Active,2024-01-10,25000.00,39-9711687,CRM
1171,CUS-001171,Everfield Beverage Manufacturing,Everfield Beverage Mfg,Mid-Market,Beverage Distribution,7,280,avery@everfieldbeveragem.example,961-435-8893,Active,2025-02-18,100000.00,45-6891768,CRM
1172,CUS-001172,Crescent Meal Systems Supply,Crescent Meal Systems Supply,Startup,Meal Kit Producer,1,22,miles@crescentmealsystem.example,644-668-3805,Inactive,2025-09-01,250000.00,96-3676254,CRM
1173,CUS-001173,Oakmont Cold Foods Holdings,Oakmont Cold Foods Holdings,Regional,Specialty Grocery,11,210,iris@oakmontcoldfoodsho.example,,Active,2024-12-20,25000.00,88-9183495,CRM
1174,CUS-001174,Vantage Pharma Labs,Vantage Pharma Labs,enterprise ,Cold-Chain Pharma,5,174,miles@vantagepharmalabs.example,602-218-5714,active,2025-09-11,500000.00,30-1333447,Manual Entry
1175,CUS-001175,Lantern Ingredients Group,Lantern Ingredients Group,Enterprise,Cold-Chain Pharma,11,57,nina@lanterningredients.example,875-489-5660,active,2023-06-05,250000.00,12-6828068,CRM
1176,CUS-001176,Everfield Dairy Manufacturing, Everfield Dairy Manufacturing,enterprise ,Specialty Grocery,5,57,jonah@everfielddairymanu.example,,At Risk,2023-06-17,250000.00,85-3959125,CRM
1177,CUS-001177,Northwind Beverage Holdings,Northwind Beverage Holdings,Mid-Market,Food Distribution,6,108,hugo@northwindbeverageh.example,660-643-8367,Active,2023-01-31,150000.00,30-1414631,CRM
1178,CUS-001178,Brightwell Foods Supply,Brightwell Foods Supply,enterprise ,Meal Kit Producer,10,19,keiko@brightwellfoodssup.example,384-468-7922,Active,2025-07-04,50000.00,10-8598473,Trade Show Import
1179,CUS-001179,Vantage Cold Foods Holdings,Vantage Cold Foods Holdings,Startup,Food Distribution,7,295,priya@vantagecoldfoodsho.example,627-241-43,Active,2023-09-27,500000.00,53-6924309,Manual Entry
1180,CUS-001180,Summit Specialty Produce Logistics,Summit Specialty Produce Logistics,enterprise ,Cold-Chain Pharma,4,299,owen@summitspecialtypro.example,677-792-9189,Active,2025-08-19,25000.00,90-5213897,CRM
1181,CUS-001181,Crown Biologics Holdings,Crown Biologics Holdings,Mid-Market,Specialty Grocery,7,191,hugo@crownbiologicshold.example,487-507-2731,Inactive,2025-01-22,25000.00,62-2380185,Legacy CRM
1182,CUS-001182,Briar Laboratories Labs,Briar Laboratories Labs,Mid-Market,Cold-Chain Pharma,8,83,iris@briarlaboratoriesl.example,320-313-1831,Active,2023-05-26,150000.00,32-7005943,CRM
1183,CUS-001183,Crown Pharma Logistics,Crown Pharma Logistics,enterprise ,Clinical Logistics,10,128,ben@crownpharmalogisti.example,,Active,2023-10-29,50000.00,41-3266135,CRM
1184,CUS-001184,Mosaic Specialty Produce Co-op,Mosaic Specialty Produce Co-op,enterprise ,Beverage Distribution,10,266,jonah@mosaicspecialtypro.example,673-973-4069,Active,2023-01-18,75000.00,86-4675106,Legacy CRM
1185,CUS-001185,Cobalt Pharma Holdings,Cobalt Pharma Holdings,Startup,Specialty Grocery,5,257,hugo@cobaltpharmaholdin.example,379.609.9712,Active,2024-07-06,250000.00,10-8492995,CRM
1186,CUS-001186,Cardinal Foods Holdings,Cardinal Foods Holdings,Enterprise,Cold-Chain Pharma,10,161,,437-485-3582,Active,2023-09-19,50000.00,97-3775180,CRM
1187,CUS-001187,Bluevale Laboratories Group,Bluevale Laboratories Group,Enterprise,Beverage Distribution,5,193,iris@bluevalelaboratori.example,359-550-2674,Active,2023-02-18,150000.00,57-4339408,Manual Entry
1188,CUS-001188,Vantage Biologics Supply,Vantage Biologics Supply,Regional,Specialty Grocery,2,262,sofia@vantagebiologicssu.example,928-538-2652,Active,2023-02-19,100000.00,35-7012629,Trade Show Import
1189,CUS-001189,Aster Dairy Supply,Aster Dairy Supply ,Startup,Food Distribution,10,78,priya@asterdairysupply.example,984-649-3303,Active,2025-08-04,25000.00,78-8364568,CRM
1190,CUS-001190,Crown Specialty Produce Foods,Crown Specialty Produce Foods,Regional,Specialty Grocery,8,241,anika@crownspecialtyprod.example,458-626-7608,At Risk,2025-07-07,250000.00,56-8488197,Manual Entry
1191,CUS-001191,Cobalt Biologics Logistics,cobalt biologics logistics,Startup,Clinical Logistics,11,19,jonah@cobaltbiologicslog.example,627-398-5912,Inactive,2024-08-11,75000.00,91-3968162,CRM
1192,CUS-001192,Bluevale Foods Foods,Bluevale Foods Foods,enterprise ,Food Distribution,8,183,iris@bluevalefoodsfoods.example,561-559-3539,Inactive,2023-05-08,50000.00,23-1900968,CRM
1193,CUS-001193,Orchard Meal Systems Partners,Orchard Meal Systems Partners,Startup,Cold-Chain Pharma,6,280,caleb@orchardmealsystems.example,694-759-8427,active,2023-09-06,75000.00,26-6229133,Legacy CRM
1194,CUS-001194,Trinity Nutrition Partners,Trinity Nutrition Partners,enterprise ,Clinical Logistics,3,19,noah@trinitynutritionpa.example,887-226-2023,Active,2023-03-13,250000.00,77-9773675,CRM
1195,CUS-001195,Lantern Specialty Produce Logistics,Lantern Specialty Produce Logistics,enterprise ,Beverage Distribution,10,179,rina@lanternspecialtypr.example,259-347-6429,At Risk,2023-05-28,150000.00,85-1839266,CRM
1196,CUS-001196,pioneer cold foods labs,Pioneer Cold Foods Labs,Startup,Food Distribution,11,174,darren@pioneercoldfoodsla.example,671-821-3530,At Risk,2023-01-22,250000.00,71-1811057,CRM
1197,CUS-001197,Briar Laboratories Foods,BRIAR LABORATORIES FOODS,Regional,Food Distribution,5,248,lena@briarlaboratoriesf.example,782-868-2542,Active,2023-06-15,25000.00,42-1566461,Trade Show Import
1198,CUS-001198,Pioneer Beverage Distribution,pioneer beverage distribution,Startup,Food Distribution,4,108,caleb@pioneerbeveragedis.example,814-776-5393,Active,2024-05-14,75000.00,26-4744942,CRM
1199,CUS-001199,Solace Cold Foods Labs,Solace Cold Foods Labs,enterprise ,Cold-Chain Pharma,11,30,rafael@solacecoldfoodslab.example,799-531-5124,Prospect,2023-04-06,75000.00,62-4320991,CRM
1200,CUS-001200,Solace Biologics Supply,Solace Biologics Supply,Enterprise,Specialty Grocery,6,68,miles@solacebiologicssup.example,344-968-2747,Prospect,2024-09-03,150000.00,53-4833899,Legacy CRM
1201,CUS-001201,Solace Beverage Partners,Solace Beverage Partners,Enterprise,Specialty Grocery,3,165,darren@solacebeveragepart.example,679-648-1108,Active,2023-04-29,75000.00,87-6233831,CRM
1202,CUS-001202,Helix Beverage Co-op,Helix Beverage Co-op,Enterprise,Meal Kit Producer,2,161,darren@helixbeveragecoop.example,387-205-7852,At Risk,2025-01-11,500000.00,78-3099061,Manual Entry
1203,CUS-001203,Orchard Meal Systems Manufacturing,Orchard Meal Systems Manufacturing,Regional,Food Distribution,10,14,jonah@orchardmealsystems.example,835-412-4117,Active,2023-04-30,150000.00,58-5798610,CRM
1204,CUS-001204,Ardent Seafood Supply,Ardent Seafood Supply,Enterprise,Cold-Chain Pharma,8,105,hugo@ardentseafoodsuppl.example,745-409-35,Active,2024-07-12,100000.00,97-3697789,Trade Show Import
1205,CUS-001205,Brightwell Specialty Produce Manufacturing,Brightwell Specialty Produce Mfg,Startup,Specialty Grocery,5,190,zara@brightwellspecialt.example,345-557-6708,At Risk,2024-03-26,50000.00,59-2243728,Manual Entry
1206,CUS-001206,Brightwell Laboratories Foods,Brightwell Laboratories Foods,Startup,Food Distribution,7,147,lena@brightwelllaborato.example,664-848-3439,Active,2025-09-29,150000.00,38-2798491,CRM
1207,CUS-001207,Orchard Seafood Co-op,Orchard Seafood Co-op,enterprise ,Cold-Chain Pharma,8,262,zara@orchardseafoodcoop.example,708-748-5494,Active,2023-06-09,25000.00,42-8036738,Legacy CRM
1208,CUS-001208,Summit Pet Nutrition Group,Summit Pet Nutrition Group,Enterprise,Clinical Logistics,5,20,fatima@summitpetnutrition.example,439-648-8141,Active,2024-06-01,50000.00,47-4402677,CRM
1209,CUS-001209,Cedar Cold Foods Foods,Cedar Cold Foods Foods,enterprise ,Meal Kit Producer,5,239,mateo@cedarcoldfoodsfood.example,833-761-4370,Active,2025-01-28,500000.00,11-2661056,Trade Show Import
1210,CUS-001210,Trinity Cold Foods Labs,Trinity Cold Foods Labs,Regional,Specialty Grocery,7,33,owen@trinitycoldfoodsla.example,694-642-3293,Active,2025-05-12,150000.00,87-8084212,CRM
1211,CUS-001211,Meridian Floral Logistics Co-op,Meridian Floral Logistics Co-op,Startup,Specialty Grocery,2,20,elias@meridianflorallogi.example,980-640-4498,Prospect,2025-02-01,100000.00,39-3436255,CRM
1212,CUS-001212,Oakmont Biologics Supply,Oakmont Biologics Supply,Regional,Clinical Logistics,7,289,priya@oakmontbiologicssu.example,307-685-3566,Active,2024-03-22,25000.00,93-1679598,Legacy CRM
1213,CUS-001213,Aster Pharma Co-op,Aster Pharma Co-op,Mid-Market,Meal Kit Producer,7,243,,559-795-5360,Active,2025-03-30,50000.00,12-6787707,CRM
1214,CUS-001214,Bluevale Dairy Co-op,Bluevale Dairy Co-op,Mid-Market,Clinical Logistics,7,248,zara@bluevaledairycoop.example,663-508-5822,Active,2025-08-31,75000.00,80-1044711,CRM
1215,CUS-001215,Riverbend Dairy Group,Riverbend Dairy Group,enterprise ,Beverage Distribution,9,240,sofia@riverbenddairygrou.example,955-870-4074,Active,2025-09-21,25000.00,74-6739029,CRM
1216,CUS-001216,Brightwell Pet Nutrition Logistics,Brightwell Pet Nutrition Logistics,Enterprise,Beverage Distribution,7,231,lena@brightwellpetnutri.example,653-729-1351,active,2024-01-17,75000.00,89-9326319,CRM
1217,CUS-001217,CARDINAL SPECIALTY PRODUCE CO-OP,Cardinal Specialty Produce Co-op,Mid-Market,Clinical Logistics,2,152,noah@cardinalspecialtyp.example,(229) 635-2375,Active,2025-11-01,100000.00,16-4729401,CRM
1218,CUS-001218,Oakmont Pet Nutrition Distribution,Oakmont Pet Nutrition Distribution,Mid-Market,Specialty Grocery,7,296,priya@oakmontpetnutritio.example,943-989-1258,At Risk,2023-07-19,75000.00,61-6522260,CRM
1219,CUS-001219,Riverbend Specialty Produce Labs,Riverbend Specialty Produce Labs,Mid-Market,Meal Kit Producer,3,146,lena@riverbendspecialty.example,755-737-5293,active,2025-04-06,50000.00,60-4292982,CRM
1220,CUS-001220,Westline Pet Nutrition Co-op,Westline Pet Nutrition Co-op,Regional,Cold-Chain Pharma,10,269,mateo@westlinepetnutriti.example,844-657-2441,Active,2023-05-21,500000.00,88-5123258,CRM
1221,CUS-001221,Lantern Biologics Co-op,Lantern Biologics Co-op,enterprise ,Cold-Chain Pharma,5,78,avery@lanternbiologicsco.example,328-524-2715,Active,2023-08-15,75000.00,56-9159747,CRM
1222,CUS-001222,Summit Meal Systems Group,Summit Meal Systems Group,Startup,Beverage Distribution,5,249,lena@summitmealsystemsg.example,457-657-9254,Active,2025-03-28,150000.00,44-8445326,CRM
1223,CUS-001223,Meridian Specialty Produce Manufacturing,Meridian Specialty Produce Manufacturing,Mid-Market,Specialty Grocery,4,20,keiko@meridianspecialtyp.example,771-595-1445,Active,2024-02-12,75000.00,55-2457751,CRM
1224,CUS-001224,Crescent Biologics Labs,Crescent Biologics Labs,enterprise ,Food Distribution,8,156,maya@crescentbiologicsl.example,555-635-5224,Active,2023-04-01,75000.00,16-3807171,Legacy CRM
1225,CUS-001225,Helix Beverage Holdings,Helix Beverage Holdings,enterprise ,Food Distribution,2,68,zara@helixbeverageholdi.example,945-872-4325,Active,2023-08-16,100000.00,26-3359585,Legacy CRM
1226,CUS-001226,Forge Pet Nutrition Holdings,Forge Pet Nutrition Holdings,Startup,Food Distribution,11,30,jonah@forgepetnutritionh.example,760-819-4699,Active,2024-05-13,500000.00,83-8519301,Manual Entry
1227,CUS-001227,Crown Specialty Produce Distribution,Crown Specialty Produce Distribution,Enterprise,Meal Kit Producer,2,19,,472-350-2861,Inactive,2023-10-09,250000.00,58-2021916,Trade Show Import
1228,CUS-001228,Granite Pet Nutrition Logistics,Granite Pet Nutrition Logistics,Startup,Specialty Grocery,9,278,owen@granitepetnutritio.example,848-835-9308,Active,2025-08-02,250000.00,48-9551576,Legacy CRM
1229,CUS-001229,Ardent Biologics Partners,Ardent Biologics Partners,Enterprise,Meal Kit Producer,6,140,ben@ardentbiologicspar.example,456-712-3330,Active,2023-10-07,500000.00,66-3928448,CRM
1230,CUS-001230,Trinity Floral Logistics Foods,Trinity Floral Logistics Foods,Regional,Specialty Grocery,10,295,lena@trinityflorallogis.example,296-446-5305,Active,2025-05-29,25000.00,76-3221092,CRM
1231,CUS-001231,Harbor Pharma Partners,Harbor Pharma Partners,Mid-Market,Clinical Logistics,3,241,talia@harborpharmapartne.example,248-987-2850,Active,2023-01-04,25000.00,50-2003177,Legacy CRM
1232,CUS-001232,Vantage Biologics Co-op,Vantage Biologics Co-op,Startup,Cold-Chain Pharma,9,68,ben@vantagebiologicsco.example,689-609-7728,Active,2024-03-05,500000.00,92-2957098,CRM
1233,CUS-001233,Crown Pharma Logistics,Crown Pharma Logistics,Mid-Market,Meal Kit Producer,6,119,fatima@crownpharmalogisti.example,751-679-7224,Active,2025-08-17,150000.00,70-3222631,CRM
1234,CUS-001234,Crown Floral Logistics Distribution,Crown Floral Logistics Distribution,Startup,Clinical Logistics,11,165,anika@crownflorallogisti.example,777-285-2278,Active,2025-10-13,150000.00,55-5995648,CRM
1235,CUS-001235,Cardinal Nutrition Distribution,Cardinal Nutrition Distribution,enterprise ,Meal Kit Producer,3,161,lena@cardinalnutritiond.example,203-893-7644,Active,2025-06-30,250000.00,24-8146773,Legacy CRM
1236,CUS-001236,Cardinal Pet Nutrition Holdings,Cardinal Pet Nutrition Holdings,Regional,Cold-Chain Pharma,9,12,lena@cardinalpetnutriti.example,968-879-2034,Active,2024-01-15,75000.00,58-8651000,Legacy CRM
1237,CUS-001237,Cobalt Pet Nutrition Foods,Cobalt Pet Nutrition Foods,enterprise ,Cold-Chain Pharma,8,262,talia@cobaltpetnutrition.example,4324087386,Active,2024-01-20,500000.00,18-5645143,CRM
1238,CUS-001238,Bluevale Mela Systems Logistics,BLUEVALE MEAL SYSTEMS LOGISTICS,Enterprise,Beverage Distribution,10,121,keiko@bluevalemealsystem.example,564-811-7960,Active,2025-04-28,250000.00,65-9225942,CRM
1239,CUS-001239,Cedar Floral Logistics Partners,Cedar Floral Logistics Partners,enterprise ,Beverage Distribution,10,267,zara@cedarflorallogisti.example,224-319-2126,Active,2023-06-20,150000.00,66-3493071,CRM
1240,CUS-001240,Brightwell Specialty Produce Labs,Brightwell Specialty Produce Labs,Mid-Market,Meal Kit Producer,2,146,nina@brightwellspecialt.example,366-870-9474,INACTIVE ,2024-03-27,150000.00,36-5331153,Manual Entry
1241,CUS-001241,Briar Beverage Manufacturing,Briar Beverage Manufacturing,Mid-Market,Beverage Distribution,1,57,lena@briarbeveragemanuf.example,461-312-2639,Prospect,2024-09-09,75000.00,76-7190447,CRM
1242,CUS-001242,Riverbend Meal Systems Distribution,Riverbend Meal Systems Distribution,Enterprise,Cold-Chain Pharma,4,226,priya@riverbendmealsyste.example,718-645-8475,Active,2024-06-20,250000.00,66-9859577,CRM
1243,CUS-001243,Granite Seafood Foods,Granite Seafood Foods,Startup,Beverage Distribution,10,106,rafael@graniteseafoodfood.example,964-947-3589,Active,2023-06-20,150000.00,33-5979674,Legacy CRM
1244,CUS-001244,Harbor Pet Nutrition Distribution,Harbor Pet Nutrition Distribution,Enterprise,Clinical Logistics,6,262,iris@harborpetnutrition.example,284-224-2772,At Risk,2025-09-04,75000.00,00-0000000,Legacy CRM
1245,CUS-001245,Meridian Laboratories Co-op,Meridian Laboratories Co-op,Enterprise,Cold-Chain Pharma,7,193,priya@meridianlaboratori.example,334-904-7212,Active,2024-04-25,50000.00,32-6724785,CRM
1246,CUS-001246,Ardent Dairy Labs,Ardent Dairy Labs,Startup,Beverage Distribution,4,174,lena@ardentdairylabs.example,455-357-7824,Active,2023-03-02,250000.00,30-9798509,CRM
1247,CUS-001247,Northwind Specialt yProduce Labs,Northwind Specialty Produce Labs,Enterprise,Clinical Logistics,6,242,owen@northwindspecialty.example,487-743-8043,Active,2025-10-16,25000.00,81-3751769,CRM
1248,CUS-001248,Crown Meal Systems Labs,Crown Meal Systems Labs,Mid-Market,Specialty Grocery,6,79,sofia@crownmealsystemsla.example,236-637-2430,Active,2024-11-25,250000.00,87-5321458,CRM
1249,CUS-001249,Crown Specialty Produce Supply,Crown Specialty Produce Supply,Startup,Specialty Grocery,6,78,rafael@crownspecialtyprod.example,279-626-3135,Active,2024-08-25,50000.00,33-6129566,CRM
1250,CUS-001250,Lakeside Nutrition Foods,Lakeside Nutrition Foods,Mid-Market,Meal Kit Producer,10,149,elias@lakesidenutritionf.example,411-806-4773,Inactive,2024-02-17,100000.00,55-2316703,Manual Entry
1251,CUS-001251,Briar Biologics Holdings,Briar Biologics Holdings,enterprise ,Specialty Grocery,10,30,owen@briarbiologicshold.example,466-895-8624,Active,2025-03-20,25000.00,59-1601075,CRM
1252,CUS-001252,Forge Floral Logistics Foods,Forge Floral Logistics Foods,Startup,Specialty Grocery,1,12,,907-437-3918,Active,2023-12-04,150000.00,22-5931070,Trade Show Import
1253,CUS-001253,Solace Cold Foods Group,Solace Cold Foods Group,Startup,Food Distribution,11,128,keiko@solacecoldfoodsgro.example,301-859-9215,Inactive,2023-03-03,500000.00,76-6737303,CRM
1254,CUS-001254,Trinity Seafood Logistics,Trinity Seafood Logistics ,Mid-Market,Clinical Logistics,4,147,lena@trinityseafoodlogi.example,949-619-7166,At Risk,2023-05-03,25000.00,94-9328415,CRM
1255,CUS-001255,Crescent Laboratories Group,Crescent Laboratories Group,Regional,Beverage Distribution,11,33,rafael@crescentlaboratori.example,469-637-3849,At Risk,2023-06-04,50000.00,,Manual Entry
1256,CUS-001256,Aster Cold Foods Co-op,Aster Cold Foods Co-op,Startup,Cold-Chain Pharma,6,106,rafael@astercoldfoodscoop.example,830-649-3851,Active,2024-12-15,75000.00,82-5135687,CRM
1257,CUS-001257,Mosaic Dairy Partners,Mosaic Dairy Partners,Mid-Market,Meal Kit Producer,9,57,mateo@mosaicdairypartner.example,537-717-7586,At Risk,2023-04-14,50000.00,96-3188385,Legacy CRM
1258,CUS-001258,Mosaic Seafood Logistics,Mosaic Seafood Logistics,Enterprise,Meal Kit Producer,6,290,zara@mosaicseafoodlogis.example,814-547-8599,Active,2023-01-22,100000.00,70-2545348,Legacy CRM
1259,CUS-001259,Keystone Laboratories Distribution,Keystone Laboratories Distribution,enterprise ,Clinical Logistics,5,278,owen@keystonelaboratori.example,816-905-6576,Active,2024-09-13,500000.00,43-5536158,CRM
1260,CUS-001260,Harbor Specialty Produce Holdings,Harbor Specialty Produce Holdings,Mid-Market,Cold-Chain Pharma,6,69,zara@harborspecialtypro.example,674-963-9018,Active,2023-10-27,75000.00,84-3080375,CRM
1261,CUS-001261,Brightwell Beverage Logistics,Brightwell Beverage Logistics,Mid-Market,Beverage Distribution,3,51,nina@brightwellbeverage.example,381-450-4554,Active,2024-07-26,50000.00,22-8990896,Legacy CRM
1262,CUS-001262,Crescent Foods Co-op ,Crescent Foods Co-op,Regional,Cold-Chain Pharma,10,231,sofia@crescentfoodscoop.example,671-869-4280,Active,2024-11-19,250000.00,PENDING,Trade Show Import
1263,CUS-001263,Cobalt Pet Nutrition Logistics,Cobalt Pet Nutrition Logistics,Regional,Meal Kit Producer,5,220,rafael@cobaltpetnutrition.example,390-259-5736,Active,2025-10-17,500000.00,68-7452191,Trade Show Import
1264,CUS-001264,Westline Pharma Logistics,Westline Pharma Logistics,Regional,Meal Kit Producer,1,39,hugo@westlinepharmalogi.example,352-441-9830,Inactive,2023-12-25,75000.00,83-7287118,CRM
1265,CUS-001265,Pioneer Cold Foods Labs,Pioneer Cold Foods Labs,Enterprise,Cold-Chain Pharma,9,295,nina@pioneercoldfoodsla.example,907-438-7690,Active,2025-06-11,500000.00,61-6933648,CRM
1266,CUS-001266,Trinity Seafood Distribution,Trinity Seafood Dist.,enterprise ,Beverage Distribution,10,30,keiko@trinityseafooddist.example,245-269-9573,Active,2023-03-19,250000.00,58-9339477,Trade Show Import
1267,CUS-001267,Solace Foods Group,Solace Foods Group,Startup,Beverage Distribution,10,156,elias@solacefoodsgroup.example,208-671-4061,Inactive,2023-08-15,250000.00,16-7864187,Legacy CRM
1268,CUS-001268,Meridian Ingredients Labs,MERIDIAN INGREDIENTS LABS,enterprise ,Specialty Grocery,10,74,zara@meridianingredient.example,940-547-3752,At Risk,2024-09-18,150000.00,70-2424480,CRM
1269,CUS-001269,Oakmont Biologics Logistics,Oakmont Biologics Logistics,Startup,Beverage Distribution,7,51,noah@oakmontbiologicslo.example,752-646-7743,Active,2023-02-17,500000.00,81-7131204,Legacy CRM
1270,CUS-001270,Cedar Cold Foods Distribution,Cedar Cold Foods Distribution,Enterprise,Clinical Logistics,7,278,jonah@cedarcoldfoodsdist.example,287-965-9304,Active,2024-11-05,50000.00,12-2594980,CRM
1271,CUS-001271,Lantern Cold Foods Labs,Lantern Cold Foods Labs,Mid-Market,Meal Kit Producer,1,105,mateo@lanterncoldfoodsla.example,353-642-1509,At Risk,2023-06-21,50000.00,83-4681341,CRM
1272,CUS-001272,Brightwell Pet Nutrition Supply,Brightwell Pet Nutrition Supply,Regional,Meal Kit Producer,1,22,hugo@brightwellpetnutri.example,903-875-9879,Prospect,2023-06-03,500000.00,78-2690390,Trade Show Import
1273,CUS-001273,Mosaic Pet Nutrition Distribution,Mosaic Pet Nutrtiion Distribution,Enterprise,Cold-Chain Pharma,2,243,rina@mosaicpetnutrition.example,677-875-76,Active,2023-11-26,100000.00,54-7263250,Legacy CRM
1274,CUS-001274,Cobalt Biologics Supply,Cobalt Biologics Supply,Regional,Specialty Grocery,4,14,jonah@cobaltbiologicssup.example,834-930-9028,Prospect,2024-12-12,250000.00,73-1933935,CRM
1275,CUS-001275,Keystone Nutrition Foods,Keystone Nutrition Foods,Startup,Cold-Chain Pharma,4,119,keiko@keystonenutritionf.example,292-876-9429,Active,2025-03-15,50000.00,40-6722954,Manual Entry
1276,CUS-001276,Summit Seafood Logistics,Summit Seafood Logistics,Mid-Market,Meal Kit Producer,8,105,jonah@summitseafoodlogis.example,670-267-7705,active,2025-03-26,250000.00,62-6706614,CRM
1277,CUS-001277,Crescent Laboratories Holdings,Crescent Laboratories Holdings,Enterprise,Food Distribution,11,240,anika@crescentlaboratori.example,973-613-2480,Inactive,2024-10-01,500000.00,63-3480219,Trade Show Import
1278,CUS-001278,Helix Meal Systems Supply,Helix Meal Systems Supply,Mid-Market,Clinical Logistics,1,60,fatima@helixmealsystemssu.example,240-858-5437,Active,2023-01-13,250000.00,77-8364373,CRM
1279,CUS-001279,Bluevale Floral Logistics Manufacturing,Bluevale Floral Logistics Mfg,Regional,Meal Kit Producer,3,262,sofia@bluevaleflorallogi.example,305-781-6184,Active,2024-09-29,100000.00,97-8792659,CRM
1280,CUS-001280,Cobalt Laboratories Supply,Cobalt Laboratories Supply,Regional,Food Distribution,9,105,caleb@cobaltlaboratories.example,843-824-1121,At Risk,2024-06-12,250000.00,98-7038696,CRM
1281,CUS-001281,Oakmont Cold Foods Co-op,Oakmont Cold Foods Co-op,Enterprise,Beverage Distribution,11,119,fatima@oakmontcoldfoodsco.example,937-842-2509,Prospect,2025-05-30,50000.00,40-1925968,Legacy CRM
1282,CUS-001282,Trinity Pharma Logistics,Trinity Pharma Logistics,Startup,Beverage Distribution,2,64,mateo@trinitypharmalogis.example,727-417-7670,Active,2025-04-07,50000.00,48-8988262,Manual Entry
1283,CUS-001283,Lakeside Beverage Labs,Lakeside Beverage Labs,enterprise ,Beverage Distribution,3,218,jonah@lakesidebeveragela.example,764-637-3217,At Risk,2025-02-24,250000.00,17-8699217,Trade Show Import
1284,CUS-001284,Forge Dairy Group,Forge Dairy Group,Enterprise,Beverage Distribution,1,7,rina@forgedairygroup.example,229-899-3982,Active,2025-01-30,50000.00,38-8306897,CRM
1285,CUS-001285,Summit Specialty Produce Distribution,Summit Specialty Produce Distribution,Startup,Meal Kit Producer,2,82,sofia@summitspecialtypro.example,618-612-4809,Prospect,2024-08-18,25000.00,94-7010340,Manual Entry
1286,CUS-001286,Solace Specialty Produce Co-op,Solace Specialty Produce Co-op,Regional,Clinical Logistics,2,41,miles@solacespecialtypro.example,925-358-1538,Active,2024-11-15,50000.00,22-1233411,Manual Entry
1287,CUS-001287,Crescent Ingredients Partners,Crescent Ingredients Partners,Startup,Food Distribution,2,295,elias@crescentingredient.example,654-656-1368,At Risk,2023-07-11,500000.00,21-8617091,Trade Show Import
1288,CUS-001288,Crown Cold Foods Manufacturing,Crown Cold Foods Manufacturing,Startup,Food Distribution,3,239,nina@crowncoldfoodsmanu.example,908-711-1785,At Risk,2023-11-13,75000.00,94-2764606,Trade Show Import
1289,CUS-001289,Solace Nutrition Group,Solace Nutrition Group,Mid-Market,Specialty Grocery,4,105,nina@solacenutritiongro.example,739-415-7036,Active,2024-06-19,250000.00,28-5367765,Legacy CRM
1290,CUS-001290,Keystone Meal Systems Supply,Keystone Meal Systems Supply,Mid-Market,Meal Kit Producer,9,119,jonah@keystonemealsystem.example,577-433-9791,Active,2023-11-04,150000.00,44-8108979,CRM
1291,CUS-001291,Oakmont Pet Nutrition Group,Oakmont Pet Nutrition Group,Mid-Market,Food Distribution,3,128,keiko@oakmontpetnutritio.example,947-447-7529,Active,2023-07-21,150000.00,59-9425992,Trade Show Import
1292,CUS-001292,Vantage Nutrition Co-op,Vantage Nutrition Co-op,Startup,Clinical Logistics,6,26,zara@vantagenutritionco.example,248-220-6938,Inactive,2024-01-11,150000.00,58-5298379,CRM
1293,CUS-001293,Cobalt Ingredients Supply,Cobalt Ingredients Supply,enterprise ,Clinical Logistics,11,14,owen@cobaltingredientss.example,412-904-5691,active,2025-09-23,25000.00,83-5302678,Manual Entry
1294,CUS-001294,Briar Seafood Manufacturing,Briar Seafood Manufacturing,Startup,Beverage Distribution,1,106,elias@briarseafoodmanufa.example,853-808-6708,Active,2023-03-26,500000.00,63-1786913,CRM
1295,CUS-001295,Ardent Cold Foods Labs,Ardent Cold Foods Labs,Startup,Specialty Grocery,6,82,anika@ardentcoldfoodslab.example,712-899-2678,Prospect,2025-02-17,150000.00,95-3646034,Legacy CRM
1296,CUS-001296,Granite Cold Foods Partners,Granite Cold Foods Partners,enterprise ,Food Distribution,4,161,sofia@granitecoldfoodspa.example,938-580-3281,Active,2023-05-02,250000.00,13-8093224,Legacy CRM
1297,CUS-001297,Bluevale Nutrition Foods,Bluevlae Nutrition Foods,Regional,Clinical Logistics,7,156,miles@bluevalenutritionf.example,423-746-5666,Active,2023-09-07,25000.00,17-8358185,Legacy CRM
1298,CUS-001298,Brightwell Dairy Holdings,Brightwell Dairy Holdings,enterprise ,Food Distribution,6,267,priya@brightwelldairyhol.example,736-308-1754,Active,2024-07-31,250000.00,99-5910217,CRM
1299,CUS-001299,Briar Beverage Partners,Briar Beverage Partners,enterprise ,Specialty Grocery,3,7,darren@briarbeveragepartn.example,355-945-4150,Active,2025-09-11,500000.00,49-5555632,Manual Entry
1300,CUS-001300,Cardinal Specialty Produce Supply,Cardinal Specialty Produce Supply,Regional,Food Distribution,2,74,,932-770-2384,Inactive,2025-07-05,50000.00,49-3896437,Legacy CRM
1301,CUS-001301,Northwind Floral Logistics Distribution,Northwind Floral Logistics Distribution,Startup,Cold-Chain Pharma,6,30,darren@northwindflorallog.example,219-404-1692,Active,2024-03-20,150000.00, ,Legacy CRM
1302,CUS-001302,Crown Floral Logistics Logistics,Crown Floral Logistics Logistics,Mid-Market,Beverage Distribution,6,262,,246-757-6556,Inactive,2024-11-10,50000.00,11-7689350,Legacy CRM
1303,CUS-001303,Pioneer Biologics Holdings,Pioneer Biologics Holdings,Startup,Food Distribution,3,278,maya@pioneerbiologicsho.example,986-207-5953,Active,2025-05-01,75000.00,10-3943720,CRM
1304,CUS-001304,Helix Specialty Produce Logistics,Helix Specialty Produce Logistics,enterprise ,Clinical Logistics,11,149,maya@helixspecialtyprod.example,724-211-5107,active,2024-09-05,500000.00,16-2577881,CRM
1305,CUS-001305,Pioneer Biologics Supply,Pioneer Biologics Supply,Startup,Clinical Logistics,11,273,lena@pioneerbiologicssu.example,804-790-9263,active,2024-08-31,500000.00,53-1375890,Trade Show Import
1306,CUS-001306,Cardinal Beverage Foods,Cardinal Beverage Foods,enterprise ,Clinical Logistics,3,22,fatima@cardinalbeveragefo.example,648-842-8006,Active,2023-12-19,100000.00,43-2779968,Manual Entry
1307,CUS-001307,Crescent Foods Co-op,Crescent Foods Co-op,Regional,Cold-Chain Pharma,5,68,rina@crescentfoodscoop.example,596-949-7548,Active,2023-06-16,250000.00,38-1165531,Legacy CRM
1308,CUS-001308,Lantern Seafood Group,Lantern SeafoodG roup,Mid-Market,Food Distribution,7,149,keiko@lanternseafoodgrou.example,900-444-8511,Active,2023-09-23,100000.00,76-3575913,Legacy CRM
1309,CUS-001309,Northwind Specialty Produce Labs,Northwind Specialty Produce Labs,Enterprise,Clinical Logistics,1,266,elias@northwindspecialty.example,803-418-6205,Active,2025-01-07,100000.00,28-1808067,CRM
1310,CUS-001310,Briar Pet Nutrition Holdings,Briar Pet Nutrition Holdings,Regional,Clinical Logistics,7,183,anika@briarpetnutritionh.example,380-672-3145,Active,2025-06-18,250000.00,00-0000000,CRM
1311,CUS-001311,Riverbend Foods Manufacturing,Riverbend Foods Manufacturing ,enterprise ,Clinical Logistics,6,201,caleb@riverbendfoodsmanu.example,613-922-4917,Active,2024-07-22,500000.00,10-1368749,Manual Entry
1312,CUS-001312,Vantage Nutrition Supply,Vantage Nutrition Supply,Mid-Market,Meal Kit Producer,1,296,ben@vantagenutritionsu.example,552-597-9951,Prospect,2025-05-22,150000.00,73-1181632,Manual Entry
1313,CUS-001313,Forge Pet Nutrition Group,Forge Pet Nutrition Group,Regional,Clinical Logistics,3,220,nina@forgepetnutritiong.example,547-792-9569,Prospect,2024-05-29,500000.00,38-2596899,CRM
1314,CUS-001314,Cardinal Ingredients Partners,Cardinal Ingredients Partners,Startup,Clinical Logistics,1,234,darren@cardinalingredient.example,856-646-6271,Active,2023-07-24,50000.00,32-4286913,Trade Show Import
1315,CUS-001315,Crescent Biologics Partners,Crescent Biologics Partners,Startup,Cold-Chain Pharma,1,15,sofia@crescentbiologicsp.example,307-541-9602,Active,2023-05-25,25000.00,24-6517089,Trade Show Import
1316,CUS-001316,Brightwell Meal Systems Foods,Brightwell Meal Systems Foods,Mid-Market,Cold-Chain Pharma,6,267,hugo@brightwellmealsyst.example,,Active,2025-10-30,100000.00,83-5803706,CRM
1317,CUS-001317, Trinity Specialty Produce Logistics,Trinity Specialty Produce Logistics,Regional,Meal Kit Producer,9,7,noah@trinityspecialtypr.example,765-717-7215,Active,2023-04-02,100000.00,32-2881774,Manual Entry
1318,CUS-001318,Forge Dairy Labs,Forge Dairy Labs,Mid-Market,Clinical Logistics,8,252,zara@forgedairylabs.example,653-911-3332,Active,2025-07-14,25000.00,58-8129167,CRM
1319,CUS-001319,Ardent Specialty Produce Labs,Ardent Specialty Produce Labs,Regional,Beverage Distribution,4,33,jonah@ardentspecialtypro.example,944-630-1140,Inactive,2024-09-09,25000.00,99-3830722,Legacy CRM
1320,CUS-001320,Granite Ingredients Co-op,Granite Ingredients Co-op,Mid-Market,Food Distribution,8,149,darren@graniteingredients.example,762-400-6525,At Risk,2023-02-09,250000.00,53-4567538,Trade Show Import
1321,CUS-001321,Lakeside Ingredients Foods,Lakeside Ingredients Foods,enterprise ,Food Distribution,4,156,ben@lakesideingredient.example,608-673-1573,Prospect,2023-05-09,50000.00,75-2930183,CRM
1322,CUS-001322,Crescent Seafood Supply,Crescent Seafood Supply,Enterprise,Clinical Logistics,9,243,hugo@crescentseafoodsup.example,954-514-5568,Active,2023-11-25,25000.00,69-4926266,CRM
1323,CUS-001323,Everfield Nutrition Group,Everfield Nutrition Group,enterprise ,Beverage Distribution,6,15,owen@everfieldnutrition.example,601-850-4767,Active,2025-03-28,150000.00,15-8262570,CRM
1324,CUS-001324,Solace Biologics Manufacturing,Solace Biologics Manufacturing,Regional,Food Distribution,10,231,maya@solacebiologicsman.example,853-384-1850,Active,2023-06-07,50000.00,14-3662120,Legacy CRM
1325,CUS-001325,Pioneer Ingredients Group, Pioneer Ingredients Group,enterprise ,Specialty Grocery,2,289,elias@pioneeringredients.example,223-247-7343,Inactive,2023-08-18,25000.00,22-6898841,CRM
1326,CUS-001326,Orchard Seafood Manufacturing,Orchard Seafood Manufacturing,Mid-Market,Specialty Grocery,5,187,lena@orchardseafoodmanu.example,802-742-1791,Prospect,2024-01-26,75000.00,45-6208681,CRM
1327,CUS-001327,Keystone Beverage Partners,Keystone Beverage Partners,enterprise ,Beverage Distribution,9,20,talia@keystonebeveragepa.example,284-821-5394,Active,2024-07-22,25000.00,17-9039237,Trade Show Import
1328,CUS-001328,Keystone Pet Nutrition Distribution,Keystone Pet Nutrition Dist.,Regional,Food Distribution,9,60,fatima@keystonepetnutriti.example,341-619-1550,Active,2025-01-26,500000.00,00-0000000,CRM
1329,CUS-001329,Trinity Pharma Manufacturing,Trinity Pharma Manufacturing,Enterprise,Beverage Distribution,2,245,avery@trinitypharmamanuf.example,480-278-1711,Active,2025-05-11,50000.00,44-5455356,Legacy CRM
1330,CUS-001330,Cobalt Meal Systems Foods,Cobalt Meal Systems Foods,Mid-Market,Cold-Chain Pharma,8,128,owen@cobaltmealsystemsf.example,768-682-1703,At Risk,2023-01-14,150000.00,82-9562378,CRM
1331,CUS-001331,Meridian Specialty Produce Co-op,Meridian Specialty Produce Co-op,Enterprise,Beverage Distribution,11,252,elias@meridianspecialtyp.example,264-525-5174,Active,2025-05-30,100000.00,31-3902800,CRM
1332,CUS-001332,Mosaic Meal Systems Co-op,Mosaic Meal Systems Co-op,Regional,Cold-Chain Pharma,11,201,sofia@mosaicmealsystemsc.example,924-774-4065,Active,2025-05-08,500000.00,24-8477698,CRM
1333,CUS-001333,Orchard Ingredients Co-op,Orchard Ingredients Co-op,Startup,Meal Kit Producer,2,57,anika@orchardingredients.example,619-927-7050,INACTIVE ,2024-07-30,500000.00,41-6733358,CRM
1334,CUS-001334,Ardent Seafood Labs,Ardent Seafood Labs,Regional,Meal Kit Producer,9,243,talia@ardentseafoodlabs.example,N/A,Active,2025-04-22,150000.00,17-5789160,Manual Entry
1335,CUS-001335,Crown Dairy Supply,Crown Dairy Supply,Regional,Specialty Grocery,5,174,hugo@crowndairysupply.example,226-419-4078,At Risk,2024-11-12,250000.00,14-6143040,CRM
1336,CUS-001336,Forge Pharma Manufacturing,Forge Pharma Manufacturing,enterprise ,Meal Kit Producer,10,273,mateo@forgepharmamanufac.example ,376-349-8558,Active,2023-10-24,100000.00,77-2875705,CRM
1337,CUS-001337,Vantage Specialty Produce Group,Vantage Specialty Produce Group,Startup,Meal Kit Producer,3,57,iris@vantagespecialtypr.example,210-345-6112,active,2024-06-20,500000.00,49-9866652,CRM
1338,CUS-001338,Cobalt Specialty Produce Partners,Cobalt Specialty Produce Partners,Regional,Cold-Chain Pharma,7,19,nina@cobaltspecialtypro.example,387-427-9067,At Risk,2025-01-04,500000.00,31-1330204,CRM
1339,CUS-001339,Oakmont Nutrition Distribution,Oakmont Nutrition Dist.,Regional,Specialty Grocery,9,220,jonah@oakmontnutritiondi.example,867-717-4956,Active,2024-09-29,250000.00,38-4500277,CRM
1340,CUS-001340,Oakmont Pet Nutrition Manufacturing,Oakmont Pet Nutrition Manufacturing,enterprise ,Meal Kit Producer,7,67,rina@oakmontpetnutritio.example,475-665-9390,Active,2024-12-27,100000.00,87-2504895,CRM
1341,CUS-001341,Briar Foods Foods,Briar Foods Foods,Enterprise,Specialty Grocery,8,83,sofia@briarfoodsfoods.example,(740) 888-5374,Active,2023-03-26,75000.00,56-4217233,Trade Show Import
1342,CUS-001342,Forge Biologics Partners,Forge Biologics Partners,enterprise ,Food Distribution,6,147,,312-263-4320,INACTIVE ,2023-01-19,75000.00,12-2477337,Legacy CRM
1343,CUS-001343,keystone cold foods foods,Keystone Cold Foods Foods,Regional,Specialty Grocery,1,210,mateo@keystonecoldfoodsf.example,407-732-5258,Active,2024-07-22,250000.00,15-2562382,CRM
1344,CUS-001344,Harbor Meal Systems Co-op,Harbor Meal Systems Co-op,Regional,Cold-Chain Pharma,8,30,anika@harbormealsystemsc.example,805-268-7703,Active,2025-04-16,50000.00,,CRM
1345,CUS-001345,Crown Pharma Partners,Crown Pharma Partners,Mid-Market,Cold-Chain Pharma,2,30,maya@crownpharmapartner.example,718-837-4526,Active,2025-04-11,100000.00,46-1763170,CRM
1346,CUS-001346,Orchard Laboratories Logistics,Orchard Laboratories Logistics,Enterprise,Clinical Logistics,5,67,keiko@orchardlaboratorie.example,349-339-2735,Active,2025-07-06,500000.00,74-9426882,CRM
1347,CUS-001347,Bluevale Floral Logistics Logistics,Bluevale Floral Logistics Logistics,Mid-Market,Beverage Distribution,5,290,elias@bluevaleflorallogi.example,246-219-6728,Inactive,2025-09-07,500000.00,41-2025207,CRM
1348,CUS-001348,Cedar Cold Foods Co-op,Cedar Cold Foods Co-op,Startup,Food Distribution,4,310,nina@cedarcoldfoodscoop.example,571-304-7783,Inactive,2024-11-04,250000.00,55-3906759,CRM
1349,CUS-001349,Cobalt Foods Labs,Cobalt Foods Labs,Startup,Clinical Logistics,5,187,keiko@cobaltfoodslabs.example,454-221-2622,active,2024-08-14,500000.00,49-2473688,Legacy CRM
1350,CUS-001350,Vantage Pharma Group,Vantage Pharma Group,Enterprise,Clinical Logistics,10,41,priya@vantagepharmagroup.example,635-226-3043,Active,2024-09-10,150000.00,93-2911406,Legacy CRM
1351,CUS-001351,Oakmont Cold Foods Distribution,Oakmont Cold Foods Distribution,Enterprise,Cold-Chain Pharma,4,273,sofia@oakmontcoldfoodsdi.example,849-737-5278,Inactive,2023-05-10,25000.00,51-5374394,Legacy CRM
1352,CUS-001352,Cobalt Ingredients Foods,Cobalt Ingredients Foods,Regional,Specialty Grocery,8,231,darren@cobaltingredientsf.example,433-755-6246,Active,2024-04-19,75000.00,40-8978103,Manual Entry
1353,CUS-001353,Vantage Seafood Partners, Vantage Seafood Partners,Regional,Meal Kit Producer,5,69,talia@vantageseafoodpart.example,364-982-2705,Active,2023-05-20,150000.00,95-5948946,CRM
1354,CUS-001354,Solace Meal Systems Co-op, Solace Meal Systems Co-op,enterprise ,Food Distribution,6,220,iris@solacemealsystemsc.example,302-451-5926,Active,2024-03-19,150000.00,74-4106758,Manual Entry
1355,CUS-001355,Aster Specialty Produce Distribution, Aster Specialty Produce Distribution,Enterprise,Food Distribution,6,239,keiko@asterspecialtyprod.example,205-886-8012,Inactive,2023-08-22,150000.00,84-7838179,Manual Entry
1356,CUS-001356,Keystone Foods Supply,Keystone Foods Supply,Enterprise,Meal Kit Producer,5,57,,729-280-8376,Active,2024-04-11,150000.00,78-7457553,Legacy CRM
1357,CUS-001357,Cedar Specialty Produce Logistics, Cedar Specialty Produce Logistics,Mid-Market,Food Distribution,10,192,hugo@cedarspecialtyprod.example,240-547-6139,Active,2023-03-24,500000.00,54-9380320,CRM
1358,CUS-001358,Forge Foods Logistics,Forge Foods Logistics,Regional,Meal Kit Producer,9,295,noah@forgefoodslogistic.example,839-590-2468,Active,2024-05-10,500000.00,76-4813668,CRM
1359,CUS-001359,Solace Cold Foods Partners,SOLACE COLD FOODS PARTNERS,Enterprise,Beverage Distribution,5,191,rina@solacecoldfoodspar.example,393-762-5076,Active,2023-06-18,250000.00,73-4526020,CRM
1360,CUS-001360,Harbor Pet Nutrition Group,Harbor Pet Nutrition Group,Regional,Beverage Distribution,4,179,jonah@harborpetnutrition.example,920-871-6733,Inactive,2024-02-05,50000.00,88-9371162,Trade Show Import
1361,CUS-001361,Cedar Specialty Produce Distribution,Cedar Specialty Produce Distribution,Mid-Market,Beverage Distribution,4,258,ben@cedarspecialtyprod.example,480-846-1804,Prospect,2024-12-08,75000.00,15-1067953,Legacy CRM
1362,CUS-001362,Cardinal Cold Foods Logistics,Cardinal Cold Foods Logistics,Enterprise,Cold-Chain Pharma,5,310,avery@cardinalcoldfoodsl.example,517-934-2685,Active,2023-11-11,100000.00,13-5451779,Manual Entry
1363,CUS-001363,Crown Dairy Foods,CROWN DAIRY FOODS,Startup,Specialty Grocery,7,254,zara@crowndairyfoods.example,926-625-4322,Prospect,2023-03-09,100000.00,65-3997339,Legacy CRM
1364,CUS-001364,Northwind Cold Foods Group,Northwind Cold Foods Group,enterprise ,Food Distribution,6,273,priya@northwindcoldfoods.example,945-512-7656,Active,2023-01-27,25000.00,PENDING,Manual Entry
1365,CUS-001365,Bluevale Biologics Supply,Bluevale Biologics Supply,Regional,Cold-Chain Pharma,4,262,darren@bluevalebiologicss.example,894-867-7320,Prospect,2023-03-13,75000.00,24-4592892,Manual Entry
1366,CUS-001366,Mosaic Seafood Co-op,MOSAIC SEAFOOD CO-OP,Startup,Cold-Chain Pharma,3,295,rafael@mosaicseafoodcoop.example,614-430-4318,Active,2024-01-30,150000.00,00-0000000,CRM
1367,CUS-001367,Oakmont Dairy Logistics,Oakmont Dairy Logistics,Regional,Clinical Logistics,5,14,talia@oakmontdairylogist.example,548-580-1235,Active,2024-02-17,100000.00,31-6947939,Manual Entry
1368,CUS-001368,Aster Dairy Group,AsterD airy Group,Regional,Clinical Logistics,10,152,rina@asterdairygroup.example,424-299-6783,active,2025-04-09,250000.00,53-9007600,CRM
1369,CUS-001369,Granite Pharma Distribution,Granite Pharma Distribution ,Startup,Specialty Grocery,9,299,zara@granitepharmadistr.example,5594698788,Active,2023-07-06,50000.00,52-8088003,CRM
1370,CUS-001370,Helix Dairy Labs,Helix Dairy Labs,Startup,Meal Kit Producer,7,249,fatima@helixdairylabs.example,948-498-4007,Inactive,2023-05-10,50000.00,78-4369782,CRM
1371,CUS-001371,Trinity Biologics Partners,Trinity Bioloigcs Partners,Startup,Clinical Logistics,2,191,rafael@trinitybiologicspa.example,682-680-4429,Active,2023-02-10,50000.00,14-3769671,CRM
1372,CUS-001372,Crown Dairy Holdings,Crown Dairy Holdings,Regional,Cold-Chain Pharma,9,191,elias@crowndairyholdings.example,926-317-8156,INACTIVE ,2024-02-26,25000.00,41-9998729,Legacy CRM
1373,CUS-001373,Riverbend Floral Logistics Group,Riverbend Floral Logistics Group,Mid-Market,Food Distribution,3,83,rafael@riverbendflorallog.example,477-736-6151,Active,2024-12-13,150000.00,82-4692476,Legacy CRM
1374,CUS-001374,Everfield Dairy Holdings,Everfield Dairy Holdings,Mid-Market,Meal Kit Producer,11,30,priya@everfielddairyhold.example,479-402-2998,Active,2023-02-25,50000.00,64-7461084,CRM
1375,CUS-001375,Ardent Seafood Co-op,Ardent Seafood Co-op,Enterprise,Clinical Logistics,9,266,maya@ardentseafoodcoop.example,275-323-7788,Active,2024-02-01,150000.00,34-3449988,Legacy CRM
1376,CUS-001376,Bluevale Seafood Holdings,Bluevale Seafood Holdings,Mid-Market,Food Distribution,11,236,noah@bluevaleseafoodhol.example,942-505-4225,Active,2024-08-17,150000.00,94-6312051,CRM
1377,CUS-001377,Vantage Biologics Co-op,Vantage Biologics Co-op,Mid-Market,Cold-Chain Pharma,4,254,hugo@vantagebiologicsco.example,891-828-8231,Active,2023-10-05,75000.00,84-4627530,CRM
1378,CUS-001378,Pioneer Ingredients Holdings,Pioneer Ingredients Holdings,enterprise ,Beverage Distribution,1,267,keiko@pioneeringredients.example,,Active,2024-12-26,500000.00,50-8816931,Legacy CRM
1379,CUS-001379,Keystone Ingredients Supply,Keystone Ingredients Supply,enterprise ,Specialty Grocery,9,68,jonah@keystoneingredient.example,974-257-1934,Inactive,2025-02-06,100000.00,27-6940232,CRM
1380,CUS-001380,Helix Dairy Co-op,Helix Dairy Co-op,Startup,Meal Kit Producer,4,241,zara@helixdairycoop.example,228-385-8633,INACTIVE ,2025-04-16,50000.00,10-2222220,Legacy CRM
1381,CUS-001381,Oakmont Seafood Supply,Oakmont Seafood Supply,Startup,Food Distribution,3,226,darren@oakmontseafoodsupp.example,979-672-4503,Active,2023-06-22,100000.00,22-3559498,CRM
1382,CUS-001382,Riverbend Beverage Labs,Riverbend Beverage Labs,enterprise ,Food Distribution,3,60,sofia@riverbendbeveragel.example,309-372-2297,Active,2025-07-03,150000.00,74-3777391,Manual Entry
1383,CUS-001383,Vantage Cold Foods Labs,Vantage Cold Foods Labs,Mid-Market,Meal Kit Producer,3,278,miles@vantagecoldfoodsla.example,275-827-2830,Active,2024-11-20,75000.00,34-5270032,CRM
1384,CUS-001384,Summit Laboratories Supply,Summit Laboratories Supply,Mid-Market,Clinical Logistics,10,191,avery@summitlaboratories.example,576-758-8642,Active,2024-06-24,75000.00,67-5646216,CRM
1385,CUS-001385,Aster Biologics Partners,Aster Biologics Partners,Regional,Cold-Chain Pharma,1,245,maya@asterbiologicspart.example,792-902-1242,Active,2025-05-13,75000.00,35-6801335,Manual Entry
1386,CUS-001386,Crescent Floral Logistics Group,Crescent Floral Logistics Group,Regional,Food Distribution,11,68,mateo@crescentflorallogi.example,502-270-3108,Active,2023-01-25,250000.00,88-5535772,Legacy CRM
1387,CUS-001387,Helix Floral Logistics Labs,Helix Floral Logistics Labs,Startup,Cold-Chain Pharma,7,290,ben@helixflorallogisti.example,976-911-5798,active,2024-05-05,500000.00,88-1701849,CRM
1388,CUS-001388,Lakeside Beverage Partners,Lakeside Beverage Partners,Startup,Beverage Distribution,2,280,iris@lakesidebeveragepa.example,274-831-7131,Active,2024-03-06,500000.00,72-3761818,CRM
1389,CUS-001389,Keystone Pet Nutrition Partners,Keystone Pet Nutrition Partners,Enterprise,Meal Kit Producer,10,64,owen@keystonepetnutriti.example,863-607-2692,Prospect,2023-07-18,500000.00,40-7110287,Trade Show Import
1390,CUS-001390,Solace Specialty Produce Co-op,Solace Specialty Produce Co-op,Regional,Cold-Chain Pharma,10,248,darren@solacespecialtypro.example,686-920-6272,Active,2023-08-03,250000.00,30-5250381,CRM
1391,CUS-001391,Solace Ingredients Holdings,Solace Ingredients Holdings,Mid-Market,Food Distribution,5,161,rafael@solaceingredientsh.example,223-928-3283,Prospect,2023-07-06,50000.00,90-1438118,CRM
1392,CUS-001392,Lakeside Cold Foods Manufacturing,Lakeside Cold Foods Manufacturing,Mid-Market,Food Distribution,5,106,jonah@lakesidecoldfoodsm.example,650-823-1820,Active,2023-06-13,25000.00,57-9437422,CRM
1393,CUS-001393,Trinity Floral Logistics Co-op,Trinity Floral Logistics Co-op,enterprise ,Clinical Logistics,5,289,talia@trinityflorallogis.example,316-765-3506,Inactive,2025-03-21,75000.00,26-3581404,CRM
1394,CUS-001394,Harbor Pet Nutrition Distribution,Harbor Pet Nutrition Dist.,Regional,Meal Kit Producer,10,106,zara@harborpetnutrition.example,701-741-3714,At Risk,2025-03-25,75000.00,74-5144365,CRM
1395,CUS-001395,Solace Foods Partners,Solace Foods Partners,Enterprise,Cold-Chain Pharma,7,295,maya@solacefoodspartner.example,866-441-2025,Active,2024-10-25,50000.00,60-9893114,CRM
1396,CUS-001396,Crescent Specialty Produce Holdings,Crescent Specialty Produce Holdings,Regional,Clinical Logistics,11,119,maya@crescentspecialtyp.example,749-922-6832,At Risk,2024-07-15,250000.00,42-1256120,CRM
1397,CUS-001397,Mosaic Specialty Produce Supply,Mosai cSpecialty Produce Supply,Enterprise,Specialty Grocery,7,252,noah@mosaicspecialtypro.example,809-315-5660,Active,2023-11-09,500000.00,30-3906450,CRM
1398,CUS-001398,Keystone Beverage Supply,Keystone Beverage Supply,Enterprise,Food Distribution,6,147,fatima@keystonebeveragesu.example,326-986-5370,active,2024-04-10,250000.00,26-4691158,Legacy CRM
1399,CUS-001399,Riverbend Seafood Distribution,Riverbend Seafood Distribution,Regional,Food Distribution,6,108,keiko@riverbendseafooddi.example,773-201-6822,Inactive,2025-09-19,500000.00,44-4230499,Trade Show Import
1400,CUS-001400,Meridian Meal Systems Supply,Meridian Meal Systems Supply,Startup,Cold-Chain Pharma,4,41,elias@meridianmealsystem.example,584-912-8985,Active,2024-04-14,250000.00,98-8828888,Legacy CRM
1401,CUS-001401,Mosaic Dairy Supply,Mosaic Dairy Supply,enterprise ,Clinical Logistics,1,191,elias@mosaicdairysupply.example,676-208-1285,Active,2024-06-25,100000.00,50-3979282,CRM
1402,CUS-001402,Aster Laboratories Group,Aster Laboratories Group,Mid-Market,Clinical Logistics,3,258,keiko@asterlaboratoriesg.example,970-203-3931,Active,2023-09-02,500000.00,52-7219297,CRM
1403,CUS-001403,Crescent Dairy Holdings,Crescent Dairy Holdings,Mid-Market,Meal Kit Producer,9,79,maya@crescentdairyholdi.example,470-497-2642,active,2023-09-28,500000.00,91-5826625,Legacy CRM
1404,CUS-001404,Pioneer Beverage Manufacturing,Pionere Beverage Manufacturing,Enterprise,Cold-Chain Pharma,10,119,darren@pioneerbeverageman.example,289-272-9542,Inactive,2024-06-08,75000.00,97-2426183,CRM
1405,CUS-001405,Pioneer Beverage Co-op,Pioneer Beverage Co-op,Regional,Beverage Distribution,2,26,elias@pioneerbeveragecoo.example,344-839-4936,Active,2025-01-26,50000.00,16-3816143,CRM
1406,CUS-001406,Lakeside Beverage Labs,Lakeside Beverage Labs,enterprise ,Meal Kit Producer,3,179,mateo@lakesidebeveragela.example,537-559-5063,Active,2023-06-26,100000.00,73-1202834,Trade Show Import
1407,CUS-001407,Summit Beverage Foods,Summit Beverage Foods,Mid-Market,Clinical Logistics,7,273,keiko@summitbeveragefood.example,529-587-4429,Active,2024-05-04,100000.00,88-9549788,Legacy CRM
1408,CUS-001408, Northwind Seafood Group,northwind seafood group,Regional,Specialty Grocery,9,79,elias@northwindseafoodgr.example,374-949-7890,Active,2025-08-02,250000.00,82-6145022,Legacy CRM
1409,CUS-001409,Westline Meal Systems Logistics,Westline Meal Systems Logistics,Startup,Clinical Logistics,4,105,lena@westlinemealsystem.example,776-454-1015,Active,2024-07-09,25000.00,59-9304810,CRM
1410,CUS-001410,Cedar Seafood Group,Cedar Seafood Group,enterprise ,Meal Kit Producer,9,108,lena@cedarseafoodgroup.example,747-399-3482,Active,2023-09-13,25000.00,61-3555128,CRM
1411,CUS-001411,Northwind Laboratories Partners,Northwind Laboratories Partners,enterprise ,Food Distribution,1,7,caleb@northwindlaborator.example,738-610-2396,Active,2023-02-08,150000.00,38-1678662,CRM
1412,CUS-001412,Cardinal Cold Foods Logistics,Cardinal Cold Foods Logistics ,Mid-Market,Cold-Chain Pharma,5,15,jonah@cardinalcoldfoodsl.example,602-716-3043,Active,2023-08-08,25000.00,35-6788811,Legacy CRM
1413,CUS-001413,Keystone Meal Systems Holdings,Keystone Meal Systems Holdings,Regional,Cold-Chain Pharma,10,119,hugo@keystonemealsystem.example,393-519-5460,Active,2023-12-31,150000.00,54-8600547,CRM
1414,CUS-001414,Solace Floral Logistics Partners,Solace Floral Logistics Partners,enterprise ,Clinical Logistics,11,252,darren@solaceflorallogist.example,461-217-2437,Active,2024-02-18,150000.00,30-1849662,CRM
1415,CUS-001415,Keystone Floral Logistics Manufacturing,Keystone Floral Logistics Manufacturing,Regional,Cold-Chain Pharma,11,254,maya@keystoneflorallogi.example,,Active,2025-08-24,25000.00,29-3632400,Legacy CRM
1416,CUS-001416,Everfield Pet Nutrition Logistics,Everfield Pet Nutrition Logistics,Startup,Food Distribution,10,231,sofia@everfieldpetnutrit.example,331-266-8924,Active,2025-08-08,250000.00,79-8518443,CRM
1417,CUS-001417,Summit Nutrition Partners,Summit Nutrition Partners,enterprise ,Beverage Distribution,3,262,talia@summitnutritionpar.example,940-338-9659,Active,2024-08-15,50000.00,95-7112991,CRM
1418,CUS-001418,Crown Nutrition Partners,Crown Nutrition Partners,Startup,Clinical Logistics,9,64,maya@crownnutritionpart.example,939-660-6723,Prospect,2024-06-16,25000.00,11-4927041,Trade Show Import
1419,CUS-001419,Westline Seafood Logistics,WESTLINE SEAFOOD LOGISTICS,Regional,Beverage Distribution,5,245,zara@westlineseafoodlog.example,316-340-6429,Active,2023-02-21,150000.00,85-3854592,CRM
1420,CUS-001420,Westline Meal Systems Labs,Westline Meal Systems Labs,enterprise ,Meal Kit Producer,3,299,talia@westlinemealsystem.example,828-526-7985,Active,2024-01-10,500000.00,23-5865587,Manual Entry
1421,CUS-001421,Orchard Specialty Produce Logistics,Orchard Specialty Produce Logistics ,enterprise ,Beverage Distribution,10,64,talia@orchardspecialtypr.example,482-390-5905,Inactive,2024-02-04,500000.00,61-4942393,Trade Show Import
1422,CUS-001422,Crescent Laboratories Co-op,Crescent Laboratories Co-op,enterprise ,Food Distribution,8,7,fatima@crescentlaboratori.example ,656-916-7126,active,2025-07-13,500000.00,82-5967457,Legacy CRM
1423,CUS-001423,Lakeside Cold Foods Supply,Lakeside Cold Foods Supply,Regional,Food Distribution,11,7,noah@lakesidecoldfoodss.example,385-776-7573,Prospect,2025-07-26,250000.00,23-9984690,CRM
1424,CUS-001424,Orchard Floral Logistics Logistics,Orchard Floral Logistics Logistics,Enterprise,Cold-Chain Pharma,8,15,noah@orchardflorallogis.example,482-799-8526,Active,2023-06-17,500000.00,14-7358498,CRM
1425,CUS-001425,Westline Nutrition Co-op,Westline Nutrition Co-op,enterprise ,Beverage Distribution,2,161,avery@westlinenutritionc.example,341-833-8478,Active,2023-05-10,250000.00,75-6040096,CRM
1426,CUS-001426,Aster Meal Systems Group,Aster Meal Systems Group,Enterprise,Clinical Logistics,5,165,ben@astermealsystemsgr.example,746-906-9797,Active,2025-03-06,75000.00,58-2935683,CRM
1427,CUS-001427,Riverbend Nutrition Supply,Riverbend Nutrition Supply,Startup,Cold-Chain Pharma,8,165,hugo@riverbendnutrition.example,386-685-4138,Active,2024-03-23,500000.00,47-6231212,CRM
1428,CUS-001428,Helix Pharma Labs,Helix Pharma Labs,Startup,Cold-Chain Pharma,6,51,lena@helixpharmalabs.example,516-978-6212,INACTIVE ,2025-10-15,75000.00,47-1759225,CRM
1429,CUS-001429,Bluevale Laboratories Labs,Bluevale Laboratories Labs,Mid-Market,Cold-Chain Pharma,8,242,noah@bluevalelaboratori.example,581-427-6695,At Risk,2025-09-06,250000.00,27-8664821,Legacy CRM
1430,CUS-001430,Summit Cold Foods Co-op,Summit Cold Foods Co-op,Startup,Beverage Distribution,7,67,nina@summitcoldfoodscoo.example,764-826-6652,active,2024-12-04,100000.00,33-1050092,Trade Show Import
1431,CUS-001431,Bluevale Biologics Group,Bluevale Biologics Group,Mid-Market,Specialty Grocery,7,243,keiko.bluevalebiologicsg.example,632-306-2227,Active,2023-11-22,75000.00,38-6188893,Manual Entry
1432,CUS-001432,Cobalt Nutrition Supply,Cobalt Nutrition Supply,Regional,Meal Kit Producer,8,273,hugo@cobaltnutritionsup.example,607-977-4142,Inactive,2024-06-24,500000.00,44-6912879,Trade Show Import
1433,CUS-001433,Brightwell Meal Systems Partners,Brightwell Meal Systems Partners,enterprise ,Clinical Logistics,1,257,maya@brightwellmealsyst.example,N/A,Active,2023-01-24,250000.00,37-1258471,CRM
1434,CUS-001434,Lantern Floral Logistics Labs,Lantern Floral Logistics Labs,Enterprise,Clinical Logistics,11,295,darren@lanternflorallogis.example,419-207-4600,Active,2023-09-27,50000.00,88-5450378,Legacy CRM
1435,CUS-001435,Lakeside Dairy Labs,Lakeside Dairy Labs,Regional,Beverage Distribution,6,82,rafael@lakesidedairylabs.example,530-730-5004,Active,2024-10-01,50000.00,76-7885275,CRM
1436,CUS-001436,Northwind Laboratories Partners,Northwind Laboratories Partners,Mid-Market,Food Distribution,1,94,priya@northwindlaborator.example,491-932-9105,active,2023-02-01,250000.00,75-4588454,Legacy CRM
1437,CUS-001437,Cedar Seafood Manufacturing,Cedar Seafood Manufacturing,Startup,Meal Kit Producer,2,15,hugo@cedarseafoodmanufa.example,639-898-1580,Inactive,2025-02-03,150000.00,21-9782119,CRM
1438,CUS-001438,Pioneer Specialty Produce Manufacturing,Pioneer Specialty Produce Manufacturing,enterprise ,Food Distribution,1,152,zara@pioneerspecialtypr.example,518-785-6155,INACTIVE ,2023-11-19,25000.00,30-1755043,CRM
1439,CUS-001439,Crown Biologics Foods,Crown Biologics Foods,Enterprise,Specialty Grocery,4,108,iris@crownbiologicsfood.example,650-851-6776,Active,2025-01-09,50000.00,97-4613536,CRM
1440,CUS-001440,Pioneer Dairy Foods,Pioneer Dairy Foods,enterprise ,Meal Kit Producer,6,68,miles@pioneerdairyfoods.example,612-569-7780,Active,2024-08-02,100000.00,49-7186990,CRM
1441,CUS-001441,Northwind Specialty Produce Distribution,Northwind Specialty Produce Dist.,Enterprise,Beverage Distribution,7,14,sofia@northwindspecialty.example,376-578-7960,Inactive,2025-09-12,75000.00,82-4955999,Trade Show Import
1442,CUS-001442,Everfield Seafood Distribution,Everfield Seafood Distribution,Enterprise,Clinical Logistics,7,15,fatima@everfieldseafooddi.example,344-782-2628,At Risk,2025-06-09,500000.00,60-8581617,Legacy CRM
1443,CUS-001443,Riverbend Dairy Supply,Riverbend Dairy Supply,Mid-Market,Clinical Logistics,3,220,caleb@riverbenddairysupp.example,614-628-1516,active,2024-04-20,25000.00,71-2964117,CRM
1444,CUS-001444,Lantern Ingredients Foods,Lantern Ingredients Foods,Startup,Meal Kit Producer,1,108,nina.lanterningredients.example,396-305-5869,Prospect,2023-04-30,150000.00,61-4374471,Legacy CRM
1445,CUS-001445,Vantage Seafood Supply,Vantage Seafood Supply,Enterprise,Food Distribution,7,108,hugo@vantageseafoodsupp.example,771-797-7931,Active,2025-06-26,150000.00,71-3668377,CRM
1446,CUS-001446,Briar Laboratories Group,Briar Laboratories Group,Startup,Specialty Grocery,10,146,mateo@briarlaboratoriesg.example,265-402-4138,Inactive,2024-07-03,75000.00,26-8159169,CRM
1447,CUS-001447,Cobalt Foods Distribution,Cobalt Foods Dist.,enterprise ,Specialty Grocery,4,79,jonah@cobaltfoodsdistrib.example,759-249-1300,Inactive,2023-10-13,75000.00,62-8208283,Legacy CRM
1448,CUS-001448,Westline Pharma Labs,Westline Pharma Labs,Regional,Beverage Distribution,6,201,nina@westlinepharmalabs.example,328-503-9306,Inactive,2024-04-01,50000.00,00-0000000,Legacy CRM
1449,CUS-001449,Brightwell Specialty Produce Distribution,Brightwell Specialty Produce Distribution,enterprise ,Clinical Logistics,3,149,jonah@brightwellspecialt.example,352-349-7668,active,2023-12-25,150000.00,87-9692472,CRM
1450,CUS-001450,Aster Nutrition Manufacturing,Aster Nutrition Manufacturing,Startup,Specialty Grocery,9,78,jonah@asternutritionmanu.example,381-674-6602,Active,2024-12-06,100000.00,98-8780834,CRM
1451,CUS-001451,Pioneer Nutrition Labs,Pioneer Nutrition Labs,Mid-Market,Cold-Chain Pharma,4,79,maya@pioneernutritionla.example,758-431-8309,At Risk,2025-10-13,250000.00,26-2584730,CRM
1452,CUS-001452,Northwind Seafood Logistics,Northwind Seafood Logistics,enterprise ,Specialty Grocery,1,20,owen@northwindseafoodlo.example,840-278-2707,Active,2024-09-15,500000.00,13-4076674,Manual Entry
1453,CUS-001453,Briar Meal Systems Distribution,Briar Meal Systems Distribution,Startup,Meal Kit Producer,10,289,iris@briarmealsystemsdi.example,695-373-6309,At Risk,2023-11-07,500000.00,86-1050766,Legacy CRM
1454,CUS-001454,Harbor Seafood Co-op,Harbor Seafood Co-op,enterprise ,Cold-Chain Pharma,4,33,elias@harborseafoodcoop.example,N/A,Active,2023-06-20,100000.00,71-7926993,CRM
1455,CUS-001455,CRESCENT NUTRITION MANUFACTURING,Crescent Nutrition Manufacturing,Regional,Beverage Distribution,10,179,lena@crescentnutritionm.example,776-227-2578,Active,2023-07-03,75000.00,,CRM
1456,CUS-001456,Harbor Laobratories Logistics,Harbor Laboratories Logistics,enterprise ,Food Distribution,1,226,owen@harborlaboratories.example,884-646-8326,Active,2023-02-23,50000.00,64-4827615,CRM
1457,CUS-001457,Crown Ingredients Group,Crown Ingredients Group,Mid-Market,Food Distribution,4,41,darren@crowningredientsgr.example,465-574-5897,Active,2024-12-03,100000.00,90-3391797,CRM
1458,CUS-001458,Everfield Laboratories Group,Everfield Laboratories Group,enterprise ,Food Distribution,3,290,anika@everfieldlaborator.example,705-330-4190,Active,2025-02-27,50000.00,69-2146001,CRM
1459,CUS-001459,Westline Foods Supply,Westline Foods Supply,Regional,Food Distribution,7,20,iris@westlinefoodssuppl.example,620-568-3421,active,2023-02-05,150000.00,67-6349420,CRM
1460,CUS-001460,Aster Nutrition Partners,Aster Nutrition Partners,enterprise ,Food Distribution,6,280,lena@asternutritionpart.example,541-961-3526,Inactive,2023-10-02,75000.00,24-8382266,Trade Show Import
1461,CUS-001461,Forge Meal Systems Holdings,Forge Meal Systems Holdings,Mid-Market,Clinical Logistics,11,241,rina@forgemealsystemsho.example,724-375-8400,Inactive,2024-11-19,25000.00,89-5730737,Manual Entry
1462,CUS-001462,Orchard Foods Labs,Orchard Foods Labs,Mid-Market,Food Distribution,10,14,noah@orchardfoodslabs.example,263-776-4740,INACTIVE ,2024-01-18,250000.00,53-3814701,Legacy CRM
1463,CUS-001463,Harbor Floral Logistics Group,Harbor Floral Logistics Group,Startup,Cold-Chain Pharma,11,290,fatima@harborflorallogist.example,862-251-8259,Active,2023-06-13,75000.00,66-4924633,Legacy CRM
1464,CUS-001464,Mosaic Nutrition Supply,Mosaic Nutrition Supply,Enterprise,Cold-Chain Pharma,11,156,maya@mosaicnutritionsup.example,752-253-5335,Inactive,2025-10-24,75000.00,26-2992772,Legacy CRM
1465,CUS-001465,Solace Foods Manufacturing,Solace Foods Manufacturing,Enterprise,Food Distribution,2,106,keiko@solacefoodsmanufac.example,,Prospect,2023-11-21,500000.00,83-3215471,CRM
1466,CUS-001466,Keyston eBiologics Manufacturing,Keystone Biologics Mfg,Startup,Specialty Grocery,11,20,keiko@keystonebiologicsm.example,215-405-4211,INACTIVE ,2023-03-14,25000.00,97-1376244,CRM
1467,CUS-001467,Bluevale Seafood Foods,Bluevale Seafood Foods,Mid-Market,Meal Kit Producer,11,41,hugo@bluevaleseafoodfoo.example,594-864-3495,active,2023-01-04,500000.00,38-9532407,Legacy CRM
1468,CUS-001468,Everfield Beverage Manufacturing,Everfield Beverage Manufacturing,Enterprise,Beverage Distribution,2,68,maya@everfieldbeveragem.example,511-955-7911,Active,2024-01-29,50000.00,30-7197513,CRM
1469,CUS-001469,Westline Floral Logistics Labs,Westline Floral Logistics Labs,enterprise ,Meal Kit Producer,8,192,fatima@westlineflorallogi.example,846-609-5689,Active,2023-02-07,25000.00,20-5055581,CRM
1470,CUS-001470,Vantage Dairy Group,Vantage Dairy Group,Mid-Market,Cold-Chain Pharma,6,119,lena@vantagedairygroup.example,207-690-6419,Active,2024-04-03,250000.00,14-9340002,Trade Show Import
1471,CUS-001471,Pioneer Meal Systems Supply,Pioneer Meal Systems Supply,enterprise ,Meal Kit Producer,4,108,rafael@pioneermealsystems.example,431-625-6372,Active,2024-05-02,150000.00,76-5600159,CRM
1472,CUS-001472,Briar Cold Foods Co-op,Briar Cold Foods Co-op,Regional,Specialty Grocery,5,79,anika@briarcoldfoodscoop.example,882-212-7963,At Risk,2024-04-13,250000.00,73-5536559,Legacy CRM
1473,CUS-001473,Westline Biologics Group,Westline Biologics Group,Mid-Market,Specialty Grocery,7,231,lena@westlinebiologicsg.example,443-880-8305,Active,2024-10-15,100000.00,28-7544684,CRM
1474,CUS-001474,Ardent Biologics Distribution,Ardent Biologics Dist.,Enterprise,Food Distribution,6,278,caleb@ardentbiologicsdis.example,293-869-1802,At Risk,2025-09-19,25000.00,57-7993594,CRM
1475,CUS-001475,Cedar Pet Nutrition Manufacturing,Cedar Pet Nutrition Manufacturing,Startup,Cold-Chain Pharma,5,179,rafael@cedarpetnutritionm.example,682-571-5634,Active,2024-09-01,75000.00,73-3199811,Legacy CRM
1476,CUS-001476,Brightwell Nutrition Supply,Brightwell Nutrition Supply,Mid-Market,Specialty Grocery,3,147,miles@brightwellnutritio.example,364-745-6068,Active,2025-03-08,500000.00,58-7961455,Trade Show Import
1477,CUS-001477,Northwind Cold Foods Group,Northwind Cold Foods Group,Mid-Market,Meal Kit Producer,11,241,fatima@northwindcoldfoods.example,213-852-3401,Active,2024-11-07,500000.00,92-8799990,Trade Show Import
1478,CUS-001478,Crown Laboratories Partners,Crown Laboratories Partners,Mid-Market,Specialty Grocery,8,201,elias@crownlaboratoriesp.example,243-706-2821,Active,2024-11-20,50000.00,99-6896837,Trade Show Import
1479,CUS-001479,Everfield Meal Systems Foods,Everfield Meal Systems Foods,Enterprise,Beverage Distribution,6,64,darren@everfieldmealsyste.example,256-970-8044,At Risk,2023-01-11,50000.00,82-2948992,Legacy CRM
1480,CUS-001480,Crown Pet Nutrition Holdings,Crown Pet Nutrition Holdings,Startup,Cold-Chain Pharma,3,83,priya@crownpetnutritionh.example,417-683-9427,Active,2024-02-07,75000.00,51-6084418,CRM
1481,CUS-001481, Northwind Cold Foods Supply,Northwind Cold Foods Supply,Regional,Food Distribution,2,26,rina@northwindcoldfoods.example,759-648-2464,Active,2025-06-12,150000.00,56-4274561,Legacy CRM
1482,CUS-001482,Lantern Pet Nutrition Co-op,Lantern Pet Nutrition Co-op,Regional,Cold-Chain Pharma,7,243,talia@lanternpetnutritio.example,822-701-1153,Active,2023-06-13,250000.00,28-9014797,CRM
1483,CUS-001483,Aster Dairy Labs,Aster Dairy Labs,Mid-Market,Food Distribution,4,236,hugo@asterdairylabs.example,534-790-5188,Prospect,2023-03-05,75000.00,82-6300194,CRM
1484,CUS-001484,Crescent Pet Nutrition Manufacturing,Crescent Pet Nutrition Manufacturing,enterprise ,Specialty Grocery,4,179,zara@crescentpetnutriti.example,230-492-4529,Active,2024-04-05,150000.00,92-7792689,Legacy CRM
1485,CUS-001485,Solace Seafood Logistics,Solace Seafood Logistics,enterprise ,Meal Kit Producer,7,252,sofia@solaceseafoodlogis.example,865-833-5562,active,2023-05-07,250000.00,90-3819689,Trade Show Import
1486,CUS-001486,Harbor Pharma Logistics,Harbor Pharma Logistics,Regional,Cold-Chain Pharma,10,243,owen@harborpharmalogist.example,750-482-5486,Active,2024-09-18,500000.00,85-4564420,Manual Entry
1487,CUS-001487,Cedar Laboratories Holdings,Cedar Laboratories Holdings,Startup,Clinical Logistics,10,289,,249-545-7415,Active,2024-05-04,150000.00,88-5908147,CRM
1488,CUS-001488,Helix Specialty Produce Partners,Helix Specialty Produce Partners,Enterprise,Cold-Chain Pharma,6,267,jonah@helixspecialtyprod.example,482-909-5083,Active,2024-04-13,50000.00,99-1692979,Trade Show Import
1489,CUS-001489,Orchard Pharma Logistics,Orchard Pharma Logistics,Regional,Cold-Chain Pharma,11,174,priya@orchardpharmalogis.example,937-786-9148,Active,2023-06-12,25000.00,68-5112061,CRM
1490,CUS-001490,Granite Seafood Logistics,Granite Seafood Logistics,Startup,Clinical Logistics,1,79,maya@graniteseafoodlogi.example,892-294-6355,Active,2025-01-11,75000.00,21-9915761,CRM
1491,CUS-001491,Brightwell Dairy Co-op,Brightwell Dairy Co-op,Startup,Food Distribution,3,51,rina@brightwelldairycoo.example,881-230-9757,Active,2023-06-08,25000.00,45-2652837,Manual Entry
1492,CUS-001492,Everfield Nutrition Holdings,Everfield Nutrition Holdings,Startup,Beverage Distribution,4,248,jonah@everfieldnutrition.example,883-578-1206,At Risk,2023-01-21,25000.00,10-2767614,CRM
1493,CUS-001493,Everfield Meal Systems Co-op,Everfield Meal Systems Co-op,Regional,Meal Kit Producer,11,12,sofia@everfieldmealsyste.example,553-790-3491,At Risk,2024-08-27,75000.00,57-2473405,CRM
1494,CUS-001494,Riverbend Nutrition Supply, Riverbend Nutrition Supply,Mid-Market,Beverage Distribution,10,161,caleb@riverbendnutrition.example,222-406-7225,Active,2025-02-08,250000.00,45-4083101,CRM
1495,CUS-001495,Briar Ingredients Holdings,Briar Ingredients Holdings,Regional,Meal Kit Producer,10,78,jonah@briaringredientsho.example,326-428-2844,Inactive,2025-10-11,150000.00,75-7717643,Legacy CRM
1496,CUS-001496,Crown Nutrition Labs,Crown Nutrition Labs,enterprise ,Beverage Distribution,5,280,maya@crownnutritionlabs.example,889-947-9340,Active,2024-03-23,50000.00,26-6559998,Trade Show Import
1497,CUS-001497,Orchard Nutrition Manufacturing,Orchard Nutrition Manufacturing,Startup,Beverage Distribution,6,82,noah@orchardnutritionma.example,549-897-7858,active,2023-02-19,75000.00,88-1227876,Legacy CRM
1498,CUS-001498,Pioneer Meal Systems Co-op,Pioneer Meal Systems Co-op,Startup,Cold-Chain Pharma,3,269,fatima@pioneermealsystems.example,305-603-5132,Active,2023-06-14,50000.00,48-9952173,Trade Show Import
1499,CUS-001499,Lantern Cold Foods Patrners,Lantern Cold Foods Partners,Mid-Market,Beverage Distribution,8,220,iris@lanterncoldfoodspa.example,303-868-9588,Inactive,2024-01-02,500000.00,47-2059494,CRM
1500,CUS-001500,Vantage Floral Logistics Co-op,VANTAGE FLORAL LOGISTICS CO-OP,Startup,Specialty Grocery,3,210,jonah@vantageflorallogis.example,304-692-6600,Active,2025-02-09,250000.00,91-3359444,CRM
1501,CUS-001501,Ardent Ingredients Logistics,Ardent Ingredients Logistics,Regional,Meal Kit Producer,5,243,mateo@ardentingredientsl.example,417-227-8132,active,2024-10-19,50000.00,90-4164442,Trade Show Import
1502,CUS-001502,cobalt meal systems distribution,cobalt meal systems distribution,enterprise ,Food Distribution,2,266,talia@cobaltmealsystemsd.example,645-939-6643,Prospect,2025-07-04,250000.00,13-6188718,CRM
1503,CUS-001503,Brightwell Laboratories Group,Brightwell Laboratories Group,Mid-Market,Food Distribution,8,278,talia@brightwelllaborato.example,363-407-9975,Active,2023-02-26,75000.00,76-7842434,CRM
1504,CUS-001504,Meridian Meal Systems Supply,Meridian Meal Systems Supply ,Regional,Specialty Grocery,5,210,rafael@meridianmealsystem.example,551-972-6239,Active,2023-07-25,500000.00,43-9948996,Legacy CRM
1505,CUS-001505,Pioneer Beverage Supply,Pioneer Beverage Supply,Mid-Market,Clinical Logistics,11,106,noah@pioneerbeveragesup.example,329-976-2544,Active,2025-09-18,100000.00,99-1358274,Legacy CRM
1506,CUS-001506,Solace Dairy Foods,Solace Dairy Foods,enterprise ,Specialty Grocery,5,267,keiko@solacedairyfoods.example,384-571-5979,Active,2024-06-08,100000.00,35-3838747,CRM
1507,CUS-001507,Northwind Cold Foods Manufacturing,Northwind Cold Foods Manufacturing,Startup,Beverage Distribution,4,165,nina@northwindcoldfoods.example,832-286-3787,active,2023-09-13,25000.00,31-5143519,Trade Show Import
1508,CUS-001508,Westline Biologics Group,Westline Biologics Group,enterprise ,Food Distribution,5,249,rina@westlinebiologicsg.example,355-872-7595,Active,2025-07-18,50000.00,62-4764104,CRM
1509,CUS-001509,Cedar Dairy Co-op,Cedar Dairy Co-op,Startup,Beverage Distribution,11,239,noah@cedardairycoop.example,282-396-4856,Inactive,2023-07-13,50000.00,51-5935483,CRM
1510,CUS-001510,Riverbend Nutrition Co-op,Riverbend Nutrition Co-op,Enterprise,Clinical Logistics,6,12,zara@riverbendnutrition.example,371-730-2360,Active,2025-04-30,25000.00,44-6949391,CRM
1511,CUS-001511,Lantern Biologics Logistics,Lantern Biologics Logistics,enterprise ,Clinical Logistics,9,290,fatima@lanternbiologicslo.example,811-842-4387,Active,2025-10-18,25000.00,44-9001466,CRM
1512,CUS-001512,Westline Floral Logistics Supply,Westline Floral Logistics Supply,Regional,Food Distribution,8,179,elias@westlineflorallogi.example,485-453-6980,Active,2024-09-30,25000.00,45-2463993,CRM
1513,CUS-001513,Crown Biologics Logistics,Crown Biologics Logistics,Mid-Market,Cold-Chain Pharma,2,210,lena@crownbiologicslogi.example,666-862-5988,Prospect,2023-12-20,75000.00,12-6381374,CRM
1514,CUS-001514,Aster Dairy Holdings,Aster Dairy Holdings,Startup,Beverage Distribution,11,193,hugo@asterdairyholdings.example,635-858-11,Active,2025-09-18,50000.00,90-8401342,Trade Show Import
1515,CUS-001515,Vantage Specialty Produce Supply,Vantage Specialty Produce Supply,Startup,Food Distribution,3,30,sofia@vantagespecialtypr.example,208-593-9665,Active,2023-06-28,150000.00,40-8992405,CRM
1516,CUS-001516,Helix Dairy Co-op,Helix Dairy Co-op,enterprise ,Clinical Logistics,11,241,fatima@helixdairycoop.example,584-591-7850,Active,2025-01-01,50000.00,62-1567007,CRM
1517,CUS-001517,Helix Biologics Co-op,Helix Biologics Co-op,Mid-Market,Meal Kit Producer,11,299,owen@helixbiologicscoop.example,00537 287 4404,At Risk,2023-07-25,100000.00,57-2678363,Legacy CRM
1518,CUS-001518,Ardent Beverage Supply,Ardent Beverage Supply,enterprise ,Clinical Logistics,6,220,anika@ardentbeveragesupp.example,905-610-8916,active,2025-05-07,25000.00,58-9827413,Legacy CRM
1519,CUS-001519,Ardent Floral Logistics Distribution,Ardent Floral Logistics Distribution,Regional,Beverage Distribution,2,67,zara@ardentflorallogist.example,676-218-7455,Active,2023-09-08,100000.00,44-1658977,CRM
1520,CUS-001520,Summit Biologics Partners,Summit Biologics Partners,Regional,Cold-Chain Pharma,1,254,rina@summitbiologicspar.example,581-610-2463,Active,2024-08-19,75000.00,18-6626218,CRM
1521,CUS-001521,Northwind Seafood Distribution,Northwind Seafood Distribution,Enterprise,Food Distribution,2,241,jonah@northwindseafooddi.example,,Active,2023-08-26,50000.00,48-7280364,CRM
1522,CUS-001522,Meridian Meal Systems Supply,Meridian Meal Systems Supply,Regional,Food Distribution,8,74,zara@meridianmealsystem.example,357-475-7187,At Risk,2023-10-12,250000.00,82-1051924,CRM
1523,CUS-001523,Crown Specialty Produce Foods,Crown Specialty Produce Foods,Regional,Clinical Logistics,3,252,caleb@crownspecialtyprod.example,440-507-9639,At Risk,2023-05-05,250000.00,43-6188049,CRM
1524,CUS-001524,Trinity Foods Labs,Trinity Foods Labs,Regional,Beverage Distribution,10,226,noah@trinityfoodslabs.example,361-321-9218,Active,2023-06-14,100000.00,63-7896603,CRM
1525,CUS-001525,Everfield Meal Systems Manufacturing,Everfield Meal Systems Manufacturing,Regional,Food Distribution,5,82,maya@everfieldmealsyste.example,298-870-4967,Prospect,2025-04-16,250000.00,24-9618811,Legacy CRM
1526,CUS-001526,Lantern Nutrition Logistics,Lantern Nutrition Logistics,Enterprise,Specialty Grocery,9,105,,866-429-1231,Active,2025-02-22,100000.00,99-9003985,CRM
1527,CUS-001527,Helix Cold Foods Group,Helix Cold Foods Group,enterprise ,Clinical Logistics,11,245,maya@helixcoldfoodsgrou.example,775-662-4908,Inactive,2024-05-14,25000.00,40-7679438,Trade Show Import
1528,CUS-001528,Aster Biologics Partners,Aster Biologics Partners,Regional,Meal Kit Producer,5,105,keiko@asterbiologicspart.example,792-819-1546,Active,2024-09-04,100000.00,84-8859012,CRM
1529,CUS-001529,Vantage Laboratories Co-op,Vantage Laboratories Co-op,Regional,Clinical Logistics,8,289,avery@vantagelaboratorie.example,209-703-2585,Inactive,2023-12-31,25000.00,51-3633819,Manual Entry
1530,CUS-001530,Crescent Meal Systems Manufacturing,Crescent Meal Systems Manufacturing,Mid-Market,Food Distribution,3,57,rafael@crescentmealsystem.example,298-217-1001,active,2025-01-31,100000.00,82-8480297,CRM
1531,CUS-001531,Lakeside Nutrition Group,Lakeside Nutrition Group,Regional,Specialty Grocery,10,241,priya@lakesidenutritiong.example,790.225.7782,At Risk,2024-11-11,500000.00,57-5311942,CRM
1532,CUS-001532,Oakmont Pharma Partners,Oakmont Pharma Partners,enterprise ,Specialty Grocery,6,190,keiko@oakmontpharmapartn.example,348-306-7091,Active,2024-11-16,250000.00,70-3106128,CRM
1533,CUS-001533,Cobalt Floral Logistics Labs,Cobalt Floral Logistics Labs,Regional,Food Distribution,3,201,iris@cobaltflorallogist.example,653-947-2928,Active,2024-06-01,25000.00,38-3923347,Manual Entry
1534,CUS-001534,Meridian Cold Foods Group,Meridian Cold Foods Group,enterprise ,Food Distribution,1,273,avery@meridiancoldfoodsg.example,289-915-1888,Active,2024-12-20,150000.00,45-9007269,CRM
1535,CUS-001535,Crown Pet Nutrition Partners,CROWN PET NUTRITION PARTNERS,Startup,Specialty Grocery,11,146,zara@crownpetnutritionp.example,436-249-7591,Active,2023-01-02,100000.00,45-6647479,CRM
1536,CUS-001536,Brightwell Dairy Partners,Brightwell Dairy Partners,Enterprise,Food Distribution,3,218,miles@brightwelldairypar.example,460-405-5214,Prospect,2024-12-16,250000.00,92-6183007,CRM
1537,CUS-001537,Aster Dairy Holdings,Aster Dairy Holdings,enterprise ,Clinical Logistics,5,266,avery@asterdairyholdings.example,583-356-3030,Active,2025-09-23,150000.00,86-3350919,Trade Show Import
1538,CUS-001538,Crescent Nutrition Co-op,Crescent Nutrition Co-op,Regional,Cold-Chain Pharma,9,79,priya@crescentnutritionc.example,823.989.7762,Active,2023-01-21,150000.00,47-2973378,Legacy CRM
1539,CUS-001539,Cobalt Dairy Labs,CobaltD airy Labs,enterprise ,Meal Kit Producer,9,258,nina@cobaltdairylabs.example,388-382-3189,Active,2023-03-19,250000.00,98-8046150,CRM
1540,CUS-001540,Pioneer Ingredients Distribution,Pioneer Ingredients Distribution,Startup,Food Distribution,8,254,miles@pioneeringredients.example,275-266-7957,Prospect,2023-02-25,500000.00,97-9532484,Legacy CRM
1541,CUS-001541,Lantern Floral Logistics Distribution,Lantern Floral Logistics Distribution,Mid-Market,Specialty Grocery,2,187,elias@lanternflorallogis.example,984-304-8142,Active,2025-05-06,25000.00,91-5690735,Legacy CRM
1542,CUS-001542,Ardent Seafood Logistics,Ardent Seafood Logistics,Mid-Market,Meal Kit Producer,10,201,hugo@ardentseafoodlogis.example,975-836-7430,Active,2024-12-22,250000.00,44-5729747,CRM
1543,CUS-001543,Solace Pet Nutrition Distribution,Solace Pet Nutrition Distribution,Enterprise,Cold-Chain Pharma,2,14,rafael@solacepetnutrition.example,593-410-6942,Active,2023-12-01,500000.00,26-7269052,CRM
1544,CUS-001544,Lantern Beverage Co-op,Lantern Beverage Co-op,Startup,Cold-Chain Pharma,5,262,iris@lanternbeveragecoo.example,(223) 310-6351,INACTIVE ,2024-02-22,250000.00,91-7500651,Manual Entry
1545,CUS-001545,Forge Dairy Holdings,Forge Dairy Holdings,Enterprise,Specialty Grocery,11,64,priya@forgedairyholdings.example,727-690-5683,Active,2024-11-07,75000.00,35-8190164,Manual Entry
1546,CUS-001546,Lakeside Dairy Co-op,Lakeside Dairy Co-op,Mid-Market,Food Distribution,3,64,zara@lakesidedairycoop.example,554-317-3046,At Risk,2023-10-08,25000.00,38-1844613,Legacy CRM
1547,CUS-001547,Briar Nutrition Holdings,Briar Nutrition Holdings,Regional,Meal Kit Producer,2,12,avery@briarnutritionhold.example,346-775-3763,At Risk,2024-05-24,250000.00,96-8700075,Manual Entry
1548,CUS-001548,Vantage Ingredients Foods,Vantage Ingredients Foods,Enterprise,Meal Kit Producer,7,15,jonah@vantageingredients.example,339-332-1001,Active,2024-03-29,500000.00, ,CRM
1549,CUS-001549,Cedar Meal Systems Logistics,Cedar Meal Systems Logistics,Startup,Beverage Distribution,2,296,rafael@cedarmealsystemslo.example,700-425-5448,Active,2024-09-16,75000.00,73-9606501,CRM
1550,CUS-001550,Trinity Pet Nutrition Co-op,Trinity Pet Nutrition Co-op,enterprise ,Specialty Grocery,11,15,sofia@trinitypetnutritio.example,680-273-3514,Active,2025-07-12,150000.00,69-8995352,Legacy CRM
1551,CUS-001551,Lantern Specialty Produce Supply,Lantern Specialty Produce Supply,Regional,Clinical Logistics,1,245,maya@lanternspecialtypr.example,803-712-6362,INACTIVE ,2023-02-24,75000.00,11-5400150,Legacy CRM
1552,CUS-001552,RIVERBEND MEAL SYSTEMS CO-OP,Riverbend Meal Systems Co-op,enterprise ,Cold-Chain Pharma,7,94,lena@riverbendmealsyste.example,255-391-6914,Active,2023-02-17,500000.00, ,Manual Entry
1553,CUS-001553,Northwind Pet Nutrition Supply,Northwind Pet Nutrition Supply,Mid-Market,Beverage Distribution,4,290,elias@northwindpetnutrit.example,212-876-3310,At Risk,2024-03-11,150000.00,89-2742638,CRM
1554,CUS-001554,Cobalt Ingredients Co-op,Cobalt Ingredients Co-op,Enterprise,Cold-Chain Pharma,3,119,keiko@cobaltingredientsc.example,348-639-4806,Active,2023-03-18,500000.00,18-3818722,Legacy CRM
1555,CUS-001555,Solace Pet Nutrition Manufacturing,Solace Pet Nutrition Manufacturing,Startup,Clinical Logistics,10,310,caleb@solacepetnutrition.example,369-631-8419,active,2024-03-15,25000.00,58-6435520,CRM
1556,CUS-001556,Cobalt Ingredients Group,Cobalt Ingredients Group,enterprise ,Food Distribution,7,26,jonah@cobaltingredientsg.example,949-619-7906,Active,2023-10-16,75000.00,13-1523256,CRM
1557,CUS-001557,Ardent Foods Holdings,Ardent Foods Holdings,Startup,Food Distribution,11,290,caleb@ardentfoodsholding.example,769-226-4267,Prospect,2025-03-19,250000.00,16-1464605,Legacy CRM
1558,CUS-001558,Keystone Nutrition Co-op,Keystone Nutrition Co-op,Regional,Meal Kit Producer,2,165,zara@keystonenutritionc.example,393-831-4676,Active,2025-09-18,100000.00,75-8769262,CRM
1559,CUS-001559,Meridian Biologics Foods,Meridian Biologics Foods,Regional,Beverage Distribution,8,245,darren@meridianbiologicsf.example,486-549-2313,Active,2025-02-02,250000.00,49-9351779,CRM
1560,CUS-001560,Crescent Specialty Produce Foods,Crescent Specialty Produce Foods,Startup,Clinical Logistics,7,161,iris@crescentspecialtyp.example,892-631-2021,Active,2024-10-04,50000.00,82-7588652,Trade Show Import
1561,CUS-001561,Everfield Specialty Produce Holdings,Everfield Specialty Produce Holdings,Mid-Market,Cold-Chain Pharma,9,241,owen@everfieldspecialty.example,499-809-9765,Prospect,2025-06-01,250000.00,55-2161544,CRM
1562,CUS-001562,Cardinal Nutrition Foods,Cardinal Nutrition Foods,Mid-Market,Meal Kit Producer,8,179,,937-683-1843,Active,2024-01-05,100000.00,63-9073650,CRM
1563,CUS-001563,Orchard Dairy Foods,Orchard Dairy Foods,Regional,Cold-Chain Pharma,8,140,avery@orcharddairyfoods.example,769-414-8127,Active,2023-07-25,500000.00,80-9447763,CRM
1564,CUS-001564, Crescent Floral Logistics Holdings,Crescent Floral Logistics Holdings,Enterprise,Meal Kit Producer,10,14,miles@crescentflorallogi.example,260-220-3221,Active,2025-09-08,75000.00,62-9473457,CRM
1565,CUS-001565,Harbor Meal Systems Logistics,Harbor Meal Systems Logistics,Regional,Clinical Logistics,4,12,maya@harbormealsystemsl.example,833-236-8524,Inactive,2023-10-06,50000.00,88-1388980,CRM
1566,CUS-001566,Oakmont Meal Systems Supply,Okamont Meal Systems Supply,Mid-Market,Cold-Chain Pharma,5,210,rina@oakmontmealsystems.example,388-281-7986,Active,2024-10-13,50000.00,73-9287002,Trade Show Import
1567,CUS-001567,Crescent Laboratories Co-op,Crescent Laboratories Co-op,Startup,Food Distribution,9,245,zara@crescentlaboratori.example,814-821-6660,active,2024-03-25,50000.00,23-3906055,CRM
1568,CUS-001568,Granite Pharma Group,Granite Pharma Group,Regional,Clinical Logistics,8,273,priya@granitepharmagroup.example,832-978-3667,Inactive,2024-02-19,75000.00,58-7169861,Manual Entry
1569,CUS-001569,Oakmont Pet Nutrition Holdings,Oakmont Pet Nutrition Holdings ,Startup,Clinical Logistics,9,41,elias@oakmontpetnutritio.example,431-895-7299,Active,2024-07-11,75000.00,68-2409895,Manual Entry
1570,CUS-001570,Harbor Cold Foods Manufacturing,Harbor Cold Foods Manufacturing,Startup,Specialty Grocery,8,278,miles@harborcoldfoodsman.example,483-578-1913,Active,2023-10-12,25000.00,27-7914270,CRM
1571,CUS-001571,Vantage Foods Co-op,Vantage Foods Co-op,Startup,Specialty Grocery,8,295,zara@vantagefoodscoop.example,859-830-4050,Active,2024-08-17,250000.00,43-1119514,Legacy CRM
1572,CUS-001572,Vantage Seafood Group,Vantage Seafood Group,Startup,Food Distribution,11,226,priya@vantageseafoodgrou.example,805-552-5526,Inactive,2023-02-02,25000.00,26-9756529,CRM
1573,CUS-001573,Cedar Pharma Holdings,Cedar Pharma Holdings,Startup,Food Distribution,5,192,mateo@cedarpharmaholding.example,253-822-4220,Inactive,2023-05-29,250000.00,18-9253758,Trade Show Import
1574,CUS-001574,Lantern Nutrition Foods,Lantern Nutrition Foods,Regional,Clinical Logistics,9,183,rafael@lanternnutritionfo.example,770-725-7828,Active,2024-06-02,100000.00,56-6075069,CRM
1575,CUS-001575,Summit Specialty Produce Partners,Summit Specialty Produce Partners,Mid-Market,Cold-Chain Pharma,7,190,anika@summitspecialtypro.example,904-942-5379,Active,2023-01-15,500000.00,30-5105560,CRM
1576,CUS-001576,Granite Seafood Manufacturing,Granite Seafood Manufacturing,enterprise ,Beverage Distribution,11,231,lena@graniteseafoodmanu.example ,315-856-9144,Active,2024-05-16,250000.00,49-5262600,CRM
1577,CUS-001577,Granite Pet Nutrition Holdings,Granite Pet Nutrition Holdings,Regional,Beverage Distribution,3,94,ben@granitepetnutritio.example,785-891-7747,Inactive,2023-03-25,150000.00,90-1885332,CRM
1578,CUS-001578,Trinity Dairy Group,Trinity Dairy Group,Mid-Market,Specialty Grocery,4,192,owen@trinitydairygroup.example,418-333-9181,Active,2024-12-25,25000.00,57-2330436,Manual Entry
1579,CUS-001579,Westline Pet Nutrition Manufacturing,Westline Pet Nutrition Manufacturing,Mid-Market,Meal Kit Producer,1,174,fatima@westlinepetnutriti.example,,Inactive,2025-02-01,150000.00,23-6246016,CRM
1580,CUS-001580,Meridian Seafood oC-op,Meridian Seafood Co-op,Mid-Market,Food Distribution,10,218,owen@meridianseafoodcoo.example,762-347-4649,Active,2025-06-16,250000.00,89-8074997,Legacy CRM
1581,CUS-001581,Lantern Nutrition Distribution,Lantern Nutrition Dist.,Mid-Market,Beverage Distribution,11,201,sofia@lanternnutritiondi.example,376-790-6475,Inactive,2024-03-14,25000.00,37-9313968,Legacy CRM
1582,CUS-001582,Mosaic Nutrition Partners,Mosaic Nutrition Partners,Mid-Market,Specialty Grocery,11,128,nina@mosaicnutritionpar.example,858-408-6450,Active,2024-03-05,250000.00,74-9113925,CRM
1583,CUS-001583,Keystone Biologics Foods,Keystone Biologics Foods,Startup,Cold-Chain Pharma,9,121,sofia@keystonebiologicsf.example,,Active,2023-05-30,25000.00,75-2004768,CRM
1584,CUS-001584,Mosaic Biologics Holdings,Mosaic Biologics Holdings,Mid-Market,Specialty Grocery,10,290,fatima@mosaicbiologicshol.example,249-617-6425,Active,2025-07-06,150000.00,82-4538698,Manual Entry
1585,CUS-001585,Meridian Biologics Logistics,Meridian Biologics Logistics,Mid-Market,Food Distribution,6,108,elias@meridianbiologicsl.example,432-231-9595,Active,2025-01-12,100000.00,92-2251352,Legacy CRM
1586,CUS-001586,EVERFIELD LABORATORIES LOGISTICS,Everfield Laboratories Logistics,Startup,Clinical Logistics,2,165,iris@everfieldlaborator.example,571-273-5813,Active,2023-03-16,50000.00,69-4274582,CRM
1587,CUS-001587,Harbor Foods Logistics,Harbor Foods Logistics,Startup,Beverage Distribution,9,248,avery@harborfoodslogisti.example,425-951-1692,At Risk,2024-08-16,500000.00,95-9764435,CRM
1588,CUS-001588,Bluevale Pharma Manufacturing,Bluevale Pharma Mfg,Startup,Food Distribution,11,190,fatima@bluevalepharmamanu.example,851-552-7617,Active,2023-03-18,25000.00,10-4445413,CRM
1589,CUS-001589,Briar Floral Logistics Distribution,Briar Floral Logistics Distribution,enterprise ,Food Distribution,6,74,elias@briarflorallogisti.example,972-890-6338,Active,2025-04-03,75000.00,12-2353102,Manual Entry
1590,CUS-001590,Helix Biologics Logistics,Helix Biologics Logistics,Mid-Market,Cold-Chain Pharma,1,83,jonah@helixbiologicslogi.example,561-418-3085,Active,2025-05-24,75000.00,39-9184042,CRM
1591,CUS-001591,Riverbend Floral Logistics Holdings,Riverbend Floral Logistics Holdings,enterprise ,Meal Kit Producer,8,249,priya@riverbendflorallog.example,764-506-5146,At Risk,2024-06-18,50000.00,64-3898354,CRM
1592,CUS-001592,Meridian Specialty Produce Manufacturing,Meridian Specialty Produce Manufacturing,Regional,Beverage Distribution,10,174,talia@meridianspecialtyp.example,626-688-9062,Active,2025-08-28,250000.00,40-1684185,Trade Show Import
1593,CUS-001593,Everfield Floral Logistics Labs,Everfield Floral Logistics Labs,enterprise ,Cold-Chain Pharma,6,278,talia@everfieldflorallog.example,579-547-7250,Active,2023-07-05,75000.00,19-6843828,CRM
1594,CUS-001594,Cedar Beverage Manufacturing, Cedar Beverage Manufacturing,Enterprise,Meal Kit Producer,1,30,zara@cedarbeveragemanuf.example,332-842-2354,Inactive,2025-05-15,75000.00,93-3987467,Legacy CRM
1595,CUS-001595,Meridian Nutrition Holdings,meridian nutrition holdings,Enterprise,Specialty Grocery,6,79,zara@meridiannutritionh.example,865-550-1632,Active,2025-09-10,25000.00,46-3006367,Legacy CRM
1596,CUS-001596,Riverbend Specialty Produce Supply,Riverbend Specialty Produce Supply,Startup,Meal Kit Producer,6,146,darren@riverbendspecialty.example,449-326-7820,Inactive,2024-02-22,100000.00,26-6140153,CRM
1597,CUS-001597,Trinity Ingredients Foods,Trinity Ingredients Foods,Startup,Meal Kit Producer,5,51,talia@trinityingredients.example,434-439-5115,Inactive,2024-09-21,100000.00,77-4079011,Manual Entry
1598,CUS-001598,Lantern Foods Co-op,Lantern Foods Co-op,enterprise ,Cold-Chain Pharma,1,108,owen@lanternfoodscoop.example,894-702-2720,Prospect,2023-10-05,50000.00,43-7348947,CRM
1599,CUS-001599,Riverbend Biologics Group,Riverbend Biologics Group,Startup,Meal Kit Producer,3,240,priya@riverbendbiologics.example,893-237-8042,Active,2024-11-01,25000.00,68-1662810,Manual Entry
1600,CUS-001600,Meridian Floral Logistics Co-op,Meridian Floral Logistics Co-op,Regional,Beverage Distribution,6,94,zara@meridianflorallogi.example,258-912-6442,Active,2024-10-22,75000.00,91-5447544,CRM
1601,CUS-001601,Helix Ingredients Co-op,Helix Ingredients Co-op,Mid-Market,Beverage Distribution,7,254,iris@helixingredientsco.example,415-509-5002,Active,2023-11-13,75000.00,29-7864894,Manual Entry
1602,CUS-001602,Pioneer Floral Logistics Distribution,Pioneer Floral Logistics Distribution,Mid-Market,Specialty Grocery,4,280,darren@pioneerflorallogis.example,382-570-5061,Inactive,2024-02-05,150000.00,27-5174365,CRM
1603,CUS-001603, Forge Pharma Group,Forge Pharma Group,Mid-Market,Cold-Chain Pharma,11,226,hugo@forgepharmagroup.example,458-950-3842,Active,2024-12-20,100000.00,31-2273489,CRM
1604,CUS-001604,HARBOR COLD FOODS SUPPLY,Harbor Cold Foods Supply,Regional,Clinical Logistics,8,289,elias@harborcoldfoodssup.example,552.243.2801,Active,2024-05-21,250000.00,16-3397787,CRM
1605,CUS-001605,Aster Cold Foods Distribution,Aster Cold Foods Distribution,enterprise ,Specialty Grocery,7,78,maya@astercoldfoodsdist.example,808-865-3789,Active,2024-06-11,100000.00,86-2697172,Legacy CRM
1606,CUS-001606,Brightwell Foods Holdings,Brightwell Foods Holdings,Regional,Meal Kit Producer,9,94,hugo@brightwellfoodshol.example,208-779-6388,At Risk,2024-06-20,150000.00,82-1929662,Trade Show Import
1607,CUS-001607,Pioneer Seafood Supply,Pioneer Seafood Supply,Enterprise,Cold-Chain Pharma,2,7,lena@pioneerseafoodsupp.example,818-583-9823,Active,2025-09-20,150000.00,47-5514516,CRM
1608,CUS-001608,Crown Biologics Distribution,Crown Biologics Distribution,Startup,Specialty Grocery,9,105,hugo@crownbiologicsdist.example,309-940-1768,Active,2024-12-11,500000.00,20-5182301,Trade Show Import
1609,CUS-001609,Brightwell Ingredients Co-op,Brightwell Ingredients Co-op,enterprise ,Food Distribution,6,60,sofia@brightwellingredie.example,613-201-3854,Active,2023-05-27,150000.00,31-9273674,Manual Entry
1610,CUS-001610,Pioneer Foods Logistics,Pioneer Foods Logistics,Enterprise,Specialty Grocery,10,236,mateo@pioneerfoodslogist.example,693-428-7812,Active,2024-09-21,150000.00,85-2286598,Legacy CRM
1611,CUS-001611,Cardinal Seafood Foods,cardinal seafood foods,enterprise ,Specialty Grocery,4,140,talia@cardinalseafoodfoo.example,652-257-2691,Active,2023-01-20,100000.00,21-1022814,CRM
1612,CUS-001612,Cobalt Specialty Produce Partners,Cobalt Specialty Produce Partners,Startup,Food Distribution,7,67,zara@cobaltspecialtypro.example,404-805-4086,Active,2024-09-07,75000.00,30-7196141,CRM
1613,CUS-001613,Granite Biologics Distribution,Granite Biologics Distribution,Enterprise,Specialty Grocery,10,108,keiko@granitebiologicsdi.example,648-848-3891,Active,2024-02-28,500000.00,99-5831494,Legacy CRM
1614,CUS-001614,Summit Pharma Manufacturing,Summit Pharma Mfg,Mid-Market,Cold-Chain Pharma,11,266,caleb@summitpharmamanufa.example,509.941.7923,Active,2023-11-25,75000.00,67-9901663,Legacy CRM
1615,CUS-001615,Trinity Specialty Produce Co-op,Trinity Specialty Produce Co-op,Enterprise,Food Distribution,1,183,priya@trinityspecialtypr.example,438-724-5041,Active,2024-02-27,75000.00,71-8638789,Legacy CRM
1616,CUS-001616,Cedar Meal Systems Group,Cedar Meal Systems Group,Startup,Clinical Logistics,9,240,elias@cedarmealsystemsgr.example,518-401-8117,At Risk,2024-10-02,75000.00,32-8364249,CRM
1617,CUS-001617,Helix Meal Systems Co-op,Helix Meal Systems Co-op,Startup,Clinical Logistics,9,236,noah@helixmealsystemsco.example,789-451-5047,Active,2023-10-14,500000.00,26-3076837,CRM
1618,CUS-001618,Vantage Cold Foods Logistics,Vantage Cold Foods Logistics,enterprise ,Meal Kit Producer,1,156,priya@vantagecoldfoodslo.example,672-894-3269,Active,2023-02-04,100000.00,14-6881738,CRM
1619,CUS-001619,Brightwell Laboratories Holdings,Brightwell Laboratories Holdings,Mid-Market,Cold-Chain Pharma,3,179,sofia@brightwelllaborato.example,262-390-8128,At Risk,2023-03-18,100000.00,51-6917435,Trade Show Import
1620,CUS-001620,Granite Foods Foods,Granite Foods Foods,enterprise ,Cold-Chain Pharma,5,234,elias@granitefoodsfoods.example,579-635-7718,active,2024-09-14,25000.00,16-5940816,Trade Show Import
1621,CUS-001621,Trinity Pet Nutrition Logistics,Trinity Pet Nutrition Logistics,Startup,Beverage Distribution,5,290,maya@trinitypetnutritio.example,524-660-3944,Active,2024-02-11,250000.00,34-6474899,CRM
1622,CUS-001622,Summit Laboratories Logistics,Summit Laboratories Logistics,Enterprise,Beverage Distribution,11,161,,832-675-5805,Active,2023-06-14,500000.00,42-2514442,CRM
1623,CUS-001623,Lakeside Specialty Produce Logistics,Lakeside Specialty Produce Logistics,Regional,Food Distribution,10,266,sofia@lakesidespecialtyp.example,800-618-1520,active,2024-06-22,100000.00,58-1365924,CRM
1624,CUS-001624,Harbor Laboratories Partners,Harbor Laboratories Partners,Regional,Clinical Logistics,4,12,nina@harborlaboratories.example,340-454-4123,Active,2023-07-01,75000.00,95-4831648,CRM
1625,CUS-001625,Lakeside Pet Nutrition Logistics,Lakeside Pet Nutrition Logistics,Mid-Market,Food Distribution,5,192,darren@lakesidepetnutriti.example,660-521-9571,Active,2025-07-04,25000.00,89-1971592,Legacy CRM
1626,CUS-001626,Meridian Seafood Manufacturing,Meridian Seafood Manufacturing,Mid-Market,Specialty Grocery,9,179,rina@meridianseafoodman.example,958-200-4814,active,2024-10-15,50000.00,70-3500945,CRM
1627,CUS-001627,Cobalt Biologics Foods,Cobalt Biologics Foods,Enterprise,Cold-Chain Pharma,4,187,rina@cobaltbiologicsfoo.example,381-490-8169,Active,2023-01-24,50000.00,87-4415088,CRM
1628,CUS-001628,Crown Floral Logistics Co-op,Crown Floral Logistics Co-op,Mid-Market,Beverage Distribution,11,149,elias@crownflorallogisti.example,395-855-2995,Inactive,2023-02-10,50000.00,20-4559425,CRM
1629,CUS-001629,Oakmont Laboratories Foods,OAKMONT LABORATORIES FOODS,Regional,Food Distribution,11,15,iris@oakmontlaboratorie.example,215-325-9339,Active,2024-04-23,500000.00,94-1224252,CRM
1630,CUS-001630,Orchard Dairy Labs,Orchard Dairy Labs,Regional,Cold-Chain Pharma,8,161,sofia@orcharddairylabs.example,(486) 774-6983,Active,2024-06-20,250000.00,89-7966418,Trade Show Import
1631,CUS-001631,Mosaic Ingredients Supply,Mosaic Ingredients Supply,enterprise ,Cold-Chain Pharma,10,248,talia@mosaicingredientss.example,483-547-5314,Active,2024-07-20,50000.00,74-3236518,CRM
1632,CUS-001632,Cardinal Pharma Group,Cardinal Pharma Group,Enterprise,Beverage Distribution,4,278,nina@cardinalpharmagrou.example,852-651-2877,Active,2024-01-10,50000.00,56-5626671,Manual Entry
1633,CUS-001633,Helix Pet Nutrition Distribution,Helix Pet Nutrition Distribution,Startup,Clinical Logistics,2,242,darren@helixpetnutritiond.example,983-716-6151,Active,2025-02-08,25000.00,38-2385826,Trade Show Import
1634,CUS-001634,Everfield Ingredients Logistics,Everfield Ingredients Logistics,Startup,Clinical Logistics,2,83,talia@everfieldingredien.example,307-442-6562,Active,2025-02-11,25000.00,85-3638141,Legacy CRM
1635,CUS-001635,Cardinal Nutrition Group,Cardinal Nutrition Group,Mid-Market,Specialty Grocery,11,94,jonah@cardinalnutritiong.example,248-225-2371,Active,2025-06-28,100000.00,91-4932382,CRM
1636,CUS-001636,Keystone Meal Systems Manufacturing,Keystone Meal Systems Manufacturing,Enterprise,Cold-Chain Pharma,1,220,hugo@keystonemealsystem.example,453-730-1067,At Risk,2023-04-19,75000.00,18-5059071,CRM
1637,CUS-001637,Keystone Meal Systems Labs,Keystone Meal Systems Labs ,Regional,Cold-Chain Pharma,4,64,hugo@keystonemealsystem.example,735-466-6824,Inactive,2025-08-05,250000.00,66-2982123,Legacy CRM
1638,CUS-001638,Harbor Nutrition Labs,Harbor Nutrition Labs,Mid-Market,Food Distribution,10,257,fatima@harbornutritionlab.example,536-818-7412,At Risk,2024-01-18,500000.00,48-2137628,CRM
1639,CUS-001639,Orchard Pet Nutrition Logistics,Orchard Pet Nutrition Logistics,enterprise ,Food Distribution,2,106,talia@orchardpetnutritio.example,243-901-5803,Active,2025-08-16,500000.00,57-6315311,CRM
1640,CUS-001640,Bluevale Meal Systems Foods,Bluevale Meal Systems Foods,Regional,Food Distribution,7,192,avery@bluevalemealsystem.example,570-806-9200,At Risk,2024-07-20,100000.00,91-7607958,CRM
1641,CUS-001641,Orchard Laboratories Foods,Orchard Laboratories Foods,Enterprise,Cold-Chain Pharma,5,226,lena@orchardlaboratorie.example,473-706-5002,Active,2024-11-30,75000.00,39-5234708,Manual Entry
1642,CUS-001642,Ardent Specialty Produce Holdings,Ardent Specialty Produce Holdings,Mid-Market,Beverage Distribution,5,26,nina@ardentspecialtypro.example,415-533-5125,Inactive,2023-11-16,500000.00,38-2983674,CRM
1643,CUS-001643,Everfield Cold Foods Partners,Everfield Cold Foods Partners,Regional,Meal Kit Producer,1,278,owen@everfieldcoldfoods.example,317-203-9874,active,2025-10-15,50000.00,67-5822507,CRM
1644,CUS-001644,Summit Cold Foods Supply,Summit Cold Foods Supply,Mid-Market,Specialty Grocery,3,64,anika@summitcoldfoodssup.example,656-791-8046,At Risk,2025-09-16,150000.00,54-7186159,CRM
1645,CUS-001645,Lakeside Cold Foods Co-op,Lakeside Cold Foods Co-op,Mid-Market,Beverage Distribution,4,78,sofia@lakesidecoldfoodsc.example,235-489-1735,Active,2024-12-11,75000.00,66-8173740,Legacy CRM
1646,CUS-001646,Forge Meal Systems Supply,Forge Meal Systems Supply,Mid-Market,Beverage Distribution,8,69,darren@forgemealsystemssu.example,299-871-5122,Active,2024-11-24,75000.00,23-2363323,CRM
1647,CUS-001647,Cobalt Nutrition Holdings,Cobalt Nutrition Holdings,enterprise ,Food Distribution,4,226,priya@cobaltnutritionhol.example,904-573-7785,Active,2023-01-30,75000.00,34-1974391,CRM
1648,CUS-001648,Cardinal Specialty Produce Logistics,Cardinal Specialty Produce Logistics,enterprise ,Meal Kit Producer,3,147,rina@cardinalspecialtyp.example,945-206-3659,Active,2023-01-21,50000.00,68-8139290,CRM
1649,CUS-001649,solace biologics supply,Solace Biologics Supply,Startup,Clinical Logistics,10,278,mateo@solacebiologicssup.example,308-770-4608,Active,2023-11-14,150000.00,99-2891752,CRM
1650,CUS-001650,Everfield Foods Labs,Everfield Foods Labs,Enterprise,Cold-Chain Pharma,5,273,miles@everfieldfoodslabs.example,332-704-2821,At Risk,2023-01-29,50000.00,40-4641579,Manual Entry
1651,CUS-001651,Keystone Meal Systems Co-op,Keystone Meal Systems Co-op,Mid-Market,Specialty Grocery,1,161,maya@keystonemealsystem.example,884-796-9908,At Risk,2023-11-05,500000.00,50-7924733,CRM
1652,CUS-001652,Granite Cold Foods Foods,Granite Cold Foods Foods,Enterprise,Cold-Chain Pharma,8,231,talia@granitecoldfoodsfo.example,476-403-4021,At Risk,2023-02-05,500000.00,81-1590015,CRM
1653,CUS-001653, Orchard Floral Logistics Group,Orchard Floral Logistics Group,Enterprise,Food Distribution,6,218,maya@orchardflorallogis.example,910-926-1446,Active,2025-10-22,50000.00,61-9395380,CRM
1654,CUS-001654,Ardent Meal Systems Distribution,Ardent Meal Systems Distribution,Startup,Clinical Logistics,1,278,caleb@ardentmealsystemsd.example,931-516-6512,At Risk,2023-09-28,25000.00,59-2652041,CRM
1655,CUS-001655,Cobalt Dairy Partners,Cobalt Dairy Partners,Startup,Specialty Grocery,5,12,iris@cobaltdairypartner.example,266-294-2344,Active,2024-08-20,500000.00,41-2919683,Legacy CRM
1656,CUS-001656,Briar Specialty Produce Distribution,Briar Specialty Produce Distribution,Mid-Market,Cold-Chain Pharma,11,234,fatima@briarspecialtyprod.example,363-882-6794,Active,2025-08-24,500000.00,57-7631761,CRM
1657,CUS-001657,Westline Seafood Distribution,Westline Seafood Distribution,Mid-Market,Beverage Distribution,3,191,sofia@westlineseafooddis.example,803-235-8318,Active,2025-01-16,50000.00,60-3742410,CRM
1658,CUS-001658,Cobalt Dairy Partners,COBALT DAIRY PARTNERS,Enterprise,Clinical Logistics,2,79,miles@cobaltdairypartner.example,748-296-43,At Risk,2024-03-17,150000.00,95-1024754,CRM
1659,CUS-001659,Oakmont Biologics Holdings,Oakmont Biologics Holdings,Mid-Market,Meal Kit Producer,5,191,ben@oakmontbiologicsho.example,549-353-8114,Active,2024-12-05,50000.00,54-9754610,CRM
1660,CUS-001660,Cardinal Pet Nutrition Partners,Cardinal Pet Nutrition Partners,Enterprise,Beverage Distribution,8,191,,681-248-8185,Active,2023-07-09,50000.00,25-6706386,CRM
1661,CUS-001661,Everfield Dairy Logistics,Everfield Dairy Logistics,Startup,Specialty Grocery,10,147,,440-923-4675,Active,2024-11-27,250000.00,54-4940223,CRM
1662,CUS-001662,Helix Meal Systems Group,Helix Meal Systems Group,Startup,Cold-Chain Pharma,8,108,rafael@helixmealsystemsgr.example,325-592-4834,Active,2023-02-13,150000.00,69-6926617,Manual Entry
1663,CUS-001663,Meridian Meal Systems Labs,Meridian Meal Systems Labs,enterprise ,Food Distribution,1,105,mateo@meridianmealsystem.example,829-872-2128,Active,2024-06-29,150000.00,16-2456801,CRM
1664,CUS-001664,Granite Pet Nutrition Supply,Granite Pet Nutrition Supply,Mid-Market,Food Distribution,2,33,sofia@granitepetnutritio.example,631-305-6076,Inactive,2024-05-02,25000.00, ,CRM
1665,CUS-001665,Bluevale Pet Nutrition Supply,Bluevale Pet Nutrition Supply,Enterprise,Clinical Logistics,7,273,caleb@bluevalepetnutriti.example,725-353-3318,Active,2023-12-19,100000.00,30-6722333,CRM
1666,CUS-001666,Meridian Cold Foods Distribution,Meridian Cold Foods Dist.,Startup,Specialty Grocery,6,7,rafael@meridiancoldfoodsd.example,476-402-8714,Active,2024-01-01,500000.00,27-1826535,Legacy CRM
1667,CUS-001667,Summit Pharma Co-op,Summit Pharma Co-op,Enterprise,Clinical Logistics,3,249,rafael@summitpharmacoop.example,775-237-9992,Active,2023-03-20,500000.00,78-2220696,Legacy CRM
1668,CUS-001668,Vantage Floral Logistics Partners,VANTAGE FLORAL LOGISTICS PARTNERS,Regional,Meal Kit Producer,8,243,lena@vantageflorallogis.example,334-805-5246,Active,2024-08-25,75000.00,92-6018784,CRM
1669,CUS-001669,Meridian Dairy Foods,Meridian Dairy Foods,Mid-Market,Food Distribution,9,105,rafael@meridiandairyfoods.example,668-708-4029,Inactive,2025-08-27,100000.00,52-3824074,CRM
1670,CUS-001670,HELIX MEAL SYSTEMS LOGISTICS,Helix Meal Systems Logistics,Enterprise,Meal Kit Producer,8,262,owen@helixmealsystemslo.example,282-221-8997,Prospect,2023-01-14,25000.00,56-8139268,CRM
1671,CUS-001671,Bluevale Cold Foods Manufacturing,Bluevale Cold Foods Manufacturing,Mid-Market,Specialty Grocery,10,220,zara@bluevalecoldfoodsm.example,502-345-2306,At Risk,2023-10-14,500000.00,90-4130500,Manual Entry
1672,CUS-001672,Cedar Floral Logistics Foods,Cedar Floral Logistics Foods,Startup,Beverage Distribution,1,83,hugo@cedarflorallogisti.example,742-296-2482,Inactive,2025-04-20,150000.00,52-3405221,CRM
1673,CUS-001673,Harbor Foods Supply,Harbor Foods Supply,Enterprise,Cold-Chain Pharma,10,248,noah@harborfoodssupply.example,853-785-6673,Active,2023-02-16,150000.00,88-5049619,CRM
1674,CUS-001674,Aster Meal Systems Logistics,Aster Meal Systems Logistics,enterprise ,Clinical Logistics,9,33,miles@astermealsystemslo.example,506-670-1286,Active,2023-12-17,250000.00,PENDING,CRM
1675,CUS-001675,Brightwell Biologics Group,Brightwell Biologics Group,Mid-Market,Specialty Grocery,3,201,jonah@brightwellbiologic.example,305-665-5757,Active,2025-05-29,25000.00,29-9816547,Legacy CRM
1676,CUS-001676,Everfield Dairy Co-op,Everfield Dairy Co-op,enterprise ,Meal Kit Producer,10,165,miles@everfielddairycoop.example,509-577-1998,Active,2023-10-28,150000.00,35-2269869,CRM
1677,CUS-001677,Forge Specialty Produce Holdings,Forge Specialty Produce Holdings,Enterprise,Cold-Chain Pharma,8,183,sofia@forgespecialtyprod.example,682-632-1565,Active,2024-11-19,100000.00,64-6608679,CRM
1678,CUS-001678,Bluevale Dairy Logistics,Bluevale Dairy Logistics,Mid-Market,Food Distribution,4,128,priya@bluevaledairylogis.example,564-302-2151,Prospect,2024-09-24,250000.00,56-6010882,Legacy CRM
1679,CUS-001679,Meridian Nutrition Manufacturing,Meridian Nutrition Manufacturing,enterprise ,Specialty Grocery,5,295,maya@meridiannutritionm.example,814-572-3184,Active,2023-11-18,500000.00,91-8115237,Legacy CRM
1680,CUS-001680,Everfield Foods Foods,Everfield Foods Foods,Startup,Beverage Distribution,5,94,sofia@everfieldfoodsfood.example,705-938-4154,Inactive,2023-08-02,500000.00,21-7570457,CRM
1681,CUS-001681,Briar Specialty Produce Co-op,Briar Specialty Produce Co-op,enterprise ,Food Distribution,11,119,noah@briarspecialtyprod.example,835-919-61,Active,2024-10-28,50000.00,91-8762370,CRM
1682,CUS-001682,Helix Specialty Produce Labs,Helix Specialty Produce Labs,Mid-Market,Specialty Grocery,3,242,nina@helixspecialtyprod.example,(421) 862-1585,Active,2025-01-12,75000.00,77-7013333,CRM
1683,CUS-001683,Lakeside Beverage Distribution,Lakeside Beverage Distribution ,enterprise ,Cold-Chain Pharma,11,179,iris@lakesidebeveragedi.example,(292) 373-7492,Active,2024-11-10,100000.00,72-4490370,CRM
1684,CUS-001684,Everfield Meal Systems Distribution,Everfield Meal Systems Distribution,Enterprise,Cold-Chain Pharma,3,266,caleb@everfieldmealsyste.example,581-273-3946,Active,2024-11-11,50000.00,66-3993579,CRM
1685,CUS-001685,Trinity Laboratories Manufacturing,Trinity Laboratories Manufacturing,Startup,Food Distribution,4,121,darren@trinitylaboratorie.example,810-282-9664,Active,2025-05-20,25000.00,50-2702768,CRM
1686,CUS-001686,Briar Dairy Holdings,Briar Dairy Holdings ,Startup,Beverage Distribution,8,295,keiko@briardairyholdings.example,285-580-1407,Inactive,2024-07-10,150000.00,16-1934616,Trade Show Import
1687,CUS-001687,Harbor Beverage Group,Harbor Beverage Group,Startup,Specialty Grocery,11,57,anika@harborbeveragegrou.example,412-944-7109,Active,2025-05-06,150000.00,64-9092148,CRM
1688,CUS-001688,Harbor Specialty Produce Manufacturing,Harbor Specialty Produce Mfg,Mid-Market,Clinical Logistics,8,67,,(230) 888-6635,active,2024-06-15,150000.00,91-9076696,CRM
1689,CUS-001689,Briar Cold Foods Co-op,Briar Cold Foods Co-op,Mid-Market,Meal Kit Producer,1,57,lena@briarcoldfoodscoop.example,811-429-3360,Active,2024-09-27,150000.00,64-7433041,Legacy CRM
1690,CUS-001690,Ardent Seafood Supply,Ardent Seafood Supply,Enterprise,Food Distribution,6,60,jonah@ardentseafoodsuppl.example,421-658-4047,Active,2023-10-23,250000.00,86-7237161,Legacy CRM
1691,CUS-001691,Brightwell Meal Systems Partners,Brightwell Meal Systems Partners,Enterprise,Specialty Grocery,10,245,fatima@brightwellmealsyst.example,(621) 579-4895,Active,2023-11-24,50000.00,36-7108716,Legacy CRM
1692,CUS-001692,Everfield Pharma Distribution,Everfield Pharma Distribution,Regional,Cold-Chain Pharma,4,128,avery@everfieldpharmadis.example,797-393-1604,Active,2023-10-01,250000.00,35-1363255,CRM
1693,CUS-001693,Meridian Nutrition Foods,Meridian Nutrition Foods,enterprise ,Cold-Chain Pharma,1,226,avery@meridiannutritionf.example,705-767-9204,Active,2024-01-24,500000.00,83-2911208,CRM
1694,CUS-001694,Granite Pharma Co-op,Granite hParma Co-op,Regional,Food Distribution,9,299,darren@granitepharmacoop.example,967-635-8500,Active,2023-02-15,50000.00,38-6417100,Legacy CRM
1695,CUS-001695,Mosaic Seafood Co-op,Mosaic Seafood Co-op,Regional,Cold-Chain Pharma,7,152,zara@mosaicseafoodcoop.example,731-524-5322,Active,2023-02-13,250000.00,97-7166872,CRM
1696,CUS-001696,Vantage Biologics Supply,Vantage Biologics Supply,Regional,Clinical Logistics,3,245,owen@vantagebiologicssu.example,585-485-6460,Active,2024-04-11,75000.00,96-6207883,Manual Entry
1697,CUS-001697,Ardent Meal Systems Supply,Ardent Meal Systems Supply,Mid-Market,Specialty Grocery,8,289,,927-440-9530,Active,2024-02-20,25000.00,80-9468026,Legacy CRM
1698,CUS-001698,Aster Biologics Distribution,Aster Biologics Distribution,enterprise ,Food Distribution,3,26,darren@asterbiologicsdist.example,431-591-2673,At Risk,2023-06-30,500000.00,30-2228933,Manual Entry
1699,CUS-001699,Lakeside Pharma Group,Lakeside Pharma Group,Startup,Beverage Distribution,1,14,owen@lakesidepharmagrou.example,847-850-8691,Active,2024-05-24,25000.00,97-4207457,Legacy CRM
1700,CUS-001700,WESTLINE COLD FOODS GROUP,Westline Cold Foods Group,Regional,Meal Kit Producer,2,183,lena@westlinecoldfoodsg.example,812-879-9831,active,2023-12-19,75000.00,85-9356843,CRM
1701,CUS-001701,Riverbend Beverage Logistics,Riverbend Beverage Logistics,Regional,Clinical Logistics,5,14,jonah@riverbendbeveragel.example,954-397-8990,Active,2024-08-25,100000.00,24-9061406,Legacy CRM
1702,CUS-001702,Pioneer Nutrition Distribution,pioneer nutrition distribution,Enterprise,Beverage Distribution,2,179,owen@pioneernutritiondi.example,845-674-2596,Active,2023-03-16,25000.00,47-3203775,Manual Entry
1703,CUS-001703,Helix Pharma Group,Helix Pharma Group,enterprise ,Specialty Grocery,6,67,lena@helixpharmagroup.example,664-808-59,Active,2023-07-10,75000.00,84-2965741,CRM
1704,CUS-001704,Forge Specialty Produce Partners,Forge Specialty Produce Partners,Enterprise,Food Distribution,3,187,ben@forgespecialtyprod.example,214-307-7457,Active,2023-06-12,500000.00,14-5780949,CRM
1705,CUS-001705,Helix Beverage Supply,Helix Beverage Supply,Enterprise,Beverage Distribution,4,121,miles.helixbeveragesuppl.example,413-801-9484,Active,2023-04-17,500000.00,33-2907265,CRM
1706,CUS-001706,Pioneer Foods Partners,Pioneer Foods Partners,Mid-Market,Meal Kit Producer,6,60,rina@pioneerfoodspartne.example,531-371-9136,Active,2024-04-18,100000.00,60-8142123,CRM
1707,CUS-001707,Crown Ingredients Labs,Crown Ingredients Labs,enterprise ,Food Distribution,5,289,hugo@crowningredientsla.example,445-835-6866,Inactive,2023-11-04,50000.00,69-4623438,CRM
1708,CUS-001708,Helix Pet Nutrition Group,Helix Pet Nutrition Group,Startup,Beverage Distribution,10,146,noah@helixpetnutritiong.example,297-630-7261,Active,2024-10-15,25000.00,21-3740599,CRM
1709,CUS-001709,Forge Beverage Labs,Forge Beverage Labs,enterprise ,Meal Kit Producer,10,262,iris@forgebeveragelabs.example,612.458.4361,Active,2024-07-07,75000.00,57-6254281,CRM
1710,CUS-001710,Harbor Beverage Foods,Harbor Beverage Foods,enterprise ,Food Distribution,5,236,priya@harborbeveragefood.example,968-295-2534,Active,2024-06-14,25000.00,86-4042391,Legacy CRM
1711,CUS-001711,Pioneer Dairy Foods,Pioneer Dairy Foods,enterprise ,Cold-Chain Pharma,7,310,avery@pioneerdairyfoods.example,534-724-6116,Active,2023-02-13,75000.00,10-2718765,Trade Show Import
1712,CUS-001712,Everfield Nutrition Distribution,Everfield Nutrition Distribution,Enterprise,Beverage Distribution,6,258,mateo@everfieldnutrition.example,842-538-1057,Active,2025-09-19,500000.00,38-5472964,CRM
1713,CUS-001713,Riverbend Pharma Partners,Riverbend Pharma Partners,Mid-Market,Clinical Logistics,7,147,talia@riverbendpharmapar.example,949-773-4729,Active,2023-11-02,150000.00,,Legacy CRM
1714,CUS-001714,Bluevale Beverage Holdings,Bluevale Beverage Holdings,Startup,Beverage Distribution,2,64,keiko@bluevalebeverageho.example ,879-306-4426,Active,2023-04-29,150000.00,12-5374485,CRM
1715,CUS-001715,Pioneer Seafood Partners,Pioneer Seafood Partners,enterprise ,Meal Kit Producer,8,20,elias@pioneerseafoodpart.example,405-710-4381,Active,2023-12-10,50000.00,49-5417002,CRM
1716,CUS-001716,Granite Dairy Co-op,Granite Dairy Co-op,Enterprise,Food Distribution,8,51,talia@granitedairycoop.example,678-834-8534,Prospect,2025-06-23,75000.00,13-9790477,Trade Show Import
1717,CUS-001717,Harbor Foods Distribution,Harbor Foods Distribution,Startup,Food Distribution,3,269,lena@harborfoodsdistrib.example,621-389-4775,At Risk,2023-08-07,150000.00,35-7486331,CRM
1718,CUS-001718,Solace Biologics Supply,Solace Biologics Supply,Mid-Market,Beverage Distribution,2,248,caleb@solacebiologicssup.example,860-970-3843,Active,2023-01-05,250000.00,00-0000000,Legacy CRM
1719,CUS-001719,Vantage Meal Systems Supply,Vantage Meal Systems Supply,Enterprise,Meal Kit Producer,1,140,sofia@vantagemealsystems.example,847-375-5989,INACTIVE ,2024-12-27,250000.00,11-6137862,Legacy CRM
1720,CUS-001720,orchard cold foods holdings,Orchard Cold Foods Holdings,Regional,Food Distribution,2,41,rina@orchardcoldfoodsho.example,383-241-9287,Active,2025-05-02,50000.00,55-5413487,Legacy CRM
1721,CUS-001721,Cardinal Cold Foods Holdings,Cardinal Cold Foods Holdings,Startup,Meal Kit Producer,8,147,rina@cardinalcoldfoodsh.example,839-416-4972,Active,2024-03-24,500000.00,74-7316918,CRM
1722,CUS-001722,Trinity Pet Nutrition Holdings,Trinit yPet Nutrition Holdings,Enterprise,Meal Kit Producer,3,94,rafael@trinitypetnutritio.example,223-533-8296,At Risk,2023-07-02,25000.00,46-7006682,CRM
1723,CUS-001723,Briar Seafood Holdings,Briar Seafood Holdings,Regional,Clinical Logistics,3,79,lena@briarseafoodholdin.example,425-734-5350,At Risk,2024-01-09,500000.00,55-4202115,CRM
1724,CUS-001724,Crown Nutrition Distribution,Crown Nutrition Distribution,Enterprise,Cold-Chain Pharma,5,147,avery@crownnutritiondist.example,405-306-3144,At Risk,2025-09-30,50000.00,37-2227369,CRM
1725,CUS-001725,Mosaic Seafood Labs,Mosaic Seafood Labs,Regional,Food Distribution,1,262,caleb@mosaicseafoodlabs.example,716-979-1612,Active,2025-11-05,25000.00,81-4891964,CRM
1726,CUS-001726,Forge Cold Foods Distribution,Forge Cold Foods Distribution,Enterprise,Clinical Logistics,3,57,maya@forgecoldfoodsdist.example,369-540-6245,Active,2023-12-28,500000.00,97-7227403,CRM
1727,CUS-001727,Meridian Pet Nutrition Co-op,Meridian Pet Nutrition Co-op,enterprise ,Meal Kit Producer,11,78,fatima@meridianpetnutriti.example,737-979-1357,Inactive,2025-03-26,100000.00,61-7898503,CRM
1728,CUS-001728,Northwind Pet Nutrition Partners,Northwind Pet Nutrition Partners,enterprise ,Cold-Chain Pharma,3,295,sofia@northwindpetnutrit.example,508-610-9711,At Risk,2025-11-06,250000.00,20-2509177,CRM
1729,CUS-001729,Helix Meal Systems Group,Helix Meal Systems Group,Startup,Food Distribution,3,33,miles.helixmealsystemsgr.example,832-845-5046,Active,2025-09-03,25000.00,24-3742487,CRM
1730,CUS-001730,Granite Pet Nutrition Foods,Granite Pet Nutrition Foods,Startup,Specialty Grocery,1,236,lena@granitepetnutritio.example,508-675-5627,INACTIVE ,2025-03-16,250000.00,20-3300943,CRM
1731,CUS-001731,Summit Foods Holdings,Summit Foods Holdings,Regional,Food Distribution,4,280,keiko@summitfoodsholding.example,(723) 862-6605,Active,2025-03-02,150000.00,32-8458709,CRM
1732,CUS-001732,Granite Pharma Partners,Granite Pharma Partners,Mid-Market,Beverage Distribution,1,243,anika@granitepharmapartn.example,928-443-8201,Active,2025-02-14,50000.00,00-0000000,CRM
1733,CUS-001733,Ardent Biologics Manufacturing,Ardent Biologics Manufacturing,Regional,Meal Kit Producer,7,60,owen@ardentbiologicsman.example,638-627-1519,Active,2023-11-22,50000.00,52-9037772,CRM
1734,CUS-001734,Forge Laboratories Supply,Forge Laboratories Supply,enterprise ,Clinical Logistics,11,19,mateo@forgelaboratoriess.example,625-983-5681,Active,2023-05-17,50000.00,47-4208247,CRM
1735,CUS-001735,Pioneer Beverage Labs,Pioneer Beverage Labs ,Startup,Clinical Logistics,4,51,sofia@pioneerbeveragelab.example,655-248-3917,Active,2023-05-03,500000.00,54-4193268,CRM
1736,CUS-001736,Briar Meal Systems Holdings,Briar Meal Systems Holdings,Startup,Cold-Chain Pharma,8,296,miles@briarmealsystemsho.example,592-613-2368,Active,2024-10-03,50000.00,94-8996768,CRM
1737,CUS-001737,Harbor Floral Logistics Holdings,Harbor Floral Logistics Holdings,Startup,Beverage Distribution,3,248,hugo@harborflorallogist.example,976-907-8139,At Risk,2025-02-07,100000.00,87-9718878,Legacy CRM
1738,CUS-001738,Crescent Dairy Partners,Crescent Dairy Partners,Mid-Market,Clinical Logistics,6,12,iris@crescentdairypartn.example,861-921-9628,Active,2025-10-31,50000.00,73-9704014,Legacy CRM
1739,CUS-001739,Westline Pharma Labs,Westline Pharma Labs,Regional,Cold-Chain Pharma,8,289,mateo@westlinepharmalabs.example,974-296-5828,Active,2023-08-20,25000.00,74-6998308,CRM
1740,CUS-001740,Helix Pharma Distribution,Helix Pharma Distribution,Regional,Meal Kit Producer,11,57,rina@helixpharmadistrib.example,424-787-4272,Active,2025-05-14,75000.00,90-4924058,Legacy CRM
1741,CUS-001741,Brightwell Ingredients Co-op,Brightwell Ingredients Co-op,enterprise ,Food Distribution,4,290,darren@brightwellingredie.example,452-405-5530,Prospect,2024-11-11,150000.00,27-7594709,CRM
1742,CUS-001742,Meridian Pharma Holdings,Meridian Pharma Holdings,Enterprise,Specialty Grocery,6,193,hugo@meridianpharmahold.example,00671 730 3499,INACTIVE ,2025-05-28,100000.00,22-3635915,Legacy CRM
1743,CUS-001743,Vantage Pet Nutrition Foods,Vantage Pet Nutrition Foods,Mid-Market,Meal Kit Producer,10,69,iris@vantagepetnutritio.example,535-259-1151,Active,2023-06-26,25000.00,40-4802970,CRM
1744,CUS-001744,Bluevale Pet Nutrition Partners,Bluevale Pet Nutrition Partners,Enterprise,Cold-Chain Pharma,2,280,zara@bluevalepetnutriti.example,581-673-2605,Active,2024-01-27,75000.00,11-3184324,CRM
1745,CUS-001745,Riverbend Biologics Labs,Riverbend Biologics Labs,Regional,Food Distribution,2,218,caleb@riverbendbiologics.example,(772) 320-1421,Active,2023-11-15,500000.00,13-8104926,Legacy CRM
1746,CUS-001746,Northwind Ingredients Foods,Northwind Ingredients Foods,Enterprise,Food Distribution,1,245,elias@northwindingredien.example,546-443-3588,Prospect,2023-07-04,150000.00,28-5216129,CRM
1747,CUS-001747,Helix Meal Systems Logistics,Helix Meal Systems Logistics,Mid-Market,Food Distribution,7,128,jonah@helixmealsystemslo.example,359-825-4589,Active,2025-10-12,150000.00,35-3732403,Legacy CRM
1748,CUS-001748,Bluevale Laboratories Labs,Bluevale Laboratories Labs,enterprise ,Meal Kit Producer,5,19,zara@bluevalelaboratori.example,290-238-3248,Inactive,2025-02-07,75000.00,80-9181141,CRM
1749,CUS-001749,Crescent Foods Partners,Crescent Foods Partners,enterprise ,Beverage Distribution,11,187,fatima@crescentfoodspartn.example,222-704-4571,Active,2024-04-20,100000.00,28-6705878,CRM
1750,CUS-001750,Briar Seafood Holdings,Briar Seafood Holdings,Mid-Market,Beverage Distribution,3,41,jonah@briarseafoodholdin.example,382-868-9871,Prospect,2024-12-17,150000.00,69-8340119,CRM
1751,CUS-001751,Trinity Laboratories Distribution,Trinity Laboratories Distribution,enterprise ,Beverage Distribution,6,15,nina@trinitylaboratorie.example,453-932-8945,Active,2024-08-01,500000.00,84-6854511,CRM
1752,CUS-001752,Granite Beverage Co-op,Granite Beverage Co-op,Startup,Meal Kit Producer,11,278,mateo@granitebeveragecoo.example,519-695-2511,Active,2024-05-21,25000.00,19-4955030,CRM
1753,CUS-001753,Granite Ingredients Group,Granite Ingredients Group,enterprise ,Meal Kit Producer,8,69,priya@graniteingredients.example,772-872-6140,Active,2024-07-28,150000.00,26-2511714,CRM
1754,CUS-001754,Lakeside Beverage Holdings,Lakeside Beverage Holdings,enterprise ,Clinical Logistics,10,94,avery@lakesidebeverageho.example,257-925-6949,Active,2023-03-07,150000.00,85-4814663,Legacy CRM
1755,CUS-001755,Pioneer Nutrition Manufacturing,Pioneer Nutrition Manufacturing,enterprise ,Beverage Distribution,11,68,iris@pioneernutritionma.example,00767 317 2213,Active,2025-04-22,50000.00,81-4479658,CRM
1756,CUS-001756,Cedar Pharma Co-op,Cedar Pharma Co-op,Regional,Meal Kit Producer,10,152,fatima@cedarpharmacoop.example,229-657-3300,Active,2023-01-25,100000.00,75-5644266,CRM
1757,CUS-001757,Westline Foods Partners,Westline Foods Partners,enterprise ,Specialty Grocery,2,280,rina@westlinefoodspartn.example,676-571-6424,Active,2024-05-30,100000.00,66-4039829,CRM
1758,CUS-001758,Cardinal Cold Foods Partners,Cardinal Cold Foods Partners,Startup,Meal Kit Producer,5,269,zara@cardinalcoldfoodsp.example,309-476-6440,Active,2024-04-08,500000.00,81-2021704,CRM
1759,CUS-001759,Meridian Beverage Holdings,Meridian Beverage Holdings,Startup,Specialty Grocery,7,68,jonah@meridianbeverageho.example,740-305-8301,Active,2023-01-09,25000.00,68-9616762,Legacy CRM
1760,CUS-001760,Keystone Cold Foods Manufacturing,Keystone Cold Foods Manufacturing,Regional,Clinical Logistics,6,146,caleb@keystonecoldfoodsm.example,503-647-3081,Active,2023-03-30,150000.00,35-4440051,Legacy CRM
1761,CUS-001761,Cedar Pet Nutrition Labs,Cedar Pet Nutrition Labs,Regional,Food Distribution,2,257,talia@cedarpetnutritionl.example,747-940-3052,Active,2023-09-30,100000.00,27-1398057,CRM
1762,CUS-001762,Pioneer Dairy Distribution,Pioneer Dairy Distribution,Enterprise,Cold-Chain Pharma,10,267,talia.pioneerdairydistri.example,418-915-6968,Active,2023-12-14,500000.00,13-6593746,Manual Entry
1763,CUS-001763,Granite Cold Foods Foods,Granite Cold Foods Foods,Enterprise,Beverage Distribution,10,257,iris@granitecoldfoodsfo.example,711-245-5809,Prospect,2025-02-10,500000.00,28-9432573,CRM
1764,CUS-001764,Briar Foods Logistics,Briar Foods Logistics,Startup,Cold-Chain Pharma,6,310,noah@briarfoodslogistic.example,00373 564 4307,Active,2024-10-13,250000.00,94-5315473,Manual Entry
1765,CUS-001765,Vantage Dairy Supply,Vantage Dairy Supply,Startup,Meal Kit Producer,1,74,maya@vantagedairysupply.example,544-477-8949,Active,2024-06-27,100000.00,45-1370627,CRM
1766,CUS-001766,Westline Specialty Produce Supply,Westline Specialty Produce Supply,Mid-Market,Beverage Distribution,7,234,keiko@westlinespecialtyp.example,792-375-2918,Active,2024-11-11,500000.00,19-5786653,Manual Entry
1767,CUS-001767,Orchard Meal Systems Co-op,Orchard Meal Systems Co-op,Enterprise,Food Distribution,8,226,nina@orchardmealsystems.example,273-590-6187,Active,2024-09-03,250000.00,11-3636151,CRM
1768,CUS-001768,Northwind Specialty Produce Holdings,Northwind Specialty Produce Holdings,Startup,Clinical Logistics,10,310,darren@northwindspecialty.example,985-353-9534,Active,2023-08-16,25000.00,24-5721204,Legacy CRM
1769,CUS-001769,Meridian Seafood Partners,Meridian Seafood Partners,Enterprise,Clinical Logistics,4,57,sofia@meridianseafoodpar.example,880-909-9758,Active,2024-06-28,25000.00,46-4392627,Legacy CRM
1770,CUS-001770,Westline Cold Foods Group,Westline Cold Foods Group,Startup,Specialty Grocery,7,22,lena@westlinecoldfoodsg.example,00262 766 6158,Active,2023-09-28,100000.00,37-3323126,Trade Show Import
1771,CUS-001771,Orchard Seafood Partners,Orchard Seafood Partners,Mid-Market,Meal Kit Producer,6,15,jonah@orchardseafoodpart.example,282-951-6655,Active,2023-02-10,75000.00,92-1222180,CRM
1772,CUS-001772,Cobalt Dairy Logistics,Cobalt Dairy Logistics,Startup,Food Distribution,10,190,anika@cobaltdairylogisti.example,911-237-4108,Active,2025-04-02,150000.00,67-6226815,Legacy CRM
1773,CUS-001773,Vantage Laboratories Logistics,Vantage Laboratories Logistics,enterprise ,Beverage Distribution,10,106,iris@vantagelaboratorie.example,926-668-8847,Active,2023-07-30,250000.00,22-1662896,CRM
1774,CUS-001774,Mosaic Pet Nutrition Group,Mosaic Pet Nutrition Group,Startup,Clinical Logistics,2,241,sofia@mosaicpetnutrition.example,383-262-1962,Active,2023-04-22,500000.00,79-1244236,Legacy CRM
1775,CUS-001775,Crown Meal Systems Holdings,Crown Meal Systems Holdings,Enterprise,Meal Kit Producer,8,128,nina@crownmealsystemsho.example,511-329-1942,Active,2023-08-18,150000.00,38-9084310,CRM
1776,CUS-001776,Briar Foods Group,Briar Foods Group,Regional,Cold-Chain Pharma,10,51,,526-900-2141,Inactive,2024-11-14,150000.00,99-5031646,Legacy CRM
1777,CUS-001777,Lakeside Meal Systems Co-op,Lakeside Meal Systems Co-op,Regional,Beverage Distribution,5,239,miles@lakesidemealsystem.example,364-404-8583,Active,2024-11-24,500000.00,95-8787798,CRM
1778,CUS-001778,Cedar Nutrition Manufacturing,Cedar Nutrition Manufacturing,Mid-Market,Clinical Logistics,5,210,rafael@cedarnutritionmanu.example,530-200-3609,Active,2025-06-03,250000.00,54-1750086,CRM
1779,CUS-001779,Trinity Laboratories Group,Trinity Laboratories Group,Regional,Meal Kit Producer,5,69,fatima@trinitylaboratorie.example,916-863-9376,Active,2023-11-14,100000.00,31-8927959,Legacy CRM
1780,CUS-001780,Cardinal Meal Systems Distribution,Cardinal Meal Systems Distribution,Startup,Meal Kit Producer,4,295,ben@cardinalmealsystem.example,403-275-9600,Active,2025-06-24,150000.00,39-1829630,CRM
1781,CUS-001781,Summit Laboratories Manufacturing,Summit Laboratories Manufacturing,Mid-Market,Specialty Grocery,8,249,darren@summitlaboratories.example,789-775-5249,active,2024-10-08,500000.00,83-3742622,CRM
1782,CUS-001782,Harbor Floral Logistics Group,Harbor Floral Logistics Group,Mid-Market,Specialty Grocery,7,64,iris@harborflorallogist.example,00691 846 9273,active,2025-09-05,100000.00,95-8525304,Manual Entry
1783,CUS-001783,Granite Ingredients Partners,Granite Ingredients Partners,Startup,Food Distribution,9,69,noah@graniteingredients.example,599-309-5624,Active,2025-01-03,150000.00,91-1920803,Legacy CRM
1784,CUS-001784,Oakmont Specialty Produce Labs,Oakmont Specialty Produce Labs,Regional,Clinical Logistics,4,128,fatima@oakmontspecialtypr.example,713-206-4417,Inactive,2023-06-05,50000.00,49-7274117,CRM
1785,CUS-001785,Meridian Cold Foods Partners,Meridian Cold Foods Partners,Mid-Market,Clinical Logistics,10,22,priya@meridiancoldfoodsp.example,493-411-8143,Inactive,2023-11-06,250000.00,69-8257223,Manual Entry
1786,CUS-001786,Vantage Cold Foods Labs ,Vantage Cold Foods Labs,Startup,Food Distribution,7,149,mateo@vantagecoldfoodsla.example,370-576-5428,Active,2023-07-19,500000.00,43-1589269,Manual Entry
1787,CUS-001787,Forge Biologics Group,Forge Biologics Group,Mid-Market,Meal Kit Producer,2,193,anika@forgebiologicsgrou.example,974-609-2754,Active,2024-03-21,150000.00,66-3304088,Trade Show Import
1788,CUS-001788,HARBOR INGREDIENTS MANUFACTURING,Harbor Ingredients Manufacturing,enterprise ,Beverage Distribution,4,68,noah@harboringredientsm.example,453-256-3599,Active,2024-08-19,100000.00,95-7742139,CRM
1789,CUS-001789,Brightwell Biologics Foods,Brightwell Biologics Foods,enterprise ,Food Distribution,8,51,fatima@brightwellbiologic.example,694-284-3000,Inactive,2025-05-28,500000.00,49-8863045,CRM
1790,CUS-001790,Crown Laboratories Co-op,Crown Laboratories Co-op,Startup,Clinical Logistics,2,83,jonah@crownlaboratoriesc.example,546-814-3605,Active,2025-10-10,75000.00,40-9072052,CRM
1791,CUS-001791,Pioneer Ingredients Holdings,Pioneer Ingredients Holdings,Enterprise,Cold-Chain Pharma,6,220,lena@pioneeringredients.example,878-231-9590,Active,2024-04-10,50000.00,,CRM
1792,CUS-001792,Riverbend Nutrition Group,Riverbend Nutrition Group,enterprise ,Cold-Chain Pharma,5,269,ben@riverbendnutrition.example,668-304-7971,Active,2023-09-10,150000.00,74-5522785,CRM
1793,CUS-001793,Everfield Meal Systems Distribution,Everfield Meal Systems Dist.,enterprise ,Cold-Chain Pharma,5,210,miles@everfieldmealsyste.example,379-587-2066,Active,2024-08-25,25000.00,39-8372500,CRM
1794,CUS-001794,Everfield Meal Systems Co-op,Everfield Meal Systems Co-op,Startup,Food Distribution,8,30,ben@everfieldmealsyste.example,541-588-8303,Active,2024-07-18,250000.00,99-6091806,CRM
1795,CUS-001795,Crescent Dairy Manufacturing,Crescent Dairy Manufacturing,Mid-Market,Specialty Grocery,10,295,rina@crescentdairymanuf.example,913-722-8142,Active,2025-05-23,25000.00,55-1209119,CRM
1796,CUS-001796,Brightwell Cold Foods Group,Brightwell Cold Foods Group,enterprise ,Beverage Distribution,4,147,owen@brightwellcoldfood.example ,578-275-8081,Inactive,2023-08-27,150000.00,75-8415632,CRM
1797,CUS-001797,Vantage Beverage Logistics,Vantage Beverage Logistics,Enterprise,Clinical Logistics,6,191,anika@vantagebeveragelog.example,959-982-7720,Active,2023-09-02,50000.00,30-9942636,Trade Show Import
1798,CUS-001798,Lakeside Laboratories Group,Lakeside Laboratories Group,Startup,Specialty Grocery,1,41,priya@lakesidelaboratori.example,443-977-9668,active,2024-02-11,25000.00,45-7836123,CRM
1799,CUS-001799,Pioneer Laboratories Labs,Pioneer Laboratories Labs,Mid-Market,Clinical Logistics,8,78,hugo@pioneerlaboratorie.example,498-938-3212,Active,2023-05-30,75000.00,22-3103009,CRM
1800,CUS-001800,Riverbend Seafood Foods,Riverbend Seafood Foods,Enterprise,Specialty Grocery,5,140,keiko@riverbendseafoodfo.example,628-605-1116,Active,2023-12-03,75000.00,26-7013122,Manual Entry
1801,CUS-001801,Granite Pharma Distribution,Granite Pharma Distribution,Enterprise,Specialty Grocery,11,179,ben@granitepharmadistr.example,880-457-5932,Active,2023-01-29,50000.00,13-3427758,Legacy CRM
1802,CUS-001802,Helix Nutrition Group,Helix Nutrition Group,Mid-Market,Clinical Logistics,7,269,noah@helixnutritiongrou.example,837-798-62,Active,2023-04-11,150000.00,82-5778340,Trade Show Import
1803,CUS-001803,Aster Pharma Partners,Aster Pharma Partners,Mid-Market,Meal Kit Producer,5,146,nina@asterpharmapartner.example,866-210-3920,Active,2024-07-27,100000.00,66-8693485,CRM
1804,CUS-001804,Cobalt Seafood Co-op,Cobalt Seafood Co-op,Enterprise,Specialty Grocery,11,79,darren@cobaltseafoodcoop.example,284-467-6405,Active,2025-05-12,25000.00,33-2521664,Legacy CRM
1805,CUS-001805,Everfield Dairy Manufacturing,Everfield Dairy Manufacturing,enterprise ,Specialty Grocery,8,236,rina@everfielddairymanu.example,202-808-6533,Active,2023-06-25,100000.00,76-3602788,Manual Entry
1806,CUS-001806,Cedar Specialty Produce Partners,Cedar Specialty Produce Partners,Mid-Market,Meal Kit Producer,7,26,caleb@cedarspecialtyprod.example,734-646-4243,Active,2024-10-28,100000.00,10-2400057,Trade Show Import
1807,CUS-001807,Pioneer Floral Logistics Holdings,Pioneer Floral Logistics Holdings,Startup,Meal Kit Producer,1,128,hugo@pioneerflorallogis.example ,763-577-9551,Active,2025-06-23,75000.00,32-4293925,CRM
1808,CUS-001808,Brightwell Pharma Co-op,Brightwell Pharma Co-op,Mid-Market,Cold-Chain Pharma,4,57,maya@brightwellpharmaco.example,881-866-8437,Active,2023-11-29,150000.00,55-4678778,Legacy CRM
1809,CUS-001809,Forge Laboratories Manufacturing,Forge Laboratories Mfg,Startup,Cold-Chain Pharma,11,39,mateo@forgelaboratoriesm.example,468-247-5755,Active,2024-01-08,250000.00,74-4578588,CRM
1810,CUS-001810,Cobalt Seafood Manufacturing,Cobalt Seafood Manufacturing,enterprise ,Clinical Logistics,11,79,caleb@cobaltseafoodmanuf.example,770-695-4435,Active,2025-05-02,50000.00,14-4607416,Legacy CRM
1811,CUS-001811,Orchard Pet Nutrition Foods,Orchard Pet Nutrition Foods,enterprise ,Meal Kit Producer,2,82,hugo@orchardpetnutritio.example,821-913-5843,Prospect,2024-02-19,50000.00,77-9885882,Manual Entry
1812,CUS-001812,westline pharma foods,Westline Pharma Foods,Mid-Market,Food Distribution,2,51,mateo@westlinepharmafood.example,330-944-5743,Prospect,2025-10-03,150000.00,62-9692889,CRM
1813,CUS-001813,Orchard Dairy Foods,Orchard Dairy Foods,enterprise ,Food Distribution,10,193,noah@orcharddairyfoods.example,233-755-7950,Active,2024-09-30,50000.00,86-1968841,Manual Entry
1814,CUS-001814,Cardinal Beverage Distribution,Cardinal Beverage Distribution,enterprise ,Cold-Chain Pharma,6,128,owen@cardinalbeveragedi.example,592-941-7136,Active,2024-11-05,500000.00,48-5368037,CRM
1815,CUS-001815,Everfield Pharma Partners,Everfield Pharma Partners,Startup,Beverage Distribution,3,149,darren@everfieldpharmapar.example,338-240-1825,Prospect,2023-01-22,75000.00,93-9320596,Legacy CRM
1816,CUS-001816,Bluevale Meal Systems Supply,BLUEVALE MEAL SYSTEMS SUPPLY,Mid-Market,Cold-Chain Pharma,3,165,sofia@bluevalemealsystem.example,249-316-9306,Active,2024-08-01,25000.00,79-1633731,Trade Show Import
1817,CUS-001817,Lakeside Beverage Holdings,Lakeside Beverage Holdings,Startup,Clinical Logistics,2,152,fatima@lakesidebeverageho.example,361-548-7684,Active,2023-04-15,75000.00,36-1263209,CRM
1818,CUS-001818,Lakeside Pet Nutrition Manufacturing,Lakeside Pet Nutrition Manufacturing,Regional,Food Distribution,10,258,hugo@lakesidepetnutriti.example,532-414-5040,Active,2025-09-16,100000.00,77-5088036,CRM
1819,CUS-001819,Helix Biologics Partners,Helix Biologics Partners,enterprise ,Meal Kit Producer,7,269,keiko@helixbiologicspart.example,570-298-2521,active,2025-04-18,150000.00,36-3456591,Legacy CRM
1820,CUS-001820,Oakmont Specialty Produce Group,Oakmont Specialty Produce Group,enterprise ,Cold-Chain Pharma,9,254,zara@oakmontspecialtypr.example,482.485.5935,Active,2025-02-20,100000.00,17-9017974,CRM
1821,CUS-001821,Cedar Pharma Foods,Cedar Pharma Foods,Startup,Beverage Distribution,1,273,avery@cedarpharmafoods.example,845-972-5394,Active,2023-02-28,50000.00,83-8736992,CRM
1822,CUS-001822,Keystone Dairy Co-op,Keystone Dairy Co-op,Startup,Specialty Grocery,2,20,anika@keystonedairycoop.example,479-409-3479,Active,2024-02-15,25000.00,17-1250091,Manual Entry
1823,CUS-001823,Riverbend Pharma Supply,Riverbend Pharma Supply,Enterprise,Specialty Grocery,6,269,ben@riverbendpharmasup.example,440-630-4507,Active,2024-02-17,150000.00,15-9889536,CRM
1824,CUS-001824,Oakmont Seafood Group,Oakmont Seafood Group,Enterprise,Beverage Distribution,5,57,mateo@oakmontseafoodgrou.example,628-654-4479,Active,2024-09-12,100000.00,64-5677172,CRM
1825,CUS-001825,Solace Laboratories Co-op,solace laboratories co-op,Enterprise,Beverage Distribution,10,299,darren@solacelaboratories.example,229-285-1663,Active,2024-07-12,500000.00,86-2874757,Manual Entry
1826,CUS-001826,Helix Biologics Manufacturing,Helix Biologics Manufacturing,enterprise ,Cold-Chain Pharma,1,295,priya@helixbiologicsmanu.example,718-486-8685,Active,2024-10-18,500000.00,34-6167161,CRM
1827,CUS-001827,Granite Specialty Produce Holdings,Granite Specialty Produce Holdings,Regional,Beverage Distribution,11,258,hugo@granitespecialtypr.example,748-419-2461,INACTIVE ,2023-07-26,500000.00,94-1600010,CRM
1828,CUS-001828,Everfield Dairy Labs,Everfield Dairy Labs,Startup,Cold-Chain Pharma,1,249,hugo@everfielddairylabs.example ,223-728-8945,Active,2023-07-15,100000.00,44-5961046,CRM
1829,CUS-001829,Brightwell Biologics Partners,Brightwell Biologics Partners,enterprise ,Beverage Distribution,6,156,anika@brightwellbiologic.example,619-252-9041,Active,2024-05-18,25000.00,96-9079748,Trade Show Import
1830,CUS-001830,Ardent Pet Nutrition Foods,Ardent Pet Nutrition Foods,Enterprise,Specialty Grocery,9,69,lena@ardentpetnutrition.example,451-886-3065,Active,2023-02-05,25000.00, ,Legacy CRM
1831,CUS-001831,Helix Floral Logistics Holdings,Helix Floral Logistics Holdings,Startup,Specialty Grocery,3,79,avery@helixflorallogisti.example,204-539-4903,At Risk,2023-01-08,75000.00,88-9305088,CRM
1832,CUS-001832,Pioneer Specialty Produce Supply,Pioneer Specialty Produce Supply,enterprise ,Specialty Grocery,4,254,mateo@pioneerspecialtypr.example,391-985-8407,Active,2025-09-14,500000.00,58-9267923,Trade Show Import
1833,CUS-001833,Keystone Specialty Produce Labs,Keystone Specialty Produce Labs,Mid-Market,Food Distribution,10,41,avery@keystonespecialtyp.example,540-326-3038,Active,2024-05-04,150000.00,98-9851359,Trade Show Import
1834,CUS-001834,Cardinal Ingredients Manufacturing,Cardinal Ingredients Manufacturing,Startup,Clinical Logistics,6,7,fatima@cardinalingredient.example,870-746-7289,Active,2023-07-22,150000.00,38-2420850,CRM
1835,CUS-001835,Crescent Laboratories Supply,Crescent Laboratories Supply,Regional,Clinical Logistics,6,243,sofia@crescentlaboratori.example,844-270-7796,At Risk,2024-08-02,50000.00,35-3603933,CRM
1836,CUS-001836,Mosaic Nutrition Foods,Mosaic Nutrition Foods,Mid-Market,Specialty Grocery,8,174,talia@mosaicnutritionfoo.example,460-537-6090,Inactive,2024-10-03,50000.00,11-6609233,CRM
1837,CUS-001837,Cobalt Foods Logistics, Cobalt Foods Logistics,Mid-Market,Clinical Logistics,5,187,nina@cobaltfoodslogisti.example,600-542-9871,Active,2025-03-25,500000.00,30-8583857,CRM
1838,CUS-001838,Solace Pharma Labs,Solace Pharma Labs,Mid-Market,Beverage Distribution,5,64,talia@solacepharmalabs.example,564-296-1693,Active,2024-07-22,150000.00,64-9455551,CRM
1839,CUS-001839,Cardinal Floral Logistics Manufacturing,Cardinal Floral Logistics Manufacturing,Enterprise,Meal Kit Producer,7,68,nina@cardinalflorallogi.example,814-553-5030,Active,2024-01-03,150000.00,89-6782429,Legacy CRM
1840,CUS-001840,Everfield Cold Foods Group,Everfield Cold Foods Group,Enterprise,Clinical Logistics,9,296,maya@everfieldcoldfoods.example,644-437-4309,Active,2023-12-19,50000.00,31-4800413,CRM
1841,CUS-001841,Cardinal Cold Foods Holdings,Cardinal Cold Foods Holdings,Regional,Food Distribution,11,241,elias@cardinalcoldfoodsh.example,876-304-9538,Active,2024-12-17,150000.00,60-6210114,CRM
1842,CUS-001842,Cobalt Pharma Group,Cobalt Pharma Group,enterprise ,Meal Kit Producer,6,121,elias@cobaltpharmagroup.example,767.779.4088,Active,2024-06-25,75000.00,85-3039228,CRM
1843,CUS-001843,Trinity Specialty Produce Partners,Trinity Specialty Produce Partners,Mid-Market,Beverage Distribution,10,119,elias@trinityspecialtypr.example,336-662-3717,At Risk,2024-08-22,150000.00,88-1795560,CRM
1844,CUS-001844,Meridian Seafood Group,Meridian Seafood Group,enterprise ,Specialty Grocery,9,252,talia@meridianseafoodgro.example,453-763-1731,At Risk,2024-08-15,150000.00,63-3155715,Legacy CRM
1845,CUS-001845,Northwind Laboratories Supply,Northwind Laboratories Supply,Mid-Market,Meal Kit Producer,1,121,keiko@northwindlaborator.example,570-519-8539,Active,2023-06-29,250000.00,93-1978312,CRM
1846,CUS-001846,Northwind Laboratories Partners,Northwind Laboratories Partners,Regional,Beverage Distribution,9,82,anika@northwindlaborator.example,357-940-2910,Active,2023-01-05,50000.00,61-6118982,CRM
1847,CUS-001847,Keystone Nutrition Supply,Keystone Nutrition Supply,Regional,Specialty Grocery,8,174,caleb@keystonenutritions.example,924-863-1487,Active,2023-11-11,100000.00,47-6524023,Legacy CRM
1848,CUS-001848,Bluevale Nutrition Manufacturing,Bluevale Nutrition Manufacturing,Regional,Clinical Logistics,4,234,owen@bluevalenutritionm.example,785-376-7522,Active,2024-10-16,100000.00,42-7759177,CRM
1849,CUS-001849,Pioneer Seafood Co-op,Pioneer Seafood Co-op,Regional,Cold-Chain Pharma,4,299,elias@pioneerseafoodcoop.example,498-217-8852,At Risk,2025-10-21,50000.00,93-4154649,Legacy CRM
1850,CUS-001850,TRINITY DAIRY FOODS,Trinity Dairy Foods,enterprise ,Clinical Logistics,5,15,keiko@trinitydairyfoods.example,400-805-7544,Active,2023-09-26,75000.00,62-7750453,CRM
1851,CUS-001851,Helix Floral Logistics Supply,Helix Floral Logistics Supply,Enterprise,Cold-Chain Pharma,9,82,maya@helixflorallogisti.example,428-975-6516,At Risk,2024-11-12,500000.00,78-3014867,CRM
1852,CUS-001852,Everfield Floral Logistics Holdings,Everfield Floral Logistics Holdings,Mid-Market,Specialty Grocery,2,83,mateo@everfieldflorallog.example,462-434-4193,At Risk,2024-07-03,500000.00,77-1676067,Trade Show Import
1853,CUS-001853,Helix Meal Systems Co-op,Helix Meal Systems Co-op,Enterprise,Beverage Distribution,11,252,fatima@helixmealsystemsco.example,218-697-6746,Active,2023-11-21,25000.00,92-3551469,CRM
1854,CUS-001854,Lakeside Laboratories Foods,Lakeside Laboratories Foods,Regional,Specialty Grocery,5,14,ben@lakesidelaboratori.example,568-543-3382,Prospect,2024-12-13,25000.00,87-8477782,CRM
1855,CUS-001855,Brightwell Meal Systems Group,Brightwell Meal Systems Group,enterprise ,Beverage Distribution,6,15,hugo@brightwellmealsyst.example,561-296-6543,Prospect,2025-03-19,50000.00,14-9384489,CRM
1856,CUS-001856,Helix Cold Foods Logistics,Helix Cold Foods Logistics,Regional,Clinical Logistics,5,266,sofia@helixcoldfoodslogi.example,587-796-5759,Active,2024-03-26,50000.00,57-3246009,Trade Show Import
1857,CUS-001857,Northwind Foods Supply,Northwind Foods Supply,Startup,Food Distribution,9,248,fatima@northwindfoodssupp.example,228-438-9272,Active,2025-06-08,50000.00,48-7096788,CRM
1858,CUS-001858,Oakmont Nutrition Foods,Oakmont Nutrition Foods,Startup,Cold-Chain Pharma,1,234,zara@oakmontnutritionfo.example,645-536-9927,Active,2024-08-26,75000.00,16-9557001,CRM
1859,CUS-001859,Crown Foods Labs,Crown Foods Labs,Regional,Clinical Logistics,3,249,anika@crownfoodslabs.example,252-878-2133,Active,2024-08-17,500000.00,49-5971041,CRM
1860,CUS-001860,Crown Foods Foods,Crown Foods Foods,Startup,Meal Kit Producer,8,152,miles@crownfoodsfoods.example,360-368-1365,Active,2024-04-15,50000.00,00-0000000,CRM
1861,CUS-001861,Aster Specialty Produce Holdings,Aster Specialty Produce Holdings,Regional,Specialty Grocery,8,240,keiko@asterspecialtyprod.example,435-988-8967,Active,2023-04-20,75000.00,75-6132861,CRM
1862,CUS-001862,Oakmont Nutrition Holdings,Oakmont Nutrition Holdings,Regional,Cold-Chain Pharma,6,152,noah@oakmontnutritionho.example,661-605-5035,Inactive,2024-05-13,50000.00,56-1724283,Legacy CRM
1863,CUS-001863,Lakeside Dairy Labs,Lakeside Dairy Labs,Regional,Food Distribution,5,121,ben@lakesidedairylabs.example,614-737-2331,INACTIVE ,2024-09-01,250000.00,90-4617492,CRM
1864,CUS-001864,Oakmont Floral Logistics Distribution,Oakmont Floral Logistics Distribution,Startup,Cold-Chain Pharma,7,295,rafael@oakmontflorallogis.example,00551 614 1680,Active,2024-11-20,500000.00,86-8719427,CRM
1865,CUS-001865,Riverbend Seafood Logistics,Riverbend Seafood Logistics,Enterprise,Food Distribution,7,30,,403-928-7658,active,2023-12-17,25000.00,44-8836998,CRM
1866,CUS-001866,Ardent Cold Foods Distribution ,Ardent Cold Foods Dist.,Regional,Specialty Grocery,2,262,talia@ardentcoldfoodsdis.example,623-698-5586,Active,2023-06-30,250000.00,58-5132749,CRM
1867,CUS-001867,Harbor Dairy Manufacturing,Harbor Dairy Manufacturing,Enterprise,Specialty Grocery,9,218,mateo@harbordairymanufac.example,531-903-1463,Active,2024-05-27,500000.00,83-6464064,CRM
1868,CUS-001868,Ardent Beverage Co-op,Ardent Beverage Co-op,Enterprise,Food Distribution,8,60,fatima@ardentbeveragecoop.example,903-207-4751,Inactive,2023-01-28,100000.00,33-8350217,Trade Show Import
1869,CUS-001869,Bluevale Pharma Supply,Bluevale Pharma Supply,Regional,Food Distribution,5,105,jonah@bluevalepharmasupp.example,412-338-3135,Active,2024-02-29,25000.00,67-8988062,CRM
1870,CUS-001870,Granite Laboratories Holdings,Granite Laboratories Holdings,enterprise ,Meal Kit Producer,1,82,ben@granitelaboratorie.example,839-530-5863,Inactive,2023-11-24,50000.00,89-5671286,CRM
1871,CUS-001871,Westline Nutrition Holdings,Westline Nutrition Holdings,Regional,Food Distribution,2,218,miles@westlinenutritionh.example,616-608-9285,Active,2025-04-22,250000.00,60-1206187,CRM
1872,CUS-001872,Mosaic Floral Logistics Manufacturing,Mosaic Floral Logistics Manufacturing,Regional,Specialty Grocery,8,243,darren@mosaicflorallogist.example,551-833-1451,active,2024-01-29,150000.00,46-8366972,CRM
1873,CUS-001873,Solace Seafood Supply,Solace Seafood Supply,Enterprise,Beverage Distribution,6,295,owen@solaceseafoodsuppl.example,430-234-1311,INACTIVE ,2024-04-11,75000.00,25-1213647,CRM
1874,CUS-001874,Summit Pet Nutrition Manufacturing,Summit Pet Nutrition Manufacturing,Regional,Cold-Chain Pharma,1,119,nina@summitpetnutrition.example,952-231-9786,Active,2024-01-07,100000.00,26-8377553,CRM
1875,CUS-001875,Aster Dairy Partners,Aster Dairy Partners,Regional,Specialty Grocery,8,262,sofia@asterdairypartners.example,897-260-3232,Active,2025-01-01,25000.00,75-8229622,CRM
1876,CUS-001876,Vantage Beverage Labs,Vantage Beverage Labs,Regional,Clinical Logistics,5,105,lena@vantagebeveragelab.example,975-857-3785,Prospect,2023-10-19,150000.00,53-3934459,Trade Show Import
1877,CUS-001877,Bluevale Nutrition Holdings,Bluevale Nutrition Holdings,Mid-Market,Specialty Grocery,3,269,noah@bluevalenutritionh.example,754-873-7011,At Risk,2025-04-11,500000.00,72-5426179,Legacy CRM
1878,CUS-001878,Northwind Biologics Supply,Northwind Biologics Supply,enterprise ,Food Distribution,5,105,iris@northwindbiologics.example,784-533-3861,Active,2023-01-31,25000.00,35-6084980,CRM
1879,CUS-001879,Cobalt Cold Foods Labs,Cobalt Cold Foods Labs,Startup,Beverage Distribution,9,299,jonah@cobaltcoldfoodslab.example,809-650-6303,Active,2023-06-08,100000.00,18-1727103,CRM
1880,CUS-001880,Mosaic Pharma Co-op,Mosaic Pharma Co-op,Enterprise,Clinical Logistics,9,33,rafael@mosaicpharmacoop.example,433-495-5406,At Risk,2023-01-13,250000.00,13-3429672,Legacy CRM
1881,CUS-001881,Vantage Ingredients Manufacturing,Vantage Ingredients Manufacturing,Regional,Clinical Logistics,3,299,rafael@vantageingredients.example,847-553-2531,Active,2025-03-10,500000.00,86-7119144,CRM
1882,CUS-001882, Crescent Specialty Produce Foods,Crescent Specialty Produce Foods,Enterprise,Cold-Chain Pharma,4,234,mateo@crescentspecialtyp.example,475-425-1089,At Risk,2024-05-17,100000.00,27-6096299,Legacy CRM
1883,CUS-001883,Summit Laboratories Group,Summit Laboratories Group,Regional,Cold-Chain Pharma,2,310,nina@summitlaboratories.example,585-908-8487,Active,2024-06-29,75000.00,67-3945084,Trade Show Import
1884,CUS-001884,Helix Cold Foods Distribution,Helix Cold Foods Distribution,Enterprise,Beverage Distribution,1,248,rafael@helixcoldfoodsdist.example,640-920-6673,Inactive,2024-12-28,25000.00,60-9973438,CRM
1885,CUS-001885,Orchard Foods Foods,Orchard Foods Foods,Enterprise,Cold-Chain Pharma,9,41,zara@orchardfoodsfoods.example,574-573-3686,At Risk,2025-10-24,150000.00,15-1506089,CRM
1886,CUS-001886,Westline Specialty Produce Logistics,Westline Specialty Produce Logistics,Enterprise,Specialty Grocery,11,19,rafael@westlinespecialtyp.example,501-715-1710,Active,2023-03-13,250000.00,81-4328962,CRM
1887,CUS-001887,Lakeside Pet Nutrition Foods,Lakeside Pet Nutrition Foods,enterprise ,Specialty Grocery,10,257,lena@lakesidepetnutriti.example,778-508-7017,Active,2024-11-30,500000.00,42-2444483,CRM
1888,CUS-001888,Solace Biologics Distribution,Solace Biologics Distribution,Enterprise,Beverage Distribution,10,273,rina@solacebiologicsdis.example,975-770-4439,Active,2023-04-06,50000.00,48-2148426,CRM
1889,CUS-001889,Harbor Specialty Produce Supply,Harbor Specialty Produce Supply,Enterprise,Cold-Chain Pharma,11,161,zara@harborspecialtypro.example,429-932-4035,Active,2024-09-01,25000.00,90-3387692,CRM
1890,CUS-001890,Keystone Pet Nutrition Foods,Keystone Pet Nutrition Foods,Mid-Market,Food Distribution,2,7,anika@keystonepetnutriti.example,983-909-1845,Active,2024-04-18,100000.00,90-7522653,CRM
1891,CUS-001891,Helix Beverage Distribution,Helix Beverage Distribution,Regional,Clinical Logistics,11,210,lena@helixbeveragedistr.example,370-965-5359,Active,2023-10-19,500000.00,28-5292997,CRM
1892,CUS-001892,Aster Floral Logistics Holdings,Aster Floral Logistics Holdings,Mid-Market,Food Distribution,5,236,iris@asterflorallogisti.example,402-790-4699,At Risk,2024-02-07,100000.00,66-7285285,CRM
1893,CUS-001893,Oakmont Pet Nutrition Logistics,Oakmont Pet Nutrition Logistics,enterprise ,Clinical Logistics,10,262,miles@oakmontpetnutritio.example,746-372-5933,At Risk,2023-01-19,50000.00,84-4712517,CRM
1894,CUS-001894,Oakmont Pet Nutrition Manufacturing,Oakmont Pet Nutrition Manufacturing,enterprise ,Beverage Distribution,5,242,talia@oakmontpetnutritio.example,436-396-3376,At Risk,2023-02-04,75000.00,15-6174165,Trade Show Import
1895,CUS-001895,Harbor Beverage Group,Harbor Beverage Group,enterprise ,Clinical Logistics,4,64,keiko@harborbeveragegrou.example,640-752-7703,Active,2024-01-16,50000.00,74-2802567,Manual Entry
1896,CUS-001896,Ardent Pharma Partners,Ardent Pharma Partners,Startup,Specialty Grocery,2,82,talia@ardentpharmapartne.example,280-570-8555,At Risk,2023-05-05,100000.00,83-9838972,Legacy CRM
1897,CUS-001897,Solace Cold Foods Foods,Solace Cold Foods Foods,Enterprise,Cold-Chain Pharma,10,67,priya@solacecoldfoodsfoo.example,231-510-7293,Active,2024-07-23,25000.00,42-7793508,Trade Show Import
1898,CUS-001898,Crescent Nutrition Distribution,Crescent Nutrition Distribution,Startup,Cold-Chain Pharma,11,121,maya@crescentnutritiond.example,,Active,2024-05-12,150000.00,91-1370606,CRM
1899,CUS-001899,Keystone Ingredients Manufacturing,Keystone Ingredients Mfg,Enterprise,Meal Kit Producer,3,51,rina@keystoneingredient.example,,INACTIVE ,2025-09-02,75000.00,92-1111276,Manual Entry
1900,CUS-001900,Brightwell Biologics Manufacturing,Brightwell Biologics Manufacturing,Enterprise,Specialty Grocery,10,289,caleb@brightwellbiologic.example,415-246-9098,Active,2025-04-22,25000.00,89-1428055,CRM
1901,CUS-001901,Keystone Pharma Co-op,Keystone Pharma Co-op,Enterprise,Clinical Logistics,10,201,nina@keystonepharmacoop.example,591-886-5025,Active,2024-07-27,100000.00,76-3443398,CRM
1902,CUS-001902,Cardinal Nutrition Manufacturing,Cardinal Nutrition Manufacturing,Regional,Beverage Distribution,3,106,iris@cardinalnutritionm.example,341-688-4377,Active,2025-09-21,150000.00,76-4464534,Manual Entry
1903,CUS-001903,Summit Floral Logistics Logistics,Summit Floral Logistics Logistics,Enterprise,Specialty Grocery,6,108,elias@summitflorallogist.example,955-835-9847,Inactive,2025-07-04,250000.00,10-2010698,Legacy CRM
1904,CUS-001904,Lantern Meal Systems Distribution,Lantern Meal Systems Distribution,Mid-Market,Food Distribution,6,14,zara@lanternmealsystems.example,825-328-8175,Prospect,2025-03-24,25000.00,72-8010197,Legacy CRM
1905,CUS-001905,Cobalt Cold Foods Holdings,Cobalt Cold Foods Holdings,Startup,Specialty Grocery,10,210,jonah@cobaltcoldfoodshol.example,203-341-6674,active,2023-05-10,50000.00,15-5895355,CRM
1906,CUS-001906,Vantage Nutrition Partners, Vantage Nutrition Partners,Mid-Market,Beverage Distribution,10,242,mateo@vantagenutritionpa.example,903-509-8701,INACTIVE ,2024-10-29,25000.00,42-6458423,CRM
1907,CUS-001907,Oakmont Floral Logistics Group,Oakmont Floral Logistics Group,Startup,Cold-Chain Pharma,6,257,priya@oakmontflorallogis.example,836-225-6023,active,2025-04-12,150000.00,10-3629323,CRM
1908,CUS-001908,Lantern Foods Labs,lantern foods labs,enterprise ,Food Distribution,11,258,jonah@lanternfoodslabs.example,356-913-3599,Active,2023-08-01,250000.00,49-3974088,Trade Show Import
1909,CUS-001909,Orchard Pet Nutrition Labs,Orchard Pet Nutrition Labs,Enterprise,Cold-Chain Pharma,1,179,caleb@orchardpetnutritio.example,704-591-2608,At Risk,2024-09-21,250000.00,73-9515551,CRM
1910,CUS-001910,Meridian Cold Foods Manufacturing,Meridian Cold Foods Manufacturing,Mid-Market,Meal Kit Producer,9,190,lena@meridiancoldfoodsm.example,306-722-2967,Active,2025-09-19,100000.00,39-7293132,CRM
1911,CUS-001911,Lakeside Floral Logistics Holdings,Lakeside Floral Logistics Holdings,enterprise ,Cold-Chain Pharma,4,94,darren@lakesideflorallogi.example,567-415-4631,Active,2024-06-20,250000.00,29-8814058,Legacy CRM
1912,CUS-001912,Northwind Pharma Labs,Northwind Pharma Labs,Enterprise,Cold-Chain Pharma,4,74,miles@northwindpharmalab.example,584-765-6655,Prospect,2025-10-25,50000.00,94-3447721,Legacy CRM
1913,CUS-001913,Riverbend Laboratories Supply,Riverbend Laboratories Supply,Regional,Food Distribution,10,241,sofia@riverbendlaborator.example ,319-526-8124,At Risk,2024-05-28,50000.00,69-7098239,Manual Entry
1914,CUS-001914,Vantage Pharma Group,Vantage Pharma Group,enterprise ,Beverage Distribution,6,14,priya.vantagepharmagroup.example,854.617.7101,Inactive,2023-01-20,250000.00,34-5068084,Manual Entry
1915,CUS-001915,Trinity Dairy Foods,Trinity Dairy Foods,Startup,Food Distribution,9,240,maya@trinitydairyfoods.example,728-756-1391,active,2024-06-27,500000.00,24-3349987,Legacy CRM
1916,CUS-001916,Solace Cold Foods Logistics,Solace Cold Foods Logistics,Regional,Beverage Distribution,10,258,priya@solacecoldfoodslog.example,834-572-1448,Active,2025-06-15,250000.00,98-3650014,CRM
1917,CUS-001917,Cobalt Dairy Labs,Cobalt Dairy Labs,Regional,Beverage Distribution,3,210,iris@cobaltdairylabs.example,282-316-2800,Active,2025-11-02,250000.00,52-5311656,Legacy CRM
1918,CUS-001918,Pioneer Seafood Group,Pioneer Seafood Group,Startup,Food Distribution,1,105,anika@pioneerseafoodgrou.example,662-278-2474,Prospect,2025-07-26,25000.00,23-8619190,CRM
1919,CUS-001919,Crown Laboratories Group,Crown Laboratories Group,Startup,Food Distribution,4,51,owen@crownlaboratoriesg.example,565-260-9617,Active,2023-07-26,75000.00,89-6417719,Legacy CRM
1920,CUS-001920,Forge Foods Co-op,Forge Foods Co-op,enterprise ,Food Distribution,8,33,avery@forgefoodscoop.example,673-332-8459,active,2024-06-14,50000.00,76-5956979,CRM
1921,CUS-001921,Oakmont Ingredients Logistics,Oakmont Ingredients Logistics,Enterprise,Food Distribution,3,231,keiko@oakmontingredients.example,893-528-8507,active,2023-10-29,25000.00,34-3127660,Trade Show Import
1922,CUS-001922,Solace Meal Systems Foods,Solace Meal Systems Foods,Enterprise,Meal Kit Producer,8,106,talia@solacemealsystemsf.example,611-954-9799,Active,2025-08-21,25000.00,70-7268938,Trade Show Import
1923,CUS-001923,Cobalt Seafood Foods,Cobalt Seafood Foods,Startup,Clinical Logistics,9,69,noah@cobaltseafoodfoods.example,618-304-8685,Active,2025-09-04,250000.00,46-4464305,CRM
1924,CUS-001924,Crown Foods Supply,Crown Foods Supply,Regional,Beverage Distribution,8,106,hugo@crownfoodssupply.example,522-609-9739,Inactive,2025-05-24,50000.00,32-2679156,Legacy CRM
1925,CUS-001925,Keystone Dairy Labs,Keystone Dairy Labs,Enterprise,Meal Kit Producer,10,262,avery@keystonedairylabs.example,500-403-4878,Active,2024-09-13,150000.00,86-1619025,CRM
1926,CUS-001926,Meridian Nutrition Logistics,Meridian Nutrition Logistics,Startup,Meal Kit Producer,4,106,talia@meridiannutritionl.example,403-657-1831,Active,2023-02-26,75000.00,91-4820193,CRM
1927,CUS-001927,Granite Seafood Supply,Granite Seafood Supply,Regional,Food Distribution,11,33,avery@graniteseafoodsupp.example,9589045181,Prospect,2024-03-26,250000.00,69-4394984,Trade Show Import
1928,CUS-001928,Meridian Foods Manufacturing,Meridian Foods Mfg,Startup,Clinical Logistics,9,51,rafael@meridianfoodsmanuf.example,712-847-2775,Prospect,2025-02-14,250000.00,82-4004750,Legacy CRM
1929,CUS-001929,Westline Dairy Partners,Westline Dairy Partners,Regional,Beverage Distribution,7,267,sofia@westlinedairypartn.example,315-956-1729,Prospect,2023-05-19,150000.00,47-6515882,CRM
1930,CUS-001930,Mosaic Biologics Distribution,Mosaic Biologics Distribution,Regional,Food Distribution,5,165,iris@mosaicbiologicsdis.example,618-326-4516,Active,2025-10-29,50000.00,38-8397733,CRM
1931,CUS-001931,Meridian Seafood Partners,Meridian Seafood Partners,Regional,Cold-Chain Pharma,6,57,caleb@meridianseafoodpar.example,528-360-6635,Active,2024-07-11,75000.00,69-3383892,CRM
1932,CUS-001932,Granite Ingredients Supply,Granite Ingredients Supply,Mid-Market,Beverage Distribution,5,69,avery@graniteingredients.example,678-917-42,Active,2025-05-29,150000.00,74-9329310,Legacy CRM
1933,CUS-001933,Trinity Nutrition Distribution,Trinity Nutrition Dist.,Enterprise,Beverage Distribution,7,210,lena@trinitynutritiondi.example,N/A,Active,2025-07-20,100000.00,29-2440502,CRM
1934,CUS-001934,Cardinal Beverage Holdings,Cardinal Beverage Holdings,Regional,Beverage Distribution,10,310,jonah@cardinalbeverageho.example,745-528-3768,Active,2024-08-11,75000.00,40-5293572,Legacy CRM
1935,CUS-001935,Solace Nutrition Manufacturing,Solace Nutrition Manufacturing,Enterprise,Specialty Grocery,3,51,rafael@solacenutritionman.example,443-876-2014,Inactive,2023-09-09,500000.00,60-6388289,Legacy CRM
1936,CUS-001936,Oakmont Pharma Distribution,Oakmont Pharma Distribution,Startup,Specialty Grocery,3,262,mateo@oakmontpharmadistr.example,778-511-9056,Active,2024-10-12,75000.00,77-6679616,CRM
1937,CUS-001937,Lantern Beverage Partners,Lantern Beverage Partners,Enterprise,Specialty Grocery,2,140,talia@lanternbeveragepar.example,565-812-9836,Active,2023-09-03,50000.00,20-9708837,CRM
1938,CUS-001938,Everfield Beverage Partners,Everfield Beverage Partners,Mid-Market,Food Distribution,10,241,hugo@everfieldbeveragep.example,553-967-5001,At Risk,2024-10-11,500000.00,28-4721827,CRM
1939,CUS-001939,Trinity Dairy Manufacturing,Trinity Dairy Manufacturing,Regional,Cold-Chain Pharma,2,242,lena@trinitydairymanufa.example,814-365-2107,Active,2025-05-10,150000.00,85-1729935,Manual Entry
1940,CUS-001940,Granite Meal Systems Holdings,Granite Meal Systems Holdings,Regional,Meal Kit Producer,8,257,maya@granitemealsystems.example,601-237-8382,Active,2024-06-11,500000.00,89-5191463,Legacy CRM
1941,CUS-001941,Cardinal Biologics Holdings,Cardinal Biologics Holdings,enterprise ,Clinical Logistics,5,258,lena@cardinalbiologicsh.example,422-814-1887,At Risk,2023-11-06,250000.00,90-2769250,Legacy CRM
1942,CUS-001942,Oakmont Biologics Group,Oakmont Biologics Group,Mid-Market,Clinical Logistics,6,254,elias@oakmontbiologicsgr.example,910-479-5171,Active,2024-09-08,25000.00,57-6119244,Trade Show Import
1943,CUS-001943,Northwind Foods Foods,Northwind Foods Foods,Mid-Market,Clinical Logistics,3,240,anika@northwindfoodsfood.example,794-929-9990,At Risk,2023-03-28,250000.00,97-6793391,Legacy CRM
1944,CUS-001944,Lantern Laboratories Supply,Lantern Laboratories Supply,enterprise ,Meal Kit Producer,8,33,rina@lanternlaboratorie.example,639-630-5220,Inactive,2025-05-07,25000.00,35-5430550,CRM
1945,CUS-001945,Solace Specialty Produce Labs,Solace Specialty Produce Labs,Startup,Cold-Chain Pharma,2,74,maya@solacespecialtypro.example,285-201-1028,Active,2024-04-20,100000.00,28-8402092,Legacy CRM
1946,CUS-001946,Crescent Beverage Holdings,Crescent Beverage Holdings,Regional,Food Distribution,5,269,fatima@crescentbeverageho.example,361-232-8172,Active,2024-10-17,250000.00,91-2336609,CRM
1947,CUS-001947,Granite Laboratories Distribution,Granite Laboratories Distribution,Startup,Specialty Grocery,9,296,sofia@granitelaboratorie.example,540-702-7640,At Risk,2023-04-14,150000.00,74-3771767,CRM
1948,CUS-001948,Riverbend Meal Systems Manufacturing,Riverbend Meal Systems Manufacturing,enterprise ,Beverage Distribution,1,7,iris@riverbendmealsyste.example,399-808-3004,Active,2023-08-13,500000.00,18-6325801,CRM
1949,CUS-001949,Keystone Seafood Manufacturing,Keystone Seafood Manufacturing,Mid-Market,Clinical Logistics,5,83,hugo@keystoneseafoodman.example,450-569-76,Active,2023-07-29,50000.00,68-8176718,CRM
1950,CUS-001950,Cedar Beverage Distribution,Cedar Beverage Distribution,Startup,Meal Kit Producer,9,74,mateo@cedarbeveragedistr.example,955-658-4367,Prospect,2024-10-10,250000.00,41-6101317,CRM
1951,CUS-001951,Harbor Laboratories Co-op,Harbor Laboratories Co-op,enterprise ,Specialty Grocery,5,22,ben@harborlaboratories.example,908-616-9313,Inactive,2023-12-21,250000.00,33-1591479,CRM
1952,CUS-001952,Cobalt Pet Nutrition Supply,Cobalt Pet Nutrition Supply,Mid-Market,Specialty Grocery,8,128,rafael@cobaltpetnutrition.example,985-977-9962,Active,2023-06-29,100000.00,14-2616950,Legacy CRM
1953,CUS-001953,Pioneer Laboratories Distribution,Pioneer Laboratories Distribution,Startup,Clinical Logistics,7,252,nina@pioneerlaboratorie.example,833-936-4210,Active,2023-10-23,250000.00,57-2647695,CRM
1954,CUS-001954,Cedar Laboratories Group,Cedar Laboratories Group,Startup,Specialty Grocery,3,79,keiko@cedarlaboratoriesg.example,263-441-3527,Active,2023-06-29,150000.00,21-8655605,Manual Entry
1955,CUS-001955,Lantern Dairy Holdings,Lantern Dairy Holdings,Regional,Cold-Chain Pharma,5,289,hugo@lanterndairyholdin.example,553-564-7458,Inactive,2025-07-20,250000.00,68-3747145,CRM
1956,CUS-001956,Lantern Nutrition Manufacturing,lantern nutrition manufacturing,Startup,Cold-Chain Pharma,5,193,ben@lanternnutritionma.example,470-300-7620,Active,2024-11-16,250000.00,17-2639324,CRM
1957,CUS-001957,Lakeside Floral Logistics Group,Lakeside Floral Logistics Group,Regional,Meal Kit Producer,9,152,miles@lakesideflorallogi.example,885-569-3963,Active,2024-02-05,25000.00,60-5415610,CRM
1958,CUS-001958,Orchard Laboratories Supply,Orchard Laboratories Supply,Startup,Beverage Distribution,6,257,rafael@orchardlaboratorie.example,755-745-5303,Active,2025-06-30,100000.00,78-8659899,Trade Show Import
1959,CUS-001959,Everfield Meal Systems Co-op,Everfield Meal Systems Co-op,Mid-Market,Cold-Chain Pharma,6,231,talia@everfieldmealsyste.example,762-683-7677,Inactive,2024-09-25,150000.00,90-8465118,Manual Entry
1960,CUS-001960,Granite Dairy Holdings,Granite Dairy Holdings,Regional,Meal Kit Producer,6,147,owen@granitedairyholdin.example,695-236-9454,Active,2025-08-17,50000.00,25-7919135,CRM
1961,CUS-001961,Aster Pet Nutrition Partners,Aster Pet Nutrition Partners,Startup,Cold-Chain Pharma,4,192,jonah@asterpetnutritionp.example,00584 602 2893,Active,2025-05-30,50000.00,42-1085380,CRM
1962,CUS-001962,Mosaic Pharma Holdings,Mosaic Pharma Holdings,Enterprise,Cold-Chain Pharma,10,242,fatima@mosaicpharmaholdin.example,309-760-4946,Active,2024-05-22,150000.00,46-8996049,CRM
1963,CUS-001963,Bluevale Pet Nutrition Foods,Bluevale Pet Nutrition Foods,Regional,Meal Kit Producer,8,108,noah@bluevalepetnutriti.example,240-979-2837,Active,2024-11-06,250000.00,17-1493840,CRM
1964,CUS-001964,Harbor Specialty Produce Foods,Harbor Specialty Produce Foods,Enterprise,Food Distribution,3,161,maya@harborspecialtypro.example,832-239-6200,active,2023-05-18,50000.00,66-1345741,Legacy CRM
1965,CUS-001965,Harbor Seafood Co-op,Harbor Seafood Co-op,Regional,Meal Kit Producer,4,239,jonah@harborseafoodcoop.example,827-433-8491,Active,2025-07-14,500000.00,39-4148161,Trade Show Import
1966,CUS-001966,Crown Meal Systems Group,Crown Meal Systems Group,Startup,Beverage Distribution,9,20,zara@crownmealsystemsgr.example,737-284-1617,Active,2023-11-20,75000.00,38-5076376,CRM
1967,CUS-001967,Orchard Beverage Holdings,Orchard Beverage Holdings,Regional,Clinical Logistics,8,14,talia@orchardbeveragehol.example,369-249-7448,Active,2025-10-22,250000.00,71-7361968,Manual Entry
1968,CUS-001968,Briar Nutrition Supply,Briar Nutrition Supply,Regional,Specialty Grocery,6,156,anika@briarnutritionsupp.example,249-603-9895,Active,2024-05-15,250000.00,14-1225302,Manual Entry
1969,CUS-001969,Bluevale Ingredients Labs,Bluevale Ingredients Labs,Regional,Clinical Logistics,6,39,caleb@bluevaleingredient.example,716-980-7346,Active,2024-05-01,150000.00,30-2440632,CRM
1970,CUS-001970,Aster Biologics Labs,Aster Biologics Labs,Startup,Beverage Distribution,10,243,noah@asterbiologicslabs.example,315-759-1805,Active,2024-06-03,50000.00,99-6697947,Manual Entry
1971,CUS-001971,Cedar Pet Nutrition Logistics,Cedar Pet Nutrition Logistics,enterprise ,Clinical Logistics,2,147,iris@cedarpetnutritionl.example,292-694-5356,Active,2023-02-18,100000.00, ,CRM
1972,CUS-001972,Cobalt Seafood Distribution,Cobalt Seafood Distribution,Regional,Meal Kit Producer,10,105,sofia@cobaltseafooddistr.example,294-731-6545,Prospect,2024-03-11,50000.00,39-8958817,Trade Show Import
1973,CUS-001973,Brightwell Seafood Partners,Brightwell Seafood Partners,Startup,Cold-Chain Pharma,8,299,jonah@brightwellseafoodp.example,784-826-8566,Active,2024-01-05,25000.00,43-3954999,CRM
1974,CUS-001974,Forge Ingredients Partners,Forge Ingredients Partners,Mid-Market,Specialty Grocery,9,82,caleb@forgeingredientspa.example,465-546-6727,At Risk,2023-09-28,100000.00,97-8307183,CRM
1975,CUS-001975, Summit Foods Partners,Summit Foods Partners,enterprise ,Cold-Chain Pharma,4,79,nina@summitfoodspartner.example,298-699-3965,Active,2025-10-05,75000.00,14-6397391,CRM
1976,CUS-001976,Cobalt Ingredients Holdings,Cobalt Ingredients Holdings,enterprise ,Cold-Chain Pharma,4,252,ben@cobaltingredientsh.example,911-666-7077,Active,2024-09-28,75000.00,28-7169465,CRM
1977,CUS-001977,Granite Biologics Supply,Granite Biologics Supply,enterprise ,Beverage Distribution,11,78,rina@granitebiologicssu.example,922.593.5203,Active,2024-10-11,250000.00,59-5819107,CRM
1978,CUS-001978,Cedar Meal Systems Partners,Cedar Meal Systems Partners,Startup,Specialty Grocery,6,108,fatima@cedarmealsystemspa.example,820-226-7978,Active,2025-01-16,150000.00,98-2174861,Legacy CRM
1979,CUS-001979,Harbor Beverage Labs,Harbor Beverage Labs,enterprise ,Specialty Grocery,11,165,anika@harborbeveragelabs.example,619-395-4661,Inactive,2023-12-25,25000.00,33-4057471,CRM
1980,CUS-001980,Vantage Cold Foods Group,Vantage Cold Foods Group,Mid-Market,Beverage Distribution,11,296,lena@vantagecoldfoodsgr.example,252-288-6645,active,2023-01-08,25000.00,44-8147214,CRM
1981,CUS-001981,Northwind Meal Systems Group,Northwnid Meal Systems Group,Regional,Cold-Chain Pharma,10,165,maya@northwindmealsyste.example,647-371-7976,Active,2023-12-26,75000.00,61-4893562,CRM
1982,CUS-001982,Trinity Dairy Logistics,Trinity Dairy Logistics,enterprise ,Specialty Grocery,3,82,avery@trinitydairylogist.example,N/A,Active,2023-04-12,150000.00,91-2324928,CRM
1983,CUS-001983,Meridian Seafood Supply,Meridian Seafood Supply,Enterprise,Specialty Grocery,9,41,rina@meridianseafoodsup.example,494-769-6117,Active,2025-08-19,150000.00,72-9388998,CRM
1984,CUS-001984,Lakeside Laboratories Distribution,Lakeside Laboratories Dist.,Startup,Cold-Chain Pharma,5,108,nina@lakesidelaboratori.example,521-313-4355,Active,2024-12-05,250000.00,80-5251128,CRM
1985,CUS-001985,crescent cold foods holdings,Crescent Cold Foods Holdings,Startup,Beverage Distribution,11,290,hugo@crescentcoldfoodsh.example,494-636-2197,INACTIVE ,2025-09-01,75000.00,84-5010186,CRM
1986,CUS-001986,Aster Biologics Supply,Aster Biologics Supply,enterprise ,Food Distribution,6,74,caleb@asterbiologicssupp.example,N/A,Active,2023-04-07,75000.00,40-1893850,CRM
1987,CUS-001987,Cedar Biologics Foods,Cedar Biologics Foods,Mid-Market,Beverage Distribution,10,252,ben@cedarbiologicsfood.example,615-696-5938,Active,2024-01-29,150000.00,87-7158255,CRM
1988,CUS-001988,Harbor Pet Nutrition Logistics,Harbor Pet Nutrition Logistics,enterprise ,Meal Kit Producer,2,278,caleb@harborpetnutrition.example,979-804-5586,Active,2023-07-31,100000.00,13-2206163,CRM
1989,CUS-001989,Forge Foods Labs,ForgeF oods Labs,Enterprise,Specialty Grocery,1,187,rina@forgefoodslabs.example,781-518-7029,At Risk,2024-12-14,75000.00,68-2472484,CRM
1990,CUS-001990,Vantage Ingredients Foods,vantage ingredients foods,Enterprise,Beverage Distribution,6,290,elias@vantageingredients.example,365-227-1305,Active,2025-02-04,100000.00,79-4823142,Manual Entry
1991,CUS-001991,Orchard Dairy Distribution,Orchard Dairy Distribution,Startup,Clinical Logistics,9,269,fatima@orcharddairydistri.example,338-920-1919,Prospect,2023-04-12,150000.00,96-2128119,CRM
1992,CUS-001992,Briar Specialty Produce Logistics,Briar Specialty Produce Logistics,Startup,Meal Kit Producer,3,68,sofia@briarspecialtyprod.example,401-323-7255,Active,2025-06-24,50000.00,44-5457926,CRM
1993,CUS-001993,Riverbend Seafood Distribution,Riverbend Seafood Distribution,Startup,Clinical Logistics,11,51,anika@riverbendseafooddi.example,715-331-9889,Active,2023-02-04,250000.00,99-6676272,Trade Show Import
1994,CUS-001994,Westline Foods Labs,Westline Foods Labs,Regional,Meal Kit Producer,7,231,zara@westlinefoodslabs.example,702-773-6818,Inactive,2024-08-26,500000.00,89-6412772,CRM
1995,CUS-001995,LANTERN NUTRITION HOLDINGS,Lantern Nutrition Holdings,Regional,Cold-Chain Pharma,4,128,rafael@lanternnutritionho.example,788-432-4838,Active,2024-03-07,250000.00,67-8775792,Legacy CRM
1996,CUS-001996,Harbor Ingredients Co-op,Harbor Ingredients Co-op,enterprise ,Specialty Grocery,6,39,rina@harboringredientsc.example,626-355-7695,Active,2023-10-08,75000.00,88-9816491,Legacy CRM
1997,CUS-001997,Cobalt Nutrition Manufacturing,Cobalt Nutrition Manufacturing,Enterprise,Meal Kit Producer,9,119,avery@cobaltnutritionman.example,525-932-9702,Active,2024-07-04,250000.00,96-4576218,Legacy CRM
1998,CUS-001998,Mosaic Biologics Supply,Mosaic Biologics Supply,Regional,Food Distribution,8,193,ben@mosaicbiologicssup.example,754-919-3865,Active,2025-01-20,250000.00,14-2146035,Legacy CRM
1999,CUS-001999,Briar Foods Distribution,Briar Foods Distribution,enterprise ,Specialty Grocery,10,128,noah@briarfoodsdistribu.example,342-628-7542,Active,2023-11-27,25000.00,63-8207601,Manual Entry
2000,CUS-002000,Westline Pet Nutrition Distribution,Westline Pet Nutrition Distribution,Regional,Clinical Logistics,11,231,iris@westlinepetnutriti.example,560-879-9500,Active,2023-10-10,100000.00,82-8691899,CRM
2001,CUS-002001,Brightwell Laboratories Co-op,Brightwell Laboratories Co-op,Enterprise,Specialty Grocery,8,295,hugo@brightwelllaborato.example,943-570-3365,Active,2025-09-12,75000.00,72-2621062,CRM
2002,CUS-002002,Crown Biologics Manufacturing,Crown Biologics Manufacturing,Mid-Market,Food Distribution,7,74,zara@crownbiologicsmanu.example,541-390-8870,Active,2025-07-02,250000.00,15-9008332,Legacy CRM
2003,CUS-002003,Aster Ingredients Logistics,Aster Ingredients Logistics,Mid-Market,Food Distribution,8,30,keiko@asteringredientslo.example,710-714-9624,Active,2023-10-05,150000.00,21-3927293,Manual Entry
2004,CUS-002004,Crown Specialty Produce Labs,Crown Specialty Produce Labs,enterprise ,Cold-Chain Pharma,2,14,talia@crownspecialtyprod.example,514-336-2475,Active,2024-09-30,50000.00,59-7478121,Legacy CRM
2005,CUS-002005,Cobalt Nutrition Supply,Cobalt Nutrition Supply,Startup,Meal Kit Producer,1,174,,817-698-3085,Active,2024-07-08,250000.00,42-9267075,Legacy CRM
2006,CUS-002006,Meridian Pet Nutrition Foods,Meridian Pet Nutrition Foods,enterprise ,Meal Kit Producer,6,33,hugo@meridianpetnutriti.example,420-412-3194,Active,2025-05-20,50000.00,85-3793572,Legacy CRM
2007,CUS-002007,Cobalt Seafood Distribution,Cobalt Seafood Distribution,enterprise ,Food Distribution,11,15,hugo.cobaltseafooddistr.example,870-965-1568,Active,2024-03-01,500000.00,31-5065755,CRM
2008,CUS-002008,Aster Dairy Foods,Aster Dairy Foods,Regional,Clinical Logistics,6,258,keiko@asterdairyfoods.example,354-564-4117,Active,2023-03-18,250000.00,22-8996275,CRM
2009,CUS-002009,Forge Beverage Logistics,Forge Beverage Logistics,Regional,Beverage Distribution,1,191,miles@forgebeveragelogis.example,951-455-4739,Active,2024-11-04,75000.00,90-6472868,CRM
2010,CUS-002010,Trinity Nutrition Supply,Trinity Nutrition Supply,Mid-Market,Beverage Distribution,1,33,zara@trinitynutritionsu.example,655-328-5228,Active,2025-10-24,150000.00,50-3190666,CRM
2011,CUS-002011,Meridian Pharma Logistics,Meridian Pharma Logistics,Regional,Clinical Logistics,9,15,talia@meridianpharmalogi.example,498-471-9006,Inactive,2025-07-05,150000.00,27-7941333,CRM
2012,CUS-002012,Cobalt Foods Co-op ,Cobalt Foods Co-op,enterprise ,Specialty Grocery,6,183,maya@cobaltfoodscoop.example,923-756-4441,Active,2023-12-17,250000.00,64-5219008,Manual Entry
2013,CUS-002013,Bluevale Foods Manufacturing,Bluevale Foods Manufacturing,enterprise ,Clinical Logistics,5,20,lena@bluevalefoodsmanuf.example,293-420-4292,Active,2023-09-25,250000.00,82-4269654,Trade Show Import
2014,CUS-002014,Briar Nutrition Distribution,Briar Nutrition Distribution,Mid-Market,Specialty Grocery,3,240,priya@briarnutritiondist.example,396-656-5772,Active,2025-07-22,100000.00,79-6839677,Manual Entry
2015,CUS-002015,Meridian Biologics Partners,Meridian Biologics Partners,enterprise ,Specialty Grocery,1,105,rafael@meridianbiologicsp.example,334-660-7734,Active,2025-01-13,75000.00,59-6680623,Legacy CRM
2016,CUS-002016,Helix Meal Systems Co-op,Helix Meal Systems Co-op,Regional,Food Distribution,2,193,nina@helixmealsystemsco.example,906-356-7661,Active,2023-05-08,50000.00,65-4733022,CRM
2017,CUS-002017,Everfield Pharma Supply,Everfield Pharma Supply,Enterprise,Meal Kit Producer,10,14,nina@everfieldpharmasup.example,489-464-4591,Prospect,2025-06-12,50000.00,97-8487086,CRM
2018,CUS-002018,Cobalt Cold Foods Holdings,Cobalt Cold Foods Holdings,Startup,Cold-Chain Pharma,4,289,talia@cobaltcoldfoodshol.example,459-579-2897,Active,2023-07-22,50000.00,93-2973403,Trade Show Import
2019,CUS-002019,Crescent Biologics Co-op,Crescent Biologics Co-op,Regional,Clinical Logistics,9,74,sofia@crescentbiologicsc.example,643-593-9248,Active,2023-11-09,100000.00,16-8867267,Legacy CRM
2020,CUS-002020,Orchard Laboratories Partners,Orchard Laboratories Partners,Startup,Clinical Logistics,8,290,anika@orchardlaboratorie.example,730-251-6495,active,2024-05-05,150000.00,33-9633754,CRM
2021,CUS-002021,Summit Seafood Supply,Summit Seafood Supply,Regional,Specialty Grocery,11,179,rina@summitseafoodsuppl.example,531-758-6560,Inactive,2024-11-16,250000.00,20-6174273,Manual Entry
2022,CUS-002022,Helix Nutrition Foods,Helix Nutrition Foods,Mid-Market,Meal Kit Producer,1,220,jonah@helixnutritionfood.example,792-473-7723,Active,2024-04-15,250000.00,80-3693656,Legacy CRM
2023,CUS-002023,Forge Meal Systems Supply,Forge Meal Systems Supply,Enterprise,Specialty Grocery,5,15,talia@forgemealsystemssu.example,881-437-7427,At Risk,2024-01-08,100000.00,41-1661329,CRM
2024,CUS-002024,Meridian Pharma Labs,Meridian Pharma Labs,Enterprise,Meal Kit Producer,5,69,jonah@meridianpharmalabs.example,623-555-3067,Active,2023-03-04,250000.00,18-1113662,CRM
2025,CUS-002025,Aster Specialty Produce Holdings,Aster Specialty Produce Holdings,Regional,Meal Kit Producer,7,106,ben@asterspecialtyprod.example,269-872-4525,Active,2024-06-19,100000.00,45-5173384,CRM
2026,CUS-002026,Lakeside Meal Systems Manufacturing,Lakeside Meal Systems Mfg,enterprise ,Food Distribution,9,33,anika@lakesidemealsystem.example,310-822-1390,Inactive,2025-01-06,500000.00,00-0000000,CRM
2027,CUS-002027,Lantern Dairy Group,Lantern Dairy Group,Enterprise,Cold-Chain Pharma,10,67,iris@lanterndairygroup.example,385-744-9362,Active,2023-12-31,25000.00,53-2557153,CRM
2028,CUS-002028,Brightwell Floral Logistics Foods,Brightwell Floral Logistics Foods,enterprise ,Clinical Logistics,10,183,rina@brightwellflorallo.example,715-731-6141,Active,2023-02-07,100000.00,30-8170515,Legacy CRM
2029,CUS-002029,Crescent Ingredients Group,crescent ingredients group,Startup,Clinical Logistics,7,105,keiko@crescentingredient.example,923-969-3933,Active,2025-08-29,50000.00,38-9487929,CRM
2030,CUS-002030,Orchard Dairy Group,Orchard Dairy Group,enterprise ,Beverage Distribution,3,210,avery@orcharddairygroup.example,369-419-4841,Inactive,2025-08-04,25000.00,22-2512983,Legacy CRM
2031,CUS-002031,Cobalt Floral Logistics Holdings,Cobalt Floral Logistics Holdings,Startup,Food Distribution,2,240,hugo@cobaltflorallogist.example,(889) 753-7369,Inactive,2023-10-11,150000.00,13-3626293,Legacy CRM
2032,CUS-002032,Ardent Beverage Logistics,Ardent Beverage Logistics,enterprise ,Beverage Distribution,6,289,nina@ardentbeveragelogi.example,575-770-1740,At Risk,2023-11-03,500000.00,41-1229621,CRM
2033,CUS-002033,Cardinal Nutrition Partners,Cardinal Nutrition Partners,Enterprise,Specialty Grocery,9,12,ben@cardinalnutritionp.example,865-521-6740,Inactive,2024-12-27,250000.00,81-8041497,Manual Entry
2034,CUS-002034,Lakeside Nutrition Logistics,Lakeside Nutrition Logistics ,Startup,Beverage Distribution,4,257,maya@lakesidenutritionl.example,611-782-4893,Inactive,2024-03-19,500000.00,26-4127488,CRM
2035,CUS-002035,Cedar Beverage Distribution,Cedar Beverage Distribution,enterprise ,Specialty Grocery,7,19,owen@cedarbeveragedistr.example,981-268-2516,Active,2023-04-22,100000.00,73-6851828,Legacy CRM
2036,CUS-002036,Crown Seafood Group,Crown Seafood Group,Enterprise,Specialty Grocery,2,106,anika@crownseafoodgroup.example,845-516-4930,Active,2025-03-19,50000.00,37-8038916,Trade Show Import
2037,CUS-002037,Brightwell Seafood Partners,brightwell seafood partners,Enterprise,Cold-Chain Pharma,7,121,keiko@brightwellseafoodp.example,698-698-5932,Active,2025-03-01,25000.00,82-5571216,Manual Entry
2038,CUS-002038,Crescent Cold Foods Supply,Crescent Cold Foods Supply,Startup,Clinical Logistics,9,57,mateo@crescentcoldfoodss.example,364-844-4231,Active,2025-03-30,150000.00,29-5968858,CRM
2039,CUS-002039,Everfield Ingredients Foods,Everfield Ingredients Foods,Enterprise,Specialty Grocery,11,243,jonah@everfieldingredien.example,466-534-8910,Active,2023-04-26,100000.00,35-8562147,CRM
2040,CUS-002040,Forge Foods Logistics ,Forge Foods Logistics,Mid-Market,Food Distribution,2,22,lena@forgefoodslogistic.example,363-508-6617,Inactive,2023-02-19,500000.00,18-1054875,Manual Entry
2041,CUS-002041,Lantern Foods Labs, Lantern Foods Labs,Startup,Cold-Chain Pharma,7,231,nina@lanternfoodslabs.example,903-892-7902,Active,2025-03-23,250000.00,34-3952993,Trade Show Import
2042,CUS-002042,Cedar Laboratories Holdings,Cedar Laboratories Holdings,enterprise ,Beverage Distribution,6,14,nina@cedarlaboratoriesh.example,987-535-6692,At Risk,2024-05-01,250000.00,34-4916845,CRM
2043,CUS-002043,Riverbend Dairy Manufacturing,Riverbend Dairy Manufacturing,Enterprise,Meal Kit Producer,7,128,keiko@riverbenddairymanu.example,926-650-3435,Active,2024-01-31,250000.00,37-2142439,Manual Entry
2044,CUS-002044,Orchard Floral Logistics Logistics,Orchard Floral Logistics Logistics,Regional,Beverage Distribution,3,280,maya@orchardflorallogis.example,729-270-5127,Active,2025-06-30,50000.00,85-6501596,CRM
2045,CUS-002045,Briar Beverag eFoods,Briar Beverage Foods,Regional,Specialty Grocery,8,69,lena@briarbeveragefoods.example,624-832-8533,Active,2023-06-23,250000.00,,Legacy CRM
2046,CUS-002046,Everfield Floral Logistics Logistics,Everfield Floral Logistics Logistics,Startup,Cold-Chain Pharma,7,190,sofia@everfieldflorallog.example,266-257-6606,Active,2024-06-23,25000.00,71-4618298,Legacy CRM
2047,CUS-002047,Harbor Ingredients Co-op,Harbor Ingredients Co-op,Startup,Cold-Chain Pharma,2,128,mateo@harboringredientsc.example,700-957-2168,Active,2023-03-22,150000.00,20-2065181,Legacy CRM
2048,CUS-002048,Forge Laboratories Partners,FORGE LABORATORIES PARTNERS,Mid-Market,Specialty Grocery,4,242,caleb@forgelaboratoriesp.example,334-350-4680,Active,2025-05-05,75000.00,64-7657940,CRM
2049,CUS-002049,Keystone Nutrition Distribution,Keystone Nutrition Dist.,Mid-Market,Meal Kit Producer,7,299,keiko@keystonenutritiond.example,626-460-8703,Active,2024-10-18,250000.00,17-2815227,Legacy CRM
2050,CUS-002050,cedar specialty produce holdings,Cedar Specialty Produce Holdings,Enterprise,Cold-Chain Pharma,10,140,ben@cedarspecialtyprod.example,201-276-7934,Active,2025-05-22,75000.00,25-8161171,CRM
2051,CUS-002051,Briar Pharma Partners,Briar Pharma Partners,enterprise ,Meal Kit Producer,1,41,mateo@briarpharmapartner.example,370-443-9589,Active,2023-10-23,150000.00,94-6839969,Manual Entry
2052,CUS-002052,Mosaic Beverage Group,Mosaic Beverage Group,Startup,Beverage Distribution,2,231,rafael@mosaicbeveragegrou.example,615-741-5847,Active,2023-02-23,250000.00,19-1287732,Legacy CRM
2053,CUS-002053,Forge Pet Nutrition Group,Forge Pet Nutrition Group,Enterprise,Cold-Chain Pharma,2,296,sofia@forgepetnutritiong.example,919-618-9935,Inactive,2025-02-06,50000.00,99-4800346,CRM
2054,CUS-002054,Cardinal Meal Systems Foods,Cardinal Meal Systems Foods,Regional,Cold-Chain Pharma,1,226,sofia@cardinalmealsystem.example,00688 881 2298,Active,2024-02-18,25000.00,40-8202236,Legacy CRM
2055,CUS-002055,Crown Laboratories Co-op,Crown Laboratories Co-op,enterprise ,Meal Kit Producer,11,310,noah@crownlaboratoriesc.example,887-767-6145,Prospect,2023-06-08,25000.00,98-9005532,CRM
2056,CUS-002056,Briar Laboratories Supply,Briar Laboratories Supply,enterprise ,Clinical Logistics,6,14,rina@briarlaboratoriess.example,505-694-9036,Active,2023-03-24,100000.00,78-3916470,Legacy CRM
2057,CUS-002057,Bluevale Seafood Group,Bluevale Seafood Group ,Startup,Food Distribution,5,242,mateo@bluevaleseafoodgro.example,952-683-1670,Active,2024-11-30,75000.00,66-7531131,CRM
2058,CUS-002058,Granite Floral Logistics Holdings,Granite Floral Logistics Holdings,Regional,Cold-Chain Pharma,6,192,rafael@graniteflorallogis.example,921-295-2185,At Risk,2025-03-03,500000.00,87-9816614,Manual Entry
2059,CUS-002059,Everfield Foods Holdings,Everfield Foods Holdings,Regional,Food Distribution,10,64,rina@everfieldfoodshold.example,526-730-8374,Active,2025-02-03,75000.00,58-1263928,Trade Show Import
2060,CUS-002060,Oakmont Laboratories Holdings,Oakmont Laboratories Holdings,Regional,Beverage Distribution,6,252,sofia@oakmontlaboratorie.example,273-660-8304,Active,2025-07-21,50000.00,38-6738045,Legacy CRM
2061,CUS-002061,Summit Ingredients Partners,Summit Ingredients Partners,Enterprise,Meal Kit Producer,9,68,miles@summitingredientsp.example,486-282-1420,Inactive,2025-02-03,250000.00,53-3187052,Trade Show Import
2062,CUS-002062,Granite Pet Nutrition Holdings,Granite Pet Nutrition Holdings,Enterprise,Food Distribution,3,191,rina@granitepetnutritio.example,527-358-8672,Prospect,2024-09-07,75000.00,19-9396164,CRM
2063,CUS-002063,Trinity Laboratories Partners,Trinity Laboratories Partners,Startup,Food Distribution,5,15,caleb@trinitylaboratorie.example,878-358-1252,Active,2025-01-15,75000.00,58-1959216,CRM
2064,CUS-002064,Mosaic Pet Nutrition Logistics,Mosaic Pet Nutrition Logistics,Regional,Food Distribution,9,258,rina@mosaicpetnutrition.example,905-582-9160,Active,2025-04-20,250000.00,94-7853256,CRM
2065,CUS-002065,Harbor Specialty Produce Distribution,Harbor Specialty Produce Dist.,Startup,Cold-Chain Pharma,11,94,fatima@harborspecialtypro.example,N/A,Active,2023-04-08,150000.00,49-8728709,CRM
2066,CUS-002066,Keystone Beverage Foods,keystone beverage foods,Enterprise,Food Distribution,8,257,priya@keystonebeveragefo.example,00615 359 3924,Active,2025-02-12,100000.00,42-8564558,Legacy CRM
2067,CUS-002067,Keystone Dairy Manufacturing,Keystone Dairy Mfg,Mid-Market,Meal Kit Producer,1,121,anika@keystonedairymanuf.example,284-290-5336,At Risk,2025-07-02,25000.00,18-1493235,CRM
2068,CUS-002068,Summit Laboratories Supply,Summit Laboratories Supply,enterprise ,Specialty Grocery,7,156,owen@summitlaboratories.example,313-299-9539,At Risk,2023-12-13,50000.00,81-5510744,Trade Show Import
2069,CUS-002069,Westline Pet Nutrition Logistics,Westline Pet Nutrition Logistics,Regional,Beverage Distribution,1,295,priya@westlinepetnutriti.example,682-698-6668,Active,2023-08-07,25000.00,80-1154281,Trade Show Import
2070,CUS-002070,Northwind Pharma Supply,Northwind Pharma Supply,Mid-Market,Clinical Logistics,6,149,hugo@northwindpharmasup.example,946-483-5496,Active,2025-05-23,75000.00,22-8593823,CRM
2071,CUS-002071,Keystone Biologics Labs,Keystone Biologics Labs,Enterprise,Beverage Distribution,4,12,mateo@keystonebiologicsl.example,630-933-4168,At Risk,2023-11-06,250000.00,59-9169174,CRM
2072,CUS-002072,Pioneer Biologics Manufacturing,Pioneer Biologics Manufacturing,Regional,Beverage Distribution,11,179,nina@pioneerbiologicsma.example,385-728-3577,Inactive,2024-10-03,75000.00,13-4582288,Legacy CRM
2073,CUS-002073,Ardent Meal Systems Supply,Ardent Meal Systems Supply,Regional,Clinical Logistics,1,201,keiko@ardentmealsystemss.example,759-820-4873,Active,2025-05-23,500000.00,73-2659283,CRM
2074,CUS-002074,Cardinal Seafood Logistics,Cardinal Seafood Logistics,Regional,Specialty Grocery,8,254,miles@cardinalseafoodlog.example,608-247-6689,Inactive,2024-06-27,250000.00,80-8115228,Legacy CRM
2075,CUS-002075,Brightwell Cold Foods Foods,Brightwell Cold Foods Foods,Regional,Cold-Chain Pharma,10,210,rina@brightwellcoldfood.example,710-529-5192,active,2024-11-14,25000.00,34-2573825,Legacy CRM
2076,CUS-002076,riverbend specialty produce holdings,Riverbend Specialty Produce Holdings,Enterprise,Specialty Grocery,6,7,keiko@riverbendspecialty.example,755-750-5534,active,2024-02-21,150000.00,38-8692999,CRM
2077,CUS-002077,Cardinal Specialty Produce Distribution,Cardinal Specialty Produce Distribution,enterprise ,Cold-Chain Pharma,2,231,noah@cardinalspecialtyp.example,615-358-1966,Active,2024-03-25,250000.00,81-9200525,Manual Entry
2078,CUS-002078,Cardinal Foods Manufacturing,Cardinal Foods Manufacturing,Regional,Specialty Grocery,5,245,anika@cardinalfoodsmanuf.example,(787) 791-8587,Active,2023-06-21,50000.00,71-5637224,Trade Show Import
2079,CUS-002079,Lakeside Specialty Produce Co-op,Lakeside Specialty Prdouce Co-op,Startup,Specialty Grocery,2,236,anika@lakesidespecialtyp.example,368-577-5711,Active,2025-04-21,100000.00,72-8054292,Legacy CRM
2080,CUS-002080,Brightwell Meal Systems Distribution,Brightwell Meal Systems Distribution,Enterprise,Specialty Grocery,1,30,fatima@brightwellmealsyst.example,465-774-3095,INACTIVE ,2023-09-15,100000.00,16-1307429,CRM
2081,CUS-002081,Forge Beverage Distribution,Forge Beverage Distribution,Regional,Food Distribution,2,108,anika@forgebeveragedistr.example,315-455-1014,Active,2024-05-29,100000.00,80-6366422,CRM
2082,CUS-002082,Cedar Seafood Group,Cedar Seafood Group,Enterprise,Clinical Logistics,7,82,elias@cedarseafoodgroup.example,672-752-3767,At Risk,2023-09-13,500000.00,67-3251617,Trade Show Import
2083,CUS-002083,Briar Laboratories Distribution,Briar Laboratories Distribution,Mid-Market,Clinical Logistics,9,41,mateo@briarlaboratoriesd.example,675-309-9671,Active,2025-09-23,75000.00,51-2898058,Trade Show Import
2084,CUS-002084,Westline Cold Foods Co-op,Westline Cold Foods Co-op,Mid-Market,Clinical Logistics,2,226,sofia@westlinecoldfoodsc.example,755-926-9936,active,2025-01-06,500000.00,84-2176843,Legacy CRM
2085,CUS-002085,Ardent Foods Group,Ardent Foods Group,enterprise ,Clinical Logistics,7,226,fatima@ardentfoodsgroup.example,975-229-7748,Active,2025-02-20,25000.00,70-7166729,Trade Show Import
2086,CUS-002086,Mosaic Meal Systems Distribution,Mosaic Meal Systems Distribution,enterprise ,Meal Kit Producer,11,51,sofia@mosaicmealsystemsd.example,786-793-9861,Active,2024-12-06,250000.00,57-9314647,CRM
2087,CUS-002087,Everfield Dairy Group,Everfield Dairy Group,Startup,Beverage Distribution,8,234,keiko@everfielddairygrou.example,942-612-6357,Active,2025-07-14,250000.00,57-8132635,CRM
2088,CUS-002088,Meridian Seafood Distirbution,Meridian Seafood Distribution,Mid-Market,Clinical Logistics,2,254,talia@meridianseafooddis.example,926-723-1004,Active,2023-06-04,250000.00,59-7818309,Legacy CRM
2089,CUS-002089,Forge Foods Manufacturing,Forge Foods Manufacturing,enterprise ,Meal Kit Producer,10,245,caleb@forgefoodsmanufact.example,8679587929,Active,2025-05-27,250000.00,27-6902125,CRM
2090,CUS-002090,Solace Floral Logistics Logistics,Solace Floral Logistics Logistics,Mid-Market,Meal Kit Producer,3,187,iris@solaceflorallogist.example,294-759-4968,Active,2024-01-15,150000.00,96-3893134,CRM
2091,CUS-002091,Pioneer Ingredients Labs,Pioneer Ingredients Labs,Enterprise,Cold-Chain Pharma,9,12,mateo@pioneeringredients.example,627-900-7119,Active,2025-05-06,25000.00,91-5077817,Legacy CRM
2092,CUS-002092,Westline Ingredients Partners,Westline Ingredients Partners,Regional,Cold-Chain Pharma,1,108,anika@westlineingredient.example,876-767-9268,Active,2025-02-22,25000.00,76-8883533,CRM
2093,CUS-002093,Everfield Ingredients Group,Everfield Ingredients Group,Regional,Meal Kit Producer,6,22,lena@everfieldingredien.example,921-359-8526,Active,2024-11-10,100000.00, ,Legacy CRM
2094,CUS-002094,Summit Pharma Supply,Summit Pharma Supply,enterprise ,Cold-Chain Pharma,5,128,caleb@summitpharmasupply.example,274-684-6739,Active,2023-07-25,250000.00,36-4829271,CRM
2095,CUS-002095,Crown Biologics Distribution,Crown Biologics Distribution,Enterprise,Meal Kit Producer,7,140,lena@crownbiologicsdist.example,858-782-5239,Active,2024-12-19,150000.00,19-1864421,Legacy CRM
2096,CUS-002096,Mosaic Seafood Logistics,Mosaic Seafood Logistics,enterprise ,Clinical Logistics,11,220,iris@mosaicseafoodlogis.example,411-620-2124,Active,2024-12-05,75000.00,19-4676929,CRM
2097,CUS-002097,Solace Biologics Supply,Solace Biologics Supply,Mid-Market,Food Distribution,5,69,fatima@solacebiologicssup.example,265-976-7948,Active,2024-09-02,75000.00,,CRM
2098,CUS-002098,Lakeside Ingredients Group,Lakeside Ingredients Group,Mid-Market,Specialty Grocery,7,242,jonah@lakesideingredient.example,N/A,Active,2024-07-08,500000.00,91-2269258,Manual Entry
2099,CUS-002099,ardent floral logistics manufacturing,Ardent Floral Logistics Manufacturing,Startup,Food Distribution,5,128,elias@ardentflorallogist.example,509-213-5060,At Risk,2025-02-05,25000.00,82-7978684,CRM
2100,CUS-002100,Bluevale Meal Systems Foods,Bluevale Meal Systems Foods,Regional,Food Distribution,9,174,owen@bluevalemealsystem.example,838-610-3909,Active,2023-02-20,75000.00,35-1286980,CRM
2101,CUS-002101,Northwind Cold Foods Co-op,Northwind Cold Foods Co-op,Mid-Market,Beverage Distribution,4,57,rina@northwindcoldfoods.example,785-758-4569,Active,2024-12-21,50000.00,34-9582091,CRM
2102,CUS-002102,Oakmont Ingredients Partners,Oakmont Ingredients Partners,Startup,Food Distribution,10,161,priya@oakmontingredients.example,930-566-9738,Active,2025-05-31,150000.00,15-2607296,CRM
2103,CUS-002103,Ardent Foods Holdings,Ardent Foods Holdings,Mid-Market,Specialty Grocery,3,193,talia@ardentfoodsholding.example,420-562-2910,Active,2023-03-29,250000.00,58-7845541,CRM
2104,CUS-002104,pioneer foods foods,PIONEER FOODS FOODS,Mid-Market,Beverage Distribution,5,51,anika@pioneerfoodsfoods.example,765-244-6201,Inactive,2023-06-28,75000.00,38-7167351,CRM
2105,CUS-002105,Granite Floral Logistics Co-op,Granite Floral Logistics Co-op,enterprise ,Beverage Distribution,5,210,elias@graniteflorallogis.example,986-758-6057,Active,2024-03-04,150000.00,12-2015430,CRM
2106,CUS-002106,Crescent Cold Foods Co-op,Crescent Cold Foods Co-op,Startup,Clinical Logistics,1,179,noah@crescentcoldfoodsc.example,,Active,2024-08-28,100000.00,78-1471596,CRM
2107,CUS-002107,Westline Seafood Logistics,Westline Seafood Logistics,Startup,Cold-Chain Pharma,7,273,ben@westlineseafoodlog.example,273-767-8990,Active,2025-07-28,150000.00,98-9343631,Legacy CRM
2108,CUS-002108,Westline Laboratories Partners,Westline Laboratories Partners,Enterprise,Specialty Grocery,6,128,darren@westlinelaboratori.example,805-751-6928,Active,2024-09-15,250000.00,50-3438120,Legacy CRM
2109,CUS-002109,Aster Laboratories Foods,Aster Laboratories Foods,Enterprise,Food Distribution,3,140,lena@asterlaboratoriesf.example,675-709-5101,Active,2023-09-14,150000.00,97-1034473,Legacy CRM
2110,CUS-002110,Northwind Meal Systems Group,Northwind Meal Systems Group,Startup,Food Distribution,9,269,hugo@northwindmealsyste.example,227-227-2959,Active,2024-11-18,100000.00,58-7535520,Trade Show Import
2111,CUS-002111,Lakeside Ingredients Partners,Lakeside Ingredients Partners,Mid-Market,Beverage Distribution,4,234,keiko@lakesideingredient.example,882-920-1891,Active,2023-05-05,50000.00,44-7560832,CRM
2112,CUS-002112,Brightwell Ingredients Distribution,Brightwell Ingredients Dist.,Mid-Market,Meal Kit Producer,10,94,jonah@brightwellingredie.example,675-919-8308,Active,2024-08-01,50000.00,87-5811634,CRM
2113,CUS-002113,Northwind Specialty Produce Labs,Northwind Specialty Produce Labs,Mid-Market,Meal Kit Producer,10,14,maya@northwindspecialty.example,580-616-6177,Inactive,2023-10-13,50000.00,54-3576169,Legacy CRM
2114,CUS-002114,Lantern Pharma Distribution,Lantern Pharma Distribution,Regional,Specialty Grocery,10,226,priya@lanternpharmadistr.example,861-878-7114,At Risk,2025-07-21,500000.00,49-5215240,Legacy CRM
2115,CUS-002115,cardinal floral logistics logistics,Cardinal Floral Logistics Logistics,enterprise ,Beverage Distribution,8,258,owen@cardinalflorallogi.example,690-949-4706,Active,2024-10-09,25000.00,66-6973552,CRM
2116,CUS-002116,Helix Ingredients Supply,Helix Ingredients Supply,Startup,Meal Kit Producer,3,51,caleb@helixingredientssu.example,238-919-8686,At Risk,2025-09-16,25000.00,85-2555434,Legacy CRM
2117,CUS-002117,Pioneer Nutrition Manufacturing,Pioneer Nutrition Manufacturing,Regional,Cold-Chain Pharma,5,22,nina@pioneernutritionma.example,616-910-7535,Active,2025-01-06,150000.00,42-1795199,Trade Show Import
2118,CUS-002118,Aster Seafood Co-op,Aster Seafood Co-op,Regional,Specialty Grocery,4,210,nina@asterseafoodcoop.example,533-543-1250,active,2025-01-22,100000.00,21-4648321,CRM
2119,CUS-002119,Cedar Nutrition Co-op,Cedar Nutrition Co-op,enterprise ,Specialty Grocery,11,69,lena@cedarnutritioncoop.example,646-914-6959,Active,2023-04-16,25000.00,39-1863502,CRM
2120,CUS-002120,Lantern Pet Nutrition Partners,Lantern Pet Nutrition Partners,Enterprise,Food Distribution,4,278,zara@lanternpetnutritio.example,970.635.1420,Active,2025-06-26,250000.00,25-9294597,CRM
2121,CUS-002121,Solace Dairy Foods,Solace Dairy Foods,Mid-Market,Meal Kit Producer,3,106,miles@solacedairyfoods.example,214-825-5951,Active,2023-03-12,100000.00,35-4456036,Manual Entry
2122,CUS-002122,Crescent Foods Supply,Crescent Foods Supply,enterprise ,Clinical Logistics,11,152,anika@crescentfoodssuppl.example,777-486-4851,Active,2025-08-27,500000.00,39-2520898,Trade Show Import
2123,CUS-002123,Ardent Pet Nutrition Supply,Ardent Pet Nutrition Supply,Startup,Beverage Distribution,3,192,iris@ardentpetnutrition.example,541-881-7681,At Risk,2023-03-10,50000.00,79-4346189,CRM
2124,CUS-002124,Bluevale Cold Foods Holdings,Bluevale Cold Foods Holdings,Mid-Market,Beverage Distribution,11,128,anika@bluevalecoldfoodsh.example,,Active,2024-09-16,150000.00,37-4925767,Manual Entry
2125,CUS-002125,Forge Cold Foods Labs,FORGE COLD FOODS LABS,Enterprise,Beverage Distribution,9,74,anika@forgecoldfoodslabs.example,532-942-1074,Active,2023-04-27,150000.00,92-2826153,Legacy CRM
2126,CUS-002126,Forge Meal Systems Distribution,Forge Meal Systems Distribution,Startup,Food Distribution,1,22,anika@forgemealsystemsdi.example,761-632-6177,Active,2025-04-14,25000.00,17-5294112,Legacy CRM
2127,CUS-002127,Meridian Nutrition Supply,Meridian Nutrition Supply,Enterprise,Food Distribution,4,280,rafael@meridiannutritions.example,394-732-2216,Active,2024-03-16,25000.00,34-2733938,Trade Show Import
2128,CUS-002128,Aster Meal Systems Group,Aster Meal Systems Group,Enterprise,Meal Kit Producer,6,231,owen@astermealsystemsgr.example,935-638-4298,Active,2024-06-09,50000.00,39-2538434,CRM
2129,CUS-002129,Crown Biologics Supply,Crown Biologics Supply,Mid-Market,Specialty Grocery,10,183,noah@crownbiologicssupp.example,384.377.2731,Inactive,2025-05-03,25000.00,34-7524601,Manual Entry
2130,CUS-002130,Everfield Nutrition Manufacturing,Everfield Nutrition Manufacturing,Mid-Market,Specialty Grocery,8,108,rafael@everfieldnutrition.example,3694667609,Active,2023-02-24,50000.00,51-8572200,CRM
2131,CUS-002131,Cobalt Cold Foods Partners,Cobalt Cold Foods Partners,Regional,Cold-Chain Pharma,2,257,lena.cobaltcoldfoodspar.example,557-825-3755,Active,2024-02-09,50000.00,61-7154569,Trade Show Import
2132,CUS-002132,Granite Cold Foods Manufacturing,Granite Cold Foods Manufacturing,Mid-Market,Meal Kit Producer,4,15,keiko@granitecoldfoodsma.example,237-951-7045,Active,2023-02-14,100000.00,13-4884060,Legacy CRM
2133,CUS-002133,Westline Specialty Produce Co-op,Westline Specialty Produce Co-op,enterprise ,Beverage Distribution,1,218,keiko@westlinespecialtyp.example,871-712-8069,Active,2024-02-12,250000.00,95-6940724,Legacy CRM
2134,CUS-002134,Everfield Biologics Logistics,Everfield Biologics Logistics,Enterprise,Specialty Grocery,11,30,talia@everfieldbiologics.example,957-701-4876,Active,2023-04-25,75000.00,89-4014016,Legacy CRM
2135,CUS-002135,Mosaic Nutrition Supply,Mosaic Nutrition Supply,enterprise ,Specialty Grocery,1,218,anika@mosaicnutritionsup.example,00780 681 4414,Inactive,2023-09-23,250000.00,99-7286511,Manual Entry
2136,CUS-002136,Westline Nutrition Co-op,Westline Nutrition Co-op,Regional,Meal Kit Producer,10,7,rina@westlinenutritionc.example,499-598-73,Active,2024-04-25,25000.00,66-8987670,Legacy CRM
2137,CUS-002137,Cedar Pharma Labs,Cedar Pharma Labs,Enterprise,Meal Kit Producer,2,26,maya@cedarpharmalabs.example,695-736-6871,Active,2023-06-01,50000.00,76-4611402,Legacy CRM
2138,CUS-002138,Brightwell Nutrition Labs,Brightwell Nutrition Labs,Regional,Clinical Logistics,2,22,miles@brightwellnutritio.example,340-817-8769,Active,2025-08-10,100000.00,60-3241696,Manual Entry
2139,CUS-002139,crown specialty produce logistics,Crown Specialty Produce Logistics,enterprise ,Clinical Logistics,8,240,noah@crownspecialtyprod.example,399-230-7689,Prospect,2023-01-06,150000.00,37-5847269,CRM
2140,CUS-002140,Helix Beverage Supply,Helix Beverage Supply,Regional,Clinical Logistics,6,245,nina@helixbeveragesuppl.example,631-389-8628,Active,2023-07-13,25000.00,81-7579862,CRM
2141,CUS-002141,Solace Meal Systems Group,Solace Meal Systems Group,enterprise ,Clinical Logistics,2,190,miles@solacemealsystemsg.example,299-595-8840,Active,2024-08-18,50000.00,76-6983774,Legacy CRM
2142,CUS-002142,Crescent Floral Logistics Labs, Crescent Floral Logistics Labs,Enterprise,Food Distribution,2,128,rafael@crescentflorallogi.example,439-518-1142,active,2025-04-18,50000.00,38-4070604,Legacy CRM
2143,CUS-002143,Riverbend Pet Nutrition Supply,Riverbend Pet Nutrition Supply,Startup,Specialty Grocery,6,262,talia@riverbendpetnutrit.example,459-382-5626,Active,2024-01-25,100000.00,76-6861432,CRM
2144,CUS-002144,Helix Laboratories Group,Helix Laboratories Group,Startup,Specialty Grocery,6,12,,908-393-6803,Active,2025-04-26,25000.00,35-3999094,CRM
2145,CUS-002145,Westline Nutrition Co-op,Westline Nutrition Co-op,Mid-Market,Specialty Grocery,9,68,caleb@westlinenutritionc.example,977-845-2261,Prospect,2024-04-23,150000.00,88-8457457,Legacy CRM
2146,CUS-002146, Cardinal Nutrition Logistics,Cardinal Nutrition Logistics,enterprise ,Meal Kit Producer,6,33,keiko@cardinalnutritionl.example,389-698-4012,Prospect,2025-04-07,75000.00,42-3371000,Legacy CRM
2147,CUS-002147,Mosaic Meal Systems Logistics,Mosaic Meal Systems Logistics,enterprise ,Specialty Grocery,9,41,keiko@mosaicmealsystemsl.example,653-262-8205,Active,2025-10-08,75000.00,92-1394472,CRM
2148,CUS-002148,Aster Floral Logistics Labs,Aster Floral Logistics Labs,Regional,Beverage Distribution,7,310,miles@asterflorallogisti.example,619-269-3059,active,2023-09-26,150000.00,81-7839435,Legacy CRM
2149,CUS-002149,Westline Pet Nutrition Co-op,Westline Pet Nutrition Co-op,Mid-Market,Clinical Logistics,2,218,rafael@westlinepetnutriti.example,969-361-1943,Active,2023-09-23,250000.00,29-5188083,Legacy CRM
2150,CUS-002150,lantern dairy distribution,Lantern Dairy Distribution,enterprise ,Specialty Grocery,10,201,keiko@lanterndairydistri.example,295-379-5473,active,2023-04-15,100000.00,25-2044332,CRM
2151,CUS-002151,Ardent Seafood Manufacturing,Ardent Seafood Manufacturing,Mid-Market,Clinical Logistics,7,165,jonah@ardentseafoodmanuf.example,633-604-6544,At Risk,2024-11-16,500000.00,31-7401712,CRM
2152,CUS-002152,Keystone Biologics Holdings,Keystone Biologics Holdings ,enterprise ,Food Distribution,5,83,miles@keystonebiologicsh.example,850-628-3876,Active,2025-06-20,150000.00,11-3025614,CRM
2153,CUS-002153,Westline Ingredients Manufacturing,Westline Ingredients Manufacturing,enterprise ,Meal Kit Producer,11,269,maya@westlineingredient.example,970-225-7964,Active,2024-07-23,100000.00,81-7968613,CRM
2154,CUS-002154,Keystone Nutrition Partners,Keystone Nutrition Partners,Regional,Specialty Grocery,3,60,ben@keystonenutritionp.example,334-804-6120,Active,2024-11-14,150000.00,30-3603024,CRM
2155,CUS-002155,Northwind Ingredients Manufacturing,Northwind Ingredients Manufacturing,Mid-Market,Beverage Distribution,3,201,,475-482-5093,Inactive,2024-10-18,500000.00,48-4904329,Legacy CRM
2156,CUS-002156,Lakeside Cold Foods Supply,Lakeside Cold Foods Supply,enterprise ,Beverage Distribution,11,226,anika@lakesidecoldfoodss.example,770-674-6865,At Risk,2025-05-13,500000.00,58-3829246,CRM
2157,CUS-002157,Cedar Specialty Produce Logistics,Cedar Specialty Produce Logistics,enterprise ,Food Distribution,5,210,elias@cedarspecialtyprod.example,,Active,2024-03-17,100000.00,53-5040059,Legacy CRM
2158,CUS-002158,Mosaic Foods Distribution,Mosaic Foods Dist.,Startup,Clinical Logistics,11,78,anika@mosaicfoodsdistrib.example,754-476-3210,active,2023-02-14,150000.00,33-2236777,Trade Show Import
2159,CUS-002159,Mosaic Laboratories Logistics,Mosaic Laboratories Logistics,Mid-Market,Specialty Grocery,3,60,maya@mosaiclaboratories.example,252-486-9842,Active,2024-05-22,100000.00,82-7144117,Trade Show Import
2160,CUS-002160,Cardinal Beverage Group,Cardinal Beverage Group,Regional,Beverage Distribution,9,68,fatima@cardinalbeveragegr.example,727-572-6022,Prospect,2024-08-09,250000.00,63-4621604,Legacy CRM
2161,CUS-002161,Cedar Specialty Produce Labs,Cedar Specialty Produce Labs,enterprise ,Meal Kit Producer,5,83,elias@cedarspecialtyprod.example,347-372-8747,Active,2025-01-19,50000.00,82-1256177,Manual Entry
2162,CUS-002162,Lantern Biologics Labs,Lantern Biologics Labs,Regional,Specialty Grocery,5,30,sofia@lanternbiologicsla.example,533-959-2734,Active,2023-09-02,250000.00,65-5240760,CRM
2163,CUS-002163,Pioneer Cold Foods Foods,Pioneer Cold Foods Foods,Enterprise,Meal Kit Producer,10,236,keiko@pioneercoldfoodsfo.example,216-787-4936,Active,2023-01-02,250000.00,97-8489551,Manual Entry
2164,CUS-002164,Mosaic Nutrition Distribution,Mosaic Nutrition Dist.,Mid-Market,Clinical Logistics,10,190,noah@mosaicnutritiondis.example,668-297-3247,Inactive,2025-08-30,25000.00,93-9567897,CRM
2165,CUS-002165,Solace Pharma Manufacturing,Solace Pharma Manufacturing,enterprise ,Meal Kit Producer,3,296,elias@solacepharmamanufa.example,960-557-6116,Active,2024-08-27,100000.00,,CRM
2166,CUS-002166,Brightwell Pharma Co-op,Brightwell Pharma Co-op,Startup,Meal Kit Producer,4,41,rina@brightwellpharmaco.example,296-275-1892,Active,2025-04-11,150000.00,,Trade Show Import
2167,CUS-002167,Briar Seafood Logistics,Briar Seafood Logistics,Enterprise,Beverage Distribution,7,108,nina@briarseafoodlogist.example,548-962-1317,Active,2024-11-26,500000.00,22-6883997,CRM
2168,CUS-002168,Forge Beverage Distribution,Forge Beverage Distribution,Enterprise,Clinical Logistics,11,20,miles@forgebeveragedistr.example,460-773-4654,Active,2024-03-03,50000.00,29-1752741,CRM
2169,CUS-002169,Brightwell Floral Logistics Foods,Brightwell Floral Logistics Foods,enterprise ,Food Distribution,3,210,ben@brightwellflorallo.example,206-401-9880,Active,2023-03-30,250000.00,91-1922053,CRM
2170,CUS-002170,Cedar Cold Foods Manufacturing,Cedar Cold Foods Manufacturing,Mid-Market,Food Distribution,5,26,elias@cedarcoldfoodsmanu.example,318-505-5251,At Risk,2023-11-21,100000.00,84-9657406,Manual Entry
2171,CUS-002171,Cobalt Pharma Manufacturing,Cobalt Pharma Manufacturing,Regional,Cold-Chain Pharma,1,108,lena@cobaltpharmamanufa.example,935-561-5097,Active,2023-02-22,75000.00,73-6505420,CRM
2172,CUS-002172,Everfield Cold Foods Foods,Everfield Cold Foods Foods,Mid-Market,Cold-Chain Pharma,6,105,ben@everfieldcoldfoods.example,293-281-3337,Active,2025-07-30,100000.00,27-3458252,Legacy CRM
2173,CUS-002173,Forge Foods Labs,Forge Foods Labs,Regional,Cold-Chain Pharma,11,19,darren@forgefoodslabs.example,820-436-5528,Active,2023-04-23,50000.00,54-6696568,CRM
2174,CUS-002174,Ardent Cold Foods Manufacturing,Ardent Cold Foods Manufacturing,Regional,Clinical Logistics,10,20,iris@ardentcoldfoodsman.example,932-779-8647,At Risk,2025-09-09,75000.00,33-1628701,Legacy CRM
2175,CUS-002175,Briar Seafood Holdings,Briar Seafood Holdings,Enterprise,Beverage Distribution,6,94,rafael@briarseafoodholdin.example,808-219-9734,Active,2025-06-23,250000.00,82-1428070,CRM
2176,CUS-002176,Trinity Pet Nutrition Partners,Trinity Pet Nutrition Partners,Regional,Meal Kit Producer,11,249,elias@trinitypetnutritio.example,849-939-5120,Active,2023-04-06,75000.00,26-9385198,Legacy CRM
2177,CUS-002177,Helix Ingredients Group,Helix Ingredients Group,Regional,Specialty Grocery,5,19,jonah@helixingredientsgr.example,N/A,Active,2025-03-11,150000.00,16-1125974,CRM
2178,CUS-002178,Forge Dairy Holdings,Forge Dairy Holdings,Startup,Meal Kit Producer,3,119,darren@forgedairyholdings.example,00643 762 4502,Active,2024-09-16,50000.00,12-2496926,CRM
2179,CUS-002179, Northwind Pharma Co-op,NORTHWIND PHARMA CO-OP,Enterprise,Specialty Grocery,7,310,zara@northwindpharmacoo.example,392-811-5586,Active,2025-07-13,100000.00,98-8438208,Trade Show Import
2180,CUS-002180,Vantage Biologics Holdings,Vantage Biologics Holdings,Mid-Market,Specialty Grocery,7,94,maya@vantagebiologicsho.example,252-434-7950,Prospect,2025-06-30,150000.00,63-8530466,CRM
2181,CUS-002181,Cardinal Beverage Group,Cardinal Beverage Group,Regional,Food Distribution,5,183,maya@cardinalbeveragegr.example,394-308-5058,Active,2023-05-12,150000.00,16-2452801,CRM
2182,CUS-002182,Orchard Laboratories Manufacturing,Orchard Laboratories Manufacturing,Enterprise,Beverage Distribution,9,187,talia@orchardlaboratorie.example,867-415-5182,Inactive,2025-03-26,250000.00,74-6230744,Legacy CRM
2183,CUS-002183,Orchard Foods Logistics,Orchard Foods Logistics,Startup,Food Distribution,11,41,darren@orchardfoodslogist.example,768-441-8655,At Risk,2023-01-13,75000.00,,CRM
2184,CUS-002184,Westline Seafood Co-op,Westline Seafood Co-op,Startup,Specialty Grocery,3,191,rafael@westlineseafoodcoo.example,342-232-8986,Active,2023-10-08,75000.00,12-3055898,Legacy CRM
2185,CUS-002185,Oakmont Nutrition Co-op,Oakmont Nutrition Co-op,Regional,Specialty Grocery,1,187,talia@oakmontnutritionco.example,921-235-6649,Active,2024-07-27,75000.00,88-5256573,CRM
2186,CUS-002186,Northwind Laboratories Co-op,Northwind Laboratories Co-op,Startup,Specialty Grocery,8,82,sofia@northwindlaborator.example,485-333-8113,Active,2023-08-28,100000.00,52-9553657,CRM
2187,CUS-002187,Solace Beverage Partners,Solace Beverage Partners,enterprise ,Meal Kit Producer,4,20,nina@solacebeveragepart.example,713-481-6504,Active,2024-04-08,150000.00,15-2654861,Trade Show Import
2188,CUS-002188,Ardent Foods Holdings,Ardent Foods Holdings,Regional,Cold-Chain Pharma,1,161,zara@ardentfoodsholding.example,749-572-4284,Active,2024-12-03,100000.00,11-1871663,Trade Show Import
2189,CUS-002189,Westline Nutrition Labs,Westline Nutrition Labs ,enterprise ,Cold-Chain Pharma,8,15,talia@westlinenutritionl.example,872-305-5562,active,2023-10-09,100000.00,33-4380922,Manual Entry
2190,CUS-002190,Mosaic Seafood Logistics,Mosaic Seafood Logistics,Mid-Market,Specialty Grocery,1,79,darren@mosaicseafoodlogis.example,650-216-6245,Active,2025-02-21,100000.00,19-1664018,Legacy CRM
2191,CUS-002191,Ardent Dairy Supply, Ardent Dairy Supply,Regional,Meal Kit Producer,10,226,owen@ardentdairysupply.example,744-618-9170,Active,2024-02-07,250000.00,85-3424404,CRM
2192,CUS-002192,Lantern Pet Nutrition Distribution,Lantern Pet Nutrition Distribution,enterprise ,Clinical Logistics,8,165,rina@lanternpetnutritio.example,6383251968,Active,2023-09-08,250000.00,75-4420521,Trade Show Import
2193,CUS-002193,Lakeside Nutrition Manufacturing,Lakeside Nutrition Mfg,Startup,Specialty Grocery,10,234,iris@lakesidenutritionm.example,389-572-7077,Active,2024-07-03,50000.00,85-3147555,Trade Show Import
2194,CUS-002194,Oakmont Pet Nutrition Holdings,Oakmont Pet Nutrition Holdings,Startup,Food Distribution,3,234,owen@oakmontpetnutritio.example,269-738-3446,Active,2023-12-30,250000.00,64-7492977,Legacy CRM
2195,CUS-002195,Pioneer Beverage Co-op,Pioneer Beverage Co-op,enterprise ,Beverage Distribution,2,267,iris@pioneerbeveragecoo.example ,750-824-3461,Active,2023-02-19,250000.00,56-4718502,Manual Entry
2196,CUS-002196,Lakeside Ingredients Partners,Lakeside Ingredients Partners,enterprise ,Beverage Distribution,6,220,avery@lakesideingredient.example,511-282-5102,Inactive,2023-08-14,75000.00,31-9737856,Manual Entry
2197,CUS-002197,Meridian Cold Foods Co-op,meridian cold foods co-op,Startup,Meal Kit Producer,4,220,rina@meridiancoldfoodsc.example,699-371-7712,active,2024-07-06,150000.00,81-8127919,Legacy CRM
2198,CUS-002198,Crown Dairy Co-op,Crown Dairy Co-op,Mid-Market,Meal Kit Producer,7,179,mateo@crowndairycoop.example,851-225-5214,Active,2025-08-12,250000.00,17-3651196,CRM
2199,CUS-002199,Crescent Biologics Co-op,Crescent Biologics Co-op,Regional,Specialty Grocery,8,33,elias@crescentbiologicsc.example,850-749-6587,At Risk,2023-12-17,50000.00,66-3496695,Manual Entry
2200,CUS-002200,Briar Floral Logistics Group,BRIAR FLORAL LOGISTICS GROUP,enterprise ,Clinical Logistics,7,262,lena@briarflorallogisti.example,293-470-7445,Active,2024-09-29,50000.00,18-5541483,CRM
2201,CUS-002201,Cardinal Pharma Co-op,Cardinal Pharma Co-op,Mid-Market,Meal Kit Producer,7,210,jonah@cardinalpharmacoop.example,272-312-7764,Active,2023-12-09,500000.00,81-6525222,CRM
2202,CUS-002202,Aster Nutrition Foods,Aster Nutrition Foods,Startup,Food Distribution,6,234,jonah@asternutritionfood.example,690.805.2365,Active,2025-04-13,75000.00,48-4298420,CRM
2203,CUS-002203,Vantage Ingredients Labs,Vantage Ingredients Labs,Enterprise,Meal Kit Producer,10,64,fatima@vantageingredients.example,379-680-2689,At Risk,2024-06-30,50000.00,82-4834719,CRM
2204,CUS-002204,Brightwell Foods Foods,Brightwell Foods Foods,Startup,Specialty Grocery,6,295,elias@brightwellfoodsfoo.example,201-764-7493,Active,2025-04-12,50000.00,24-8803427,Manual Entry
2205,CUS-002205,Keystone Beverage Distribution,Keystone Beverage Distribution,Startup,Clinical Logistics,5,20,ben@keystonebeveragedi.example,876-610-3444,Active,2024-12-24,500000.00,14-1798518,Trade Show Import
2206,CUS-002206,Ardent Laboratories Group,Ardent Laboratories Group,Regional,Meal Kit Producer,6,266,elias@ardentlaboratories.example,523-981-5155,Prospect,2023-02-01,250000.00,10-1800590,Manual Entry
2207,CUS-002207,Northwind Ingredients Logistics,Northwind Ingredients Logistics,Mid-Market,Meal Kit Producer,4,236,caleb@northwindingredien.example,688-764-4355,Active,2024-01-11,50000.00,63-5036534,Trade Show Import
2208,CUS-002208,Lantern Pharma Supply,Lantern Pharma Supply,Mid-Market,Food Distribution,11,193,zara@lanternpharmasuppl.example,538-226-2471,Active,2025-01-15,150000.00,37-9440004,CRM
2209,CUS-002209,Aster Cold Foods Holdings,Aster Cold Foods Holdings,Mid-Market,Meal Kit Producer,5,210,miles@astercoldfoodshold.example,648-661-1985,At Risk,2024-05-12,150000.00,17-7529495,CRM
2210,CUS-002210,Lakeside Floral Logistics Logistics,Lakesid eFloral Logistics Logistics,Enterprise,Clinical Logistics,9,14,keiko@lakesideflorallogi.example,968-567-5577,Active,2023-09-04,100000.00,90-5032184,Manual Entry
2211,CUS-002211,Cedar Biologics Holdings,Cedar Biologics Holdings,Enterprise,Specialty Grocery,2,183,fatima@cedarbiologicshold.example,491-553-9652,Inactive,2024-05-01,100000.00,18-5555684,Trade Show Import
2212,CUS-002212,Ardent Beverage Distribution,Ardent Beverage Distribution,Enterprise,Beverage Distribution,3,236,caleb@ardentbeveragedist.example,768-642-6136,At Risk,2025-03-18,50000.00,99-5410416,CRM
2213,CUS-002213,Crown Seafood Manufacturing,Crown Seafood Manufacturing,Mid-Market,Beverage Distribution,11,191,avery@crownseafoodmanufa.example,705-718-8477,Active,2023-03-19,250000.00,74-3649633,CRM
2214,CUS-002214,Westline Pet Nutrition Manufacturing,WESTLINE PET NUTRITION MANUFACTURING,Startup,Food Distribution,7,242,darren@westlinepetnutriti.example,N/A,Active,2025-01-22,100000.00,62-7786701,Legacy CRM
2215,CUS-002215,Lakeside Foods Holdings,Lakeside Foods Holdings,Regional,Clinical Logistics,3,240,lena@lakesidefoodsholdi.example,551-721-4461,Active,2025-01-04,75000.00,25-9066541,CRM
2216,CUS-002216,Lantern Ingredients Holdings,Lantern Ingredients Holdings,Startup,Beverage Distribution,7,201,hugo@lanterningredients.example,676-588-8809,At Risk,2025-08-22,100000.00,71-9344995,Manual Entry
2217,CUS-002217,Oakmont Specialty Produce Logistics,Oakmont Specialty Produce Logistics,Regional,Specialty Grocery,8,22,iris@oakmontspecialtypr.example,721-523-2578,Active,2025-03-20,250000.00,30-3523499,CRM
2218,CUS-002218,Westline Seafood Foods,Westline Seafood Foods,enterprise ,Beverage Distribution,3,273,lena@westlineseafoodfoo.example,439-674-5527,Active,2025-10-18,100000.00,84-2852502,Legacy CRM
2219,CUS-002219,Ardent Floral Logistics Manufacturing,Ardent Floral Logistics Mfg,Enterprise,Cold-Chain Pharma,1,262,zara@ardentflorallogist.example,907-389-8778,Active,2024-10-13,100000.00,46-5002505,Manual Entry
2220,CUS-002220,Westline Laboratories Co-op,Westline Laboratories Co-op ,enterprise ,Beverage Distribution,7,254,jonah@westlinelaboratori.example,930-830-8916,Active,2023-03-04,75000.00,30-5755707,CRM
2221,CUS-002221,Ardent Meal Systems Partners,Ardent Meal Systems Partners,Mid-Market,Specialty Grocery,8,289,avery@ardentmealsystemsp.example,688-348-4802,Active,2024-08-09,50000.00,55-1053503,Legacy CRM
2222,CUS-002222,Northwind Cold Foods Logistics,Northwind Cold Foods Logistics,Regional,Specialty Grocery,9,64,jonah@northwindcoldfoods.example,964-529-8538,At Risk,2025-03-16,75000.00,61-1508305,CRM
2223,CUS-002223,Harbor Beverage Group,Harbor Beverage Group,enterprise ,Food Distribution,9,39,lena@harborbeveragegrou.example,271-682-9922,Active,2024-05-02,25000.00,44-4312933,CRM
2224,CUS-002224,Bluevale Specialty Produce Foods,Bluevale Specialty Produce Foods,enterprise ,Beverage Distribution,10,33,elias@bluevalespecialtyp.example,510-853-7644,Active,2024-11-01,150000.00,80-4396264,Legacy CRM
2225,CUS-002225,Cobalt Dairy Group,Cobalt Dairy Group,Mid-Market,Beverage Distribution,6,266,avery@cobaltdairygroup.example,797-728-1542,Active,2025-03-29,500000.00,93-5920229,CRM
2226,CUS-002226,Harbor Foods Co-op,Harbor Foods Co-op,Startup,Beverage Distribution,5,149,zara@harborfoodscoop.example,476-620-9120,Active,2024-02-08,500000.00,33-5773376,Legacy CRM
2227,CUS-002227,Vantage Floral Logistics Holdings,Vantage Floral Logistics Holdings,Mid-Market,Food Distribution,5,243,maya@vantageflorallogis.example,767-811-9137,Active,2025-01-11,100000.00,76-5359296,CRM
2228,CUS-002228,Pioneer Seafood Partners,Pioneer Seafood Partners,Regional,Cold-Chain Pharma,2,241,rafael@pioneerseafoodpart.example,836-570-1772,Inactive,2025-03-09,150000.00,62-8152134,Manual Entry
2229,CUS-002229,Cobalt Foods Logistics,Cobalt Foods Logistics,Enterprise,Cold-Chain Pharma,10,218,nina@cobaltfoodslogisti.example,948-846-7303,Active,2024-05-09,75000.00,11-3973573,CRM
2230,CUS-002230,Crescent Foods Distribution,Crescent Foods Dist.,Regional,Beverage Distribution,7,161,hugo@crescentfoodsdistr.example,585-844-4343,Active,2025-06-14,50000.00,66-6868519,CRM
2231,CUS-002231,Vantage Seafood Holdings,Vantage Seafood Holdings,Startup,Cold-Chain Pharma,9,156,noah@vantageseafoodhold.example,844-943-2122,Inactive,2024-09-05,50000.00, ,CRM
2232,CUS-002232,Cardinal Meal Systems Distribution,Cardinal Meal Systems Distribution,Regional,Food Distribution,2,193,elias@cardinalmealsystem.example,972-771-9178,Active,2025-07-24,150000.00,66-2656634,Manual Entry
2233,CUS-002233,Lakeside Biologics Foods,Lakeside Biologics Foods,Mid-Market,Cold-Chain Pharma,11,295,owen@lakesidebiologicsf.example,680-976-3152,At Risk,2024-12-15,500000.00,56-4274896,Legacy CRM
2234,CUS-002234,Briar Specialty Produce Logistics,Briar Specialty Produce Logistics,Startup,Clinical Logistics,7,108,hugo@briarspecialtyprod.example,707-792-7327,Prospect,2024-06-18,25000.00,27-6618587,CRM
2235,CUS-002235,Crescent Foods Holdings,Crescent Foods Holdings,Startup,Cold-Chain Pharma,5,51,darren@crescentfoodsholdi.example,757-620-9059,At Risk,2024-04-01,75000.00,00-0000000,CRM
2236,CUS-002236,Aster Ingredients Group,Aster Ingredients Group,Startup,Meal Kit Producer,4,295,noah@asteringredientsgr.example,237-407-7009,Inactive,2025-03-20,250000.00,11-7479568,Legacy CRM
2237,CUS-002237,Forge Meal Systems Manufacturing,Forge Meal Systems Manufacturing,Enterprise,Beverage Distribution,7,121,priya@forgemealsystemsma.example,637-676-8655,active,2024-09-28,100000.00,90-5585365,CRM
2238,CUS-002238,Briar Nutrition Logistics,Briar Nutrition Logistics,Enterprise,Meal Kit Producer,5,82,nina@briarnutritionlogi.example,355-577-14,Active,2025-09-06,150000.00,PENDING,Legacy CRM
2239,CUS-002239,Briar Pet Nutrition Manufacturing,Briar Pet Nutrition Mfg,Mid-Market,Specialty Grocery,7,30,maya@briarpetnutritionm.example,514-805-6355,Active,2023-04-18,500000.00,30-9625358,CRM
2240,CUS-002240,Forge Specialty Produce Foods,Forge Specialty Produce Foods,Mid-Market,Clinical Logistics,7,267,hugo@forgespecialtyprod.example,227-683-3612,Active,2023-11-18,250000.00,86-2573118,CRM
2241,CUS-002241,Lakeside Ingredients Distribution,Lakeside Ingredients Distribution,Mid-Market,Clinical Logistics,6,26,darren@lakesideingredient.example,939-487-9736,Active,2024-10-07,500000.00,72-3303569,CRM
2242,CUS-002242,Everfield Specialty Produce Co-op,Everfield Specialty Produce Co-op,Startup,Cold-Chain Pharma,2,273,rafael@everfieldspecialty.example,980-876-3288,Active,2024-11-16,500000.00,18-1251409,Manual Entry
2243,CUS-002243,Everfield Laboratories Manufacturing,Everfield Laboratories Manufacturing,Regional,Clinical Logistics,5,254,ben@everfieldlaborator.example ,201-595-2787,Active,2025-05-27,100000.00,67-9320293,CRM
2244,CUS-002244,Briar Nutrition Logistics,Briar Nutrition Logistics,Enterprise,Beverage Distribution,7,280,avery@briarnutritionlogi.example,647-327-8615,Active,2023-04-19,25000.00,71-6192947,CRM
2245,CUS-002245,Aster Pet Nutrition Group,Aster Pet Nutrition Group,Mid-Market,Food Distribution,7,106,mateo.asterpetnutritiong.example,484-331-1016,Prospect,2023-01-25,100000.00,79-8745741,Manual Entry
2246,CUS-002246,Orchard Beverage Manufacturing,Orchard Beverage Manufacturing,Startup,Beverage Distribution,4,161,rafael@orchardbeverageman.example,364-979-9163,Active,2023-12-19,250000.00,PENDING,Manual Entry
2247,CUS-002247,Orchard Foods Distribution,Orchard Foods Distribution,enterprise ,Specialty Grocery,5,156,iris@orchardfoodsdistri.example,(651) 497-1736,At Risk,2025-08-25,100000.00,19-3880448,Legacy CRM
2248,CUS-002248,Trinity Laboratories Co-op,Trinity Laboratories Co-op,Mid-Market,Clinical Logistics,2,78,rafael@trinitylaboratorie.example,00331 697 1893,Active,2023-11-11,75000.00,37-7293425,CRM
2249,CUS-002249,Harbor Ingredients Distribution,Harbor Ingredients Dist.,Startup,Meal Kit Producer,5,60,elias@harboringredientsd.example,292-854-7461,Active,2023-05-02,250000.00,94-8547363,Manual Entry
2250,CUS-002250,Lantern Ingredients Supply,Lantern Ingredients Supply,Mid-Market,Meal Kit Producer,8,68,anika@lanterningredients.example,693-722-1820,Active,2023-07-13,500000.00,36-1756021,Legacy CRM
2251,CUS-002251,Oakmont Pharma Partners,Oakmont Pharma Partners,Enterprise,Specialty Grocery,6,234,mateo@oakmontpharmapartn.example ,914-239-3271,Active,2023-05-18,100000.00,18-1656324,CRM
2252,CUS-002252,Helix Nutrition Labs,Helix Nutrition Labs,Mid-Market,Meal Kit Producer,5,243,nina@helixnutritionlabs.example,687-564-3762,Active,2025-06-21,100000.00,28-3679202,CRM
2253,CUS-002253,Harbor Beverage Group,Harbor Beverage Group,Mid-Market,Cold-Chain Pharma,6,121,sofia@harborbeveragegrou.example,319-228-1163,Active,2024-12-26,250000.00,89-9347214,CRM
2254,CUS-002254,Meridian Seafood Group,Meridian Seafood Group,Startup,Food Distribution,6,83,elias@meridianseafoodgro.example,782-206-8710,Active,2025-02-24,75000.00,59-1605670,Legacy CRM
2255,CUS-002255,Helix Foods Partners,Helix Foods Partners,enterprise ,Beverage Distribution,9,239,elias@helixfoodspartners.example,847-955-8362,Inactive,2024-11-10,500000.00,12-4757282,CRM
2256,CUS-002256,Helix Nutrition Co-op,Helix Nutrition Co-op,Enterprise,Meal Kit Producer,6,51,lena@helixnutritioncoop.example,732-368-9782,Active,2025-08-30,250000.00,23-6871221,CRM
2257,CUS-002257,Crescent Pet Nutrition Foods,Crescent Pet Nutrition Foods,enterprise ,Food Distribution,6,296,caleb@crescentpetnutriti.example,294-560-4101,Active,2024-03-14,75000.00,20-3618039,Trade Show Import
2258,CUS-002258, Aster Laboratories Foods,Aster Laboratories Foods,enterprise ,Specialty Grocery,6,74,iris@asterlaboratoriesf.example,538-523-1658,Active,2023-12-05,100000.00,30-1937604,CRM
2259,CUS-002259,Oakmont Beverage Manufacturing,Oakmont Beverage Manufacturing,Enterprise,Specialty Grocery,5,26,darren@oakmontbeverageman.example,200-757-1302,Active,2023-01-30,150000.00,80-3300525,Trade Show Import
2260,CUS-002260,Cobalt Specialty Produce Distribution,Cobalt Specialty Produce Dist.,Regional,Clinical Logistics,11,262,rafael@cobaltspecialtypro.example,790-271-8329,Active,2024-10-11,50000.00,63-3454872,CRM
2261,CUS-002261,Westline Beverage Holdings,Westline Beverage Holdings,Enterprise,Meal Kit Producer,8,278,anika@westlinebeverageho.example,552-982-7920,At Risk,2023-05-21,100000.00,60-7899553,CRM
2262,CUS-002262,Harbor Pharma Manufacturing,Harbor Pharma Manufacturing,Enterprise,Clinical Logistics,4,15,mateo@harborpharmamanufa.example,526-258-33,Active,2024-05-13,500000.00,48-4483349,Legacy CRM
2263,CUS-002263,Crown Floral Logistics Holdings,Crown Floral Logistics Holdings,Enterprise,Clinical Logistics,8,310,avery@crownflorallogisti.example,590-581-5909,Active,2023-02-16,500000.00,34-6051720,Manual Entry
2264,CUS-002264,Ardent Ingredients Co-op,Ardent Ingredients Co-op,Mid-Market,Beverage Distribution,6,252,talia@ardentingredientsc.example,215-759-3435,Active,2024-03-16,150000.00,49-6008168,CRM
2265,CUS-002265,Aster Meal Systems Holdings, Aster Meal Systems Holdings,Startup,Beverage Distribution,7,161,nina@astermealsystemsho.example,279-802-7408,Prospect,2025-03-12,100000.00,79-2092055,CRM
2266,CUS-002266,Cardinal Pet Nutrition Holdings,Cardinal Pet Nutrition Holdings,Enterprise,Meal Kit Producer,1,242,talia@cardinalpetnutriti.example,702-680-4423,Active,2024-03-05,250000.00,25-9041548,CRM
2267,CUS-002267,Orchard Specialty Produce Foods,Orchard Specialty Produce Foods,enterprise ,Food Distribution,10,121,talia@orchardspecialtypr.example,817-572-4562,Active,2024-07-19,500000.00,63-5596034,Trade Show Import
2268,CUS-002268,Westline Biologics Foods,Westline Biologics Foods,Startup,Specialty Grocery,3,262,owen@westlinebiologicsf.example,794-689-5576,Active,2023-01-07,25000.00,PENDING,CRM
2269,CUS-002269,Everfield Biologics Group,Everfield Biologics Group,Startup,Meal Kit Producer,4,201,keiko@everfieldbiologics.example,715-653-1362,Active,2023-03-23,500000.00,66-5678332,CRM
2270,CUS-002270,Lantern Floral Logistics Partners,Lantern Floral Logistics Partners,enterprise ,Specialty Grocery,11,146,avery@lanternflorallogis.example,232-461-5098,Active,2024-11-23,150000.00,90-1367662,Trade Show Import
2271,CUS-002271,Forge Beverage Partners,Forge Beverage Partners,Mid-Market,Food Distribution,8,30,ben@forgebeveragepartn.example,382-324-1033,Active,2025-09-09,75000.00,PENDING,CRM
2272,CUS-002272,Meridian Biologics Distribution,Meridian Biologics Dist.,Mid-Market,Cold-Chain Pharma,10,119,keiko@meridianbiologicsd.example,860-985-9599,Active,2025-02-17,75000.00,14-2647594,CRM
2273,CUS-002273,Lakeside Biologics Logistics,Lakeside Biologics Logistics,Mid-Market,Cold-Chain Pharma,6,19,,835-847-2207,Active,2023-04-05,150000.00,49-4894829,CRM
2274,CUS-002274,Mosaic Laboratories Logistics,Mosaic Laboratories Logistics,Mid-Market,Meal Kit Producer,4,68,darren@mosaiclaboratories.example,332-968-3026,Active,2023-06-06,250000.00,17-9344433,Manual Entry
2275,CUS-002275,Northwind Nutrition Logistics,Northwind Nutrition Logistics,Startup,Cold-Chain Pharma,6,57,keiko@northwindnutrition.example,704-227-8175,Inactive,2024-02-14,50000.00,75-2968432,Trade Show Import
2276,CUS-002276,Trinity Beverage Partners,Trinity Beverage Partners,Enterprise,Meal Kit Producer,7,231,fatima@trinitybeveragepar.example,653-390-2219,Inactive,2023-09-11,150000.00,86-5505628,CRM
2277,CUS-002277,Solace Meal Systems Manufacturing,Solace Meal Systems Manufacturing,enterprise ,Specialty Grocery,4,183,zara@solacemealsystemsm.example,341-797-8277,Active,2025-09-21,250000.00,55-6907838,CRM
2278,CUS-002278,ardent dairy labs,Ardent Dairy Labs,Startup,Beverage Distribution,11,252,ben@ardentdairylabs.example,607-270-4775,Active,2024-09-04,150000.00,15-3531916,CRM
2279,CUS-002279,Solace Meal Systems Partners,Solace Meal Systems Partners,Enterprise,Clinical Logistics,2,74,hugo@solacemealsystemsp.example,551-958-6046,Inactive,2023-10-04,25000.00,46-2309328,Trade Show Import
2280,CUS-002280,Summit Nutrition Labs,Summit Nutrition Labs,Startup,Meal Kit Producer,7,267,noah@summitnutritionlab.example,00849 304 2606,Active,2025-03-02,250000.00,41-1576494,Legacy CRM
2281,CUS-002281,Ardent Ingredients Supply,Ardent Ingredients Supply,Mid-Market,Clinical Logistics,9,119,elias@ardentingredientss.example,236-475-8497,INACTIVE ,2023-11-12,150000.00,22-9045245,CRM
2282,CUS-002282,Forge Seafood Partnesr,Forge Seafood Partners,Startup,Meal Kit Producer,10,278,fatima@forgeseafoodpartne.example,554-375-3230,Active,2023-08-22,100000.00,72-1400098,CRM
2283,CUS-002283,Cardinal Ingredients Partners,Cardinal Ingredients Partners,Mid-Market,Cold-Chain Pharma,5,187,miles@cardinalingredient.example,909-218-1960,Prospect,2025-09-26,25000.00,49-8969008,Legacy CRM
2284,CUS-002284,Meridian Meal Systems Distribution,Meridian Meal Systems Dist.,Enterprise,Cold-Chain Pharma,6,249,owen@meridianmealsystem.example,868-642-1945,Active,2024-05-07,75000.00,77-6173200,Legacy CRM
2285,CUS-002285,Cobalt Foods Foods,Cobalt Foods Foods,enterprise ,Beverage Distribution,9,22,jonah@cobaltfoodsfoods.example,870-843-4780,Active,2025-06-13,25000.00,91-4838059,CRM
2286,CUS-002286,Helix Biologics Labs,Helix Biologics Labs,enterprise ,Food Distribution,10,94,owen@helixbiologicslabs.example,00396 402 8687,Active,2023-11-12,25000.00,18-4666186,CRM
2287,CUS-002287,Crown Floral Logistics Supply,Crown Floral Logistics Supply,Startup,Specialty Grocery,4,79,rina@crownflorallogisti.example,447-905-7834,Inactive,2025-09-25,50000.00,60-8620152,CRM
2288,CUS-002288,Trinity Foods Labs,Trinity Foods Labs,Startup,Meal Kit Producer,7,240,jonah@trinityfoodslabs.example,864-744-2310,Active,2024-12-31,500000.00,43-5952586,CRM
2289,CUS-002289,Lakeside Pharma Co-op,Lakeside Pharma Co-op,Mid-Market,Specialty Grocery,8,152,anika@lakesidepharmacoop.example,399-305-3439,Active,2023-10-20,250000.00, ,CRM
2290,CUS-002290,Orchard Cold Foods Labs,Orchard Cold Foods Labs,enterprise ,Cold-Chain Pharma,9,262,mateo@orchardcoldfoodsla.example,N/A,At Risk,2023-09-30,500000.00,17-6979615,CRM
2291,CUS-002291,Cobalt Biologics Labs,Cobalt Biologics Labs,Regional,Cold-Chain Pharma,7,161,iris@cobaltbiologicslab.example,223-639-3124,Inactive,2023-06-29,25000.00,95-1017866,Legacy CRM
2292,CUS-002292,Crescent Laboratories Distribution,Crescent Laboratories Distribution,Enterprise,Meal Kit Producer,5,128,darren@crescentlaboratori.example,874-803-8008,active,2025-05-17,100000.00,73-1867326,CRM
2293,CUS-002293,Brightwell Pet Nutrition Co-op,Brightwell Pet Nutrition Co-op,Mid-Market,Cold-Chain Pharma,4,174,mateo@brightwellpetnutri.example,352-918-5247,Active,2023-10-15,25000.00,33-6622049,Manual Entry
2294,CUS-002294,Brightwell Biologics Distribution,Brightwell Biologics Dist.,Mid-Market,Clinical Logistics,6,146,rafael@brightwellbiologic.example,273-985-9053,Prospect,2023-06-10,250000.00,68-2685912,Manual Entry
2295,CUS-002295,Crown Specialty Produce Labs,Crown Specialty Produce Labs,enterprise ,Food Distribution,10,290,elias@crownspecialtyprod.example,829-823-5166,Active,2024-03-28,100000.00,78-2955174,CRM
2296,CUS-002296,Trinity Pet Nutrition Logistics,Trinity Pet Nutrition Logistics,Enterprise,Specialty Grocery,10,60,keiko@trinitypetnutritio.example,537-340-2606,Active,2023-06-16,250000.00,13-8584331,CRM
2297,CUS-002297,Keystone Pharma Labs,Keystone Pharma Labs,enterprise ,Clinical Logistics,8,105,avery@keystonepharmalabs.example,226-227-2605,Active,2025-01-27,75000.00,82-5079368,CRM
2298,CUS-002298,Granite Specialty Produce Supply,Granite Specialty Produce Supply,Mid-Market,Specialty Grocery,3,7,hugo@granitespecialtypr.example,866-815-8850,Inactive,2024-04-05,100000.00,82-3139212,CRM
2299,CUS-002299,Oakmont Specialty Produce Group,Oakmont Specialty Produce Group,Mid-Market,Clinical Logistics,3,119,miles@oakmontspecialtypr.example,N/A,Inactive,2025-04-06,250000.00,,CRM
2300,CUS-002300,Cardinal Meal Systems Partners,Cardinal Meal Systems Partners,Regional,Food Distribution,1,273,rina@cardinalmealsystem.example,265-204-2136,At Risk,2025-03-08,500000.00,71-2519762,CRM
2301,CUS-002301,Lantern Specialty Produce Logistics,Lantern Specialty Produce Logistics,Mid-Market,Meal Kit Producer,6,239,owen@lanternspecialtypr.example,298-384-2303,Prospect,2023-09-20,100000.00,74-1300132,CRM
2302,CUS-002302,Cardinal Meal Systems Group,Cardinal Meal Systems Group,Mid-Market,Cold-Chain Pharma,4,236,rina@cardinalmealsystem.example,755-331-4951,Active,2025-09-17,500000.00,83-1196634,Legacy CRM
2303,CUS-002303,Cardinal Beverage Holdings,Cardinal Beverage Holdings,Regional,Meal Kit Producer,9,210,jonah@cardinalbeverageho.example,520-716-4072,Active,2023-05-01,75000.00,77-3520642,CRM
2304,CUS-002304,Ardent Pet Nutrition Labs,Ardent Pet Nutrition Labs,Startup,Clinical Logistics,11,60,elias@ardentpetnutrition.example,608-231-6652,At Risk,2025-08-06,150000.00,56-1020027,Legacy CRM
2305,CUS-002305,Cedar Nutrition Co-op,Cedar Nutrition Co-op,Startup,Clinical Logistics,5,254,lena@cedarnutritioncoop.example,774-392-4211,At Risk,2025-06-22,100000.00,79-2934865,CRM
2306,CUS-002306,Brightwell Ingredients Distribution,Brightwell Ingredients Distribution,Startup,Meal Kit Producer,10,267,keiko@brightwellingredie.example,302-741-3150,Inactive,2024-01-03,100000.00,67-7544513,Manual Entry
2307,CUS-002307,Aster Ingredients Group,Aster Ingredients Group,Enterprise,Beverage Distribution,6,248,nina@asteringredientsgr.example,774-779-4959,Active,2025-01-11,150000.00,65-4532020,Manual Entry
2308,CUS-002308,Cardinal Laboratories Foods,Cardinal Laboratories Foods,Enterprise,Meal Kit Producer,3,152,keiko@cardinallaboratori.example,318-850-6919,active,2025-02-25,250000.00,37-4848326,CRM
2309,CUS-002309,Crescent Dairy Logistics,Crescent Dairy Logistics,enterprise ,Beverage Distribution,9,278,hugo@crescentdairylogis.example,507-961-1492,Inactive,2023-05-25,500000.00,87-3174320,Legacy CRM
2310,CUS-002310,Cardinal Floral Logistics Foods,Cardinal Floral Logistics Foods ,Regional,Clinical Logistics,3,106,nina@cardinalflorallogi.example,613-570-3581,Active,2024-06-13,25000.00,51-5324670,CRM
2311,CUS-002311,Oakmont Nutrition Foods,Oakmont Nutrition Foods,Startup,Meal Kit Producer,10,295,rina@oakmontnutritionfo.example,261-387-3896,Active,2025-03-20,75000.00,68-4093891,CRM
2312,CUS-002312,Everfield Laboratories Supply,Everfield Laboratories Supply,Mid-Market,Cold-Chain Pharma,3,192,priya@everfieldlaborator.example,453-691-6453,Active,2023-10-06,50000.00,11-6157088,Legacy CRM
2313,CUS-002313,Everfield Meal Systems Distribution,Everfield Meal Systems Distribution,enterprise ,Clinical Logistics,5,26,avery@everfieldmealsyste.example,479-900-5744,At Risk,2023-08-07,50000.00,36-3608616,CRM
2314,CUS-002314,Briar Floral Logistics Partners,Briar Floral Logistics Partners,Mid-Market,Clinical Logistics,10,14,miles@briarflorallogisti.example,262-677-5326,Active,2023-03-26,100000.00,78-6138197,CRM
2315,CUS-002315,Ardent Ingredients Distribution,Ardent Ingredients Dist.,Startup,Beverage Distribution,6,174,fatima@ardentingredientsd.example,457-562-5437,Inactive,2023-02-09,50000.00,71-2586480,CRM
2316,CUS-002316,Trinity Pet Nutrition Logistics,Trinity Pet Nutrition Logistics,Enterprise,Cold-Chain Pharma,10,152,iris@trinitypetnutritio.example,675-934-6657,active,2024-10-24,150000.00,31-8746214,CRM
2317,CUS-002317,Summit Pet Nutrition Labs,Summit Pet Nutrition Labs,enterprise ,Meal Kit Producer,2,243,jonah@summitpetnutrition.example,864-215-5610,Active,2023-05-10,75000.00,34-8504921,CRM
2318,CUS-002318,Forge Dairy Group,Forge Dairy Group,Enterprise,Clinical Logistics,8,310,zara@forgedairygroup.example,498-601-1803,Active,2023-10-21,75000.00,84-9875723,Legacy CRM
2319,CUS-002319,Westline Specialty Produce Co-op,Westline Specialty Produce Co-op,enterprise ,Specialty Grocery,3,179,noah@westlinespecialtyp.example,227-300-6961,Active,2024-10-24,150000.00,26-2080507,CRM
2320,CUS-002320,Summit Pharma Supply,Summit Pharma Supply,Startup,Meal Kit Producer,4,266,miles@summitpharmasupply.example,471-865-7257,Inactive,2023-11-28,150000.00,41-2839276,Manual Entry
2321,CUS-002321,Summit Mael Systems Logistics,summit meal systems logistics,Regional,Beverage Distribution,4,140,nina@summitmealsystemsl.example,845-658-2566,Inactive,2023-04-08,50000.00,89-1112296,CRM
2322,CUS-002322,Brightwell Dairy Holdings,Brightwell Dairy Holdings,Startup,Meal Kit Producer,6,243,,839-615-4066,Inactive,2025-08-25,50000.00,29-7382109,Legacy CRM
2323,CUS-002323,Harbor Dairy Co-op,Harbor Dairy Co-op,Regional,Food Distribution,6,218,ben@harbordairycoop.example,499-689-1741,At Risk,2024-12-20,100000.00,96-8844165,Manual Entry
2324,CUS-002324,Westline Dairy Foods, Westline Dairy Foods,Startup,Clinical Logistics,10,248,rafael@westlinedairyfoods.example,766-924-3287,Active,2025-08-30,75000.00,84-4242511,Trade Show Import
2325,CUS-002325,Cardinal Beverage Foods,Cardinal Beverage Foods,Enterprise,Specialty Grocery,9,149,iris@cardinalbeveragefo.example,624-377-1794,At Risk,2023-09-10,150000.00,46-7847051,CRM
2326,CUS-002326,Granite Ingredients Labs,Granite Ingredients Labs,Enterprise,Specialty Grocery,7,220,keiko@graniteingredients.example ,495-878-4034,Active,2023-01-10,75000.00,20-1782200,CRM
2327,CUS-002327,Mosaic Floral Logistics Partners,Mosaic Floral Logistics Partners,Mid-Market,Meal Kit Producer,6,33,mateo@mosaicflorallogist.example,882-713-9901,Active,2024-03-20,75000.00,20-5092955,Manual Entry
2328,CUS-002328,Oakmont Ingredients Logistics,Oakmont Ingredients Logistics,Mid-Market,Meal Kit Producer,7,236,zara@oakmontingredients.example,283-621-1907,At Risk,2024-05-03,50000.00,13-4300031,CRM
2329,CUS-002329,Mosaic Meal Systems Supply,Mosaic Meal Systems Supply,Startup,Specialty Grocery,8,41,zara.mosaicmealsystemss.example,310-554-8196,Active,2025-06-07,500000.00,26-6130459,CRM
2330,CUS-002330,Harbor Floral Logistics Group,Harbor Floral Logistics Group,enterprise ,Food Distribution,1,64,anika@harborflorallogist.example,605-366-9381,Active,2024-05-07,50000.00,18-6837803,CRM
2331,CUS-002331,Orchard Cold Foods Distribution,Orchard Cold Foods Distribution ,Regional,Beverage Distribution,5,240,sofia@orchardcoldfoodsdi.example,393-880-1752,Active,2024-07-27,500000.00,90-6029270,CRM
2332,CUS-002332,Orchard Pet Nutrition Foods, Orchard Pet Nutrition Foods,Mid-Market,Beverage Distribution,9,183,anika@orchardpetnutritio.example,622-416-1515,INACTIVE ,2025-10-31,100000.00,29-3294888,Legacy CRM
2333,CUS-002333,Granite Pet Nutrition Foods,Granite Pet Nutrition Foods,Startup,Beverage Distribution,6,79,rina@granitepetnutritio.example,403-871-2188,Active,2024-09-10,50000.00,42-9771084,Trade Show Import
2334,CUS-002334,Ardent Nutrition Supply,Ardent Nutrition Supply,enterprise ,Food Distribution,3,174,rina@ardentnutritionsup.example,288-531-1693,Active,2025-08-01,25000.00,42-3898148,Legacy CRM
2335,CUS-002335,Mosaic Meal Systems Foods,Mosaic Meal Systems Foods,Enterprise,Beverage Distribution,11,210,lena@mosaicmealsystemsf.example,472-732-8332,At Risk,2023-11-12,100000.00,27-6595687,CRM
2336,CUS-002336,Northwind Dairy Distribution,Northwind Dairy Distribution,enterprise ,Food Distribution,1,295,rafael@northwinddairydist.example,820-845-3749,Active,2023-12-15,50000.00,85-3765962,CRM
2337,CUS-002337,Riverbend Biologics Manufacturing,Riverbend Biologics Mfg,Enterprise,Cold-Chain Pharma,10,22,sofia@riverbendbiologics.example,929-642-6348,Prospect,2025-09-06,500000.00,18-4220992,CRM
2338,CUS-002338,Lantern Pharma Distribution,Lantern Pharma Distribution,Mid-Market,Specialty Grocery,6,41,miles@lanternpharmadistr.example,374-260-2122,Inactive,2025-07-06,250000.00,61-3402758,CRM
2339,CUS-002339,Riverbend Dairy Partners,Riverbend Dairy Partners,Regional,Clinical Logistics,3,83,fatima@riverbenddairypart.example,653-582-8052,At Risk,2023-11-19,150000.00,95-3958513,Manual Entry
2340,CUS-002340,Granite Floral Logistics Logistics,Granite Floral Logistics Logistics,Regional,Clinical Logistics,1,19,miles@graniteflorallogis.example,,Active,2024-03-23,100000.00,36-1637122,CRM
2341,CUS-002341,Bluevale Beverage Supply,Bluevale Beverage Supply,enterprise ,Clinical Logistics,6,239,keiko@bluevalebeveragesu.example,261-690-2702,Active,2024-08-10,250000.00,98-9208408,Legacy CRM
2342,CUS-002342,Mosaic Nutrition Group,Mosaic Nutrition Group,Regional,Beverage Distribution,8,249,rina@mosaicnutritiongro.example,713-639-6201,Active,2023-04-13,150000.00,53-2995220,CRM
2343,CUS-002343,Cardinal Biologics Manufacturing,Cardinal Biologics Manufacturing,Mid-Market,Clinical Logistics,6,249,elias@cardinalbiologicsm.example,497-932-1955,Active,2024-01-03,100000.00,97-7517095,Manual Entry
2344,CUS-002344,Ardent Cold Foods Labs,Ardent Cold Foods Labs,Enterprise,Cold-Chain Pharma,3,106,lena@ardentcoldfoodslab.example,219-698-6835,Active,2025-08-09,150000.00,25-1349913,Legacy CRM
2345,CUS-002345,Bluevale Beverage Foods,Bluevale Beverage Foods,Startup,Food Distribution,7,239,sofia@bluevalebeveragefo.example,727-599-7791,Active,2025-01-03,100000.00,,Legacy CRM
2346,CUS-002346,Cedar Laboratories Distribution,Cedar Laboratories Distribution,Regional,Meal Kit Producer,3,248,iris@cedarlaboratoriesd.example,840-601-1313,At Risk,2024-08-09,25000.00,58-7476782,Manual Entry
2347,CUS-002347,Briar Seafood Group,Briar Seafood Group,Mid-Market,Beverage Distribution,10,273,jonah@briarseafoodgroup.example,505-488-6084,Active,2025-08-10,500000.00,51-8203655,CRM
2348,CUS-002348,Lakeside Specialty Produce Labs,Lakeside Specialty Produce Labs,enterprise ,Clinical Logistics,6,79,darren@lakesidespecialtyp.example,494-815-1156,Active,2023-01-24,150000.00,86-4266710,CRM
2349,CUS-002349,Solace Specialty Produce Holdings,Solace Specialty Produce Holdings,Startup,Cold-Chain Pharma,5,74,iris@solacespecialtypro.example,573-924-5135,Active,2023-10-23,500000.00,00-0000000,CRM
2350,CUS-002350,Aster Specialty Produce Labs,Aster Specialty Produce Labs,Startup,Beverage Distribution,9,191,mateo@asterspecialtyprod.example,837-221-9428,Active,2023-12-15,25000.00,64-5283527,Legacy CRM
2351,CUS-002351,summit seafood logistics,Summit Seafood Logistics,enterprise ,Beverage Distribution,4,108,anika@summitseafoodlogis.example,731-436-8484,At Risk,2025-04-24,75000.00,14-9101679,Legacy CRM
2352,CUS-002352,Briar Biologics Manufacturing,Briar Biologics Manufacturing,enterprise ,Clinical Logistics,5,252,elias@briarbiologicsmanu.example,322-293-9675,Active,2025-06-15,250000.00,95-4513584,CRM
2353,CUS-002353,Bluevale Biologics Partners,Bluevale Biologics Partners,Enterprise,Cold-Chain Pharma,7,67,owen@bluevalebiologicsp.example,816-878-6746,At Risk,2024-02-19,250000.00,58-7780931,Legacy CRM
2354,CUS-002354,Solace Nutrition Co-op,Solace Nutrition Co-op,enterprise ,Specialty Grocery,9,190,iris@solacenutritioncoo.example,904-773-9513,Active,2024-08-26,250000.00,46-6875589,Trade Show Import
2355,CUS-002355,Granite Biologics Partners,Granite Biologics Partners,Mid-Market,Meal Kit Producer,7,241,miles@granitebiologicspa.example,593-575-6011,Inactive,2024-09-22,100000.00,00-0000000,Legacy CRM
2356,CUS-002356,Trinity Nutrition Supply,Trinity Nutrition Supply,Mid-Market,Food Distribution,5,74,rafael@trinitynutritionsu.example,7612031114,Active,2024-06-05,50000.00,56-6774924,CRM
2357,CUS-002357,HarborP harma Labs,Harbor Pharma Labs,enterprise ,Specialty Grocery,11,249,,414-578-1594,Prospect,2024-08-05,100000.00,37-8727077,CRM
2358,CUS-002358,Pioneer Cold Foods Labs,Pioneer Cold Foods Labs,Enterprise,Cold-Chain Pharma,4,7,ben@pioneercoldfoodsla.example,416-745-3121,At Risk,2024-05-13,25000.00,74-1394759,CRM
2359,CUS-002359,Everfield Nutrition Manufacturing,Everfield Nutrition Manufacturing,Startup,Clinical Logistics,7,258,elias@everfieldnutrition.example,612-567-6336,Active,2023-04-22,50000.00,73-4570331,Trade Show Import
2360,CUS-002360,Lantern Pet Nutrition Holdings,Lantern Pet Nutrition Holdings,Startup,Cold-Chain Pharma,2,22,zara@lanternpetnutritio.example,671-947-5823,Active,2023-09-23,250000.00,41-5308027,CRM
2361,CUS-002361,Harbor Floral Logistics Foods,Harbor Floral Logistics Foods,Regional,Clinical Logistics,7,82,fatima@harborflorallogist.example,259-241-6825,At Risk,2025-06-01,150000.00,32-5785407,Legacy CRM
2362,CUS-002362,Hleix Floral Logistics Logistics,Helix Floral Logistics Logistics,Startup,Beverage Distribution,10,39,avery@helixflorallogisti.example,347-654-2961,Prospect,2025-03-02,150000.00,25-1578423,Legacy CRM
2363,CUS-002363,Pioneer Nutrition Supply,Pioneer Nutrition Supply,Mid-Market,Clinical Logistics,11,193,hugo@pioneernutritionsu.example,244-296-2602,Inactive,2024-09-11,50000.00,59-8447028,CRM
2364,CUS-002364,Mosaic Pet Nutrition Co-op,Mosaic Pet Nutrition Co-op,Regional,Meal Kit Producer,5,161,jonah@mosaicpetnutrition.example,737-275-7305,Active,2024-12-29,100000.00,,Trade Show Import
2365,CUS-002365,Everfield Pet Nutrition Supply,Everfield Pet Nutrition Supply,Startup,Meal Kit Producer,7,187,iris@everfieldpetnutrit.example,956-645-8356,Prospect,2025-10-18,250000.00,93-3670257,CRM
2366,CUS-002366,Crown Meal Systems Manufacturing,Crown Meal Systems Mfg,Enterprise,Cold-Chain Pharma,6,30,fatima@crownmealsystemsma.example,468-211-5007,Active,2023-06-29,500000.00,49-4982604,CRM
2367,CUS-002367,Forge Cold Foods Supply,Forge Cold Foods Supply,Enterprise,Cold-Chain Pharma,10,249,zara@forgecoldfoodssupp.example,845-457-9450,Active,2023-11-06,150000.00,98-9351151,CRM
2368,CUS-002368,Trinity Foods Holdings,Trinity Foods Holdings,Enterprise,Specialty Grocery,11,183,anika@trinityfoodsholdin.example,624-227-4166,Active,2025-10-11,150000.00,25-4934939,Legacy CRM
2369,CUS-002369,Helix Pet Nutrition Group,Helix Pet Nutrition Group,Mid-Market,Food Distribution,1,140,talia@helixpetnutritiong.example,550-623-4769,Active,2023-02-27,100000.00,99-2102209,Legacy CRM
2370,CUS-002370,Granite Beverage Co-op,Granite Beverage Co-op,Startup,Meal Kit Producer,3,231,jonah@granitebeveragecoo.example,603-623-3342,Active,2024-04-01,250000.00,00-0000000,CRM
2371,CUS-002371,Summit Beverage Labs,Summit Beverage Labs,Startup,Clinical Logistics,8,236,rafael@summitbeveragelabs.example,552-908-3889,Active,2025-03-30,50000.00,95-8772260,Manual Entry
2372,CUS-002372,Westline Beverage Co-op,Westline Beverage Co-op,Mid-Market,Beverage Distribution,3,57,hugo@westlinebeverageco.example,931-858-9502,Active,2025-02-07,500000.00,35-5986160,Manual Entry
2373,CUS-002373,Crescent Laboratories Labs,Crescent Laboratories Labs,Regional,Meal Kit Producer,6,296,noah@crescentlaboratori.example,316-784-4903,Active,2025-04-29,25000.00,54-8687784,CRM
2374,CUS-002374,Ardent Pet Nutrition Group,Ardent Pet Nutrition Group,Startup,Cold-Chain Pharma,8,290,talia@ardentpetnutrition.example,598-481-3967,INACTIVE ,2023-12-31,500000.00,53-4884865,CRM
2375,CUS-002375,Cardinal Laboratories Holdings,Cardinal Laboratories Holdings,enterprise ,Food Distribution,4,210,lena@cardinallaboratori.example,694-576-6103,Inactive,2024-02-16,50000.00,56-6395136,Legacy CRM
2376,CUS-002376,Riverbend Nutrition Group,Riverbend Nutrition Group,Mid-Market,Cold-Chain Pharma,11,19,noah@riverbendnutrition.example,783-203-1293,Active,2023-01-23,500000.00,14-3973317,CRM
2377,CUS-002377,Everfield Meal Systems Labs,Everfield Meal Systems Labs,Mid-Market,Clinical Logistics,6,280,hugo@everfieldmealsyste.example,(335) 531-6724,Active,2023-11-06,250000.00,91-7292620,Legacy CRM
2378,CUS-002378,Westline Seafood Partners,Westline Seafood Partners,Regional,Clinical Logistics,6,193,mateo@westlineseafoodpar.example,478-398-6420,Active,2025-09-28,25000.00,48-7689575,Legacy CRM
2379,CUS-002379,Riverbend Floral Logistics Labs,Riverbend Floral Logistics Labs,Enterprise,Cold-Chain Pharma,10,41,rafael@riverbendflorallog.example,987-893-6937,Active,2024-03-23,250000.00,00-0000000,CRM
2380,CUS-002380,Keystone Dairy Logistics,Keystone Dairy Logistics,enterprise ,Cold-Chain Pharma,2,210,elias@keystonedairylogis.example,373-572-5194,Active,2023-02-22,75000.00,57-6729608,CRM
2381,CUS-002381,Lakeside Meal Systems Supply,Lakeside Meal Systems Supply,Regional,Meal Kit Producer,6,201,miles@lakesidemealsystem.example,753-841-2152,Prospect,2025-03-14,150000.00,13-7755644,CRM
2382,CUS-002382,Cedar Foods Manufacturing,Cedar Foods Manufacturing,Mid-Market,Specialty Grocery,1,108,priya@cedarfoodsmanufact.example,366-977-5019,Active,2025-03-14,150000.00,99-4931020,Manual Entry
2383,CUS-002383,Oakmont Pharma Holdings,Oakmont Pharma Holdings,enterprise ,Food Distribution,11,165,priya@oakmontpharmaholdi.example,498-706-4366,Active,2023-05-14,150000.00,99-3941951,Trade Show Import
2384,CUS-002384,Bluevale Laboratories Labs,Bluevale Laboratories Labs,Mid-Market,Specialty Grocery,2,266,owen@bluevalelaboratori.example,747-205-9275,Prospect,2023-01-01,150000.00,92-4573435,Manual Entry
2385,CUS-002385,Lakeside Meal Systems Group,Lakeside Meal Systems Group,Startup,Cold-Chain Pharma,4,26,iris@lakesidemealsystem.example,282-277-8002,Active,2023-12-31,250000.00,35-1353848,CRM
2386,CUS-002386,Riverbend Biologics Foods,Riverbend Biologics Foods,Enterprise,Cold-Chain Pharma,6,57,noah@riverbendbiologics.example,470-896-9007,Active,2024-09-09,250000.00,25-4354934,Legacy CRM
2387,CUS-002387,Briar Specialty Produce Logistics, Briar Specialty Produce Logistics,Mid-Market,Meal Kit Producer,2,22,ben@briarspecialtyprod.example,944-432-2304,Active,2024-11-12,25000.00,99-4679067,Legacy CRM
2388,CUS-002388,Granite Floral Logistics Labs,Granite Floral Logistics Labs,Mid-Market,Clinical Logistics,9,12,caleb@graniteflorallogis.example,00731 674 9382,Active,2025-01-22,50000.00,11-2522474,CRM
2389,CUS-002389,Northwind Foods Supply,Northwind Foods Supply,Regional,Meal Kit Producer,5,128,sofia@northwindfoodssupp.example,366-893-5865,Active,2023-06-23,150000.00,59-9094471,Legacy CRM
2390,CUS-002390,Northwind Floral Logistics Group,Northwind Floral Logistics Group,Startup,Beverage Distribution,7,14,priya@northwindflorallog.example,289-708-9081,INACTIVE ,2023-08-30,100000.00,26-2888473,CRM
2391,CUS-002391,Granite Floral Logistics Manufacturing,Granite Floral Logistics Mfg,Mid-Market,Clinical Logistics,1,30,ben@graniteflorallogis.example,330-625-3910,Active,2024-05-19,500000.00,74-9764898,CRM
2392,CUS-002392,Forge Biologics Distribution,Forge Biologics Distribution,Startup,Clinical Logistics,3,41,maya@forgebiologicsdist.example,6056907967,Prospect,2025-01-04,500000.00,16-5458324,Manual Entry
2393,CUS-002393,Meridian Dairy Supply,Meridian Dairy Supply,Regional,Cold-Chain Pharma,7,82,zara@meridiandairysuppl.example,300-821-4835,Inactive,2023-08-15,50000.00,00-0000000,Trade Show Import
2394,CUS-002394,Helix Cold Foods Distribution,Helix Cold Foods Dist.,Startup,Cold-Chain Pharma,8,174,darren@helixcoldfoodsdist.example,268-460-4538,Active,2024-02-20,100000.00,36-3202006,CRM
2395,CUS-002395,Lakeside Cold Foods Co-op,Lakeside Cold Foods Co-op,Enterprise,Cold-Chain Pharma,3,140,owen@lakesidecoldfoodsc.example,398-240-6150,active,2025-09-04,100000.00,79-1470828,Legacy CRM
2396,CUS-002396,briar cold foods foods,Briar Cold Foods Foods,enterprise ,Meal Kit Producer,8,201,jonah@briarcoldfoodsfood.example,563-645-9239,Active,2023-03-27,100000.00,53-5628336,CRM
2397,CUS-002397,Crescent Cold Foods Labs,Crescent Cold Foods Labs,enterprise ,Cold-Chain Pharma,11,20,miles@crescentcoldfoodsl.example,531-705-3584,Active,2025-09-07,150000.00,81-4824540,Manual Entry
2398,CUS-002398,Crescent Nutrition Labs,Crescent Nutrition Labs,Enterprise,Clinical Logistics,5,128,priya@crescentnutritionl.example,628-793-3981,Prospect,2024-07-01,250000.00,24-1238659,Legacy CRM
2399,CUS-002399,Solace Foods Foods,Solace Foods Foods,Startup,Clinical Logistics,10,149,elias@solacefoodsfoods.example,989-941-3441,Inactive,2025-05-30,250000.00,15-6131713,CRM
2400,CUS-002400,Cedar Biologics Distribution, Cedar Biologics Distribution,Enterprise,Cold-Chain Pharma,11,15,maya@cedarbiologicsdist.example,968-423-1772,Active,2025-08-22,150000.00,69-6795447,CRM
2401,CUS-002401,Mosaic Meal Systems Distribution,Mosaic Meal Systems Dist.,enterprise ,Cold-Chain Pharma,10,149,elias@mosaicmealsystemsd.example,703-817-6207,Active,2023-01-02,250000.00,25-6952249,CRM
2402,CUS-002402,Vantage Pharma Group,Vantage Pharma Group,enterprise ,Meal Kit Producer,6,67,ben@vantagepharmagroup.example,322-509-4790,Active,2024-08-25,500000.00,97-1610066,CRM
2403,CUS-002403,Briar Pharma Foods,Briar Pharma Foods,Regional,Beverage Distribution,4,231,ben@briarpharmafoods.example,379-910-4387,Active,2023-12-15,500000.00,79-9743125,CRM
2404,CUS-002404,Westline Meal Systems Supply,Westline Meal Systems Supply,enterprise ,Food Distribution,5,254,nina@westlinemealsystem.example,N/A,Active,2025-05-02,500000.00,79-7116355,Trade Show Import
2405,CUS-002405,Lakeside Pharma Logistics,Lakeside Pharma Logistics,Regional,Meal Kit Producer,9,258,jonah@lakesidepharmalogi.example,9545514001,Active,2024-11-29,50000.00,71-8042106,Manual Entry
2406,CUS-002406,Westline Meal Systems Foods ,Westline Meal Sytsems Foods,enterprise ,Specialty Grocery,8,289,priya@westlinemealsystem.example,713-220-7672,Active,2023-10-08,250000.00,27-5923963,Legacy CRM
2407,CUS-002407,Oakmont Beverage Distribution,Oakmont Beverage Distribution,enterprise ,Meal Kit Producer,1,7,iris.oakmontbeveragedis.example,957-235-1736,Active,2025-04-04,150000.00,37-8053950,Manual Entry
2408,CUS-002408,Mosaic Meal Systems Partners,Mosaic Meal Systems Partners,Mid-Market,Beverage Distribution,8,258,fatima@mosaicmealsystemsp.example,322-355-1080,Active,2023-04-13,250000.00,35-3654690,Legacy CRM
2409,CUS-002409,Cedar Nutrition Holdings,Cedar Nutrition Holdings,Enterprise,Meal Kit Producer,10,22,maya@cedarnutritionhold.example,959-372-1676,Active,2024-07-24,250000.00,61-2516562,CRM
2410,CUS-002410,Keystone Biologics Manufacturing, Keystone Biologics Manufacturing,enterprise ,Food Distribution,9,19,rafael@keystonebiologicsm.example,962-525-2985,Active,2023-11-14,100000.00,37-9538788,CRM
2411,CUS-002411,Crown Laboratories Partners,Crown Laboratories Partners,Mid-Market,Specialty Grocery,8,19,,315-493-5585,Active,2024-06-22,50000.00,52-2821477,Manual Entry
2412,CUS-002412,Cobalt Pet Nutrition Hodlings,Cobalt Pet Nutrition Holdings,Regional,Specialty Grocery,7,82,lena@cobaltpetnutrition.example,602-439-5080,At Risk,2025-06-21,50000.00,90-5575850,Manual Entry
2413,CUS-002413,Cedar Floral Logistics Partners,Cedar Floral Logistics Partners,enterprise ,Food Distribution,5,262,owen@cedarflorallogisti.example,952-877-4658,At Risk,2025-01-16,100000.00,67-4650619,CRM
2414,CUS-002414,Solace Laboratories Logistics,Solace Laboratories Logistics,Startup,Meal Kit Producer,5,105,ben@solacelaboratories.example,858-436-8891,At Risk,2023-09-16,25000.00,26-8862160,CRM
2415,CUS-002415,Aster Dairy Foods,Aster Dairy Foods,Regional,Specialty Grocery,4,51,maya@asterdairyfoods.example,723-517-9828,Inactive,2024-11-07,100000.00,18-8933160,Legacy CRM
2416,CUS-002416,Cedar Seafood Logistics,Cedar Seafood Logistics,enterprise ,Specialty Grocery,6,39,zara@cedarseafoodlogist.example,361-431-3752,Active,2025-10-26,75000.00,51-6276942,Legacy CRM
2417,CUS-002417,Lantern Floral Logistics Partners,Lantern Floral Logistics Partners,Enterprise,Meal Kit Producer,4,257,lena@lanternflorallogis.example,628-859-3802,At Risk,2024-01-12,100000.00,45-3340135,CRM
2418,CUS-002418, Trinity Specialty Produce Partners,Trinity Specialty Produce Partners,enterprise ,Clinical Logistics,1,67,rina@trinityspecialtypr.example,944-705-6690,Active,2024-12-02,250000.00,17-7869516,Legacy CRM
2419,CUS-002419,Briar Dairy Partners,Briar Dairy Partners,Startup,Clinical Logistics,3,226,mateo@briardairypartners.example,400-833-4088,Active,2025-01-30,75000.00,68-1149928,CRM
2420,CUS-002420,Westline Floral Logistics Supply,Westline Floral Logistics Supply,Mid-Market,Meal Kit Producer,7,231,nina@westlineflorallogi.example,7577341152,Active,2023-07-22,25000.00,61-4833410,CRM
2421,CUS-002421,Crescent Floral Logistics Logistics,CRESCENT FLORAL LOGISTICS LOGISTICS,Enterprise,Clinical Logistics,4,152,hugo@crescentflorallogi.example,740-305-3410,Active,2024-04-24,75000.00,58-1956455,Legacy CRM
2422,CUS-002422,Mosaic Pharma Co-op,Mosaic Pharma Co-op,Mid-Market,Clinical Logistics,6,273,elias@mosaicpharmacoop.example ,809-687-6465,At Risk,2025-06-08,500000.00,59-1270248,CRM
2423,CUS-002423,Helix Nutrition Co-op,Helix Nutrition Co-op,enterprise ,Meal Kit Producer,2,226,miles.helixnutritioncoop.example,828-488-8706,At Risk,2023-10-02,150000.00,27-5064492,Legacy CRM
2424,CUS-002424,Oakmont Pharma Partners,Oakmont Pharma Partners,Regional,Food Distribution,1,299,noah@oakmontpharmapartn.example,730-378-1921,Inactive,2024-07-23,100000.00,58-2323409,Legacy CRM
2425,CUS-002425,Summit Dairy Partners,Summit Dairy Partners,enterprise ,Clinical Logistics,2,191,rina@summitdairypartner.example,00339 935 7185,Active,2023-09-02,25000.00,85-6182578,CRM
2426,CUS-002426,MERIDIAN FOODS CO-OP,Meridian Foods Co-op ,Mid-Market,Beverage Distribution,5,79,priya@meridianfoodscoop.example,867-853-8097,Active,2024-07-09,25000.00,17-1849722,Trade Show Import
2427,CUS-002427,Vantage Meal Sysetms Labs, Vantage Meal Systems Labs,Startup,Clinical Logistics,5,236,iris@vantagemealsysetms.example,447-832-4031,Active,2025-10-05,250000.00,10-9835558,CRM
2428,CUS-002428,granite floral logistics manufacturing, Granite Floral Logistics Manufacturing,Startup,Beverage Distribution,5,296,ben@everfieldmealsyste.example,N/A,active,2023-01-14,25000.00,64-9711115,Legacy CRM
2429,CUS-002429,pioneer seafood partners, Pioneer Seafood Partners,Regional,Food Distribution,4,201,mateo@pioneerseafoodpart.example,802-892-5086,active,2023-06-21,500000.00,70-6208080,Manual Entry
2430,CUS-002430, Brightwell Dairy Foods,Brightwell Dairy Foods,Mid-Market,Cold-Chain Pharma,4,39,mateo@pioneerfoodslogist.example,776-542-4508,At Risk,2023-11-01,250000.00,93-2794336,Legacy CRM
2431,CUS-002431,Brightwell Labortaories Labs,Brightwell Laboratories Labs,enterprise ,Specialty Grocery,4,249,ben@brightwelllabortao.example,398-337-1633,INACTIVE ,2025-03-03,100000.00,39-6837865,CRM
2432,CUS-002432,granite ingredients group, GRANITE INGREDIENTS GROUP,Enterprise,Meal Kit Producer,5,262,caleb@graniteingredients.example,604-558-6012,Active,2024-06-11,250000.00,11-4703020,CRM
2433,CUS-002433, Harbor Seafood Co-op, Harbor Seafood Co-op,Regional,Food Distribution,10,140,miles@harborseafoodcoop.example,373-413-7317,Active,2024-09-26,100000.00,21-8259879,Manual Entry
2434,CUS-002434,Northwind Foods Foods ,Northwind Foods Foods ,Mid-Market,Cold-Chain Pharma,5,94,darren@lakesidecoldfoodsh.example,688-738-7567,Prospect,2025-08-28,250000.00,79-9694262,CRM
2435,CUS-002435, Oakmont Beverage Foods, Oakmont Beverage Foods,Mid-Market,Clinical Logistics,4,82,caleb@riverbendnutrition.example,327-868-5075,At Risk,2023-05-20,500000.00,PENDING,CRM
2436,CUS-002436,SOLACE PET NUTRITION SUPPLY,Solace Pet Nutrition Supply,Enterprise,Clinical Logistics,6,174,fatima@brightwelllaborato.example,360-258-4382,active,2025-02-05,75000.00,55-2045207,Trade Show Import
2437,CUS-002437, Lakeside Pharma Logistics,Lakeside Pharma Logistics,Mid-Market,Meal Kit Producer,10,108,caleb@lakesidepharmalogi.example,238-375-5508,Active,2024-09-15,250000.00,30-2275912,Trade Show Import
2438,CUS-002438,Aster Pharma Co-op ,Astre Pharma Co-op,Regional,Clinical Logistics,6,147,hugo@forgespecialtyprod.example,806-806-7496,Active,2024-03-06,250000.00,26-9805503,CRM
2439,CUS-002439,aster biologics holdings,Aster Biologics Holdings ,Mid-Market,Clinical Logistics,1,57,miles@riverbendspecialty.example,598-615-1087,Active,2025-02-21,100000.00,41-3035040,Legacy CRM
2440,CUS-002440,ARDENT LABORATORIES SUPPLY,Ardent Laboratories Supply ,Mid-Market,Beverage Distribution,11,68,rina@ardentlaboratories.example,480-751-3203,Prospect,2024-08-10,25000.00,42-6779211,Trade Show Import
2441,CUS-002441,Meridian Specialty rPoduce Co-op,meridian specialty produce co-op,Regional,Beverage Distribution,8,179,ben@solacebiologicshol.example,355-260-1652,Prospect,2025-03-16,75000.00,96-8636659,CRM
2442,CUS-002442,lantern ingredients partners,LANTERN INGREDIENTS PARTNERS,Regional,Specialty Grocery,5,146,owen@helixmealsystemslo.example,398-355-6066,active,2024-01-22,75000.00,59-7076274,Legacy CRM
2443,CUS-002443,MERIDIAN SEAFOOD SUPPLY,meridian seafood supply,Startup,Specialty Grocery,11,7,nina@meridianseafoodsup.example,362-579-6694,Active,2023-03-22,150000.00,PENDING,Trade Show Import
2444,CUS-002444,BRIGHTWELL SPECIALTY PRODUCE GROUP,Brightwell Specialty Produce Group,Regional,Beverage Distribution,7,57,sofia@brightwellspecialt.example,951-518-6621,Inactive,2025-01-19,500000.00,95-5691146,CRM
2445,CUS-002445,summit cold foods logistics, uSmmit Cold Foods Logistics,Regional,Food Distribution,2,60,fatima@summitcoldfoodslog.example,376-767-4517,Active,2025-02-05,75000.00,89-4306167,Trade Show Import
2446,CUS-002446,SOLACE MEAL SYSTEMS CO-OP,solace meal systems co-op,Startup,Clinical Logistics,4,254,caleb@forgelaboratoriesp.example,333-379-5171,Inactive,2025-09-02,25000.00,23-7029773,CRM
2447,CUS-002447,Vantgae Seafood Partners,Vantage Seafood Partners,enterprise ,Clinical Logistics,1,310,darren@ardentcoldfoodsdis.example,711-273-2644,Prospect,2023-01-16,25000.00,PENDING,CRM
2448,CUS-002448,PioneerB everage Labs,Pioneer Beverage Labs,Enterprise,Food Distribution,11,289,talia@pioneerbeveragelab.example,666-224-7251,Prospect,2024-02-07,50000.00,78-4263080,CRM
2449,CUS-002449,FORGE DAIRY GROUP,Forge Dairy Group,Mid-Market,Meal Kit Producer,2,83,fatima@forgedairygroup.example,757-238-4699,active,2025-07-02,75000.00,39-2848322,CRM
2450,CUS-002450,harbor ingredients co-op,Harbor Ingredient sCo-op ,Startup,Meal Kit Producer,8,210,noah@harborlaboratories.example,631-340-2737,Active,2023-03-18,75000.00,76-9984900,CRM
2451,CUS-002451,Brighwtell Laboratories Co-op,brightwell laboratories co-op,Regional,Cold-Chain Pharma,4,240,darren@northwindflorallog.example,340-400-5995,Active,2024-05-11,25000.00,55-4724286,CRM
2452,CUS-002452, Meridian Meal Systems Labs,Meridian Meal Systems Labs,Enterprise,Meal Kit Producer,11,231,priya@lanternpharmadistr.example,521-229-6748,Active,2024-08-10,25000.00,99-8887208,Legacy CRM
2453,CUS-002453,SOLACE PET NUTRITION MANUFACTURING,Solace Pet uNtrition Manufacturing,enterprise ,Specialty Grocery,9,69,noah@lakesidecoldfoodss.example,616-880-9531,Inactive,2025-08-02,50000.00,83-1718375,CRM
2454,CUS-002454,Vantage Meal Systems Labs ,VANTAGE MEAL SYSTEMS LABS,Mid-Market,Cold-Chain Pharma,2,190,mateo@vantagemealsystems.example,593-664-6031,Active,2023-11-06,25000.00,96-7522769,CRM
2455,CUS-002455,LAKESIDE FLORAL LOGISTICS LOGISTICS,Lakeside Floral Logistics Logistics,enterprise ,Cold-Chain Pharma,9,226,noah.lakesideflorallogi.example,989-760-2928,Active,2024-09-04,150000.00,70-6617800,Legacy CRM
2456,CUS-002456,Orchard Meal Systems Partners ,Orhcard Meal Systems Partners,Regional,Specialty Grocery,1,79,noah@orchardmealsystems.example,215-225-5736,Active,2025-06-21,25000.00,35-8871555,Legacy CRM
2457,CUS-002457, Crown Biologics Logistics, Crown Biologics Logistics,Enterprise,Food Distribution,2,273,iris@forgepetnutritions.example,635-271-1750,Active,2023-06-25,50000.00,59-2379082,CRM
2458,CUS-002458, Lantern Nutrition Holdings,Lantern Nutrition Holdings,Mid-Market,Meal Kit Producer,11,108,rafael@lanternnutritionho.example,558-211-2374,Active,2024-04-30,100000.00,72-7295907,CRM
2459,CUS-002459,BRIGHTWELL SEAFOOD LABS,Brightwell Seafood Labs ,Enterprise,Food Distribution,2,290,iris@brightwellseafoodl.example,271-980-3263,Active,2023-02-11,500000.00,56-8971897,Trade Show Import
2460,CUS-002460,BRIAR FLORAL LOGISTICS PARTNERS,Briar Floral Logistics Partners,Startup,Clinical Logistics,2,218,zara@briarflorallogisti.example,724-301-8729,Active,2024-11-12,500000.00,94-4751233,CRM
2461,CUS-002461,LANTERN DAIRY GROUP,Lantern Dairy Group ,Startup,Beverage Distribution,11,64,darren@brightwellingredie.example,791-836-3485,INACTIVE ,2023-04-03,50000.00,79-8105504,CRM
2462,CUS-002462, Aster Pharma Partners,Aster Pharma Partners,Enterprise,Clinical Logistics,2,140,ben@asterpharmapartner.example,411-550-9458,Active,2023-10-10,25000.00,61-1614075,Manual Entry
2463,CUS-002463, Ardent Cold Foods Labs,ARDENT COLD FOODS LABS,Enterprise,Food Distribution,9,78,jonah@lakesidebeveragela.example,799-566-2337,Active,2023-02-14,50000.00,74-6085215,CRM
2464,CUS-002464, Pioneer Seafood Partners,Pioneer Seafood Partners,Regional,Cold-Chain Pharma,8,78,miles@riverbendpetnutrit.example,932-927-7809,Active,2024-11-09,50000.00,33-5499757,CRM
2465,CUS-002465, Birar Pet Nutrition Co-op,Briar Pet Nutrition Co-op ,Enterprise,Beverage Distribution,6,193,rafael@cedarmealsystemslo.example,895-284-9199,Prospect,2025-05-22,250000.00,67-6220185,CRM
2466,CUS-002466, Crescent Dairy Labs,Crescent Dairy Labs ,enterprise ,Specialty Grocery,6,280,jonah@crescentdairylabs.example,957-435-6034,Active,2024-05-04,75000.00,89-2733547,CRM
2467,CUS-002467,Ardent Biologics Foods , Ardent Biologics Foods,Regional,Clinical Logistics,8,128,ben@lanternnutritionla.example,772-637-5589,Inactive,2025-05-01,50000.00,92-3355890,CRM
2468,CUS-002468,GRANITE SPECIALTY PRODUCE HOLDINGS,Granite Spceialty Produce Holdings,Enterprise,Food Distribution,9,248,keiko@helixbiologicspart.example,358-207-5438,Active,2023-02-26,500000.00,92-3778484,CRM
2469,CUS-002469,BRIGHTWELL LABORATORIES LABS,brightwell laboratories labs,Mid-Market,Meal Kit Producer,3,245,avery@brightwelllaborato.example,772-278-9273,Prospect,2023-02-05,500000.00,74-4237402,CRM
2470,CUS-002470,brightwell seafood partners, Brightwell Seafood Partners,Regional,Cold-Chain Pharma,11,60,noah@brightwellseafoodp.example,308-938-1178,Inactive,2024-07-07,500000.00,22-6917072,Manual Entry
2471,CUS-002471, Solace Pet Nutrition Supply,Solace Pet Nutrition Supply ,Regional,Beverage Distribution,7,105,rafael@solacepetnutrition.example,879-550-1515,Active,2023-02-08,250000.00,89-5228914,CRM
2472,CUS-002472,Briar Nutrition Logistics ,briar nutrition logistics,Startup,Food Distribution,7,254,rina@briarnutritionlogi.example,321-373-3547,Inactive,2024-08-17,25000.00,45-8062502,CRM
2473,CUS-002473,granite floral logistics logistics,GRANITE FLORAL LOGISTICS LOGISTICS,Startup,Meal Kit Producer,8,240,caleb@crescentpetnutriti.example,835-763-9683,Active,2023-08-31,50000.00,78-9698821,CRM
2474,CUS-002474, Keystone Laboratories Co-op,KEYSTONE LABORATORIES CO-OP,Mid-Market,Cold-Chain Pharma,5,121,sofia@meridianbeverageco.example,477-640-6474,At Risk,2024-12-08,250000.00,52-6395667,Legacy CRM
2475,CUS-002475,MOSAIC PET NUTRITION LOGISTICS,Mosaic Pet Nutrition Logistics,enterprise ,Food Distribution,4,82,noah@mosaicpetnutrition.example,622-254-7620,Active,2025-03-11,50000.00,76-6037835,CRM
2476,CUS-002476,Brightwell Daiyr Partners,Brightwell Dairy Partners ,Enterprise,Beverage Distribution,1,190,rina@brightwellseafoodc.example,264-434-4472,Active,2025-10-19,100000.00,18-9227449,Manual Entry
2477,CUS-002477,Riverbend Pet Nutritoin Supply, Riverbend Pet Nutrition Supply,Mid-Market,Cold-Chain Pharma,5,267,elias@pioneerfoodsdistri.example,267-636-4945,Inactive,2025-01-05,75000.00,86-5111380,CRM
2478,CUS-002478, Crown Foods Manufacturing,Crown Foods Manufacturing,Regional,Beverage Distribution,7,22,keiko@northwindlaborator.example,247-319-5661,Active,2024-07-31,150000.00,84-8440812,CRM
2479,CUS-002479, Granite Biologics Supply,Grnaite Biologics Supply,Enterprise,Beverage Distribution,5,239,caleb@granitebiologicssu.example,581-451-2496,Active,2024-08-02,75000.00,49-7976801,CRM
2480,CUS-002480,pioneer laboratories co-op,PIONEER LABORATORIES CO-OP,Startup,Specialty Grocery,10,19,lena@pioneerlaboratorie.example,842-318-9922,Active,2024-10-31,100000.00,38-7676676,Manual Entry
2481,CUS-002481, Cardinal Cold Foods Logistics,Cardinal Cold Foods Logistics ,Regional,Meal Kit Producer,9,179,avery@summitpetnutrition.example,849-340-3986,Active,2023-11-14,500000.00,39-4101072,Trade Show Import
2482,CUS-002482,ardent biologics foods,Ardent BiologicsF oods,Startup,Specialty Grocery,1,236,caleb@summitpharmasupply.example,479-488-2938,At Risk,2024-08-18,150000.00,92-6503923,Legacy CRM
2483,CUS-002483, Cobalt Pet Nutrition Foods,Cobalt Pet Nutrition Foods,Mid-Market,Food Distribution,5,165,nina@cobaltfoodslogisti.example,889-855-9694,Active,2024-02-24,75000.00,17-5705702,CRM
2484,CUS-002484,harbor pharma group,Harobr Pharma Group,Enterprise,Clinical Logistics,8,147,noah@harborpharmagroup.example,2258355260,Prospect,2024-08-04,250000.00,30-9896091,CRM
2485,CUS-002485,WESTLINE SEAFOOD PARTNERS,Westline Seafood Patrners,Mid-Market,Cold-Chain Pharma,8,296,miles@westlineseafoodpar.example,200-932-7652,Active,2024-11-12,500000.00,00-0000000,Legacy CRM
2486,CUS-002486,oakmont biologics holdings,OAKMONT BIOLOGICS HOLDINGS,enterprise ,Specialty Grocery,6,140,ben@meridianseafoodpar.example,254-520-8611,Active,2024-09-04,250000.00,70-8821876,Manual Entry
2487,CUS-002487,PIONEER DAIRY DISTRIBUTION, Pioneer Dairy Dist.,Enterprise,Meal Kit Producer,3,174,caleb@keystonecoldfoodsm.example,309-344-6532,INACTIVE ,2024-09-30,75000.00,25-4748598,CRM
2488,CUS-002488,CARDINAL MEAL SYSTEMS GROUP,Cardinal Meal Systems Group,Regional,Specialty Grocery,4,254,hugo@cardinalmealsystem.example,289-455-1306,Active,2023-05-08,500000.00,85-6282673,Legacy CRM
2489,CUS-002489, Brightwell Dairy Supply,Brightwell Dairy Supply,Regional,Cold-Chain Pharma,4,201,caleb@brightwellpharmasu.example,272-278-2694,active,2023-09-10,500000.00,41-5456182,CRM
2490,CUS-002490, Keystoen Cold Foods Foods,Keystone Cold Foods Fodos,Startup,Meal Kit Producer,8,51,talia@ardentcoldfoodscoo.example,647-453-4896,Active,2023-10-03,250000.00,10-4149565,CRM
2491,CUS-002491,Granite Ingredients Logistics ,Granite Ingredients Logistics,Regional,Meal Kit Producer,10,19,anika@graniteingredients.example,967-981-1619,Active,2024-02-12,250000.00,44-8367697,Legacy CRM
2492,CUS-002492,Lantern Nutrition Distribution ,Lantern Nutrition Dist.,enterprise ,Food Distribution,1,252,,982-908-7512,Active,2023-08-28,150000.00,96-8999396,CRM
2493,CUS-002493,Summit Laboratories Manufacturing ,Summit Laboratories Manufacturing ,enterprise ,Specialty Grocery,8,290,rina@crownbiologicslabs.example,874-434-2866,Active,2023-02-12,150000.00,45-8673506,CRM
2494,CUS-002494, Keystone Floral Logistics Manufacturing,Keystone Florla Logistics Manufacturing,Mid-Market,Specialty Grocery,10,19,anika@lanternmealsystems.example,888-757-8077,At Risk,2025-10-18,75000.00,94-1006246,CRM
2495,CUS-002495,Cardinal Cold Foods Lgoistics, Cardinal Cold Foods Logistics,enterprise ,Clinical Logistics,5,60,sofia@meridianflorallogi.example,740-391-9553,Active,2023-12-13,250000.00,44-2520356,CRM
2496,CUS-002496,vantage cold foods labs,VANTAGE COLD FOODS LABS,Regional,Clinical Logistics,4,241,zara@forgecoldfoodssupp.example,888-725-1978,Active,2025-07-04,75000.00,96-2347920,Trade Show Import
2497,CUS-002497,Brira Specialty Produce Foods, Briar Specialty Produce Foods,Regional,Cold-Chain Pharma,5,220,noah@cardinalspecialtyp.example,622-785-3657,Active,2024-09-20,25000.00,79-3567187,Legacy CRM
2498,CUS-002498,cobalt dairy partners, COBALT DAIRY PARTNERS,enterprise ,Cold-Chain Pharma,5,57,nina@cobaltdairypartner.example,495-758-5311,Active,2023-10-10,100000.00,32-8403696,CRM
2499,CUS-002499,LakesideC old Foods Supply ,lakeside cold foods supply,Mid-Market,Meal Kit Producer,10,239,hugo@lakesidecoldfoodss.example,619-417-6006,Active,2023-12-12,250000.00,78-2655473,Legacy CRM
2500,CUS-002500,FORGE FLORAL LOGISTICS PARTNERS,FORGE FLORAL LOGISTICS PARTNERS,Enterprise,Clinical Logistics,6,82,darren@helixdairyholdings.example,894-279-6649,At Risk,2024-07-29,75000.00,25-5904650,CRM
