address_id,customer_id,region_id,address_type,site_name,address_line_1,city,postal_code,is_primary,active_flag,validated_on
1,1,5,Billing,Cardinal Seafood Distribut HQ,9673 Canal Street,Los Angeles,99009,True,True,2025-02-02
2,1,5,Production Site, Cardinal Seafood Distribut DC,1191 Foundry Way,San Diego,55752,False,True,2024-05-26
3,1,1,Production Site,Cardinal Seafood Distribut Plant,7365 Foundry Way,Hartford,23362,False,True,2024-07-16
4,1,5,Delivery,Cardinal Seafood Distribut Annex,6543 Market Row,Seattle,73442,False,True,2023-04-14
5,2,4,Billing,Keystone Pet Nutrition Foo HQ,5512 Canal Street,Denver,86263,True,True,2025-12-02
6,2,4,Delivery,Keystone Pet Nutrition Foo DC,8759 Market Row,Denver,25483,False,True,2025-06-24
7,3,4,Billing,Helix Ingredients Foods HQ,5854 Foundry Way,Phoenix,93869,True,True,2024-06-23
8,4,4,Billing,Ardent Laboratories Distri HQ,1167 Mill Lane,Phoenix,78987,True,True,2025-03-18
9,4,4,Delivery,Ardent Laboratories Distri DC,8698 Crescent Drive,Las Vegas,55594,False,True,2025-11-28
10,4,4,Cross-Dock,Ardent Laboratories Distri Plant,5285 Harvester Road,Phoenix,38049,False,True,2025-01-18
11,5,6,Billing,Ardent Laboratories Supply HQ,4940 Vine Street,Houston,70530,True,True,2023-10-20
12,5,6,Returns,Ardent Laboratories Supply DC,8398 Juniper Avenue,Dallas,65423,False,True,2025-09-11
13,5,6,Cross-Dock,Ardent Laboratories Supply Plant,7188 Market Row,Houston,34517,False,True,2025-07-25
14,5,6,Production Site,Ardent Laboratories Supply Annex,893 Station Road,Dallas,69356,False,True,2023-06-10
15,6,5,Billing,helix seafood labs hq,7021 Vine Street,Oakland,98457,True,True,2023-10-02
16,6,5,Returns,Helix Seafood Labs DC,4214 Mill Lane,Los Angeles,63881,False,True,2023-08-25
17,6,2,Delivery,Helix Seafood Labs Plant,508 Crescent Drive,Charlotte,59264,False,False,2025-10-20
18,7,4,Billing,Meridian Cold Foods Foods HQ,875 Harvester Road,Albuquerque,65044,True,True,2026-03-10
19,8,6,Billing,Orchard Specialty Produce  HQ,1909 Marlow Parkway,Houston,49366,True,True,2023-03-08
20,9,1,Billing,Lakeside Foods Labs HQ,6654 Mill Lane,Portland,45992,True,True,2025-04-06
21,10,7,Billing,CROWN SEAFOOD CO-OP HQ,2636 Marlow Parkway,London,16298,True,True,2025-09-03
22,10,7,Production Site,Crown Seafood Co-op DC,5468 Crescent Drive,Hamilton,18490,False,True,2025-09-09
23,10,7,Cross-Dock,Crown Seafood Co-op Plant,7081 Juniper Avenue,Toronto,41024,False,False,2023-12-12
24,11,1,Billing,Aster Biologics Holdings HQ,2849 Dockside Lane,Hartford,20089,True,True,2025-08-19
25,11,3,Returns, Aster Biologics Holdings DC,6212 Vine Street,Minneapolis,68587,False,True,
26,12,8,Billing,Brightwell Beverage Foods HQ,7163 Vine Street,Montreal,90341,True,True,2025-04-26
27,12,10,Cross-Dock,Brightwell Beverage Foods DC,840 Vine Street,Cologne,L7 5A,False,True,2025-02-26
28,13,2,Billing,Westline Dairy Holdings HQ,760 Foundry Way,ATLANTA,53745,True,True,2025-02-22
29,13,2,Production Site,Westline Dairy Holdings DC,9341 Market Row,Nashville,80419,False,True,2025-06-03
30,14,10,Billing,Pioneer Foods Manufacturin HQ,2991 Market Row,Munich,L5 4D,True,True,2025-03-27
31,14,10,Production Site,Pioneer Foods Manufacturin DC,261 Dockside Lane,Cologne,M4 4C,False,True,2023-01-09
32,14,10,Production Site,Pioneer Foods Manufacturin Plant,8407 Canal Street,Cologne,M6 1A,False,True,2024-05-27
33,15,8,Billing,Ardent Pet Nutrition Suppl HQ,2336 Station Road,Sherbrooke,46333,True,True,2026-02-05
34,15,8,Cross-Dock,Ardent Pet Nutrition Suppl DC,4119 Station Road,Montreal,95934,False,True,2025-12-25
35,16,3,Billing,Mosaic Pharma Holdings HQ,4306 Crescent Drive, Detroit,89249,True,True,2025-10-10
36,16,3,Returns,Mosaic Pharma Holdings DC,3931 Canal Street,Chicago,33871,False,True,2025-10-18
37,16,3,Returns,Mosaic Pharma Holdings Plant,7666 Dockside Lane,Detroit,10062,False,True,2023-06-23
38,17,11,Billing,Orchard Ingredients Co-op HQ,901 Ridgeview Road,Amsterdam,SE9 5B,True,True,2023-11-27
39,17,11,Production Site,Orchard Ingredients Co-op DC,2839 Canal Street,Utrecht,L3 9D,False,True,2023-12-15
40,17,11,Delivery,Orchard Ingredients Co-op Plant,8543 Canal Street,Amsterdam,B2 9C,False,True,2026-03-23
41,18,5,Billing,Everfiled Floral Logistics HQ,7403 Marlow Parkway,San Diego ,70418,True,True,2025-02-15
42,19,4,Billing,Solace Seafood Logistics HQ,8832 Mill Lane,Las Vegas,52933,True,True,2025-03-01
43,19,4,Cross-Dock,Solace Seafood Logistics DC,790 Canal Street,Phoenix,70223,False,True,2024-06-21
44,20,11,Billing,Forge Dairy Logistics HQ,2744 Canal Street,Amsterdam,B6 3D,True,True,2025-09-25
45,20,8,Delivery,Forge Dairy Logistics DC,6425 Vine Street,Quebec City,62162,False,True,2025-01-20
46,21,3,Billing,Vantage Biologics Mfg HQ,1562 Canal Street,Chicago,46657,True,True,2025-02-21
47,21,9,Production Site,Vantage Biologics Mfg DC,5566 Canal Street,London,B2 2B,False,True,2025-11-26
48,21,9,Cross-Dock,Vantage Biologics Mfg Plant,1544 Juniper Avenue,Leeds,EH9 6C,False,True,2025-10-26
49,22,1,Billing,Aster Dairy Holdings HQ,7686 Ridgeview Road,Boston,47222,True,True,2025-04-09
50,22,1,Delivery,Aster Dairy Holdings DC,2279 Foundry Way,Portland,83988,False,True,2023-09-15
51,22,1,Production Site,Aster Dairy Holdings Plant,5141 Marlow Parkway,Portland,56662,False,True,2024-05-06
52,22,5,Returns,Aster Dairy Holdings Annex,9719 Marlow Parkway,Los Angeles,32432,False,True,2025-01-20
53,23,1,Billing,Crown Specialty Produce Ho HQ,7859 Mill Lane,Portland,68231,True,True,2024-11-04
54,23,7,Production Site,Crown Specialty Produce Ho DC,541 Mill Lane,Hamilton,52853,False,True,2023-12-07
55,23,7,Production Site,Crown Specialty Produce Ho Plant,4735 Mill Lane,Ottawa,50702,False,True,2024-10-06
56,24,10,Billing,Cardinal Specialty Produce HQ,3942 Marlow Parkway,Munich,B7 1A,True,True,2023-06-20
57,24,10,Cross-Dock,CARDINAL SPECIALTY PRODUCE DC,1355 Ridgeview Road,Beriln,L9 7D,False,True,2026-01-03
58,24,10,Cross-Dock,Cardinal Specialty Produce Plant,7850 Canal Street,Berlin,EH3 4A,False,False,2025-08-01
59,25,2,Billing,Pioneer Laboratories Co-op HQ,5160 Ridgeview Road,Charlotte,61156,True,True,2023-09-19
60,25,2,Cross-Dock,Pioneer Laboratories Co-op DC,9607 Station Road,Orlando,20682,False,True,2024-08-25
61,25,2,Production Site,Pioneer Laboratories Co-op Plant,1646 Marlow Parkway,Orlando,40698,False,True,2025-10-03
62,25,5,Production Site,Pioneer Laboratories Co-op Annex,3008 Canal Street,Seattle,20968,False,True,2024-02-18
63,26,10,Billing,Brightwell Cold Foods Food HQ,564 Crescent Drive,Cologne,B3 6D,True,False,2023-10-20
64,26,10,Returns,Brightwell Cold Foods Food DC,4858 Harvester Road,Munich,SE1 2C,False,True,
65,26,10,Returns,Brightwell Cold Foods Food Plant,4070 Harvester Road,Hamburg,B2 6C,False,False,2025-09-15
66,26,10,Delivery,Brightwell Cold Foods Food Annex,6657 Mill Lane,Munich,M6 8C,False,True,2025-11-03
67,27,11,Billing,Aster Floral Logistics Sup HQ,9648 Crescent Drive,Eindhoven,EH3 7A,True,True,2023-10-30
68,28,11,Billing,Harbor Specialty Produce M HQ,8828 Marlow Parkway,EINDHOVEN,B9 3B,True,True,2024-10-26
69,29,1,Billing,Orchard Biologics Labs HQ,8447 Ridgeview Road,Boston,31729,True,True,2023-01-24
70,29,1,Delivery,Orchard Biologics Labs DC,8879 Marlow Parkway,Newark,44647,False,True,
71,29,1,Returns,Orchard Biologics Labs Plant,810 Ridgeview Road,Portland,23492,False,True,2025-02-19
72,29,1,Delivery,Orchard Biologics Labs Annex,1913 Mill Lane,Boston,42321,False,True,2025-10-14
73,30,11,Billing,Summit Meal Systems Group HQ,726 Crescent Drive,Eindhoven,SE4 6C,True,True,2025-01-19
74,30,11,Production Site,Summit Meal Systems Group DC,5281 Mill Lane,Eindhoven,M4 4A,False,True,2023-01-13
75,31,11,Billing,Harbor Ingredients Co-op HQ,603 Ridgeview Road,Eindhoven,EH9 7B,True,True,2024-11-06
76,32,4,Billing,Crescent Biologics Group HQ,2346 Ridgeview Road,Phoenix,41453,True,True,2024-04-16
77,33,7,Billing,granite foods supply HQ,3065 Mill Lane,Hamilton,54395,True,True,2024-06-17
78,34,11,Billing,Cedar Ingredients Partners HQ,4517 Juniper Avenue,Rotterdam,SE7 7A,True,True,2024-07-26
79,35,3,Billing,Everfield Pet Nutrition Gr HQ,187 Crescent Drive,Minneapolis,25540,True,True,2026-02-14
80,35,11,Delivery,everfield pet nutrition gr dc,2636 Vine Street,Utrecht,EH8 4A,False,True,2024-12-15
81,35,11,Returns,Everfield Pet Nutrition Gr Plant,3211 Crescent Drive,Eindhoven,SE9 7A,False,True,2026-02-26
82,36,4,Billing,Aster Dairy Co-op HQ,177 Mill Lane,Las Vegas,26363,True,True,2025-05-19
83,36,9,Cross-Dock,Aster Dairy Co-op DC,2027 Mill Lane,Leeds,M6 9A,False,True,2025-02-13
84,37,6,Billing,Solace Meal Systems Foods HQ,8567 Harvester Road,Austin,35780,True,True,2023-11-12
85,37,9,Returns,Solace Meal Systems Foods DC,9705 Crescent Drive,Manchester,B3 7A,False,True,2024-05-22
86,37,9,Production Site,Solace Meal Systems Foods Plant,8272 Ridgeview Road,Bristol,EH6 9C,False,True,2024-10-20
87,38,1,Billing,Summit Laboratories Logist HQ,2687 Marlow Parkway,Portland,71344,True,True,2025-10-18
88,38,1,Delivery,Summit Laboratories Logist DC,7226 Ridgeview Road,Newark,90165,False,True,2024-04-20
89,39,11,Billing,Pioneer Foods Foods HQ,811 Marlow Parkway,Amsterdam,B4 4D,True,True,2025-05-26
90,39,11,Delivery,Pioneer Foods Foods DC,2458 Ridgeview Road,Eindhoven,L5 1D,False,True,2024-02-19
91,39,11,Cross-Dock,Pioneer Foods Foods Plant,1602 Station Road,Amsterdam,SE6 7C,False,True,2025-03-02
92,39,11,Cross-Dock,Pioneer Foods Foods Annex,7379 Canal Street,Utrecht,EH4 9D,False,False,2023-06-19
93,40,4,Billing,Harbor Specialty Produce G HQ,357 Marlow Parkway,Phoenix,55960,True,True,
94,41,2,Billing,Aster Floral Logistics Man HQ,6638 Crescent Drive,Nashville,90000,True,True,2025-12-30
95,42,7,Billing,Brightwell Dairy Foods HQ,105 Foundry Way,Ottawa,99810,True,True,2024-04-10
96,43,1,Billing,Keystone Floral Logistics  HQ,1355 Juniper Avenue,Portland,28561,True,True,2023-12-01
97,43,1,Returns,Keystone Floral Logistics  DC,3483 Canal Street,Portland,48718,False,True,2024-04-23
98,44,8,Billing,Helix Ingredients Partners HQ,5663 Juniper Avenue,Sherbrooke,82704,True,True,2023-04-18
99,45,4,Billing,Forge Specialty Produce Lo HQ,5792 Marlow Parkway,Albuquerque,35629,True,True,2025-03-13
100,46,7,Billing,Northwind Pharma Partners HQ,6403 Dockside Lane,Ottawa,79660,True,True,2026-02-01
101,46,7,Production Site,Northwind Pharma Partners DC,8491 Crescent Drive, London,76619,False,True,2024-02-03
102,46,2,Delivery,Northwind Pharma Partners Plant,9660 Harvester Road,Nashville,95979,False,True,2024-01-16
103,46,5,Cross-Dock,Northwind Pharma Partners Annex,2561 Vine Street,Oakland,64787,False,True,2023-12-29
104,47,3,Billing,Riverbend Pharma Manufactu HQ,1622 Vine Street,Detroit,85805,True,False,2024-08-16
105,48,1,Billing,Cobalt Foods Mfg HQ,8285 Vine Street,Hartford,46244,True,True,2023-03-05
106,48,10,Delivery,Cobalt Foods Mfg DC,2291 Marlow Parkway,Hamburg,EH9 1A,False,True,2025-05-12
107,48,10,Cross-Dock,Cobalt Foods Mfg Plant,1504 Juniper Avenue,Cologne,B3 1A,False,True,2025-11-19
108,49,2,Billing,SUMMIT BEVERAGE PARTNERS HQ,3668 Marlow Parkway,Atlanta,78915,True,True,2024-01-14
109,49,6,Cross-Dock,Summit Beverage Partners DC,1163 Dockside Lane,Dallas,51446,False,True,2025-11-29
110,49,5,Cross-Dock,Summit Beverage Partners Plant,5365 Ridgeview Road,Seattle,99185,False,True,2026-03-01
111,50,9,Billing,Aster Specialty Produce Co HQ,1791 Foundry Way,Bristol,B2 1B,True,True,
112,50,7,Cross-Dock,Aster Specialty Produce Co DC,3430 Canal Street,London,24476,False,True,2024-05-05
113,50,9,Delivery,Aster Specialty Produce Co Plant,664 Vine Street,Manchester,B6 1A,False,True,2023-02-24
114,50,9,Returns,Aster Specialty Produce Co Annex,8671 Canal Street,Manchester,EH2 4B,False,True,2025-12-25
115,51,10,Billing,Riverbend Pharma Labs HQ,1952 Juniper Avenue,Hamburg,M8 2B,True,True,2025-02-26
116,52,8,Billing,Vantage Biologics Manufact HQ,7913 Marlow Parkway,Montreal,64575,True,True,2024-08-23
117,53,4,Billing,Briar Seafood Holdings HQ,8485 Market Row,Las Vegas,20068,True,True,
118,53,4,Cross-Dock,Briar Seafood Holdings DC,7194 Crescent Drive,Phoenix,18799,False,True,2025-06-29
119,53,4,Delivery,Briar Seafood Holdings Plant,15 Station Road,Albuquerque,39529,False,True,2024-10-09
120,54,8,Billing,Orchard Pharma Supply HQ,6521 Station Road,Montreal,99752,True,True,
121,55,9,Billing,Crown Meal Systems Distrib HQ,5638 Crescent Drive,Bristol,SE2 5A,True,True,2023-02-23
122,55,9,Delivery,Crown Meal Systems Distrib DC,9356 Station Road,Manchester,B1 7B,False,True,2024-11-19
123,56,4,Billing,Bluevale Laboratories Hold HQ,6459 Harvester Road,Las Vegas,11051,True,True,2023-07-21
124,57,10,Billing,Summit Pet Nutrition Holdi HQ,5923 Crescent Drive,Hamburg,M9 5D,True,True,2025-03-30
125,58,4,Billing,Keystone Cold Foods Manufa HQ,4488 Foundry Way,Albuquerque,46678,True,True,2025-03-13
126,58,4,Delivery,Keystone Cold Foods Manufa DC,354 Harvester Road,phoenix,13626,False,True,2025-04-10
127,58,4,Returns,Keystone Cold Foods Manufa Plant,8698 Crescent Drive,Albuquerque,75758,False,True,2024-04-10
128,59,1,Billing,Mosaic Meal Systems Co-op HQ,8334 Dockside Lane,Newark,94867,True,True,2023-10-20
129,59,1,Delivery,Mosaic Meal Systems Co-op DC,9154 Harvester Road,Portland,96280,False,True,2023-10-07
130,59,3,Cross-Dock,MOSAIC MEAL SYSTEMS CO-OP PLANT,2676 Mill Lane,Detroit,46258,False,True,2024-05-01
131,59,1,Returns,Mosaic Meal Systems Co-op Annex,8235 Juniper Avenue,Hartford,34520,False,True,2023-10-17
132,60,4,Billing,Helix Foods Co-op HQ,2662 Marlow Parkway,Las Vegas,86606,True,True,
133,60,4,Returns,Helix Foods Co-op DC,4527 Juniper Avenue,Albuquerque,29464,False,True,
134,61,9,Billing,lantern foods logistics HQ,8104 Canal Street,Manchester,L4 3D,True,True,2024-03-18
135,61,9,Delivery,lantern foods logistics DC,5910 Marlow Parkway,Leeds,SE6 8C,False,True,2024-03-07
136,61,7,Cross-Dock,lantern foods logistics Plant,9036 Ridgeview Road,London,97062,False,True,
137,61,9,Delivery,lantern foods logistics Annex,8478 Harvester Road,Leeds,B4 4A,False,True,2024-08-12
138,62,4,Billing,Rivebrend Beverage Group HQ,1424 Vine Street,Phoenix,85646,True,True,2024-04-20
139,63,8,Billing,Summit Ingredients Co-op HQ,9081 Station Road,Montreal,14189,True,True,2025-12-15
140,63,8,Cross-Dock,Summit Ingredients Co-op DC,4986 Station Road,Laval,15823,False,True,2023-11-01
141,64,3,Billing,Oakmont Beverage Partners HQ,1933 Mill Lane,Columbus,64235,True,True,2025-04-14
142,64,3,Returns,Oakmont Beverage Partners DC,4446 Dockside Lane,Columbus,89734,False,True,2024-06-23
143,64,3,Production Site,Oakmont Beverage Partners Plant,9218 Vine Street,Columbus,42322,False,True,2023-07-04
144,65,6,Billing,Briar Nutrition Manufactur HQ,8289 Dockside Lane,Houston,26092,True,True,2024-12-05
145,65,4,Production Site,Briar Nutrition Manufactur DC,9755 Harvester Road,Denver,38689,False,True,2024-02-24
146,65,6,Production Site,Briar Nutrition Manufactur Plant,7425 Station Road,Austin,35825,False,True,2025-01-01
147,66,7,Billing,Forge Nutrition Supply HQ,1936 Mill Lane,Toronto,37721,True,False,2025-09-05
148,67,11,Billing,Westline Specialty Produce HQ,5381 Crescent Drive,Amsterdam,M3 1C,True,True,2023-05-29
149,67,11,Delivery,Westline Specialty Produce DC,3301 Ridgeview Road,Rotterdam,B5 4A,False,True,2024-04-16
150,68,2,Billing,Northwind Seafood Manufact HQ,8147 Foundry Way,Orlando,75887,True,False,2024-07-29
151,68,2,Production Site,Northwind Seafood Manufact DC,2086 Vine Street,Nashville,79702,False,True,2023-03-22
152,68,2,Delivery,Northwind Seafood Manufact Plant,1990 Mill Lane,Atlanta,15567,False,True,2023-06-12
153,69,3,Billing,SOLACE LABORATORIES GROUP HQ,6220 Foundry Way, Minneapolis,23373,True,True,2024-02-04
154,69,3,Production Site,SOLACE LABORATORIES GROUP DC,2943 Ridgeview Road,Detroit,46681,False,True,2023-11-12
155,70,9,Billing,Aster Cold Foods Supply HQ,6328 Marlow Parkway,London,L7 5B,True,True,
156,71,1,Billing,Cardinal Nutrition Partner HQ,3263 Station Road,Hartford,68677,True,True,2025-10-12
157,72,3,Billing,Northwind Floral Logistics HQ,8324 Mill Lane,Detroit,26833,True,True,2023-11-07
158,73,4,Billing,RIVERBEND DAIRY HOLDINGS HQ,166 Canal Street,Phoenix,68562,True,True,2023-04-23
159,73,4,Delivery,RIVERBEND DAIRY HOLDINGS DC,1786 Ridgeview Road,Las Vegas,24281,False,True,
160,74,5,Billing,Bluevale Cold Foods Distri HQ,6588 Station Road,San Diego,59651,True,True,2024-01-01
161,74,11,Production Site,Bluevale Cold Foods Distri DC,508 Marlow Parkway,Amsterdam,B7 9A,False,True,2025-09-09
162,74,5,Returns,Bluevale Cold Foods Distri Plant,6952 Marlow Parkway,Los Angeles,33276,False,True,2025-09-09
163,74,5,Cross-Dock,Bluevale Cold Foods Distri Annex,1428 Dockside Lane,Los Angeles,36516,False,True,2023-10-16
164,75,9,Billing,KEYSTONE FLORAL LOGISTICS  HQ,1328 Marlow Parkway,London,L1 7C,True,True,2025-07-10
165,76,9,Billing,Everfield Beverage Foods HQ,5254 Juniper Avenue,Bristol,L3 8C,True,True,2024-06-23
166,77,5,Billing,Bluevale Beverage Supply HQ,8120 Vine Street,Oakland,64121,True,True,2025-06-18
167,77,2,Delivery,Bluevale Beverage Supply DC,354 Canal Street,Nashville,10220,False,True,2025-10-16
168,78,3,Billing,Briar Beverage Distributio HQ,3960 Harvester Road,Detroit,98861,True,True,2023-10-10
169,79,6,Billing,Forge Specialty Produce Pa HQ,7067 Ridgeview Road,San Antonio,71964,True,True,2023-04-25
170,80,8,Billing,Cobalt Cold Foods Supply HQ,5156 Juniper Avenue,Montreal,89449,True,True,2023-09-11
171,80,8,Returns,Cobalt Cold Foods Supply DC,1091 Marlow Parkway,Sherbrooke,66842,False,True,2025-09-19
172,80,8,Cross-Dock,Cobalt Cold Foods Supply Plant,3285 Foundry Way, Quebec City,20225,False,True,2024-10-15
173,81,6,Billing,Summit Floral Logistics Fo HQ,5138 Foundry Way,San Antonio,78703,True,True,2025-11-02
174,82,7,Billing,Cedar Seafood Holdings HQ,8986 Canal Street,London,37952,True,True,2025-03-25
175,83,7,Billing,Cardinal Laboratories Co-o HQ,9878 Marlow Parkway,Toronto,93345,True,False,2023-11-20
176,84,7,Billing,Crown Foods Partners HQ,5943 Station Road,Toronto,22845,True,True,2024-08-02
177,84,5,Returns,Crown Foods Partners DC,1206 Harvester Road,Seattle,84427,False,True,2025-03-21
178,85,5,Billing,Meridian Beverage Foods HQ,9201 Harvester Road,Los Angeles,65537,True,True,2025-11-07
179,85,5,Delivery,Meridian Beverage Foods DC,2427 Ridgeview Road,Oakland,22622,False,True,2024-03-31
180,85,1,Cross-Dock,Meridian Beverage Foods Plant,3785 Dockside Lane,Portland,39070,False,True,2025-03-07
181,86,6,Billing,Cobalt Meal Systems Group HQ,8304 Ridgeview Road,San Antonio,29782,True,True,2025-08-18
182,86,2,Production Site,Cobalt Meal Systems Group DC,9676 Marlow Parkway,Nashville,79132,False,True,2023-07-25
183,87,7,Billing,Cardinal Nutrition Holding HQ,653 Station Road,Ottawa,51702,True,True,
184,87,7,Cross-Dock,Cardinal Nutrition Holding DC,7848 Dockside Lane,London,84634,False,False,2024-11-02
185,87,3,Delivery,Cardinal Nutrition Holding Plant,4717 Canal Street,Chicago,65049,False,True,2023-07-02
186,87,7,Returns,Cardinal Nutrition Holding Annex,6692 Foundry Way,Ottawa,32208,False,True,2024-07-16
187,88,6,Billing,Lantern Nutritino Labs HQ,2435 Foundry Way,Houston,69401,True,True,2023-12-17
188,89,4,Billing,Trinity Specialty Produce  HQ,2627 Dockside Lane,Las Vegas,32449,True,True,2024-04-04
189,89,4,Production Site,Trinity Specialty Produce  DC,1879 Canal Street,Albuquerque,78670,False,True,2025-05-13
190,89,6,Delivery,Trinity Specialty Produce  Plant,6167 Vine Street,Houston,97212,False,True,
191,90,5,Billing,Westline Dairy Distributio HQ,2632 Market Row,Los Angeles,88275,True,True,2025-12-17
192,91,8,Billing,Briar Cold Foods Group HQ,5427 Harvester Road,Sherbrooke,85507,True,False,2026-01-08
193,91,8,Returns,Briar Cold Foods Group DC,9101 Juniper Avenue,Montreal,48573,False,True,2026-03-02
194,91,8,Cross-Dock,Briar Cold Foods Group Plant,1403 Dockside Lane,Laval,15053,False,True,
195,92,6,Billing,Summit Pharma Labs HQ,8859 Crescent Drive,Austin,19415,True,True,2024-03-11
196,92,6,Returns,Summit Pharma Labs DC,7928 Crescent Drive,San Antonio,54992,False,True,2025-11-10
197,93,7,Billing,Summit Seafood Labs HQ,6479 Mill Lane,hamilton,85188,True,True,2025-06-10
198,93,7,Cross-Dock,Summit Seafood Labs DC,3628 Marlow Parkway,London,38730,False,True,2024-12-28
199,93,7,Returns,Summit Seafood Labs Plant,4070 Juniper Avenue,Toronto,37304,False,True,2024-08-30
200,94,6,Billing,Everfield Ingredients Logi HQ,8269 Dockside Lane,San Antonio,87075,True,True,2026-02-02
201,94,7,Delivery,Everfield Ingredients Logi DC,9687 Canal Street,Toronto,14881,False,True,2024-06-27
202,94,6,Delivery,Everfield Ingredients Logi Plant,8181 Market Row,Houston,11854,False,True,2023-01-03
203,95,5,Billing,Cedar Floral Logistics Gro HQ,6583 Dockside Lane,Seattle,36042,True,True,2025-01-17
204,95,5,Returns, Cedar Floral Logistics Gro DC,9593 Crescent Drive,Los Angeles,34753,False,True,2024-05-04
205,96,7,Billing,Aster Pharma Partners HQ,3009 Dockside Lane,Hamilton,17191,True,True,2023-12-04
206,97,7,Billing,Northwind Beverage Holding HQ,3310 Dockside Lane,Toronto,68299,True,True,2024-12-12
207,97,7,Production Site,Northwind Beverage Holding DC,9119 Vine Street,Hamilton,30999,False,True,2023-01-30
208,97,7,Production Site,Northwind Beverage Holding Plant,5637 Vine Street,London,60000,False,False,2023-12-23
209,98,9,Billing,Cobalt Cold Foods Manufact HQ,3575 Foundry Way,London,L1 3A,True,False,2023-12-04
210,98,9,Cross-Dock,Cobalt Cold Foods Manufact DC,9005 Crescent Drive,Bristol,B9 4D,False,True,2024-08-24
211,99,3,Billing,Aster Foods Co-op HQ,2112 Dockside Lane,Chicago,90927,True,True,2025-12-19
212,99,8,Cross-Dock,Aster Foods Co-op DC,3492 Vine Street,Shebrrooke,19687,False,True,2024-11-16
213,100,11,Billing,Harbor Cold Foods Group HQ,2942 Market Row,Eindhoven,SE4 6B,True,True,2024-08-21
214,101,11,Billing, Vantage Nutrition Group HQ,9265 Canal Street,Amsterdam,EH7 1B,True,True,
215,102,11,Billing,Vantage Pharma Supply HQ,1261 Harvester Road,Amsterdam,SE4 1D,True,True,2024-06-07
216,103,10,Billing,Pioneer Dairy Distribution HQ,6708 Crescent Drive,Munich,L6 6B,True,True,2023-08-31
217,104,9,Billing,Solace Specialty Produce L HQ,2216 Juniper Avenue,Manchester,EH7 5A,True,True,2025-05-02
218,104,9,Cross-Dock,Solace Specialty Produce L DC,7076 Dockside Lane,London,SE1 3C,False,True,2024-01-09
219,104,9,Delivery,Solace Specialty Produce L Plant,4895 Juniper Avenue,Bristol,M3 4B,False,True,2024-01-15
220,105,2,Billing,Northwind Floral Logistics HQ,5718 Vine Street,Orlando,33951,True,True,2025-05-31
221,105,2,Returns,Northwind Floral Logistics DC ,9256 Vine Street,Nashville,87872,False,True,2024-06-30
222,105,4,Delivery,Northwind Floral Logistics Plant,1344 Mill Lane,Albuquerque,32203,False,True,2024-12-24
223,105,2,Delivery,Northwind Floral Logistics Annex,1577 Mill Lane,Atlanta,44790,False,True,2024-06-13
224,106,9,Billing,vantage beverage supply HQ,8746 Market Row,Manchester,B6 8B,True,True,2024-07-04
225,106,9,Cross-Dock,vantage beverage supply DC,4657 Harvester Road,Bristol,M8 2B,False,True,2023-09-27
226,106,9,Cross-Dock,vantage beverage supply Plant,5849 Dockside Lane,Bristol,L4 8D,False,False,2024-10-23
227,107,6,Billing,Keystone Floral Logistics  HQ,8950 Market Row,Houston,37131,True,True,2024-07-08
228,108,2,Billing,Cardinal Laboratories Labs HQ,2714 Ridgeview Road,Orlando,45770,True,True,2024-01-03
229,108,2,Cross-Dock,Cardinal Laboratories Labs DC ,922 Station Road,Nashville,28617,False,True,2025-11-04
230,109,1,Billing,Granit eBiologics Labs HQ,948 Juniper Avenue,HARTFORD,95610,True,True,2024-09-09
231,110,3,Billing,Westline Meal Systems Mfg HQ,9171 Station Road,Chicago,22362,True,True,2025-12-13
232,111,2,Billing,Everfield Specialty Produc HQ,8022 Vine Street,Charlotte,37824,True,True,
233,111,6,Delivery,Everfield Specialty Produc DC,9018 Ridgeview Road,Houston,78316,False,True,
234,112,7,Billing,Keystone Biologics Holding HQ,5708 Vine Street,Hamilton,71283,True,True,2025-08-25
235,112,7,Returns,Keystone Biologics Holding DC,8812 Station Road,Ottawa,30059,False,True,2025-09-27
236,112,7,Delivery,Keystone Biologics Holding Plant,1485 Juniper Avenue,Toronto,22775,False,True,2024-11-13
237,113,8,Billing,Summit Laboratories Group HQ,8749 Marlow Parkway,Montreal,44932,True,True,2025-04-04
238,113,8,Delivery,Summit Laboratories Group DC,5602 Market Row,Laval,50030,False,True,2023-06-06
239,114,11,Billing,Keystone Dairy Foods HQ,1626 Dockside Lane,Rotterdam,SE2 5A,True,True,2024-12-04
240,115,9,Billing,Meridian Ingredients Partn HQ,5767 Dockside Lane,Manchester,SE4 6B,True,True,2024-10-02
241,116,3,Billing,Crown Specialty Produce Ma HQ,2923 Harvester Road,Detroit,80899,True,True,2024-05-10
242,117,9,Billing,Forge Meal Systems Holding HQ,3327 Marlow Parkway,Leeds,M2 8D,True,True,2024-12-08
243,117,9,Delivery,Forge Meal Systems Holding DC,6825 Mill Lane,Manchester,SE5 3D,False,False,2024-08-17
244,118,10,Billing,Westline Cold Foods Group HQ,6348 Vine Street,Cologne,M7 5B,True,True,2024-12-27
245,118,10,Returns,Westline Cold Foods Group DC,6420 Canal Street,Hamburg,EH5 1C,False,True,2024-07-14
246,118,6,Production Site,Westline Cold Foods Group Plant,2504 Vine Street,Austin,78236,False,True,2023-12-29
247,119,8,Billing,Keystone Ingredients Distr HQ,7113 Canal Street,Quebec City,31030,True,True,2024-02-29
248,119,8,Production Site,Keystone Ingredients Distr DC,1462 Crescent Drive,Montreal,10578,False,True,2023-02-25
249,120,9,Billing,Pioneer Pet Nutrition Grou HQ,4647 Dockside Lane,Manchester,EH2 9A,True,False,2023-02-24
250,121,2,Billing,Vantage Pharma Co-op HQ,9179 Station Road,Charlotte,75071,True,True,
251,121,4,Returns,Vantage Pharma Co-op DC,3177 Harvester Road,Las Vegas,88785,False,True,2025-06-30
252,122,11,Billing,Cobalt Cold Foods Logistic HQ,5565 Harvester Road,Amsterdam,SE6 7B,True,True,2025-07-20
253,122,11,Cross-Dock,Cobalt Cold Foods Logistic DC,7624 Vine Street,Amsterdam,EH6 9A,False,True,2025-01-16
254,122,11,Cross-Dock,Cobalt Cold Foods Logistic Plant,5778 Market Row,Eindhoven,L7 4B,False,True,2025-10-25
255,123,4,Billing,Lantern Beverage Co-op HQ,8900 Harvester Road,Las Vegas,12195,True,True,2025-03-23
256,123,4,Returns,Lantern Beverage Co-op DC,1504 Mill Lane,Phoenix,29104,False,False,2023-03-16
257,123,4,Returns,Lantern Beverage Co-op Plant,3354 Vine Street,Albuquerque,48533,False,True,2023-08-27
258,124,8,Billing,Aster Beverage Logistics HQ,5490 Vine Street,Sherbrooke,15608,True,True,2025-05-05
259,124,8,Cross-Dock,Aster Beverage Logistics DC,6010 Juniper Avenue,Laval,15746,False,True,2024-12-06
260,124,8,Delivery,Aster Beverage Logistics Plant,5562 Station Road,Sherbrooke,57671,False,True,2025-05-01
261,125,9,Billing,Crown Foods Labs HQ,7584 Juniper Avenue,Leeds,EH9 4A,True,True,2024-09-30
262,126,5,Billing,Aster Nutrition Holdings HQ,8064 Foundry Way,Seattle,60133,True,True,
263,127,2,Billing,Briar Dairy Supply HQ,4933 Juniper Avenue,CHARLOTTE,35181,True,True,2023-11-19
264,128,10,Billing,Brightwell Seafood Co-op HQ,1475 Juniper Avenue,Cologne,L3 4C,True,True,2025-03-12
265,128,10,Production Site,Brightwell Seafood Co-op DC,7320 Vine Street,Hamburg,EH2 6C,False,True,
266,128,10,Delivery,Brightwell Seafood Co-op Plant,9196 Marlow Parkway,Cologne,L5 6A,False,True,2023-09-17
267,129,9,Billing,Lakeside Floral Logistics  HQ,5037 Vine Street,London,B5 9A,True,True,2025-03-26
268,130,3,Billing,Orchard Dairy Labs HQ,7484 Harvester Road,Chicago,69927,True,True,
269,130,3,Delivery,Orchard Dairy Labs DC,3280 Foundry Way,Chicago,88489,False,True,2023-07-07
270,130,3,Production Site,Orchard Dairy Labs Plant,8158 Ridgeview Road,Detroit,28969,False,True,2025-08-26
271,130,3,Delivery,Ocrhard Dairy Labs Annex,5292 Vine Street,Chicago,72754,False,True,2023-03-18
272,131,3,Billing,Trinity Laboratories Foods HQ,1192 Dockside Lane,Columbus,72064,True,True,2023-09-19
273,132,10,Billing,Crescent Pet Nutrition Gro HQ,1948 Vine Street, Berlin,M1 4B,True,True,2024-02-26
274,132,10,Cross-Dock,Crescent Pet Nutrition Gro DC,9506 Ridgeview Road,Berlin,EH4 2B,False,True,
275,132,10,Delivery,Crescent Pet Nutrition Gro Plant,4779 Crescent Drive,Cologne,B6 1C,False,True,2024-08-07
276,133,7,Billing,Everfield Specialty Produc HQ,3733 Vine Street,London,24282,True,True,2024-10-24
277,133,1,Returns,Everfield Specialty Produc DC,676 Market Row,Portland,20671,False,False,2025-04-29
278,133,1,Production Site,Everfield Specialty Produc Plant,2935 Juniper Avenue,Boston,89387,False,False,2024-05-13
279,134,8,Billing,Everfield Laboratories Sup HQ,4731 Market Row,Montreal,83807,True,True,2025-10-18
280,134,10,Production Site,Everfield Laboratories Sup DC,8261 Crescent Drive,Berlin,SE7 1B,False,True,2025-06-21
281,134,10,Returns,Everfield Laboratories Sup Plant,539 Harvester Road,Hamburg,EH6 3D,False,True,2025-11-23
282,135,8,Billing,Westline Pahrma Manufactur HQ,2454 Juniper Avenue,Sherbrooke,99438,True,True,2024-03-30
283,135,8,Cross-Dock,Westline Pahrma Manufactur DC,7068 Ridgeview Road,Laval,45115,False,True,2026-02-04
284,136,9,Billing, Granite Dairy Distributio HQ ,6444 Mill Lane,Manchester,L3 5C,True,True,
285,136,9,Production Site, Granite Dairy Distributio DC,8742 Vine Street, Manchester,EH7 8A,False,True,2023-11-04
286,136,9,Cross-Dock, Granite Dairy Distributio Plant,3596 Canal Street,London,SE9 5B,False,True,2024-03-27
287,137,3,Billing,Cedar Pharma Supply HQ,2374 Crescent Drive,Detroit,52369,True,True,2025-01-04
288,137,3,Delivery,Cedar Pharma Supply DC,9020 Foundry Way,Detroit,56186,False,True,2023-09-15
289,137,3,Returns,Cedar Pharma Supply Plant,5801 Market Row,Chicago,61341,False,True,2025-06-09
290,138,3,Billing,Trinity Pet Nutrition Food HQ,4114 Canal Street,Minneapolis,23942,True,True,2025-07-27
291,139,9,Billing,Cardinal Dairy Partners HQ,8125 Station Road,Bristol,EH1 3B,True,True,2025-10-13
292,139,7,Cross-Dock,Cardinal Dairy Partners DC,2979 Vine Street,Hamilton ,51150,False,True,2025-03-21
293,139,7,Production Site,Cardinal Dairy Partners Plant,4499 Juniper Avenue,London,80520,False,True,2026-01-21
294,139,7,Production Site,Cardinal Dairy Partners Annex,2360 Harvester Road,London,55975,False,True,2025-01-06
295,140,4,Billing,Ardent Nutrition Logistics HQ,1807 Vine Street,Phoenix,28445,True,True,2026-01-16
296,140,9,Production Site,Ardent Nutrition Logistics DC,1124 Crescent Drive,Bristol,SE1 5B,False,True,2025-07-02
297,141,3,Billing,Briar Cold Foods Co-op HQ,1978 Juniper Avenue,Chicago,29248,True,True,2024-09-23
298,142,4,Billing,Cobalt Beverage Supply HQ,3778 Foundry Way,LAS VEGAS,11897,True,True,2025-01-10
299,142,4,Production Site,Cobalt Beverage Supply DC,2033 Market Row,Las Vegas,21389,False,True,2026-02-21
300,142,4,Cross-Dock,Cobalt Beverage Supply Plant,1445 Foundry Way,Phoenix,98145,False,True,2025-12-25
301,143,5,Billing,Pioneer Meal Systems Foods HQ,5281 Harvester Road,Oakland,93159,True,True,2023-11-06
302,143,3,Cross-Dock,Pioneer Meal Systems Foods DC,7446 Crescent Drive,Minneapolis,74996,False,True,2024-05-25
303,143,5,Production Site,Pioneer Meal Systems Foods Plant,3431 Vine Street,Seattle,27653,False,True,2023-05-07
304,144,10,Billing,Aster Pharma Manufacturing HQ,7587 Vine Street,Hamburg,L4 2B,True,True,2025-07-23
305,144,10,Returns,Aster Pharma Manufacturing DC,292 Crescent Drive,Hamburg,EH9 5A,False,True,2024-12-14
306,144,10,Cross-Dock,Aster Pharma Manufacturing Plant,9644 Ridgeview Road,Munich,EH4 7C,False,True,2023-03-11
307,144,10,Returns,Aster Pharma Manufacturing Annex,8794 Foundry Way,Mnuich,EH3 9A,False,True,2025-09-11
308,145,4,Billing,Bluevale Pharma Labs HQ,6456 Market Row,Phoenix,44015,True,True,2023-11-22
309,145,4,Delivery,Bluevale Pharma Labs DC,9195 Harvester Road,Las Vegas,87943,False,True,2025-05-18
310,146,10,Billing,Oakmont Dairy Labs HQ,7506 Dockside Lane,Berlin,L6 8B,True,True,2024-03-07
311,146,10,Returns,Oakmont Dairy Labs DC ,7766 Canal Street,Berlin,L8 4C,False,True,2025-05-21
312,146,10,Delivery,Oakmont Dairy Labs Plant,3248 Ridgeview Road,Cologne,B9 6D,False,True,2025-01-28
313,146,10,Returns,Oakmont Dairy Labs Annex,7890 Crescent Drive,Munich,M5 2A,False,True,2025-12-29
314,147,10,Billing,Brightwell Pet Nutrition L HQ,7964 Ridgeview Road,Hamburg,B2 7A,True,False,2024-08-08
315,147,3,Returns,Brightwell Pet Nutrition L DC,6652 Dockside Lane,Columbus,55899,False,True,
316,148,10,Billing,Brightwell Pet Nutrition P HQ,4143 Mill Lane,Munich,B5 4D,True,True,2024-06-04
317,149,6,Billing,Crown Beverage Partners HQ,2959 Mill Lane,Houston,43804,True,True,2024-09-26
318,150,6,Billing,Orchard Seafood Group HQ,6312 Harvester Road,san antonio,16329,True,False,2024-12-13
319,150,10,Delivery,Orchard Seafood Group DC,5878 Station Road,Berlin,EH6 8D,False,True,2025-02-27
320,150,6,Production Site,Orchard Seafood Group Plant,6981 Station Road,Dallas,11031,False,True,2024-04-16
321,151,6,Billing,Cardinal Biologics Labs HQ,7966 Market Row,Dallas,24303,True,True,2023-12-18
322,151,6,Production Site,Cardinal Biologics Labs DC,9813 Canal Street,Houston,97167,False,False,2025-02-06
323,152,7,Billing,Summit Foods Partners HQ,3564 Marlow Parkway,London,79172,True,True,2023-09-23
324,153,11,Billing,Cardinal Dairy Group HQ,843 Dockside Lane,Amsterdam,B6 6B,True,True,2025-08-03
325,153,8,Delivery,Cardinal Dairy Group DC,9436 Juniper Avenue,Laval,43245,False,True,2023-03-03
326,153,8,Production Site,Cardinal Dairy Group Plant,3593 Juniper Avenue,Montreal,47151,False,True,2023-07-31
327,154,4,Billing,Coablt Foods Co-op HQ,5293 Canal Street,Denver,32980,True,True,2024-03-19
328,154,10,Cross-Dock,coablt foods co-op dc,806 Harvester Road,Hamburg,L9 7D,False,True,
329,154,4,Returns,Coablt Foods Co-op Plant,49 Dockside Lane,Phoenix,86241,False,True,2025-07-04
330,155,11,Billing,Cedar Pet Nutrition Distri HQ,1912 Ridgeview Road,Eindhoven,SE4 2C,True,True,
331,156,11,Billing,Solace Laboratories Logist HQ,4855 Foundry Way,Eindhoven,SE6 4A,True,True,2023-11-27
332,156,11,Production Site,Solace Laboratories Logist DC,2534 Juniper Avenue,Amsterdam,B7 8D,False,True,2024-09-05
333,157,7,Billing,Cobalt Floral Logistics Co HQ,7693 Dockside Lane,London,63445,True,True,2025-06-24
334,158,2,Billing,Mosaic Cold Foods Holdings HQ,1223 Juniper Avenue,Atlanta,86701,True,True,2024-11-22
335,158,2,Returns,Mosaic Cold Foods Holdings DC,4086 Marlow Parkway,Atlanta,29307,False,True,2026-01-27
336,158,2,Returns,Mosaic Cold Foods Holdings Plant,4799 Canal Street,Charlotte,19830,False,True,2025-09-09
337,159,7,Billing,Harbor Floral Logistics Ma HQ,4581 Crescent Drive,Troonto,19457,True,True,2025-06-18
338,159,7,Delivery,Harbor Floral Logistics Ma DC,3098 Foundry Way,London,28662,False,False,2025-05-08
339,160,6,Billing,summit floral logistics di HQ,8890 Mill Lane,San Antonio,59809,True,False,2023-01-22
340,161,10,Billing,Solace Pharma Dist. HQ,4972 Mill Lane,Cologne,EH4 7A,True,True,2025-07-16
341,162,6,Billing,Vantage Biologics Holdings HQ,8845 Marlow Parkway,Houston,89698,True,True,2025-09-20
342,162,11,Delivery,Vantage Biologics Holdings DC,808 Juniper Avenue,Eindhoven,L9 2C,False,True,2024-08-30
343,162,11,Delivery,Vantage Biologics Holdings Plant,4078 Harvester Road,Eindhoven,L4 2A,False,True,2024-10-31
344,163,5,Billing,Oakmont Floral Logistics H HQ,5659 Ridgeview Road,San Diego,84471,True,True,2023-01-30
345,163,5,Delivery,Oakmont Floral Logistics H DC,1308 Station Road,San Diego,12983,False,True,2026-02-04
346,164,5,Billing,Granite Floral Logistics P HQ,7415 Harvester Road,Seattle,89333,True,True,2025-04-09
347,164,1,Cross-Dock,Granite Floral Logistics P DC,1786 Marlow Parkway,Hartford,63399,False,True,2024-10-04
348,164,5,Production Site,Granite Floral Logistics P Plant,6914 Ridgeview Road,San Diego,19077,False,True,2023-08-27
349,165,8,Billing,Aster Cold Foods Foods HQ,1031 Canal Street,Montreal,47203,True,True,2023-05-18
350,165,8,Cross-Dock,Aster Cold Foods Foods DC,4278 Dockside Lane,Sherbrooke,86581,False,True,
351,166,5,Billing,Ardent Ingredients Labs HQ,1827 Crescent Drive,San Diego,27438,True,False,2023-10-15
352,166,6,Delivery,Ardent Ingredients Labs DC,1553 Juniper Avenue,Austin,57920,False,True,2026-01-19
353,166,6,Delivery,Ardent Ingredients Labs Plant,2226 Juniper Avenue,Houston,14756,False,True,2025-10-10
354,167,5,Billing,Pioneer Pet Nutrition Dist HQ,8669 Canal Street,San Diego,73526,True,True,
355,168,5,Billing,Granite Beverage Holdings HQ,6463 Canal Street,Los Angeles,53163,True,True,2024-09-16
356,168,11,Production Site,Granite Beverage Holdings DC,6325 Canal Street,Rotterdam,B4 2B,False,False,2025-01-10
357,168,5,Production Site,Granite Beverage Holdings Plant,1136 Vine Street,Oakland,45721,False,False,2024-02-11
358,169,10,Billing,Vantage Nutrition Dist. HQ,2185 Vine Street,Berlin,B7 6C,True,True,2026-03-19
359,170,3,Billing,Cobalt Foods Group HQ,7237 Ridgeview Road,Minneapolis,95789,True,True,2023-01-01
360,171,3,Billing,Lakeside Meal Systems Food HQ,2478 Mill Lane,Chicago,82100,True,True,2026-03-12
361,172,3,Billing,Crown Biologics Foods HQ,2429 Harvester Road,Minneapolis,17069,True,True,2023-09-19
362,172,3,Cross-Dock,Crown Biologics Foods DC,987 Canal Street,Detriot,27779,False,False,2024-11-12
363,172,3,Production Site,Crown Biologics Foods Plant,5670 Juniper Avenue,Minneapolis,24328,False,True,2024-12-31
364,173,11,Billing,Everfield Floral Logistics HQ,9735 Dockside Lane,Rotterdam,L9 9C,True,False,2024-06-26
365,174,8,Billing,Aster Nutrition aLbs HQ,7929 Marlow Parkway,Laval,17217,True,True,2024-11-29
366,174,5,Production Site,Aster Nutrition Labs DC,32 Vine Street,Los Angeles,54125,False,True,2023-10-09
367,175,6,Billing,Crown Beverage Co-op HQ,980 Station Road,Austin,17823,True,True,2026-01-12
368,175,4,Cross-Dock,Crown Beverage Co-op DC,9137 Dockside Lane,Phoenix,15150,False,True,2024-08-19
369,175,4,Returns,Crown Beverage Co-op Plant,945 Vine Street,Denver,20364,False,False,2025-11-02
370,176,4,Billing,Bluevale Pet Nutrition Lab HQ,7755 Juniper Avenue,Denver,46109,True,True,2024-05-18
371,177,10,Billing,Trinity Pharma Foods HQ,7467 Station Road,Hamburg,EH2 8B,True,True,
372,177,10,Delivery,Trinity Pharma Foods DC,1330 Market Row,Cologne,B8 8D,False,True,2025-07-31
373,177,10,Production Site,trinity pharma foods plant,7777 Mill Lane,Cologne,SE6 4B,False,True,2024-11-19
374,178,2,Billing,Bluevale Specialty Produce HQ,5958 Harvester Road,Charlotte,68235,True,True,2024-08-27
375,178,5,Delivery,Bluevale Specialty Produce DC,1535 Station Road,Oakland,90002,False,True,2024-01-03
376,178,2,Returns,Bluevale Specialty Prodcue Plant,7312 Crescent Drive,Orlando,15272,False,True,2026-02-01
377,178,2,Production Site,Bluevale Specialty Produce Annex,5443 Marlow Parkway,Atlanta,46915,False,True,2023-04-23
378,179,8,Billing,Lantern Dairy Co-op  HQ,785 Mill Lane,Quebec City,30253,True,True,2024-11-21
379,179,9,Cross-Dock,Lantern Dairy Co-op  DC,2787 Foundry Way,manchester,L9 4D,False,True,2025-03-16
380,179,3,Returns,Lantern Dairy Co-op  Plant,9694 Canal Street,Detroit,69177,False,True,2024-10-02
381,180,10,Billing, Bluevale Laboratories Gro HQ,1161 Mill Lane,Berlin,M5 9A,True,True,
382,180,10,Delivery, Bluevale Laboratories Gro DC,5425 Juniper Avenue,Cologne,L7 3D,False,True,2025-04-30
383,180,2,Cross-Dock, Bluevale Laboratories Gro Plant,7529 Marlow Parkway,Charlotte,90423,False,True,2026-03-18
384,181,11,Billing,Solace Biologics Supply HQ,7709 Dockside Lane,Eindhoven,L6 5D,True,True,2024-09-19
385,181,11,Returns,Solace Biologics Supply DC,6570 Market Row,Amsterdam,SE1 7D,False,False,2025-02-04
386,182,3,Billing,Aster Seafood Logistics HQ,9631 Crescent Drive,Detroit,60445,True,True,2023-09-13
387,182,3,Delivery,Aster Seafood Logistics DC,1178 Market Row,Minneapolis,69606,False,True,2024-01-05
388,182,3,Cross-Dock,Aster Seafood Logistics Plant,8369 Ridgeview Road,Minneapolis,89139,False,True,2024-03-13
389,183,8,Billing,Aster Floral Logistics Foo HQ,6024 Vine Street,Montreal,67451,True,True,2023-11-19
390,183,8,Cross-Dock,Aster Floral Logistics Foo DC,5139 Market Row,Quebec City,86985,False,True,2024-12-27
391,184,11,Billing,Bluevale Floral Logistics  HQ,9584 Foundry Way,UTRECHT,M2 8C,True,True,2025-06-22
392,184,11,Cross-Dock,Bluevale Floral Logistics  DC,2216 Mill Lane,AMSTERDAM,SE2 4A,False,True,2026-01-08
393,184,11,Delivery,Bluevale Floral Logistics  Plant,1488 Juniper Avenue,Eindhoven,M3 4B,False,True,2024-01-23
394,185,10,Billing,Cedar Biologics Co-op HQ,7033 Station Road,MUNICH,L1 7C,True,True,2024-04-30
395,186,5,Billing,Lantern Seafood Labs HQ,936 Dockside Lane,Seattle,16299,True,True,2024-07-23
396,186,5,Production Site,lantern seafood labs dc,5836 Foundry Way,Seattle,79479,False,True,2026-01-30
397,186,5,Returns,Lantern Seafood Labs Plant,902 Harvester Road,Seattle,93944,False,True,2023-08-28
398,186,9,Delivery,Lantern Seafood Labs Annex,4742 Ridgeview Road,London,B6 4D,False,True,2026-01-20
399,187,5,Billing,Briar Laboratories Partner HQ,4859 Vine Street,Los Angeles,76652,True,True,2025-07-23
400,187,5,Returns,Briar Laboratories Partner DC,9606 Dockside Lane,Seattle,13758,False,True,2024-11-06
401,187,10,Returns,Briar Laboratories Partner Plant,3946 Foundry Way,Berlin,L2 1A,False,True,
402,188,6,Billing,Meridian Foods Group HQ,5959 Mill Lane,Houston,90894,True,True,2023-11-09
403,188,6,Production Site,Meridian Foods Group DC,5925 Foundry Way,San Antonio,38558,False,True,2024-06-16
404,188,6,Cross-Dock,Meridian Foods Group Plant,9639 Vine Street,San Antonio,70006,False,False,2025-03-27
405,189,1,Billing,Orchard Specialty Produce  HQ,9446 Market Row,Newark,53721,True,True,2025-10-28
406,189,1,Production Site,Orchard Specialty Produce  DC,8499 Harvester Road,Hartford,35271,False,True,2025-07-04
407,190,11,Billing,Northiwnd Beverage Labs HQ,4244 Vine Street,Utrecht,M9 3B,True,False,2025-03-05
408,190,11,Delivery,Northiwnd Beverage Labs DC,6347 Harvester Road,Utrecht,EH9 3B,False,True,2023-10-20
409,191,7,Billing,Granite Specialty Produce  HQ,3444 Foundry Way,Toronto,54938,True,True,2025-05-09
410,192,7,Billing,Crown Nutrition Logistics HQ,926 Ridgeview Road,Toronto,43950,True,True,2023-08-31
411,192,7,Production Site,Crown Nutrition Logistics DC,421 Marlow Parkway,London,71732,False,True,2024-04-06
412,193,9,Billing,Keystone Pharma Group HQ,2714 Vine Street,Manchester,L9 9C,True,True,2024-09-25
413,194,4,Billing,Solace Ingredients Group HQ,8116 Marlow Parkway,Phoenix ,32098,True,True,
414,195,4,Billing,Brightwell Dairy Logistics HQ,2505 Foundry Way,Las Vegas,63929,True,True,2024-05-20
415,195,4,Delivery,Brightwell Dairy Logistics DC,1899 Canal Street,Albuquerque,91700,False,True,2025-01-18
416,196,4,Billing,Cedar Beverage Group HQ,2185 Canal Street,Albuquerque,51086,True,True,2023-01-02
417,196,5,Production Site,Cedar Beverage Group DC,731 Juniper Avenue,Oakland,30862,False,True,2025-02-13
418,197,8,Billing,Oakmont Ingredients Holidn HQ,5734 Juniper Avenue,Sherbrooke,18935,True,True,2024-12-30
419,198,5,Billing,Briar Seafood Manufacturin HQ,6339 Marlow Parkway,Seattle,12029,True,False,2025-08-24
420,198,5,Production Site,Briar Seafood Manufacturin DC,4446 Juniper Avenue,Los Angeles,51098,False,True,2025-07-26
421,198,5,Cross-Dock,Briar Seafood Manufacturin Plant,8511 Canal Street,Oakland,30221,False,True,2023-07-26
422,198,5,Delivery,Briar Seafood Manufacturin Annex,8930 Foundry Way,San Diego,77022,False,True,2023-10-03
423,199,4,Billing,Briar Beverage Labs HQ,7023 Market Row,Denver,78924,True,True,
424,199,4,Cross-Dock,Briar Beverage Labs DC,8214 Foundry Way,Denver,67929,False,True,2024-12-01
425,200,2,Billing,Harbor Foods Labs HQ,2901 Station Road,Charlotte,43243,True,True,2024-04-17
426,200,6,Production Site,Harbor Foods Labs DC,925 Mill Lane,Austin,62778,False,True,2024-12-26
427,201,9,Billing,Pioneer Ingredients Manufa HQ,3483 Mill Lane,London,B6 8C,True,True,2025-11-07
428,201,7,Returns,Pioneer Ingredients Manufa DC,7264 Ridgeview Road,Ottawa,69372,False,True,2023-02-28
429,202,8,Billing,summit meal systems group hq,205 Vine Street,Quebec City,21781,True,True,2024-06-26
430,202,8,Returns,Summit Meal Systems Group DC,8630 Juniper Avenue,Sherbrooke,37243,False,True,2023-10-28
431,202,8,Cross-Dock,Summit Meal Systems Group Plant,8954 Station Road,Laval,42863,False,True,2026-03-24
432,203,9,Billing,Lantern Dairy Logistics HQ ,9074 Marlow Parkway,Leeds,M8 5C,True,False,2024-09-09
433,204,1,Billing,Riverbend Ingredients Hold HQ,8727 Market Row,Portland,37546,True,True,2024-11-26
434,204,7,Production Site,Riverbend Ingredients Hold DC,4783 Foundry Way,London,72024,False,True,2023-11-29
435,204,7,Production Site,Riverbend Ingredients Hold Plant,8559 Mill Lane,Hamilton,46800,False,False,2023-12-31
436,204,7,Production Site,Riverbend Ingredients Hold Annex,9709 Juniper Avenue,Ottawa,62016,False,True,
437,205,5,Billing,Keystone Floral Logistics  HQ,6218 Harvester Road,San Diego,43046,True,True,2025-05-03
438,205,5,Delivery,Keystone Floral Logistics  DC,7102 Juniper Avenue,San Diego,11199,False,True,2025-12-09
439,205,5,Production Site,Keystone Floral Logistics  Plant,3339 Market Row,San Diego,86897,False,True,2025-01-06
440,206,5,Billing,Keystone Laboratories Dist HQ,2334 Canal Street,San Diego,35609,True,True,2024-05-09
441,206,5,Returns,Keystone Laboratories Dist DC,5332 Juniper Avenue,Oakland,66403,False,True,2024-02-25
442,206,7,Returns,Keystone Laboratories Dist Plant,8989 Canal Street,London,22372,False,True,2025-06-02
443,206,5,Returns,Keystone Laboratories Dist Annex,6249 Ridgeview Road,San Diego,35288,False,True,2023-08-27
444,207,2,Billing,Granite Cold Foods Partner HQ,2129 Harvester Road,Nashville,43743,True,True,2026-03-23
445,208,6,Billing,Keystone Pet Nutrition Man HQ,8923 Mill Lane,Dallas,72404,True,True,2026-03-16
446,208,6,Returns,Keystone Pet Nutrition Man DC,2292 Market Row,San Antonio,58169,False,True,2023-04-17
447,208,6,Production Site,Keystone Pet Nutrition Man Plant,3277 Harvester Road,Austin,83734,False,True,2023-11-30
448,209,7,Billing,Cedar Cold Foods Holdings HQ,4563 Canal Street,Hamilton,62948,True,True,2024-08-18
449,210,3,Billing,Forge Seafood Holdings HQ,3145 Market Row,Detroit,38987,True,True,2023-06-21
450,210,3,Cross-Dock,Forge Seafood Holdings DC,3696 Mill Lane,Minneapolis,65974,False,True,2026-02-12
451,210,3,Production Site,Forge Seafood Holdings Plant,8888 Harvester Road,Minneapolis,96694,False,True,2025-10-21
452,210,3,Delivery,Forge Seafood Holdings Annex,5418 Market Row,Minneapolis,36888,False,True,2023-08-06
453,211,1,Billing,Cedar Beverage Group HQ,8800 Mill Lane,Boston,97728,True,True,2023-09-05
454,212,3,Billing, Harbor Dairy Partners HQ,5843 Foundry Way,Minneapolis,60818,True,True,2024-05-08
455,212,3,Delivery,Harbor Dairy Partners DC,9711 Juniper Avenue,Minneapolis,35586,False,True,2025-02-14
456,212,3,Production Site,Harbor Dairy Partners Plant ,4348 Market Row,Chicago,14660,False,True,2024-01-16
457,212,3,Cross-Dock,Harbor Dairy Partners Annex,7324 Market Row,Minneapolis,77071,False,True,2023-04-21
458,213,9,Billing,aster biologics holdings HQ,7581 Vine Street,Manchester,M9 6B,True,True,2023-01-19
459,213,9,Production Site,aster biologics holdings DC ,8782 Ridgeview Road,Manchester,M1 9D,False,True,2024-02-20
460,213,9,Returns,aster biologics holdings Plant,4051 Marlow Parkway,Leeds,EH4 9B,False,True,2025-11-14
461,214,2,Billing,Briar Seafood Supply HQ,2855 Market Row,Orlando,57646,True,True,2025-04-03
462,214,2,Returns,Briar Seafood Supply DC,7086 Vine Street,Charlotte,76931,False,True,2023-04-23
463,214,2,Returns,Briar Seafood Supply Plant,2917 Harvester Road,Atlanta,12606,False,True,2024-04-14
464,215,9,Billing,Solace Biologics Labs HQ,4026 Canal Street,Leeds,B4 6D,True,True,2025-08-26
465,215,9,Returns,Solace Biologics Labs DC,9057 Canal Street,Bristol,SE6 7A,False,True,2023-07-12
466,216,1,Billing,Cardinal Biologics Holding HQ,3740 Vine Street,Hartford,70293,True,True,2025-12-08
467,216,1,Cross-Dock,Cardinal Biologics Holding DC,8162 Harvester Road,Portland,30588,False,True,2023-06-15
468,216,1,Cross-Dock,Cardinal Biologics Holding Plant,7786 Crescent Drive,Boston,29417,False,True,
469,217,2,Billing,Cedar Cold Foods Co-op HQ,7105 Ridgeview Road,Atlanta,60291,True,True,
470,218,4,Billing,Oakmont Pharma Manufacturi HQ,534 Harvester Road,Las Vegas,33258,True,True,2024-10-13
471,218,4,Returns,Oakmont Pharma Manufacturi DC,9663 Juniper Avenue,Las Vegas,99042,False,True,2025-01-15
472,218,4,Cross-Dock,Oakmont Pharma Manufacturi Plant,1619 Foundry Way,Denver,80757,False,True,2025-10-06
473,219,1,Billing,Cedar Beverage Supply HQ,9642 Canal Street,Portland ,80020,True,True,2023-02-12
474,219,1,Returns,Cedar Beverage Supply DC,374 Juniper Avenue,Boston,77185,False,True,2025-12-16
475,220,8,Billing,Bluevale Ingredients Group HQ ,7814 Harvester Road,Motnreal,31432,True,True,2025-07-29
476,220,8,Returns,Bluevale Ingredients Group DC,2599 Marlow Parkway,Montreal,40679,False,True,2024-03-30
477,220,8,Returns,Bluevale Ingredients Group Plant,6564 Harvester Road,Montreal,31478,False,True,2023-05-21
478,221,6,Billing,Forge Dairy Supply HQ,9174 Station Road,Sna Antonio,77211,True,True,2023-12-27
479,221,6,Delivery,Forge Dairy Supply DC,1935 Foundry Way,Austin,78791,False,True,2024-04-19
480,221,6,Delivery,Forge Dairy Supply Plant,764 Harvester Road,Dallas,16256,False,True,
481,222,5,Billing,Trinity Pet Nutrition Hold HQ,3272 Market Row,Oakland,59351,True,True,
482,222,5,Cross-Dock,Trinity Pet Nutrition Hold DC,7328 Mill Lane,Los Angeles,53047,False,True,2026-01-27
483,223,6,Billing,Crescent Ingredients Partn HQ,6066 Dockside Lane,Austin,64890,True,True,2025-09-01
484,223,6,Production Site,Crescent Ingredients Partn DC,4317 Juniper Avenue,Austin,56031,False,True,
485,223,6,Cross-Dock,Crescent Ingredients Partn Plant,2110 Market Row,Austin,86574,False,True,2026-01-26
486,224,9,Billing,CARDINAL NUTRITION CO-OP HQ,1396 Market Row,Manchester,EH6 4C,True,True,2025-09-03
487,224,9,Production Site,CARDINAL NUTRITION CO-OP DC,4656 Station Road,Manchester,L6 3B,False,True,2025-07-18
488,225,9,Billing,Briar Cold Foods Supply HQ,7903 Crescent Drive,Manchester,SE3 1B,True,True,2024-03-11
489,225,6,Returns,Briar Cold Foods Supply DC,3334 Foundry Way,Houston,57273,False,True,2023-03-08
490,225,9,Production Site,Briar Cold Foods Supply Plant,3469 Station Road,Leeds,SE4 5C,False,True,2025-12-15
491,225,9,Delivery,Briar Cold Foods Supply Annex,5443 Canal Street,Bristol,B9 7C,False,True,2025-08-27
492,226,5,Billing,Harbor Nutrition Manufactu HQ,8868 Ridgeview Road,Los Angeles,10463,True,True,
493,226,11,Cross-Dock,Harbor Nutrition Manufactu DC,9228 Harvester Road,Utrecht,B1 7C,False,True,2023-08-20
494,227,2,Billing,Harbor Floral Logistics Co HQ,4438 Market Row,Charlotte,92376,True,True,2026-02-05
495,228,9,Billing,Granite Ingredients Partne HQ,5265 Ridgeview Road,Manchester,M7 5D,True,True,2024-09-07
496,228,9,Production Site,Granite Ingredients Partne DC,6384 Dockside Lane,Bristol,EH3 6A,False,True,2026-01-02
497,229,8,Billing,Mosaic Pet Nutrition Labs HQ,6831 Marlow Parkway,Laval,23384,True,True,2023-07-01
498,229,7,Returns,Mosaic Pet Nutrition Labs DC,4039 Mill Lane,Ottawa,84601,False,True,2023-12-20
499,229,8,Returns,Mosaic Pet Nutrition Labs Plant,5190 Crescent Drive,Quebec City,85730,False,True,
500,229,8,Delivery,Mosaic Pet Nutrition Labs Annex,9363 Crescent Drive,Laval,25892,False,True,2025-01-26
501,230,4,Billing,Orchard Seafood Foods HQ,7513 Station Road,Phoenix,69671,True,True,2024-01-08
502,230,4,Returns,Orchard Seafood Foods DC,4992 Vine Street,Phoenix,93938,False,True,2023-11-11
503,230,4,Cross-Dock,Orchard Seafood Foods Plant,6766 Mill Lane,Phoenix,84639,False,False,2024-03-13
504,230,1,Production Site,Orchard Seafood Foods Annex,5057 Marlow Parkway,Newark,98202,False,True,2024-08-20
505,231,9,Billing,Oakmont Foods Partners HQ,7194 Marlow Parkway,Manchester,SE6 6A,True,True,2024-02-22
506,232,4,Billing,Granite Foods Supply HQ,2204 Marlow Parkway,Las Vegas,65738,True,True,2024-06-28
507,232,7,Production Site,Granite Foods Supply DC,2003 Harvester Road,Hamilton,64296,False,True,2023-09-19
508,232,4,Cross-Dock,Granite Foods Supply Plant,4060 Market Row,Las Vegas,16193,False,True,2024-06-05
509,233,1,Billing,Vantage Biologics Supply HQ,4101 Marlow Parkway,Boston,44089,True,True,2024-11-25
510,233,1,Cross-Dock,Vantage Biologics Supply DC,5773 Harvester Road,Portland,78988,False,True,2023-03-10
511,234,9,Billing,Summit Laboratories Group HQ,5322 Market Row,Leeds,L3 8D,True,True,2023-04-12
512,234,9,Delivery,Summit Laboratories Group DC,9172 Ridgeview Road,Bristol,M7 6D,False,True,
513,234,9,Returns,Summit Laboratories Group Plant,2413 Dockside Lane,Leeds,B8 5B,False,True,2025-05-31
514,235,1,Billing,Ardent Pet Nutrition Co-op HQ,1648 Vine Street,Hartford,93902,True,True,2024-12-05
515,235,7,Delivery,Ardent Pet Nutrition Co-op DC,7516 Station Road,Hamilton,75956,False,True,2025-12-26
516,235,7,Cross-Dock,Ardent Pet Nutrition Co-op Plant,777 Crescent Drive,Toronto,72035,False,True,
517,236,9,Billing,Briar Pet Nutrition Dist. HQ,5231 Market Row,Leeds,M2 5A,True,True,2024-05-28
518,236,9,Delivery,BRIAR PET NUTRITION DIST. DC,9042 Harvester Road,Manchester,M6 7A,False,False,2026-01-30
519,236,9,Delivery,Briar Pet Nutrition Dist. Plant,9612 Crescent Drive,Manchester,L3 8A,False,True,2025-06-15
520,237,6,Billing,Riverbend Pharma Labs HQ,9943 Ridgeview Road,San Antonio,61837,True,True,2024-04-05
521,237,6,Returns,Riverbend Pharma Labs DC,8743 Station Road,AUSTIN,94844,False,True,
522,237,6,Delivery,Riverbend Pharma Labs Plant ,9789 Market Row,Houston,35286,False,True,2023-05-22
523,237,6,Cross-Dock,Riverbend Pharma Labs Annex,1269 Dockside Lane,dallas,76491,False,True,2025-11-01
524,238,5,Billing,Meridian Foosd Co-op HQ,1366 Marlow Parkway,Seattle,46089,True,True,2024-06-27
525,238,9,Cross-Dock,Meridian Foosd Co-op DC,514 Mill Lane,Leeds,EH6 8A,False,True,2024-12-05
526,238,9,Production Site,Meridian Foosd Co-op Plant,8815 Marlow Parkway,Manchester,L8 9C,False,True,2025-10-09
527,238,9,Returns,Meridian Foosd Co-op Annex,7989 Harvester Road,Leeds,SE8 8C,False,True,2023-08-25
528,239,3,Billing,Orchard Beverage Distribut HQ,1955 Market Row,Minneapolis,12897,True,True,2025-07-05
529,239,3,Production Site,Orchard Beverage Distribut DC,2207 Foundry Way,Detroit,18280,False,True,2026-02-13
530,239,3,Delivery,Orchard Beverage Distribut Plant,7003 Mill Lane,Chicago,22786,False,True,2023-09-20
531,239,3,Production Site,Orchard Beverage Distribut Annex,6588 Juniper Avenue,Columbus,79742,False,True,2023-03-09
532,240,2,Billing,Brightwell Dairy Holdings HQ,3735 Mill Lane,Charlotte,28117,True,True,2025-10-23
533,240,4,Delivery,Brightwell Dairy Holdings DC,3745 Crescent Drive,Phoenix,48953,False,True,2026-01-25
534,240,10,Production Site,Brightwell Dairy Holdings Plant,9142 Foundry Way,Hamburg,L8 7B,False,True,2024-04-20
535,240,5,Cross-Dock,Brightwell Dairy Holdings Annex,408 Vine Street,San Diego,43490,False,True,2025-02-26
536,241,4,Billing,everfield ingredients dist HQ,9626 Crescent Drive,Las Vegas,61939,True,True,2024-12-05
537,242,7,Billing,Granite Foods Group HQ,5533 Dockside Lane,Toronto,77652,True,True,2025-03-27
538,243,11,Billing,Summit Pharma Holdings HQ,9084 Marlow Parkway,Amsterdam,SE7 3C,True,True,2023-08-15
539,244,10,Billing,Aster Biologics Partners HQ,8719 Foundry Way,Berlin,M8 9A,True,True,2024-06-03
540,245,3,Billing,Cedar Seafood Foods HQ,5046 Crescent Drive,Columbus,18119,True,False,2025-01-08
541,245,3,Delivery,Cedar Seafood Foods DC,9664 Harvester Road,Columbus ,37812,False,True,2026-03-21
542,246,3,Billing,Aster Pharm aLogistics HQ,8676 Canal Street,Detroit,19322,True,True,2023-05-02
543,246,7,Cross-Dock,Aster Pharma Logistics DC,484 Marlow Parkway,Ottawa,32965,False,True,2025-07-21
544,247,8,Billing,brightwell dairy supply HQ,9671 Marlow Parkway,Quebec City,40758,True,True,
545,247,8,Delivery,brightwell dairy supply DC,9621 Ridgeview Road,Sherboroke,70405,False,True,2024-09-01
546,248,10,Billing,Cobalt Pharma Foods HQ,4955 Harvester Road,Berlin,M1 7B,True,True,2025-12-26
547,248,10,Cross-Dock,Cobalt Pharma Foods DC,1288 Ridgeview Road,Hamburg,B5 2C,False,True,2025-01-19
548,248,10,Production Site,Cobalt Pharma Foods Plant,7907 Marlow Parkway,Munich,SE7 4A,False,True,2024-07-16
549,249,4,Billing,Cedar Pharma Group HQ,4621 Dockside Lane,Denver,75860,True,True,2025-08-01
550,250,9,Billing,Oakmont Biologics Supply HQ,3324 Marlow Parkway,Manchester,EH6 9C,True,True,2026-02-03
551,250,9,Production Site,Oakmont Biologics Supply DC,3024 Station Road,Bristol,L5 2A,False,True,2024-02-17
552,251,7,Billing,Trinity Ingredients Manufa HQ,5595 Mill Lane,Toronto,97551,True,True,2023-02-10
553,252,7,Billing,HarborI ngredients Group HQ,3039 Market Row,Toronto,95846,True,True,2024-09-24
554,252,5,Production Site,HarborI ngredients Group DC,273 Juniper Avenue,Oakland,12840,False,True,2023-04-23
555,253,9,Billing,Cardinal Dairy Supply HQ,2581 Station Road,Leeds,SE9 4B,True,False,2023-10-11
556,253,5,Cross-Dock,Cardinal Dairy Supply DC,6756 Juniper Avenue,Oakland,98504,False,True,2025-03-01
557,254,4,Billing,Cedar Laboratories Logisti HQ,2765 Marlow Parkway,Las Vegas,16236,True,True,2023-02-17
558,255,11,Billing,Cardinal Meal Systems Grou HQ,3401 Harvester Road,Utrecht,L6 3A,True,True,2023-06-26
559,256,2,Billing,NORTHWIND MEAL SYSTEMS PAR HQ,131 Canal Street,Nashville,65711,True,True,2023-07-24
560,256,11,Production Site,Northwind Meal Systems Par DC,6321 Vine Street,Utrecht,EH1 3C,False,True,2024-01-21
561,256,2,Returns,Northwind Meal Systems Par Plant,172 Canal Street,Nashville,98814,False,True,2025-08-21
562,257,1,Billing,Oakmont Pet Nutrition Logi HQ,7315 Vine Street,Boston,26166,True,True,2025-07-01
563,257,1,Cross-Dock,Oakmont Pet Nutrition Logi DC,6267 Canal Street,Hartford,14300,False,True,2025-09-17
564,257,1,Cross-Dock,Oakmont Pet Nutrition Logi Plant,7421 Foundry Way,Newark,20565,False,False,2023-05-06
565,258,2,Billing,Northwind Floral Logistics HQ,2587 Vine Street,Orlando,52528,True,True,2026-01-26
566,258,2,Cross-Dock,Northwind Floral Logistics DC,1877 Marlow Parkway,Atlanta,92532,False,True,
567,259,11,Billing,Bluevlae Biologics Holding HQ,999 Market Row,Eindhoven,B3 6B,True,False,2025-05-17
568,259,11,Returns,Bluevlae Biologics Holding DC,5647 Mill Lane,Utrecht,B2 8C,False,False,2024-01-29
569,260,11,Billing,Pioneer Seafood Partners HQ,1445 Juniper Avenue,Eindhoven,SE7 3A,True,True,2023-09-20
570,261,9,Billing,Helix Laboratories Manufac HQ,294 Vine Street,London,L1 1C,True,True,2025-06-26
571,262,2,Billing,Orchard Pet Nutrition Logi HQ,7918 Foundry Way,Orlando,49136,True,True,2023-12-08
572,263,11,Billing,Orchard Ingredients Labs HQ,5983 Vine Street,Amsterdam,EH2 1C,True,True,2025-04-06
573,264,7,Billing,NORTHWIND SEAFOOD HOLDINGS HQ,7142 Juniper Avenue,Hamilton,14882,True,True,2024-03-09
574,264,7,Delivery,NORTHWIND SEAFOOD HOLDINGS DC,2082 Juniper Avenue,London,81185,False,True,2023-02-06
575,264,7,Returns,NORTHWIND SEAFOOD HOLDINGS Plant,6080 Station Road,Hamilton,60561,False,True,2024-04-12
576,265,11,Billing,Orchard Meal Systems Partn HQ,3606 Marlow Parkway,Eindhoven,L7 3B,True,True,2024-03-20
577,266,11,Billing,Pioneer Biologics Partners HQ,5645 Vine Street,Rotterdam,B3 3D,True,True,2023-09-27
578,266,11,Delivery,Pioneer Biologics Partners DC,5594 Marlow Parkway, Utrecht,L7 2C,False,False,2025-07-17
579,266,11,Delivery,Pioneer Biologics Partners Plant,5099 Station Road,Rotterdam,EH3 6C,False,True,2025-07-28
580,267,7,Billing,Orchard Pet Nutrition Part HQ,5099 Dockside Lane,London,68241,True,True,
581,267,6,Production Site,Orchard Pet Nutrition Part DC,368 Harvester Road,San Antonio,54554,False,True,2024-09-27
582,267,5,Production Site,ORCHARD PET NUTRITION PART PLANT,7077 Vine Street,San Diego,85366,False,True,2024-05-02
583,267,7,Cross-Dock,Orchard Pet Nutrition Part Annex,2078 Foundry Way,Ottawa,41298,False,True,
584,268,4,Billing,Ardent Pet Nutrition Labs HQ,6044 Station Road,Phoenix,28524,True,True,2025-10-15
585,269,6,Billing,Meridian Meal Systems Supp HQ,8971 Marlow Parkway,Houston,31629,True,True,2025-03-25
586,269,9,Returns,Meridian Meal Systems Supp DC,9964 Canal Street,Manchester,L9 5D,False,True,2024-01-16
587,269,1,Production Site,Meridian Meal Systems Supp Plant,4244 Dockside Lane,Hartford,17746,False,True,2025-05-17
588,269,6,Delivery,Meridian Meal Systems Supp Annex,1506 Vine Street,Austin,88752,False,True,2023-05-12
589,270,10,Billing,Cardinal Nutrition Labs HQ,2569 Canal Street,Cologne,M9 8C,True,True,2025-09-16
590,270,10,Delivery,Cardinal Nutrition Labs DC,9660 Canal Street,Cologen,L3 6C,False,True,2023-08-28
591,271,3,Billing,Aster Dairy Supply HQ,9672 Mill Lane,Columbus,87823,True,True,2025-03-30
592,271,3,Production Site,Aster Dairy Supply DC,3961 Juniper Avenue,Minneapolis,55823,False,False,2023-08-24
593,272,4,Billing,Cobalt Pharma Logistics HQ,7015 Harvester Road,Albuquerque,96937,True,True,2025-09-02
594,273,11,Billing,granite pharma labs hq,8322 Market Row,Eindhoven,SE3 8D,True,True,2023-03-22
595,273,11,Delivery,Granite Pharma Labs DC,511 Market Row,Utrecht,SE1 3B,False,True,2024-08-09
596,274,7,Billing,Granite Cold Foods Partner HQ,298 Vine Street,Toronto,71619,True,True,2025-09-23
597,274,7,Returns,Granite Cold Foods Partner DC,6683 Dockside Lane,London,22458,False,True,2024-09-03
598,275,8,Billing,Crown Cold Foods Labs HQ,5513 Canal Street,Laval,92558,True,True,
599,275,8,Cross-Dock,Crown Cold Foods Labs DC,3365 Marlow Parkway,Quebec City,77907,False,True,2026-01-08
600,275,8,Production Site,Crown Cold Foods Labs Plant,1431 Station Road,Laval,93044,False,True,2025-03-09
601,276,3,Billing,Solace Meal Systems Co-op HQ,7621 Station Road,Chicago,53171,True,True,2023-04-15
602,276,11,Cross-Dock,Solace Meal Systems Co-op DC,9036 Vine Street,Eindhoven,EH3 1B,False,True,2024-12-30
603,277,6,Billing,Riverbend Nutrition Supply HQ,7922 Ridgeview Road,Asutin,76054,True,True,2024-12-04
604,277,9,Returns,Riverbend Nutrition Supply DC,9864 Mill Lane,Manchester,B3 9A,False,True,
605,277,6,Production Site,Riverbend Nutrition Supply Plant,4526 Juniper Avenue,Austin,40928,False,True,2025-08-10
606,278,7,Billing,Helix Dairy Holdings HQ,4315 Juniper Avenue,Ottawa,55361,True,True,2023-09-25
607,279,1,Billing,Briar Pet Nutrition Co-op HQ,9741 Juniper Avenue,Portland,22521,True,True,2026-01-06
608,280,5,Billing,Summit Cold Foods Co-op HQ,1751 Station Road,Los Angeles,89716,True,True,2025-10-05
609,280,5,Returns,Summit Cold Foods Co-op DC,4743 Vine Street,San Diego,22584,False,True,2025-07-11
610,280,5,Delivery,Summit Cold Foods Co-op Plant,7541 Ridgeview Road,Oakland,49079,False,True,2026-02-08
611,280,5,Production Site,Summit Cold Foods Co-op Annex,7947 Station Road,Oakland,28799,False,True,2025-02-22
612,281,4,Billing,Cedar Ingredients Holdings HQ,15 Harvester Road,Albuquerque,92257,True,True,2023-05-26
613,281,4,Returns,Cedar Ingredients Holdings DC,7229 Marlow Parkway,Phoenix,85385,False,True,2024-02-19
614,281,4,Returns,Cedar Ingredients Holdings Plant,8006 Foundry Way,Albuquerque,99426,False,False,2025-09-08
615,282,2,Billing,Northwind Specialty Produc HQ,3726 Foundry Way,Nashville,57984,True,True,2024-02-20
616,282,2,Production Site,Northwind Specialty Produc DC,8239 Vine Street,Nashville,83430,False,True,2026-01-18
617,283,3,Billing,Northwind Floral Logistics HQ,4591 Harvester Road,Detroit,13793,True,True,2023-01-29
618,283,10,Cross-Dock,Northwind Floral Logistics DC,9852 Mill Lane,Hamburg,SE7 2C,False,True,2026-03-14
619,284,8,Billing,Westline Pharma Group HQ,4668 Crescent Drive,Laval,65384,True,True,2025-09-20
620,284,8,Production Site,Westline Pharma Group DC,231 Market Row,Laval,27754,False,False,2023-04-28
621,285,6,Billing,Solace Dairy Supply HQ,6210 Juniper Avenue,Houston,30477,True,True,2025-12-11
622,286,4,Billing,CROWN SEAFOOD DISTRIBUTION HQ,6142 Canal Street,Las Vegas,38631,True,True,
623,286,4,Delivery,CROWN SEAFOOD DISTRIBUTION DC,7404 Crescent Drive,Las Vegas,34509,False,True,2023-10-17
624,287,1,Billing,Everfield Specialty Produc HQ,666 Dockside Lane,Portland,14953,True,True,2025-04-29
625,288,6,Billing,Everfield Biologics Manufa HQ,4243 Juniper Avenue,San Antonio,42554,True,False,2024-01-19
626,289,11,Billing,Trinity Floral Logistics C HQ,2576 Crescent Drive,Amsterdam,L4 2D,True,True,2024-10-06
627,289,11,Returns,Trinity Floral Logistics C DC,351 Vine Street,Utrecht,EH9 1C,False,True,2023-11-17
628,289,11,Cross-Dock,Trinity Floral Logistics C Plant,7556 Harvester Road,Utrecht,L3 6B,False,True,
629,289,11,Delivery,Trinity Floral Logistics C Annex,9096 Marlow Parkway,Rotterdam,EH2 7B,False,True,2025-08-14
630,290,11,Billing,Harbor Nutrition Logistics HQ,5912 Vine Street,Utrecht,SE8 7C,True,True,2023-09-03
631,290,11,Production Site,Harbor Nutrition Logistics DC,6842 Foundry Way,Utrecht,B6 5D,False,True,2024-04-06
632,291,3,Billing,Cobalt Nutrition Distribut HQ,254 Ridgeview Road,Detroit,81858,True,True,2025-09-11
633,291,3,Production Site,Cobalt Nutrition Distribut DC,5662 Marlow Parkway,Detroit,48773,False,True,2023-01-15
634,292,7,Billing,Pioneer Dairy Foods HQ,7880 Market Row,Hamilton,69311,True,True,
635,292,7,Delivery,Pioneer Dairy Foods DC,29 Canal Street,Toronto,42222,False,True,2024-12-28
636,292,7,Delivery,Pioneer Dairy Foods Plant,2456 Juniper Avenue,London ,68044,False,True,2026-01-22
637,293,6,Billing,Vantage Laboratories Partn HQ,373 Harvester Road,Houston,55384,True,True,2025-06-02
638,293,6,Delivery,Vantage Laboratories Partn DC,2103 Foundry Way,Austin,56752,False,True,2025-06-05
639,294,1,Billing,Harbor Meal Systems Manufa HQ,7695 Marlow Parkway,Newark,84809,True,True,2026-02-25
640,295,11,Billing,Westline Beverage Co-op HQ,4017 Juniper Avenue,Rotterdam,EH2 1C,True,True,2024-10-19
641,296,3,Billing,Bluevale Nutrition Group HQ,318 Harvester Road,Chicago,63376,True,True,2024-02-29
642,297,5,Billing,Lakeside Meal Systems Hold HQ,5927 Market Row,Seattle,63827,True,True,2026-01-23
643,298,9,Billing,Mosaic Specialty Produce L HQ,2145 Vine Street,Bristol,L9 4D,True,True,2024-06-14
644,298,9,Production Site,Mosaic Specialty Produce L DC,433 Marlow Parkway,Manchester,M1 2C,False,False,2023-10-25
645,298,9,Returns,Mosaic Specialty Produce L Plant,7194 Crescent Drive,Manchester,L3 3A,False,True,2024-08-12
646,298,9,Cross-Dock,Mosaic Specialty Produce L Annex,2164 Market Row,Leeds,M5 5A,False,True,2023-01-31
647,299,5,Billing,Crown Foods Manufacturing  HQ,2466 Station Road,Los Angeles,37688,True,False,2024-05-20
648,299,5,Delivery,Crown Foods Manufacturing  DC,8466 Dockside Lane,Oakland,51687,False,True,2025-12-13
649,299,5,Cross-Dock,Crown Foods Manufacturing  Plant,4371 Harvester Road,Los Angeles,96523,False,True,2024-07-14
650,300,11,Billing,Vantage Seafood Logistics HQ,8517 Marlow Parkway,Amsterdam,M5 4C,True,True,2026-03-12
651,300,11,Delivery,Vantage Seafood Logistics DC,8996 Vine Street,Rotterdam,L5 7C,False,True,2025-12-19
652,301,3,Billing,Cobalt Nutrition Partners HQ,7288 Crescent Drive,Minneapolis,45986,True,True,2023-05-13
653,301,6,Delivery,Cobalt Nutrition Partners DC,7032 Juniper Avenue,Austin,50652,False,True,2024-12-01
654,302,5,Billing,Cardinal Pet Nutrition Mfg HQ,7062 Ridgeview Road,Oakland,67116,True,True,2024-02-29
655,302,5,Production Site,Cardinal Pet Nutrition Mfg DC,6727 Juniper Avenue,Oakland,62294,False,True,2023-07-27
656,303,2,Billing,Ardent Pharma Foods HQ,8238 Marlow Parkway,Atlanta,91535,True,True,2024-10-12
657,303,2,Returns,Ardent Pharma Foods DC,3366 Harvester Road,Nashville,36596,False,False,2024-02-24
658,304,9,Billing,Bluevale Beverage Group HQ,5545 Market Row,Manchester,M5 5B,True,True,2024-04-25
659,305,11,Billing,Cedar Seafood Supply HQ,2321 Marlow Parkway,Eindhoven,SE5 7A,True,True,
660,305,4,Production Site,Cedar Seafood Supply DC,9341 Mill Lane,Denver,78503,False,True,2023-01-02
661,306,2,Billing,Westline Biologics Group HQ,9632 Juniper Avenue,Nashville,68998,True,True,2023-09-23
662,306,9,Returns,Westline Biologics Group DC,399 Station Road,Bristol,SE9 2A,False,True,2023-01-27
663,306,3,Delivery,Westline Biologics Group Plant,7912 Foundry Way,Detroit,46043,False,True,2024-01-11
664,306,5,Production Site,Westline Biologics Group Annex,3801 Market Row,Seattle,50468,False,True,2025-10-07
665,307,4,Billing,Orchard Beverage Labs HQ,4958 Crescent Drive,Denver,48613,True,True,2024-07-10
666,307,1,Cross-Dock,Orchard Beverage Labs DC,6536 Dockside Lane,Boston,59833,False,False,2024-07-19
667,308,7,Billing,Vantage Dairy Partners HQ,225 Dockside Lane,London,68892,True,True,2023-02-19
668,308,7,Returns,Vantage Dairy Partners DC,2972 Marlow Parkway,London,25160,False,True,2023-02-06
669,308,10,Delivery,Vantage Dairy Partners Plant,2266 Crescent Drive,Munich,SE6 4D,False,True,2025-02-10
670,309,8,Billing,Aster Floral Logistics Hol HQ,6110 Ridgeview Road,Laval,30083,True,True,2024-11-26
671,309,8,Delivery,Aster Floral Logistics Hol DC,5254 Market Row,Laval,45237,False,False,2025-04-21
672,309,8,Returns,Aster Floral Logistics Hol Plant,4586 Dockside Lane,Laval,88648,False,True,2024-09-21
673,309,9,Returns,Aster Floral Logistics Hol Annex,2157 Market Row,Manchester,M1 5B,False,True,2023-04-12
674,310,10,Billing,BriarD airy Foods HQ,452 Marlow Parkway,Hamburg,M1 7D,True,True,2023-06-10
675,311,6,Billing,Vantage Pet Nutrition Co-o HQ,343 Vine Street,San Antonio,93499,True,True,2025-06-05
676,312,3,Billing,Keystone Ingredients Foods HQ,5116 Vine Street,Minneapolis,10104,True,True,2023-08-22
677,312,3,Returns,Keystone Ingredients Foods DC,1481 Vine Street,Chicago,38757,False,True,2023-12-31
678,312,3,Cross-Dock,Keystone Ingredients Foods Plant,8550 Station Road,Detroit,95123,False,True,2023-04-20
679,313,3,Billing,Cardinal Specialty Produce HQ,295 Crescent Drive,Chicago,12654,True,True,2026-02-26
680,314,3,Billing,Summit Ingredients Labs HQ,253 Mill Lane,Chicago,33096,True,True,2025-03-29
681,315,9,Billing,Mosaic Pet Nutrition Holdi HQ,6687 Vine Street,Manchester,L6 3A,True,True,2023-12-05
682,316,3,Billing,Bluevale Biologics Distrib HQ,8423 Dockside Lane,Minneapolis,11948,True,True,2023-03-06
683,317,6,Billing,Aster Specialty Produce Su HQ,8235 Foundry Way,Houston,30246,True,True,
684,317,4,Delivery,Aster Specialty Produce Su DC,2194 Crescent Drive,Las Vegas,86865,False,True,2024-02-11
685,318,4,Billing,Harbor Cold Foods Distribu HQ,9118 Juniper Avenue,Las Vegas,40362,True,True,2025-06-10
686,318,5,Delivery,Harbor Cold Foods Distribu DC,3881 Station Road,San Diego,45385,False,True,2025-11-17
687,318,6,Delivery,Harbor Cold Foods Distribu Plant,5942 Mill Lane,Dallas,24000,False,True,2023-08-06
688,319,11,Billing,Pioneer Biologics Labs HQ,781 Harvester Road,Eindhoven,M3 2D,True,True,2024-08-17
689,319,11,Cross-Dock,Pioneer Biologics Labs DC,6456 Marlow Parkway,Eindhoven,M9 2B,False,True,2025-08-26
690,319,11,Delivery,Pioneer Biologics Labs Plant,7890 Foundry Way,Utrecht,SE6 4D,False,True,2024-08-22
691,319,11,Cross-Dock,Pioneer Biologics Labs Annex,4021 Canal Street,Utrecht,EH7 6D,False,True,2024-11-20
692,320,8,Billing,Briar Dairy Foods HQ,8723 Juniper Avenue,Quebec City,85031,True,True,2025-08-20
693,321,1,Billing,Trinity Cold Foods Supply HQ,4378 Canal Street,Newark,50273,True,True,2024-08-23
694,322,6,Billing,Briar Ingredients Logistic HQ,5410 Market Row,San Antonio,79840,True,True,2024-02-27
695,322,6,Production Site,Briar Ingredients Logistic DC,5589 Marlow Parkway,Dallas,18259,False,True,2024-12-24
696,322,6,Delivery,Briar Ingredients Logistic Plant,9763 Foundry Way,Austin,77530,False,True,2024-02-01
697,323,10,Billing,RIVERBEND COLD FOODS GROUP HQ,9300 Ridgeview Road,Cologne,SE7 5A,True,True,2024-06-20
698,324,2,Billing,Trinity Biologics Partners HQ,1547 Marlow Parkway,Orlando,40403,True,True,2025-09-11
699,324,2,Production Site,Trinity Biologics Partners DC,4664 Vine Street,Orlando,98835,False,True,2025-10-06
700,325,5,Billing,Orchard Beverage Group HQ,2687 Ridgeview Road,San Diego,97063,True,True,2024-09-25
701,326,6,Billing,Briar Specialty Produce Lo HQ,5509 Marlow Parkway,Dallas ,48272,True,True,2024-10-11
702,327,1,Billing,Crown Pet Nutrition Mfg HQ,2058 Vine Street,Hartford,53157,True,True,2026-01-20
703,327,6,Production Site,Crown Pet Nutrition Mfg DC,184 Canal Street,Austin,77735,False,True,2025-06-16
704,328,8,Billing,Solace Pharma Group HQ,9205 Mill Lane,Montreal,54708,True,True,2023-03-05
705,328,1,Cross-Dock,Solace Pharma Group DC,223 Foundry Way,Hartford,43187,False,True,2023-08-27
706,329,10,Billing,Brightwell Specialty Produ HQ,8450 Canal Street,Berlin,B4 5C,True,True,2025-01-21
707,330,7,Billing,Brightwell Beverage Co-op HQ,7574 Crescent Drive,Hamilton,89261,True,True,2024-06-30
708,330,7,Production Site,Brightwell Beverage Co-op DC,8820 Vine Street,London,90561,False,True,2024-01-29
709,330,7,Delivery,Brightwell Beverage Co-op Plant,5943 Market Row,Hamilton,26579,False,True,2025-12-26
710,331,6,Billing,Pioneer Laboratories Manuf HQ,8206 Market Row,Austin,45044,True,True,2025-10-24
711,332,5,Billing,Ardent Pharma Logistics HQ,5367 Dockside Lane,Seattle,81658,True,True,2025-10-18
712,332,5,Returns,Ardent Pharma Logistics DC,7258 Crescent Drive,Seattle,34385,False,True,2025-04-15
713,332,4,Delivery,Ardent Pharma Logistics Plant,4339 Canal Street,Las Vegas,96842,False,True,2023-09-21
714,333,4,Billing, Forge Biologics Co-op HQ,881 Station Road,Albuquerque,56901,True,True,2025-02-23
715,334,11,Billing,Orchard Cold Foods Logisti HQ,3316 Station Road,Utrecht,M5 9B,True,True,2023-10-13
716,334,4,Cross-Dock,Orchard Cold Foods Logisti DC,9888 Station Road,Denver,78100,False,True,2025-11-30
717,334,9,Production Site,Orchard Cold Foods Logisti Plant,158 Ridgeview Road,London,M1 3A,False,False,2025-01-07
718,334,9,Delivery,Orchard Cold Foods Logisti Annex,9762 Dockside Lane,Manchester,EH6 9B,False,True,2026-01-16
719,335,6,Billing,Oakmont Ingredients Distri HQ,5391 Canal Street,San Antonio,25713,True,True,2023-06-15
720,335,6,Delivery,Oakmont Ingredients Distri DC,6802 Marlow Parkway,Houston,64787,False,True,2023-07-24
721,335,6,Returns,Oakmont Ingredients Distri Plant,7117 Foundry Way,Houston,64562,False,True,2026-03-05
722,335,6,Cross-Dock,Oakmont Ingredients Distri Annex,8769 Marlow Parkway,Houston,85683,False,True,2023-03-11
723,336,5,Billing,Forge Foods Labs HQ,5272 Crescent Drive,Los Angeles,57230,True,True,2025-10-11
724,336,5,Production Site,Forge Foods Labs DC,5086 Canal Street, San Diego,63114,False,True,2026-02-28
725,336,5,Cross-Dock,Forge Foods Labs Plant,1871 Dockside Lane,Los Angeles,36575,False,True,2024-04-07
726,337,2,Billing,Everfield Seafood Co-op HQ,8338 Station Road,Atlanta,95966,True,True,2025-08-24
727,337,4,Delivery,Everfield Seafood Co-op DC,881 Juniper Avenue,Denver,67454,False,True,2025-05-16
728,338,8,Billing,Oakmont Ingredients Co-op HQ,4830 Vine Street,Laval,69135,True,True,2025-01-28
729,338,8,Returns,Oakmont Ingredients Co-op DC,2313 Station Road,Sherbrooke,22053,False,True,2023-09-28
730,338,8,Returns,Oakmont Ingredients Co-op Plant,9665 Marlow Parkway,Sherbrooke,65967,False,True,2023-06-13
731,339,11,Billing,Helix Beverage Supply HQ,7912 Vine Street,Eindhoven,EH4 9A,True,True,2024-11-26
732,340,10,Billing,Ardent Ingredients Logisti HQ,4719 Marlow Parkway,Hamburg,SE1 4D,True,True,2025-11-15
733,341,11,Billing,Cedar Foods Distribution HQ,3780 Marlow Parkway,Amsterdam,EH5 2A,True,True,2024-01-06
734,341,11,Returns,Cedar Foods Distribution DC,1452 Canal Street,Amsterdam,L2 6D,False,True,2023-01-15
735,342,1,Billing,Crown Pet Nutrition Labs HQ,3476 Dockside Lane,Portland,18634,True,True,2023-10-11
736,342,1,Returns,Crown Pet Nutrition Labs DC,3001 Vine Street,Newark,63244,False,True,2024-02-21
737,342,1,Delivery,Crown Pet Nutrition Labs Plant,2562 Canal Street,Hartford,26280,False,True,2023-06-08
738,342,1,Production Site,Crown Pet Nutrition Labs Annex,4083 Mill Lane,Newark,23477,False,True,2025-09-29
739,343,7,Billing,Meridian Dairy Labs HQ,3387 Market Row,Hamilton,19854,True,True,2023-09-01
740,343,7,Production Site,Meridian Dairy Labs DC,2583 Marlow Parkway,Toronto,21680,False,True,2024-05-28
741,344,11,Billing,Keystone Specialty Produce HQ,2432 Vine Street,Utrecht,B3 9D,True,True,2023-09-06
742,344,11,Returns,Keystone Specialty Produce DC,8529 Canal Street,Amsterdam,B2 8B,False,False,2024-01-15
743,344,11,Returns,Keystone Specialty Produce Plant,382 Vine Street,Eindhoven,L9 4D,False,True,2024-11-08
744,345,1,Billing,Meridian Beverage Group HQ,8310 Station Road,Boston,50321,True,True,2024-02-01
745,345,9,Delivery,Meridian Beverage Group DC,966 Canal Street,Manchester,EH9 3C,False,True,2024-10-16
746,345,10,Production Site,Meridian Beverage Group Plant,3309 Canal Street,BERLIN,EH5 3C,False,True,2023-01-06
747,346,2,Billing,Orchard Laboratories Partn HQ,1775 Crescent Drive,Atlanta,86210,True,True,2025-08-12
748,346,7,Delivery,Orchard Laboratories Partn DC,1630 Canal Street,Toronto,70976,False,True,2024-01-13
749,347,11,Billing,northwind nutrition supply HQ,2487 Foundry Way,Eindhoven,SE1 3C,True,True,2025-11-30
750,347,11,Returns,northwind nutrition supply DC,5935 Harvester Road,Amsterdam,L2 2A,False,True,2025-01-21
751,347,7,Returns,northwind nutrition supply Plant,8253 Mill Lane,Hamilton,21862,False,True,
752,347,11,Delivery,northwind nutrition supply Annex,2768 Juniper Avenue,Eindhoven,L1 9D,False,False,2023-02-22
753,348,2,Billing,Lantern Cold Foods Manufac HQ,8566 Dockside Lane,Atlnata,23286,True,True,2025-10-03
754,348,3,Returns,Lantern Cold Foods Manufac DC,2703 Juniper Avenue,Detroit,79760,False,True,2024-08-26
755,349,6,Billing,Westline Floral Logistics  HQ,9678 Ridgeview Road,San Antonio,91131,True,True,2023-05-31
756,349,9,Returns,Westline Floral Logistics  DC,2124 Canal Street,Leeds,SE5 2D,False,True,2023-06-18
757,350,6,Billing,Orchard Biologics Foods HQ,9880 Mill Lane,Houston,81726,True,False,2024-03-18
758,351,8,Billing,Pioneer Pharma Partners HQ,1508 Juniper Avenue,Quebec City,55556,True,True,2023-07-26
759,351,8,Delivery,Pioneer Pharma Partners DC,3990 Market Row,Laval,35176,False,True,2023-05-20
760,351,8,Cross-Dock,Pioneer Pharma Partners Plant,693 Ridgeview Road,Laval,93745,False,True,
761,351,8,Delivery,Pioneer Pharma Partners Annex,7013 Canal Street,Sherbrooke,20915,False,True,
762,352,2,Billing,Aster Laboratories Labs HQ,3627 Juniper Avenue,Orlando,39588,True,False,2024-01-25
763,352,2,Returns,Aster Laboratories Labs DC,7454 Station Road,Atlanta,81007,False,True,2025-09-01
764,352,1,Returns,Aster Laboratories Labs Plant,4637 Juniper Avenue,Portland,56997,False,True,2025-04-12
765,353,9,Billing,Crown Biologics Labs HQ,4035 Vine Street,London,B3 2A,True,True,2023-01-28
766,353,9,Cross-Dock,Crown Biologics Labs DC,1065 Crescent Drive,Manchester,SE8 2B,False,False,2025-05-02
767,353,9,Production Site,Crown Biologics Labs Plant,1255 Station Road,Bristol,SE6 3B,False,True,2025-10-16
768,354,1,Billing,Granite Floral Logistics L HQ,4787 Marlow Parkway,Newark,66414,True,True,2023-11-27
769,355,7,Billing, Forge Pet Nutrition Holdi HQ,8215 Juniper Avenue,Hamilton,62237,True,True,2023-10-28
770,356,9,Billing,Summit Floral Logistics Fo HQ,8145 Dockside Lane,Bristol,M5 4C,True,True,2025-09-24
771,356,2,Returns,Summit Floral Logistics Fo DC,5762 Marlow Parkway,Charlotte,31169,False,True,2026-03-17
772,356,2,Cross-Dock,Summit Floral Logistics Fo Plant,6950 Station Road,Nashville,71496,False,True,2024-07-18
773,357,3,Billing,Everfield Cold Foods Dist. HQ,7927 Dockside Lane,Minneapolis,62599,True,True,2025-08-24
774,357,3,Production Site,Everfield Cold Foods Dist. DC,6223 Mill Lane,Chicago,67054,False,True,2025-06-18
775,358,7,Billing,Crown Specialty Produce Ma HQ,9022 Ridgeview Road,London,75302,True,True,2023-08-22
776,358,7,Production Site,Crown Specialty Produce Ma DC,1273 Juniper Avenue,Hamilton,21022,False,True,2023-01-02
777,359,5,Billing,KEYSTONE SPECIALTY PRODUCE HQ,8501 Marlow Parkway,Los Angeles,78996,True,False,2026-03-02
778,360,1,Billing, Briar Dairy Mfg HQ,1337 Crescent Drive,Newark,58546,True,True,2024-07-14
779,360,1,Production Site, Briar Dairy Mfg DC,427 Market Row,Portland,58065,False,True,2023-04-10
780,360,3,Cross-Dock, Briar Dairy Mfg Plant,956 Foundry Way,Chciago,33845,False,True,2024-10-25
781,361,4,Billing,Solace Pet Nutrition Manuf HQ,7018 Marlow Parkway, Denver,46758,True,True,2023-05-09
782,361,9,Production Site,Solace Pet Nutrition Manuf DC,6374 Station Road,Manchester,EH2 4B,False,True,2024-10-18
783,362,4,Billing, Riverbend Biologics Distr HQ,1244 Crescent Drive,Denver,53427,True,True,
784,362,4,Production Site, Riverbend Biologics Distr DC,13 Juniper Avenue,Phoenix,32264,False,True,2023-12-14
785,362,4,Delivery, Riverbend Biologics Distr Plant,879 Vine Street,Albuquerque,33058,False,True,2025-12-07
786,363,4,Billing,Summit Nutrition Supply HQ,1393 Crescent Drive,Albuquerque,28434,True,True,2023-07-27
787,363,4,Production Site,Summit Nutrition Supply DC,6749 Market Row,Las Vegas,20979,False,True,2026-02-19
788,363,1,Returns,Summit Nutrition Supply Plant,375 Mill Lane,Boston,20528,False,True,2024-08-07
789,364,9,Billing,Crescent Specialty Produce HQ,9846 Station Road,London,M8 6A,True,True,2024-07-18
790,365,5,Billing,Meridian Ingredients Holdi HQ,8889 Market Row,San Diego,25517,True,True,2026-01-06
791,365,5,Production Site,Meridian Ingredients Holdi DC,1641 Dockside Lane,Oakland,14234,False,True,
792,366,6,Billing,Aster Floral Logistics Gro HQ,2700 Market Row,Dallas,96952,True,True,2024-11-23
793,367,1,Billing,Northwind Biologics Supply HQ,6208 Station Road,Hartford ,42754,True,False,
794,367,1,Cross-Dock,Northwind Biologics Supply DC,5683 Station Road,Boston,43300,False,True,2023-04-25
795,368,3,Billing,Mosaic Cold Foods Foods HQ,8919 Crescent Drive,Columbus,35386,True,True,2025-04-02
796,368,7,Delivery,Mosaic Cold Foods Foods DC,3226 Canal Street,Hamilton,30522,False,True,2025-08-04
797,369,6,Billing,Cardinal Pharma Group HQ,6322 Foundry Way,Dallas,26080,True,False,2023-01-13
798,370,3,Billing,Lakeside Dairy Logistics HQ,805 Marlow Parkway,Columbus,71342,True,True,2023-10-03
799,371,9,Billing,Granite Floral Logistics F HQ,1145 Mill Lane,Bristol,L4 3C,True,True,
800,371,9,Returns,Granite Floral Logistics F DC,410 Mill Lane,London ,B9 1D,False,True,2024-06-14
801,372,10,Billing,Crescent Specialty Produce HQ,5209 Canal Street,cologne,L1 7C,True,True,2026-02-07
802,372,10,Delivery,Crescent Specialty Produce DC,7391 Station Road,Munich,B1 6C,False,True,2025-12-03
803,372,10,Production Site,crescent specialty produce plant,5617 Foundry Way,Cologne,B8 4B,False,True,2024-08-18
804,373,8,Billing,Lantern Cold Foods Partner HQ,1781 Dockside Lane,Sherbrooke,67337,True,True,2025-08-21
805,373,8,Returns, Lantern Cold Foods Partner DC,5839 Juniper Avenue,Laval,28384,False,True,2023-11-30
806,373,8,Cross-Dock,Lantern Cold Foods Partner Plant,3977 Marlow Parkway,Sherbrooke,44408,False,True,2025-09-11
807,374,1,Billing,Bluevale Dairy Labs HQ,1858 Foundry Way,Newark,61845,True,True,2025-08-23
808,375,10,Billing,Brightwell Floral Logistic HQ,4960 Canal Street,Cologne,EH4 9C,True,True,
809,376,9,Billing,Summit Cold Foods Logistic HQ,7241 Crescent Drive,Manchester,B2 3A,True,True,2024-12-18
810,377,8,Billing,Mosaic Cold Foods Holdings HQ,2519 Dockside Lane,Sherbrooke,82383,True,True,2025-05-11
811,377,8,Delivery,Mosaic Cold Foods Holdings DC,2843 Ridgeview Road,Laval,27185,False,True,
812,377,8,Returns,Mosaic Cold Foods Holdings Plant,9072 Ridgeview Road,Laval,92307,False,True,
813,378,4,Billing,Lakeside Ingredients Group HQ,2925 Ridgeview Road,Albuquerque,31993,True,True,2026-03-20
814,378,9,Delivery,Lakeside Ingredients Group DC,916 Station Road,Leeds,M7 4B,False,True,
815,379,4,Billing, Aster Beverage Group HQ,7900 Vine Street,Albuquerque,64500,True,True,2023-05-13
816,380,3,Billing,Brightwell Biologics Group HQ ,5977 Canal Street,Chicago,57941,True,False,2023-05-07
817,380,3,Cross-Dock,Brightwell Biologics Group DC,9868 Juniper Avenue,Chicago,70956,False,True,2023-06-03
818,380,3,Cross-Dock,Brightwell Biologics Group Plant,218 Vine Street,Minneapolis,12589,False,True,2025-01-18
819,381,9,Billing,Brightwell Beverage Partne HQ,7162 Ridgeview Road,London,M7 4D,True,True,
820,381,9,Returns,Brightwell Beverage Partne DC,203 Mill Lane,Bristol,B1 2D,False,True,2024-07-26
821,382,2,Billing,Pioneer Meal Systems Logis HQ,5186 Canal Street,Atlanta,28504,True,True,2023-11-30
822,382,2,Delivery,Pioneer Meal Systems Logis DC,7420 Ridgeview Road,Charlotte,54902,False,True,2024-07-10
823,383,1,Billing,Everfield Nutrition Logist HQ,7054 Harvester Road,Newark,57708,True,True,2023-11-13
824,384,2,Billing,Mosaic Cold Foods Partners HQ,8577 Canal Street,Nashville,90108,True,True,2024-01-23
825,384,4,Delivery,Mosaic Cold Foods Partners DC,3109 Ridgeview Road,Albuquerque,87492,False,True,2025-12-04
826,384,4,Production Site,Mosaic Cold Foods Partners Plant,9000 Marlow Parkway,Denver,94655,False,True,2025-05-12
827,385,8,Billing,Crown Seafood Distribution HQ,3068 Market Row,Quebec City,20245,True,True,2024-07-15
828,385,8,Production Site,Crown Seafood Distribution DC,5211 Mill Lane,Sherbrooke,60229,False,False,
829,385,8,Delivery,Crown Seafood Distribution Plant,5320 Vine Street,Laval,90913,False,True,2025-05-31
830,385,8,Delivery,Crown Seafood Distribution Annex,967 Ridgeview Road,Laval,80573,False,True,2024-01-04
831,386,2,Billing,Vantage Cold Foods Co-op HQ,8072 Ridgeview Road,Orlando,66805,True,True,2023-06-15
832,387,10,Billing,Cedar Meal Systems Manufac HQ,2270 Crescent Drive,Munich,B9 2A,True,True,2023-05-10
833,387,10,Returns,Cedar Meal Systems Manufac DC,2006 Foundry Way,Cologne,B4 1A,False,True,2024-02-04
834,388,11,Billing,Bluevale Floral Logistics  HQ,9367 Ridgeview Road,Eindhoven,B6 7B,True,True,2023-08-31
835,389,5,Billing,Cobalt Dairy Manufacturing HQ,6111 Juniper Avenue,Los Angeles,77592,True,True,2023-11-01
836,389,5,Production Site,Cobalt Dairy Manufacturing DC,8692 Marlow Parkway,Los Angeles,24759,False,False,2023-10-10
837,389,5,Returns,Cobalt Dairy Manufacturing Plant,4895 Vine Street,Seattle,67351,False,True,2023-10-25
838,389,5,Cross-Dock,Cobalt Dairy Manufacturing Annex,3880 Market Row,Oakland,83841,False,True,2025-10-23
839,390,8,Billing,Cardinal Dairy Co-op HQ,8830 Ridgeview Road,Laval,60143,True,True,2024-06-16
840,391,5,Billing,Bluevale Laboratories Co-o HQ,4332 Vine Street,Oakland,38573,True,True,2024-11-22
841,391,5,Returns,Bluevale Laboratories Co-o DC,127 Vine Street,Los Angeles,94785,False,True,2025-03-21
842,391,7,Cross-Dock,Bluevale Laboratories Co-o Plant,9987 Marlow Parkway,Toronto,82081,False,True,2024-01-24
843,391,1,Production Site,Bluevale Laboratories Co-o Annex,464 Canal Street,Boston,94252,False,True,2025-01-29
844,392,9,Billing,Everfield Seafood Supply HQ,1109 Ridgeview Road,Leeds,SE2 4C,True,True,2025-11-03
845,393,4,Billing,Everfield Pet Nutrition Lo HQ,2595 Vine Street,Albuquerque,60295,True,True,2023-12-22
846,393,4,Delivery,Everfield Pet Nutrition Lo DC,4812 Canal Street,Denver,30143,False,True,2024-07-04
847,393,4,Cross-Dock,Everfield Pet Nutrition Lo Plant ,1030 Vine Street,Las Vegas,32349,False,True,2024-02-21
848,394,2,Billing,Crescent Specialty Produce HQ,6256 Dockside Lane,Orlando,33710,True,True,2025-12-17
849,394,2,Cross-Dock,Crescent Specialty Produce DC,1695 Marlow Parkway,Nashville,32527,False,True,2024-03-05
850,395,5,Billing,Vantage Laboratories Suppl HQ ,1430 Dockside Lane,San Diego,41099,True,True,2025-07-07
851,396,9,Billing,Meridian Cold Foods Gropu HQ,2768 Marlow Parkway,Manchester,SE9 4C,True,True,
852,396,9,Production Site,Meridian Cold Foods Gropu DC,429 Marlow Parkway,Manchester,SE6 8B,False,True,2025-06-23
853,396,9,Returns,Meridian Cold Foods Gropu Plant,5209 Crescent Drive,London,EH6 6B,False,True,
854,397,1,Billing,Keystone Foods Distributio HQ,866 Juniper Avenue,Hartford,85092,True,True,2026-01-24
855,398,10,Billing,Summit Floral Logistics Gr HQ,9429 Market Row,berlin,SE5 7D,True,True,
856,398,10,Delivery,Summit Floral Logistics Gr DC,8850 Foundry Way,COLOGNE,M5 4A,False,True,2024-02-06
857,399,11,Billing,Northwind Cold Foods Distr HQ,1636 Harvester Road,eindhoven,B2 7B,True,True,2025-07-29
858,400,3,Billing,Keystone Specialty Produce HQ,6385 Foundry Way,Detroit,68043,True,True,2023-09-20
859,400,3,Returns,Keystone Specialty Produce DC,7598 Mill Lane,Minneapolis,58036,False,True,2025-09-28
860,400,3,Returns,Keystone Specialty Produce Plant,884 Crescent Drive,Columbus,65006,False,True,2026-01-18
861,401,2,Billing,Cardinal Floral Logistics  HQ,4844 Station Road,Nashville,85991,True,True,
862,402,10,Billing,Briar Specialty Produce Fo HQ,1411 Canal Street,Hamburg,B6 9B,True,True,2025-08-28
863,402,10,Returns,Briar Specialty Produce Fo DC,3725 Vine Street,Berlin,L1 6A,False,True,2024-02-06
864,403,6,Billing,Trinity Laboratories Labs QH,6703 Marlow Parkway,Dallas,56130,True,True,2023-02-18
865,403,6,Delivery,Trinity Laboratories Labs DC,4167 Canal Street,Dallas,45666,False,True,
866,403,6,Cross-Dock,Trinity Laboratories Labs Plant,8545 Harvester Road,San Antonio,69160,False,True,2023-11-08
867,403,6,Production Site,Trinity Laboratories Labs Annex,5091 Foundry Way,Houston,65920,False,True,2023-02-02
868,404,11,Billing,Everfield Cold Foods Labs HQ,1108 Foundry Way,Amsterdam,L3 1B,True,True,
869,405,5,Billing,Cedar Ingredients Logistic HQ,2166 Canal Street,Oakland,17013,True,True,2025-12-19
870,405,5,Cross-Dock,Cedar Ingredients Logistic DC,2871 Canal Street,San Diego,62040,False,True,
871,405,5,Cross-Dock,Cedar Ingredients Logistic Plant,8960 Crescent Drive,San Diego,51967,False,True,2023-04-09
872,405,5,Delivery,Cedar Ingredients Logistic Annex,984 Dockside Lane,Seattle,55001,False,True,2023-07-11
873,406,4,Billing,harbor specialty produce s HQ,6479 Juniper Avenue,Albuquerque,88140,True,True,2023-09-12
874,406,4,Production Site,harbor specialty produce s DC,5494 Crescent Drive,Albuquerque,16078,False,True,2023-12-07
875,406,4,Production Site,harbor specialty produce s Plant,634 Juniper Avenue,Albuquerque,16566,False,True,
876,407,7,Billing,Helix Pharma Manufacturing HQ,6692 Marlow Parkway,Ottawa,99422,True,True,2024-07-27
877,408,10,Billing,Orchard Seafood Labs HQ,9955 Harvester Road,Munich,EH2 2B,True,True,
878,408,7,Delivery,Orchard Seafood Labs DC,4015 Dockside Lane,Hamilton,88015,False,False,2025-02-16
879,409,10,Billing,Brightwell Pet Nutrition L HQ,1962 Ridgeview Road,Hamburg,M3 6C,True,True,2023-02-16
880,410,11,Billing,Lakeside Cold Foods Partne HQ,691 Harvester Road,Utrecht,B8 8A,True,True,
881,411,5,Billing,Harbor Foods Group HQ,5152 Market Row,San Diego,30055,True,True,2025-09-01
882,412,11,Billing,Crescent Cold Foods Supply HQ,59 Ridgeview Road,Amsterdam,EH7 7B,True,True,2025-09-30
883,412,5,Returns,Crescent Cold Foods Supply DC,6233 Dockside Lane,Seattle,52856,False,True,2023-08-31
884,412,5,Production Site,Crescent Cold Foods Supply Plant,5889 Crescent Drive,Seattle,60572,False,True,2024-02-11
885,412,5,Cross-Dock,Crescent Cold Foods Supply Annex,6097 Mill Lane,Seattle,62521,False,True,2023-08-23
886,413,1,Billing,Orchard Meal Systems Distr HQ,3689 Mill Lane,Portland,90068,True,True,2023-05-23
887,414,10,Billing,Granite Ingredients Group HQ,1890 Harvester Road,Munich,M6 8C,True,False,2025-08-26
888,414,2,Returns,Granite Ingredients Group DC,4736 Marlow Parkway,Orlando,89567,False,True,2026-01-25
889,414,6,Returns,Granite Ingredients Group Plant,4129 Ridgeview Road,Dallas,46289,False,True,2024-11-06
890,415,10,Billing,Granite Biologics Supply HQ,6063 Vine Street,Cologne,B7 1D,True,True,2025-04-01
891,416,2,Billing,Keystone Ingredients Holdi HQ,6200 Canal Street,Atlanta,25319,True,True,2025-01-23
892,416,8,Production Site,Keystone Ingredients Holdi DC,3481 Juniper Avenue,Sherbrooke,40820,False,True,2023-10-17
893,417,11,Billing,Lakeside Ingredients Group HQ,6799 Juniper Avenue,Eindhoven,SE8 2C,True,True,2024-04-25
894,417,11,Cross-Dock,Lakeside Ingredients Group DC,9015 Canal Street,Rotterdam,SE7 2D,False,True,2025-01-15
895,417,11,Cross-Dock,Lakeside Ingredients Group Plant,1071 Ridgeview Road,Utrecht,EH2 5C,False,True,2025-05-23
896,418,2,Billing,Crescent Biologics Manufac HQ,9924 Ridgeview Road,Orlando,58831,True,True,2023-05-27
897,418,6,Production Site,Crescent Biologics Manufac DC,5377 Crescent Drive,Houston,11292,False,True,2025-11-18
898,419,4,Billing,Lantern Pharma Distributio HQ,2715 Dockside Lane,Albuquerque,62266,True,True,2025-11-29
899,419,1,Delivery,Lantern Pharma Distributio DC,5958 Dockside Lane,Portland,35957,False,True,
900,419,1,Delivery,Lantern Pharma Distributio Plant,4682 Marlow Parkway,Newark,43304,False,True,2025-10-03
901,420,10,Billing,Crown Floral Logistics Gro HQ,9881 Ridgeview Road,Hamburg,SE2 1A,True,True,2023-01-27
902,420,10,Returns,Crown Floral Logistics Gro DC,610 Ridgeview Road,MUNICH,L3 2B,False,True,2025-09-17
903,421,10,Billing,Aster Seafood Holdings HQ,9990 Dockside Lane,Berlin,EH6 1D,True,True,2025-11-28
904,422,11,Billing,Mosaic Ingredients Labs HQ,9381 Vine Street,Utrecht,B8 8D,True,True,2025-06-13
905,422,11,Cross-Dock,Mosaic Ingredients Labs DC,1388 Station Road,Amsterdam,SE2 8A,False,True,2025-11-17
906,422,9,Delivery,Mosaic Ingredients Labs Plant,6149 Station Road,Manchester,SE4 1B,False,True,2025-08-03
907,423,5,Billing,Harbor Laboratories Manufa HQ,3039 Juniper Avenue,Oakland,93383,True,True,2023-11-06
908,423,5,Delivery,Harbor Laboratories Manufa DC,2916 Juniper Avenue,Oakland,54084,False,True,2026-01-12
909,423,5,Delivery,Harbor Laboratories Manufa Plant,9153 Station Road,San Diego,93518,False,True,2023-07-05
910,424,7,Billing,Trinity Specialty Produce  HQ,1197 Market Row,Toronto,70286,True,True,2023-05-17
911,424,7,Delivery,Trinity Specialty Produce  DC,9498 Vine Street,Toronto,61420,False,True,2023-01-28
912,424,7,Cross-Dock,Trinity Specialty Produce  Plant,2789 Market Row,London,10264,False,False,2025-04-07
913,425,10,Billing,Trinity Ingredients Manufa HQ,3666 Station Road,Berlin,EH8 7C,True,True,2024-09-26
914,426,2,Billing,Lakeside Laboratories Manu HQ ,9946 Mill Lane,Orlando,49012,True,True,2024-07-30
915,427,2,Billing,Northwind Floral Logistics HQ,8399 Foundry Way,Charlotte,88955,True,True,2023-03-16
916,428,9,Billing,Forge Nutrition Holdings HQ,5620 Station Road,Manchester,B1 8C,True,True,2025-08-03
917,429,6,Billing,Summit Foods Co-op HQ,6439 Marlow Parkway,Austin,77861,True,True,2023-03-16
918,429,6,Production Site,Summit Foods Co-op DC,744 Canal Street,Houston,84359,False,False,
919,429,6,Returns,Summit Foods Co-op Plant,8245 Crescent Drive,Austin,86368,False,True,
920,430,11,Billing,Solace Ingredients Distrib HQ,5161 Station Road,Eindhoven,M2 9D,True,False,2026-01-26
921,431,9,Billing,Mosaic Beverage Group HQ,9969 Harvester Road,Bristol,M7 7B,True,True,2023-10-03
922,432,8,Billing,Riverbend Foods Logistics HQ,5454 Juniper Avenue,Quebec City,50255,True,True,2025-06-16
923,433,3,Billing,Harbor Foods Logistics HQ,409 Ridgeview Road,Minneapolis,49499,True,True,2023-06-19
924,433,3,Returns,Harbor Foods Logistics DC,271 Juniper Avenue,Detroit,30930,False,True,2025-06-28
925,433,3,Delivery,Harbor Foods Logistics Plant,3262 Market Row,Chicago,22405,False,True,2026-02-04
926,433,3,Production Site,Harbor Foods Logistics Annex,419 Canal Street,Columbus,41457,False,True,2025-08-15
927,434,1,Billing,Cedar Biologics Holdings HQ,2226 Ridgeview Road,Hartford,24677,True,True,2026-02-06
928,435,9,Billing,TRINITY NUTRITION LOGISTIC HQ,4607 Station Road,Manchester,B9 9A,True,True,2025-11-29
929,436,3,Billing,Cedar Foods Manufacturing HQ,7110 Canal Street,Chicago,89812,True,True,2026-03-19
930,436,3,Returns,Cedar Foods Manufacturing DC,3290 Vine Street,Minneapolis,96451,False,True,2024-06-03
931,437,8,Billing,Oamkont Foods Group HQ,8051 Mill Lane,Montreal,81509,True,True,2023-03-30
932,438,6,Billing,Brightwell Seafood Group HQ,742 Foundry Way,Dallas,32553,True,True,2026-01-25
933,439,3,Billing,Ardent Pharma Labs HQ,1122 Harvester Road,Chicago,91867,True,True,2023-10-14
934,440,7,Billing,Crown Meal Systems Co-op HQ,78 Harvester Road,London,34396,True,True,2026-03-13
935,440,7,Delivery,Crown Meal Systems Co-op DC,897 Canal Street,Ottawa,28850,False,True,2024-01-24
936,441,10,Billing,Orchard Pharma Group HQ,8051 Vine Street,Berlin,EH3 7A,True,True,2023-09-10
937,442,2,Billing,Forge Laboratories Logisti HQ,9796 Canal Street,Atalnta,90516,True,True,2024-12-26
938,442,11,Cross-Dock,Forge Laboratories Logisti DC,1438 Juniper Avenue,Amsterdam,EH1 7C,False,True,2024-06-30
939,443,2,Billing,Westline Beverage Partners HQ,3911 Vine Street, Charlotte,62307,True,True,2024-07-03
940,444,7,Billing,Helix Foods Mfg HQ,4372 Vine Street,Ottawa,43137,True,True,2023-03-10
941,444,2,Delivery,Helix Foods Mfg DC,1734 Market Row,Charlotte,92964,False,False,2025-03-06
942,445,10,Billing,Granite Cold Foods Supply HQ,3279 Ridgeview Road,Cologne,EH2 8B,True,True,2024-12-07
943,446,4,Billing,riverbend meal systems par hq,6152 Marlow Parkway,Denver,27138,True,True,2023-08-04
944,446,7,Returns,Riverbend Meal Systems Par DC,5422 Harvester Road,Ottawa,36857,False,True,2026-03-05
945,446,4,Production Site,Riverbend Meal Systems Par Plant,1180 Mill Lane,Albuquerque,93712,False,True,2024-01-03
946,447,7,Billing,Lantern Nutrition Manufact HQ,3181 Canal Street,Toronto,80226,True,True,2025-03-26
947,448,8,Billing,Pioneer Foods Distribution HQ,2693 Harvester Road,Sherbrooke,24899,True,True,2024-04-21
948,448,5,Returns,Pioneer Foods Distribution DC,4543 Marlow Parkway,San Diego,52040,False,True,
949,449,2,Billing,Harbor Laboratories Partne HQ,2840 Dockside Lane,Atlanta,94186,True,True,
950,449,4,Cross-Dock,Harbor Laboratories Partne DC,403 Station Road,Albuquerque,73231,False,True,2025-01-12
951,449,4,Production Site,Harbor Laboratories Partne Plant,2902 Canal Street,Phoenix,46353,False,True,2025-11-15
952,450,6,Billing,Trinity Laboratories Labs HQ ,4721 Ridgeview Road,San Antonio,55721,True,True,2024-09-15
953,450,6,Cross-Dock,Trinity Laboratories Labs DC,4079 Station Road,San Antonio,20799,False,True,2024-07-31
954,451,7,Billing,Riverbend Pharma Supply HQ,4411 Station Road,Ottawa,54350,True,True,2023-02-12
955,451,1,Returns,Riverbend Pharma Supply DC,1630 Station Road,Hartford,75620,False,True,2023-12-04
956,452,5,Billing,Solace Pet Nutrition Suppl HQ,7485 Market Row,San Diego,58551,True,True,2025-02-27
957,452,3,Delivery,Solace Pet Nutrition Suppl DC,5473 Vine Street,Minneapolis,25593,False,True,2025-05-17
958,453,6,Billing,Riverbend Biologics Mfg HQ,6534 Harvester Road,Dallas,35259,True,True,2026-01-13
959,453,6,Production Site,Riverbend Biologics Mfg DC,2071 Station Road,Austin,33694,False,True,2023-05-08
960,453,6,Production Site,Riverbend Biologics Mfg Plant,2166 Harvester Road,San Antonio,87229,False,True,2023-04-26
961,453,6,Returns,Riverbend Biologics Mfg Annex,2454 Canal Street,Dallas,13754,False,True,2025-09-10
962,454,4,Billing,SOLACE BIOLOGICS HOLDINGS HQ,9819 Dockside Lane,Las Vegas,76676,True,True,2025-07-20
963,455,9,Billing,Ardent Foods Manufacturing HQ,7234 Harvester Road,London,SE9 7C,True,True,2025-09-17
964,456,5,Billing,Lakeside Foods Manufacturi HQ,5144 Crescent Drive,San Diego,63731,True,True,2023-11-29
965,456,5,Delivery,Lakeside Foods Manufacturi DC,135 Juniper Avenue,San Diego,20041,False,True,2024-11-22
966,456,5,Cross-Dock,Lakeside Foods Manufacturi Plant,7292 Mill Lane,Seattle,52761,False,True,2024-08-01
967,456,11,Delivery,Lakeside Foods Manufacturi Annex,5006 Juniper Avenue,Utrecht,SE2 1D,False,True,2026-01-07
968,457,5,Billing,Lakeside Cold Foods Distri HQ,1554 Crescent Drive,Seattle,80495,True,True,
969,457,5,Returns,Lakeside Cold Foods Distri DC,9944 Market Row,Los Angeles,43992,False,True,2024-10-05
970,457,9,Cross-Dock,Lakeside Cold Foods Distri Plant,2439 Marlow Parkway,Leeds,L2 5B,False,True,2023-08-11
971,458,3,Billing,Oakmont Pet Nutrition Part HQ,8619 Dockside Lane,Minneapolis ,70328,True,True,2025-04-23
972,459,4,Billing,Orchard Foods Partners HQ,8862 Crescent Drive,Las Vegas,39248,True,True,2024-06-10
973,460,8,Billing,Lakeside Beverage Labs HQ,1646 Market Row,Quebec City,20004,True,True,2023-03-02
974,460,8,Cross-Dock,Lakeside Beverage Labs DC,6089 Vine Street,Sherbrooke,55524,False,True,2026-02-13
975,460,11,Cross-Dock,Lakeside Beverage Labs Plant,397 Foundry Way,Rotterdam,M3 7D,False,True,2026-03-02
976,460,8,Production Site,Lakeside Beverage Labs Annex,2821 Station Road,Laval,69745,False,True,2023-06-06
977,461,3,Billing,Riverbend Dairy Co-op  HQ,1445 Foundry Way,Detroit,15114,True,True,2023-03-05
978,461,3,Returns,Riverbend Dairy Co-op  DC,1804 Ridgeview Road,Minneapolis,32908,False,True,2023-02-01
979,462,4,Billing,Cobalt Foosd Partners HQ,2536 Station Road,Albuquerque,29699,True,True,2024-06-06
980,462,4,Cross-Dock,Cobalt Foosd Partners DC,8297 Ridgeview Road,Las Vegas,50979,False,True,2023-07-18
981,462,9,Delivery,Cobalt Foosd Partners Plant,8539 Crescent Drive,London,L8 1A,False,True,2024-10-20
982,463,11,Billing,Oakmont Seafood Holdings HQ,876 Market Row,Rottredam,B8 6C,True,True,2026-03-07
983,464,3,Billing,Lakeside Meal Systems Food HQ,5587 Canal Street,Minneapolis,40293,True,True,2023-04-06
984,464,8,Production Site,Lakeside Meal Systems Food DC,7099 Harvester Road,Sherbrooke,81116,False,True,2024-08-16
985,465,9,Billing,Aster Ingredients Supply HQ,8605 Foundry Way,Manchester,SE3 9C,True,True,
986,465,9,Production Site,Aster Ingredients Supply DC,6474 Market Row,Manchester,EH3 8B,False,True,
987,466,7,Billing,Bluevale Specialty Produce HQ,6374 Canal Street,London,53681,True,True,2024-06-25
988,466,8,Cross-Dock,Bluevale Specialty Produce DC,374 Foundry Way,Montreal,18259,False,True,2025-10-06
989,466,7,Production Site,Bluevale Specialty Produce Plant,3044 Juniper Avenue,London,22629,False,True,2023-02-15
990,467,8,Billing,Aster Ingredients Distribu HQ,2043 Dockside Lane,Montreal,72031,True,True,2025-07-14
991,467,9,Cross-Dock,Aster Ingredients Distribu DC,9733 Station Road,Leeds,B7 4D,False,True,2024-07-23
992,468,9,Billing,Cardinal Biologics Co-op HQ,1157 Market Row,Leeds,M8 8A,True,True,2025-01-15
993,468,9,Returns,Cardinal Biologics Co-op DC,4604 Ridgeview Road,London,B2 4B,False,True,2025-09-02
994,468,9,Production Site,Cardinal Biologics Co-op Plant,7011 Juniper Avenue,London,M8 2B,False,True,2023-06-15
995,468,9,Delivery,Cardinal Biologics Co-op Annex,8276 Juniper Avenue,Leeds,SE4 3D,False,True,2025-07-03
996,469,6,Billing,Mosaic Floral Logistics Fo HQ,3213 Station Road,Dallas,31481,True,True,2025-10-06
997,469,6,Production Site,Mosaic Floral Logistics Fo DC,7456 Dockside Lane,Austin,67945,False,True,
998,470,2,Billing,Aster Floral Logistics Log HQ,3204 Crescent Drive,Atlanta,45493,True,True,2024-08-05
999,470,2,Cross-Dock,Aster Floral Logistics Log DC,719 Harvester Road,Atlanta,59665,False,False,2024-03-19
1000,471,2,Billing,Forge Laboratories Partner HQ ,8925 Mill Lane,Charlotte,68404,True,True,2023-05-31
1001,472,9,Billing,Orchard Nutrition Partners HQ,5337 Juniper Avenue,Manchester,EH7 1C,True,True,2023-05-25
1002,473,11,Billing, Vantage Foods Group HQ,6894 Marlow Parkway,Utrecht,M9 3D,True,True,2025-11-13
1003,473,11,Delivery, Vantage Foods Group DC,2058 Harvester Road,Utrecht,L1 4B,False,True,2025-11-13
1004,473,11,Cross-Dock, Vantage Foods Group Plant,6450 Canal Street,Utrecht,M1 1D,False,True,2026-01-30
1005,474,7,Billing,Cobalt Foods Mfg HQ,846 Juniper Avenue,Hamilton,73821,True,True,2023-04-19
1006,474,2,Production Site,Cobalt Foods Mfg DC,5440 Ridgeview Road,Charlotte,64406,False,True,
1007,475,3,Billing,Crescent Beverage Partners HQ,1278 Harvester Road,Detroit,68351,True,True,2025-09-11
1008,475,3,Returns,Crescent Beverage Partners DC,8100 Marlow Parkway,Minneapolis,93162,False,True,2024-12-19
1009,476,9,Billing,Bluevale Biologics Labs HQ,8644 Canal Street,Manchester,SE4 6A,True,True,2023-12-03
1010,476,9,Delivery,bluevale biologics labs dc,4655 Dockside Lane,Bristol,L3 4A,False,True,2025-10-23
1011,476,9,Production Site,Bluevale Biologics Labs Plant,9397 Vine Street,Bristol,M4 7A,False,True,2023-01-10
1012,477,7,Billing,Meridian Dairy Group HQ,4160 Harvester Road,Hamilton,76136,True,True,2025-12-12
1013,477,10,Production Site,Meridian Dairy Group DC,5943 Dockside Lane,Cologne,B8 9D,False,True,2024-05-23
1014,478,4,Billing,Crown Floral Logistics Mfg HQ,2377 Marlow Parkway,Denver,50742,True,True,2023-01-04
1015,479,9,Billing,Cardinal Laboratories Part HQ,2626 Juniper Avenue,Manchester,EH5 5A,True,True,2023-03-12
1016,480,7,Billing,Trinity Floral Logistics G HQ,4709 Marlow Parkway,London,12632,True,True,2024-05-25
1017,481,8,Billing,Northwind Ingredients Manu HQ,5600 Juniper Avenue,Montreal,22973,True,True,2025-08-20
1018,481,8,Cross-Dock,Northwind Ingredients Manu DC,6379 Dockside Lane,Sherbrooke,25937,False,True,2024-12-30
1019,481,8,Returns,Northwind Ingredients Manu Plant,8904 Vine Street,Quebec City,94096,False,True,2023-07-30
1020,481,8,Returns,Northwind Ingredients Manu Annex,8692 Station Road,Laval,89301,False,True,2024-04-09
1021,482,1,Billing,Oakmont Meal Systems Group HQ,1936 Canal Street,Newark,13694,True,True,2023-01-15
1022,482,6,Delivery,Oakmont Meal Systems Group DC,7664 Market Row,Houston,73507,False,True,2023-10-03
1023,483,8,Billing,Crown Biologics Group HQ,3750 Mill Lane,Laval,35461,True,True,2024-04-20
1024,484,1,Billing,Bluevale Specialty Produce HQ,6602 Mill Lane,Boston,43699,True,True,2024-05-20
1025,484,1,Delivery,Bluevale Specialty Produce DC,4967 Ridgeview Road,Boston,79651,False,True,2025-08-03
1026,484,1,Returns,Bluevale Specialty Produce Plant,6662 Juniper Avenue,Hartford,77217,False,True,2023-03-13
1027,485,4,Billing,Harbor Beverage Labs HQ,6849 Ridgeview Road,Denver,50426,True,True,2024-08-29
1028,486,2,Billing,Cardinal Nutrition Parnter HQ,5050 Ridgeview Road,Nashville,60679,True,True,2024-09-07
1029,486,2,Cross-Dock,Cardinal Nutrition Parnter DC,7991 Crescent Drive,Charlotte,60113,False,True,2025-06-30
1030,487,2,Billing,Trinity Meal Systems Partn HQ,2958 Mill Lane,Charlotte,63326,True,True,2023-10-20
1031,487,2,Delivery,Trinity Meal Systems Partn DC,5385 Canal Street,Nashville,18167,False,True,2024-01-25
1032,487,8,Production Site,Trinity Meal Systems Partn Plant,7185 Foundry Way,Laval,84689,False,True,2025-05-15
1033,488,3,Billing,Northwind Specialty Produc HQ,3320 Crescent Drive,Minneapolis,73722,True,True,2026-02-11
1034,489,9,Billing,Ardent Seafood Group HQ,2786 Ridgeview Road,Leeds,EH8 2D,True,True,2023-04-17
1035,489,8,Cross-Dock,Ardent Seafood Group DC,3751 Canal Street,Laval,76680,False,True,2023-09-26
1036,490,5,Billing, Brightwell Floral Logisti HQ,4888 Ridgeview Road,Los Angeles,65332,True,False,2025-01-26
1037,490,11,Production Site, Brightwell Floral Logisti DC,250 Foundry Way,Eindhoven,EH5 7B,False,True,2026-01-19
1038,491,5,Billing,Briar Meal Systems Distrib HQ,7831 Juniper Avenue,Seattle,48824,True,True,2024-03-28
1039,491,5,Cross-Dock,Briar Meal Systems Distrib DC,5286 Ridgeview Road,Seattle,92203,False,True,2024-07-30
1040,492,1,Billing,Orchard Specialty Produce  HQ,8927 Marlow Parkway,Newark,51539,True,False,2024-07-09
1041,492,1,Cross-Dock,Orchard Specialty Produce  DC,4064 Foundry Way,Portland,68681,False,True,2024-02-17
1042,493,9,Billing,Northwind Seafood Foods HQ,4916 Mill Lane,London,M4 1A,True,True,2024-10-01
1043,494,4,Billing,Briar Dairy Holdings HQ,8502 Market Row,Las Vegas,65047,True,True,2025-08-30
1044,494,6,Returns,Briar Dairy Holdings DC,6774 Market Row,San Antonio,45995,False,True,2025-09-06
1045,495,6,Billing,Cobalt Cold Foods Holdings HQ,2296 Market Row,San Antonio,74859,True,True,2024-02-14
1046,496,9,Billing,Cobalt Specialty Produce M HQ,6383 Market Row,manchester,EH5 3C,True,True,2023-03-13
1047,496,9,Production Site,Cobalt Specialty Produce M DC,6888 Vine Street,London,SE3 7C,False,True,2023-03-08
1048,497,10,Billing,summit meal systems supply HQ,1934 Harvester Road,Cologne,EH3 7A,True,True,2025-07-07
1049,497,10,Delivery,summit meal systems supply DC,4590 Crescent Drive,Munich,B3 3A,False,True,2024-11-25
1050,497,10,Production Site,summit meal systems supply Plant,8987 Vine Street,Hamburg,M7 6D,False,True,2024-10-17
1051,497,10,Production Site,summit meal systems supply Annex,5291 Crescent Drive,Hamburg,SE3 6A,False,True,2024-05-16
1052,498,3,Billing,Lantern Beverage Manufactu HQ,408 Crescent Drive,Minneapolis,84062,True,True,2023-09-19
1053,498,3,Cross-Dock,Lantern Beverage Manufactu DC,5518 Foundry Way,Columbus,87987,False,True,
1054,498,3,Delivery,Lantern Beverage Manufactu Plant,9742 Marlow Parkway,Chicago,25120,False,True,2025-07-03
1055,498,3,Cross-Dock,Lantern Beverage Manufactu Annex,4129 Juniper Avenue,Minneapolis,90818,False,True,2024-09-22
1056,499,4,Billing, Brightwell Ingredients Lab HQ,8591 Juniper Avenue,Phoenix,96668,True,True,2025-02-06
1057,500,6,Billing,Granite Meal Systems Manuf HQ,1574 Harvester Road,Houston,44502,True,True,2025-04-11
1058,500,6,Production Site,Granite Meal Systems Manuf DC,9090 Vine Street,Houston,19117,False,True,2025-06-14
1059,501,6,Billing,Orchard Nutrition Distribu HQ,7734 Mill Lane,San Antonio,47779,True,True,
1060,502,1,Billing,Riverbend Pet Nutrition Ho HQ,5657 Vine Street,Newark,74198,True,True,2023-09-19
1061,502,4,Production Site,Riverbend Pet Nutrition Ho DC,6294 Foundry Way,Denver,45118,False,True,2025-03-16
1062,503,5,Billing,Bluevale Nutrition Co-op HQ,8378 Market Row,San Diego,83656,True,True,2025-08-30
1063,504,6,Billing,Granite Floral Logistics M HQ,5293 Vine Street,Austin,69956,True,True,2025-10-03
1064,505,11,Billing,Crown Specialty Produce Mf HQ,7013 Juniper Avenue,Rotterdam,M4 3D,True,True,2024-12-03
1065,505,11,Delivery,Crown Specialty Produce Mf DC,3217 Harvester Road,Utrecht,SE9 4C,False,True,2025-06-24
1066,506,9,Billing,Cobalt Seafood Supply HQ,6446 Dockside Lane,Leeds,L5 9C,True,True,2024-11-14
1067,506,9,Cross-Dock,Cobalt Seafood Supply DC,1161 Vine Street,London,B2 3D,False,True,2025-05-27
1068,506,9,Production Site,Cobalt Seafood Supply Plant,9695 Marlow Parkway,Bristol,SE2 9B,False,True,2026-02-08
1069,507,8,Billing,Pioneer Foods Foods HQ,4558 Marlow Parkway,Sherbrooke,45999,True,True,2024-06-07
1070,507,7,Delivery,Pioneer Foods Foods DC,1123 Juniper Avenue,Toronto,29041,False,False,2023-04-22
1071,508,1,Billing,Oakmont Ingredients Foods HQ,1038 Marlow Parkway,Portland,80006,True,True,2024-07-22
1072,509,3,Billing,Northwind Pet Nutrition Mf HQ,4765 Mill Lane,Minneapolis,63108,True,True,2024-10-17
1073,510,1,Billing,Orchard Nutrition Partners HQ,5788 Ridgeview Road,Newark,27812,True,True,2025-09-18
1074,510,1,Returns,Orchard Nutrition Partners DC,7471 Crescent Drive,Portland,30822,False,False,2025-03-06
1075,511,11,Billing,SummitP harma Partners HQ,9060 Dockside Lane,Amsterdam,L5 4C,True,True,2024-08-29
1076,511,6,Returns,SummitP harma Partners DC,3954 Marlow Parkway,Houston,78572,False,True,2025-03-24
1077,512,11,Billing,Oakmont Specialty Produce  HQ,7778 Marlow Parkway,Rotterdam,B5 7B,True,True,2023-01-27
1078,512,11,Cross-Dock,Oakmont Specialty Produce  DC,2649 Juniper Avenue,Eindhoven,M1 6B,False,True,2024-12-22
1079,512,11,Production Site,Oakmont Specialty Produce  Plant,5990 Foundry Way,Amsterdam,EH9 7B,False,True,2023-08-07
1080,512,11,Returns,Oakmont Specialty Produce  Annex ,2820 Juniper Avenue,Eindhoven,M6 3B,False,False,2025-10-01
1081,513,10,Billing,Lantern Nutrition Supply HQ,2632 Mill Lane,Munich,SE3 7D,True,True,2023-05-30
1082,514,5,Billing,Briar Pharma Holdings HQ,5037 Station Road,Oakland,20593,True,True,2025-06-17
1083,514,7,Cross-Dock,Briar Pharma Holdings DC,6660 Crescent Drive,Toronto,37144,False,True,2025-11-30
1084,515,5,Billing,Granite Pharma Co-op HQ,1038 Ridgeview Road,Los Angeles,54291,True,True,2023-11-21
1085,515,5,Production Site,Granite Pharma Co-op DC,5537 Foundry Way,Los Angeles,94815,False,True,
1086,515,5,Delivery,Granite Pharma Co-op Plant,4277 Mill Lane,Okaland,22876,False,True,2026-03-18
1087,516,7,Billing,Helix Specialty Produce Di HQ,5423 Juniper Avenue,London,25548,True,True,2026-02-10
1088,517,10,Billing,Cedar Beverage Foods HQ,1780 Ridgeview Road,Hamburg,B9 9C,True,True,2024-11-02
1089,517,3,Cross-Dock,CEDAR BEVERAGE FOODS DC,8895 Juniper Avenue,Columbus,87224,False,True,2024-10-28
1090,517,10,Returns,Cedar Beverage Foods Plant,5909 Foundry Way,Cologne,EH1 9A,False,True,2025-03-19
1091,517,1,Cross-Dock,Cedar Beverage Foods Annex,1588 Harvester Road,Boston,16922,False,True,2023-10-12
1092,518,2,Billing,Bluevale Nutrition Labs HQ,6382 Vine Street,Charlotte,81348,True,True,2025-03-31
1093,518,2,Cross-Dock,Bluevale Nutrition Labs DC,7497 Dockside Lane,Orlando,77915,False,True,2025-02-02
1094,519,1,Billing,Solace Meal Systems Supply HQ,1560 Vine Street,Portland,44013,True,True,2023-06-14
1095,519,1,Cross-Dock,Solace Meal Systems Supply DC,1213 Mill Lane,Portland,17790,False,True,2025-07-09
1096,520,9,Billing,Briar Cold Foods Manufactu HQ,4232 Canal Street,Bristol,B4 7B,True,True,2024-03-28
1097,520,8,Cross-Dock,Briar Cold Foods Manufactu DC,9640 Canal Street,Sherbrooke,88793,False,True,2025-11-24
1098,520,9,Delivery, Briar Cold Foods Manufactu Plant,8792 Juniper Avenue,Bristol,L3 1A,False,True,2023-03-29
1099,521,11,Billing,Bluevale Cold Foods Distri HQ,1197 Juniper Avenue,Eindhoven,M7 4A,True,True,2023-07-04
1100,521,11,Delivery,Bluevale Cold Foods Distri DC,777 Mill Lane,amsterdam,M3 4D,False,True,
1101,522,9,Billing,Solace Floral Logistics Ma HQ,6692 Market Row,Leeds,SE5 5A,True,True,2025-08-09
1102,522,10,Cross-Dock,Solace Floral Logistics Ma DC,4276 Station Road,Hamburg,B5 3A,False,True,2025-07-14
1103,522,10,Delivery,Solace Floral Logistics Ma Plant,6874 Mill Lane,Berlin,EH6 6D,False,True,2023-12-13
1104,523,7,Billing,Helix Floral Logistics Foo HQ ,9599 Canal Street,Ottawa,86998,True,True,2024-08-03
1105,523,7,Production Site,Helix Floral Logistics Foo DC,5909 Foundry Way,Toronto,39271,False,True,2024-05-31
1106,523,7,Returns,Helix Floral Logistics Foo Plant,856 Foundry Way,Toronto,50901,False,True,2023-10-11
1107,524,11,Billing,Helix Pharma Distribution HQ,3081 Harvester Road,Amsterdam,M3 1B,True,True,2025-04-12
1108,525,11,Billing,Bluevale Cold Foods Co-op HQ,1614 Mill Lane,Amsterdam,SE1 4C,True,True,2024-06-30
1109,526,10,Billing,Orchard Pet Nutrition Hold HQ,1173 Crescent Drive, Cologne,L4 2A,True,True,2023-07-16
1110,526,10,Returns,Orchard Pet Nutrition Hold DC,549 Foundry Way,Munich,SE7 9D,False,True,2024-02-07
1111,527,1,Billing,Everfield Pharma Holdings HQ,3572 Station Road,Newark,97276,True,True,2023-11-15
1112,528,3,Billing,Crown Biologics Holdings HQ,355 Market Row,Chicago,73492,True,True,2024-10-26
1113,528,3,Production Site,Crown Biologics Holdings DC,2323 Canal Street,Detroit,30537,False,True,2025-01-09
1114,528,3,Returns,CROWN BIOLOGICS HOLDINGS PLANT,6892 Mill Lane,Chicago,80260,False,True,2025-08-16
1115,529,7,Billing,Vantage Specialty Produce  HQ,8933 Juniper Avenue,Ottawa,59020,True,True,2025-05-30
1116,529,8,Delivery,Vantage Specialty Produce  DC,8666 Crescent Drive,Montreal,48074,False,True,2024-10-09
1117,530,8,Billing,Northwind Cold Foods Holdi HQ,2544 Mill Lane,Laval,88162,True,True,
1118,530,8,Delivery,Northwind Cold Foods Holdi DC,1178 Vine Street,Laval,45296,False,True,
1119,530,8,Returns,Northwind Cold Foods Holdi Plant,8041 Harvester Road,Sherbrooke,91484,False,True,2025-02-08
1120,531,7,Billing,Harbor Beverage Holdings HQ,3305 Market Row,London,80241,True,True,2026-01-25
1121,531,7,Production Site,Harbor Beverage Holdings DC,7463 Mill Lane,Ottawa,66125,False,True,2025-05-10
1122,531,7,Delivery,Harbor Beverage Holdings Plant,2647 Ridgeview Road,Ottawa,32940,False,True,2024-09-19
1123,532,7,Billing,Cobalt Beverage Group HQ,1769 Harvester Road,London,74701,True,True,2023-10-12
1124,533,4,Billing,Granite Beverage Foods HQ,3057 Foundry Way,Las Vegas,73111,True,True,2024-05-15
1125,533,4,Cross-Dock,Granite Beverage Foods DC,5274 Harvester Road,Las Vegas,76717,False,True,2023-07-13
1126,533,8,Delivery,Granite Beverage Foods Plant,7243 Foundry Way,Laval,57733,False,True,2024-09-24
1127,533,4,Delivery,Granite Beverage Foods Annex,5582 Foundry Way,Denver,11156,False,True,2025-07-24
1128,534,7,Billing,Vantage Seafood Mfg HQ,522 Dockside Lane,London,47367,True,True,2024-01-27
1129,534,7,Cross-Dock,Vantage Seafood Mgf DC,3144 Dockside Lane,Toronto,60458,False,True,2023-08-19
1130,534,7,Production Site,Vantage Seafood Mfg Plant,9892 Mill Lane,Hamilton,81257,False,False,2024-09-12
1131,535,4,Billing,Keystone Foods Co-op HQ,3311 Juniper Avenue,Denver,33491,True,True,
1132,535,4,Cross-Dock,KEYSTONE FOODS CO-OP DC,3438 Vine Street,Denver,42510,False,True,2024-10-23
1133,535,4,Delivery,Keystone Foods Co-op Plant,3426 Canal Street,Albuquerque,63194,False,True,2025-11-27
1134,535,4,Cross-Dock,Keystone Foods Co-op Annex,8485 Marlow Parkway,Las Vegas,44988,False,True,2024-06-30
1135,536,7,Billing,Cboalt Specialty Produce L HQ,949 Station Road,London,94997,True,True,2024-02-01
1136,537,5,Billing,Keystone Cold Foods Group HQ,6274 Marlow Parkway,Los Angeles,37955,True,True,2023-11-07
1137,537,7,Production Site,Keystone Cold Foods Group DC,3088 Market Row,Hamilton,26199,False,True,2023-10-03
1138,537,5,Delivery,Keystone Cold Foods Group Plant,8110 Marlow Parkway,Oakland,70183,False,True,2023-03-13
1139,538,10,Billing,Helix Seafood Foods HQ,8054 Foundry Way,Berlin,SE7 1A,True,True,2024-05-08
1140,538,10,Returns,Helix Seafood Foods DC,9620 Vine Street,Hamburg,L1 1A,False,True,2024-07-11
1141,538,10,Cross-Dock,Helix Seafood Foods Plant,8388 Market Row,Munich,EH7 6D,False,True,2025-06-01
1142,539,7,Billing,Oakmont Cold Foods Logisti HQ,8383 Market Row,Ottawa,91971,True,True,2025-05-25
1143,539,4,Cross-Dock,Oakmont Cold Foods Logisti DC,6185 Marlow Parkway,Denver,35833,False,True,
1144,539,7,Production Site,Oakmont Cold Foods Logisti Plant,3299 Market Row,Ottawa,13838,False,True,2025-10-14
1145,540,9,Billing,Northwind Pharma Logistics HQ,4879 Market Row,Manchester,EH7 9A,True,True,2025-11-17
1146,541,2,Billing,Trinity Pet Nutrition Part HQ,5493 Juniper Avenue,Charlotte,43213,True,False,2024-11-04
1147,542,9,Billing,Everfield Foods Co-op HQ,7706 Canal Street,Bristol,EH4 6B,True,True,2023-09-12
1148,543,4,Billing,Brightwell Foods Logistics HQ,6484 Marlow Parkway,Albuquerque,68957,True,True,2023-09-05
1149,544,7,Billing,Crescent Pet Nutriiton Dis HQ,4548 Vine Street,Hamilton,98510,True,True,2023-10-20
1150,544,7,Cross-Dock,Crescent Pet Nutriiton Dis DC,5306 Ridgeview Road,London,81599,False,True,2025-07-02
1151,544,7,Cross-Dock,Crescent Pet Nutriiton Dis Plant,1375 Foundry Way,London,49914,False,True,2024-02-16
1152,545,7,Billing,Summit Dairy Group HQ,2241 Vine Street,Hamilton,98843,True,True,2024-07-14
1153,545,7,Returns,Summit Dairy Group DC,3622 Dockside Lane,Ottawa,47559,False,True,2023-10-28
1154,546,3,Billing,Granite Specialty Produce  HQ,7589 Crescent Drive,Detroit,53394,True,True,2025-04-14
1155,546,3,Cross-Dock,Granite Specialty Produce  DC,6825 Ridgeview Road,Minneapolis,43843,False,True,2023-02-04
1156,546,5,Production Site,Granite Specialty Produce  Plant,2634 Marlow Parkway,Oakland,14151,False,True,2025-01-03
1157,547,6,Billing,Solace Specialty Produce F HQ,920 Harvester Road,Dallas,37417,True,True,2023-07-11
1158,547,6,Delivery,Solace Specialty Produce F DC,5419 Market Row,Dallas,24969,False,True,2025-07-17
1159,547,6,Cross-Dock,Solace Specialty Produce F Plant,9307 Foundry Way,san antonio,72700,False,True,2023-04-02
1160,548,8,Billing, Bluevale Ingredients Manuf HQ,9764 Mill Lane,Sherbrooke,34140,True,True,2024-08-31
1161,548,8,Delivery,Bluevale Ingredients Manuf DC,1534 Foundry Way,Sherbrooke,81481,False,True,2023-08-04
1162,549,10,Billing,Pioneer Meal Systems Logis HQ,4077 Mill Lane,Cologne,M4 6D,True,True,2025-05-12
1163,549,10,Returns,Pioneer Meal Systems Logis DC,2945 Station Road,Munich,B2 5D,False,True,2023-11-04
1164,549,10,Production Site,Pioneer Meal Systems Logis Plant,7836 Station Road,Munich,EH6 5B,False,True,2025-10-24
1165,550,4,Billing,Cobalt Meal Systems Manufa HQ,1993 Crescent Drive,Phoenix,37837,True,True,
1166,550,4,Production Site,Cobalt Meal Systems Manufa DC,7741 Marlow Parkway,Albuquerque,33682,False,True,2023-09-16
1167,550,4,Returns,Cobalt Meal Systems Manufa Plant,6876 Crescent Drive,Albuquerque,47526,False,True,2023-03-15
1168,551,7,Billing,Orchard Ingredients Logist HQ,8199 Dockside Lane,Hamilton,95081,True,True,2025-07-08
1169,551,11,Production Site,Orchard Ingredients Logist DC,3955 Crescent Drive,Eindhoven,EH2 7D,False,False,2025-03-22
1170,552,9,Billing,Crown Laboratories Labs HQ,7844 Vine Street,LEEDS,L9 3A,True,True,2023-10-08
1171,552,1,Returns,Crown Laboratories Labs DC,7103 Market Row,Newark,31280,False,True,2023-11-06
1172,553,7,Billing,Northwind Beverage Holding HQ,7048 Marlow Parkway,Hamilton,70217,True,True,2025-08-08
1173,553,7,Delivery,Northwind Beverage Holding DC,1483 Station Road,Hamilton,79866,False,True,
1174,553,7,Delivery,Northwind Beverage Holding Plant,9082 Market Row,Hamilton,93984,False,False,2023-11-13
1175,554,4,Billing,Lantern Pet Nutrition Grou HQ,938 Juniper Avenue,Las Vegas,31430,True,True,2023-01-08
1176,554,4,Returns,Lantern Pet Nutrition Grou DC,9632 Foundry Way,Denver,32391,False,True,2024-04-07
1177,554,4,Returns,Lantern Pet Nutrition Grou Plant,9624 Station Road,Denver,36620,False,True,2025-02-19
1178,555,2,Billing,Brightwell Ingredients Foo HQ,4266 Market Row,Orlando,47383,True,True,2024-08-29
1179,555,6,Delivery,Brightwell Ingredients Foo DC,4634 Foundry Way,Dallas,35247,False,True,2025-11-25
1180,555,6,Production Site,Brightwell Ingredients Foo Plant,7260 Ridgeview Road,San Antonio,33507,False,True,2025-12-12
1181,556,4,Billing,Granite Meal Systems Logis HQ,7218 Station Road,Albuquerque,21420,True,True,2023-11-11
1182,556,4,Delivery,Granite Meal Systems Logis DC,2570 Ridgeview Road,Phoenix,45781,False,True,2025-08-08
1183,557,2,Billing,Keystone Pharma Mfg HQ,2014 Foundry Way,Atlanta,24957,True,True,2025-02-12
1184,557,2,Cross-Dock,Keystone Pharma Mfg DC,8384 Market Row,Charlotte,61795,False,True,2025-12-05
1185,557,2,Returns,Keystone Pharma Mfg Plant,6357 Vine Street,Atlanta,26194,False,True,2026-01-19
1186,557,2,Production Site,Keystone Pharma Mfg Annex,6754 Foundry Way,Nashville,25192,False,True,2024-11-01
1187,558,8,Billing, Orchard Nutrition Logisti HQ,8626 Marlow Parkway,Laval,55895,True,True,2026-02-02
1188,559,2,Billing,Trinity Pet Nutrition Labs HQ,5529 Station Road,Charlotte,83823,True,True,2025-09-08
1189,559,2,Returns,Trinity Pet Nutrition Labs DC,9739 Marlow Parkway,Nashville,18444,False,True,
1190,559,2,Delivery,Trinity Pet Nutrition Labs Plant,6987 Juniper Avenue,Nashville,16893,False,True,2025-09-11
1191,559,2,Cross-Dock,Trinity Pet Nutrition Labs Annex,1230 Foundry Way,Nashville,21271,False,True,2024-10-08
1192,560,3,Billing,Cardinal Floral Logistics  HQ,8454 Vine Street,Minneapolis,15619,True,True,2024-11-20
1193,560,3,Delivery,Cardinal Floral Logistics  DC,3502 Juniper Avenue,Columbus,55284,False,True,2023-10-29
1194,560,3,Returns,Cardinal Floral Logistics  Plant,7669 Ridgeview Road,Detroit,67113,False,True,2026-01-15
1195,561,2,Billing,Granite Ingredients Logist HQ,5056 Harvester Road,Charlotte,78127,True,True,2025-01-05
1196,562,10,Billing,Harbor Biologics Holdings  HQ,6559 Foundry Way,Hamburg,SE7 9A,True,True,
1197,562,10,Production Site,Harbor Bioloigcs Holdings  DC,8326 Juniper Avenue,Munich,EH9 8D,False,False,2023-01-31
1198,562,11,Cross-Dock,Harbor Biologics Holdings  Plant,1629 Marlow Parkway,Amsterdam,EH6 9C,False,True,2024-12-04
1199,563,3,Billing,Forge Pharma Foods HQ,2040 Harvester Road,Columbus,65807,True,True,2024-03-02
1200,563,3,Production Site,Forge Pharma Foods DC,9677 Dockside Lane,Detroit,35337,False,False,2023-12-10
1201,564,8,Billing,Forge Floral Logistics Par HQ,9401 Marlow Parkway,Sherbrooke,83281,True,True,2025-02-24
1202,565,4,Billing,Lakeside Cold Foods Partne HQ,9972 Mill Lane,Phoenix,60287,True,True,2025-08-03
1203,565,4,Delivery,Lakeside Cold Foosd Partne DC,8877 Marlow Parkway,Denver,70404,False,True,2023-04-04
1204,566,4,Billing,Everfield Biologics Co-op HQ,4277 Mill Lane,Las Vegas,27512,True,True,2023-02-25
1205,566,4,Cross-Dock,Everfield Biologics Co-op DC,3484 Marlow Parkway,Denver,12183,False,True,2023-01-07
1206,567,4,Billing,Orchard Foods Partners HQ,5710 Harvester Road,Albuquerque,62971,True,True,2025-11-03
1207,567,4,Returns,Orchard Foods Partners DC,3163 Juniper Avenue,Denver,10047,False,True,2024-06-29
1208,568,4,Billing,Trinity Beverage Manufactu HQ,4274 Dockside Lane,Las Vegas,52097,True,True,2024-04-10
1209,568,4,Delivery,Trinity Beverage Manufactu DC,8739 Dockside Lane,Phoenix,60924,False,True,2024-08-22
1210,568,4,Returns,Trinity Beverage Manufactu Plant,9361 Dockside Lane,Albuquerque,37754,False,True,2025-04-11
1211,569,10,Billing,Riverbend Specialty Produc HQ,8881 Vine Street,Munich,M5 5D,True,True,2023-01-27
1212,569,3,Cross-Dock,Riverbend Specialty Produc DC,4276 Foundry Way,Chicago,72409,False,True,
1213,569,10,Cross-Dock,Riverbend Specialty Produc Plant,2105 Juniper Avenue,Munich,M9 5C,False,True,2025-09-19
1214,570,10,Billing,Briar Seafood Foods HQ,7644 Station Road,Hamburg,B9 5D,True,True,2023-07-23
1215,570,10,Production Site,Briar Seafood Foods DC,2783 Juniper Avenue,Berlin,SE5 8B,False,False,
1216,570,10,Production Site,Briar Seafood Foods Plant,5377 Foundry Way,Cologne,M1 2B,False,True,2023-06-29
1217,570,10,Delivery,Briar Seafood Foods Annex,8015 Canal Street,Hamburg,B8 1D,False,True,2025-12-19
1218,571,7,Billing,Westline Dairy Foods HQ,3917 Foundry Way,London,76200,True,True,2023-10-05
1219,571,4,Production Site,Westline Dairy Foods DC,3095 Ridgeview Road,Denver,37468,False,True,2024-04-25
1220,572,7,Billing,Forge Laboratories Labs HQ,2758 Market Row,London,25044,True,True,2023-04-06
1221,572,7,Returns,Forge Laboratories Labs DC,9695 Vine Street,Ottawa,79675,False,True,2024-11-22
1222,573,1,Billing,Harbor Pharma Dist. HQ,6788 Harvester Road,Boston,68925,True,True,2024-07-23
1223,573,1,Returns,Harbor Pharma Dist. DC,4971 Foundry Way,Newark,25502,False,True,
1224,574,8,Billing,Cobalt Specialty Produce H HQ,2379 Foundry Way,Quebec City,76071,True,True,2025-04-30
1225,575,10,Billing,Pioneer Seafood Manufactur HQ,4938 Station Road,Munich,B7 4B,True,True,2024-06-14
1226,575,10,Cross-Dock,Pioneer Seafood Manufactur DC,8280 Dockside Lane,Munich,B4 2D,False,True,2024-01-19
1227,575,10,Returns,Pioneer Seafood Manufactur Plant,7653 Station Road,Hamburg,M9 8A,False,True,2026-02-17
1228,576,5,Billing,Harbor Laboratories Foods HQ,7547 Harvester Road,Los Angeles,32444,True,True,2026-01-29
1229,576,5,Cross-Dock,Harbor Laboratories Foods DC,5273 Vine Street,Seattle,15871,False,True,2023-04-13
1230,576,5,Cross-Dock,Harbor Laboratories Foods Plant,5986 Market Row,Los Angeles,34611,False,True,2025-12-03
1231,577,1,Billing,Crown Foods Supply HQ,7908 Ridgeview Road,Boston,32977,True,True,2025-05-26
1232,578,6,Billing,Oakmont Biologics Group HQ,2133 Harvester Road,Houston,77489,True,True,
1233,579,3,Billing,Orchard Specialty Produce  HQ,6043 Crescent Drive,Minneapolis,11792,True,True,2023-02-22
1234,579,3,Delivery,Orchard Specialty Produce  DC,8301 Foundry Way,Minneapolis,16080,False,True,2025-07-03
1235,580,7,Billing,Granite Specialty Produce  HQ,6372 Vine Street,Ottawa,20122,True,True,2025-12-29
1236,580,7,Production Site,Granite Specialty Produce  DC,6765 Harvester Road,Ottawa,98747,False,True,2023-02-18
1237,580,7,Cross-Dock,Granite Specialty Produce  Plant,6601 Harvester Road,Hamilton,18028,False,True,2024-07-01
1238,581,11,Billing,Northwind Laboratories Man HQ,2389 Harvester Road,Eindhoven,M2 6A,True,True,2025-07-23
1239,581,11,Returns,Northwind Laboratories Man DC,9133 Mill Lane,Rotterdam,L6 5C,False,False,2023-09-26
1240,582,7,Billing,Meridian Floral Logistics  HQ,7156 Canal Street,Hamilton,38336,True,True,2023-09-15
1241,583,7,Billing,Cedar Laboratories Logisti HQ,1045 Mill Lane,Ottawa,47215,True,True,2024-02-27
1242,584,1,Billing,Cedar Biologics Supply HQ,8404 Crescent Drive,Portland,91821,True,False,2025-01-05
1243,584,1,Delivery,Cedar Biologics Supply DC,7539 Crescent Drive,Boston,10820,False,True,2025-11-18
1244,584,1,Delivery,Cedar Biologics Supply Plant,1053 Ridgeview Road,Hartford,26267,False,True,2024-01-25
1245,585,3,Billing,Summit Meal Systems Partne HQ,5826 Crescent Drive,Chicago,88764,True,True,2025-12-09
1246,585,3,Production Site,Summit Meal Systems Partne DC,9961 Ridgeview Road,Columbus,95283,False,True,2024-02-13
1247,585,3,Production Site,Summit Meal Systems Partne Plant,1579 Harvester Road,Columbus,73738,False,True,2025-03-09
1248,586,2,Billing,Trinity Nutrition Logistic HQ,5259 Vine Street,Orlando,45422,True,True,2024-03-25
1249,586,10,Cross-Dock,Trinity Nutrition Logistic DC,9508 Vine Street,Hamburg,SE8 3A,False,True,
1250,587,2,Billing,Cadrinal Foods Holdings HQ,4539 Dockside Lane,Orlando,22396,True,True,2025-08-06
1251,588,3,Billing, Vantage Dairy Holdings HQ,1837 Station Road,Minneapolis,26033,True,True,2024-02-20
1252,589,10,Billing,Everfield Floral Logistics HQ,7217 Station Road,Munich,SE3 5D,True,True,2024-07-11
1253,590,11,Billing,Briar Biologics Distributi HQ,2517 Harvester Road,Eindhoven,B6 7B,True,True,2025-03-26
1254,590,3,Delivery,Briar Biologics Distributi DC,9758 Juniper Avenue,Chicago,88340,False,True,2023-10-25
1255,590,11,Production Site,Briar Biologics Distributi Plant,8043 Ridgeview Road,Amsterdam,L4 1C,False,True,2025-01-14
1256,590,11,Returns,Briar Biologics Distributi Annex,7816 Ridgeview Road,Amsterdam,EH8 7B,False,True,2024-11-07
1257,591,11,Billing,Trinity Pet Nutrition Co-o HQ,7868 Foundry Way,Amsterdam,B2 3D,True,False,2023-03-01
1258,592,11,Billing,Crown Nutrition Labs HQ,6273 Vine Street,Utrecht,SE4 9B,True,False,2025-04-05
1259,592,11,Returns,Crown Nutrition Labs DC,5959 Foundry Way,Eindhoven,B9 6B,False,True,2026-03-08
1260,592,11,Cross-Dock,Crown Nutrition Labs Plant,3509 Mill Lane,Eindhoven,L5 1B,False,True,2025-03-13
1261,592,11,Returns,Crown Nutrition Labs Annex,2097 Mill Lane,Rotterdam,L4 4C,False,True,2024-03-04
1262,593,6,Billing,Cobalt Seafood Foods HQ,5864 Vine Street,San Antonio,16042,True,True,2024-02-20
1263,593,7,Production Site,Cobalt Seafood Foods DC,4543 Foundry Way,Hamilton,52187,False,True,2024-04-01
1264,594,4,Billing,CARDINAL FLORAL LOGISTICS  HQ,1192 Foundry Way,Phoenix,54725,True,True,2023-07-22
1265,595,2,Billing,Oakmont Pharma Holdings HQ ,3089 Ridgeview Road, Atlanta,16309,True,True,
1266,595,2,Production Site,Oakmont Pharma Holdings DC,1848 Harvester Road,Orlando,29503,False,True,2025-03-14
1267,596,8,Billing,Forge Cold Foods Labs HQ,5693 Vine Street,Sherbrooke,46042,True,False,2023-01-24
1268,596,8,Returns,Forge Cold Foods Labs DC,4680 Foundry Way,Sherbrooke,63463,False,True,2023-09-13
1269,597,10,Billing,Granite Meal Systems Group HQ,314 Canal Street,Munich,EH1 5A,True,True,2024-06-17
1270,597,11,Returns,Granite Meal Systems Group DC,9697 Station Road,Amsterdam,SE2 4D,False,True,2023-09-09
1271,597,9,Cross-Dock,Granite Meal Systems Group Plant,6498 Mill Lane,Leeds,SE7 9C,False,True,2023-04-09
1272,598,4,Billing,Brightwell Pet Nutrition L HQ,1353 Mill Lane,Phoenix,49998,True,True,2024-02-20
1273,599,5,Billing,Granite Nutrition Logistic HQ,3103 Ridgeview Road,Oakland,18967,True,True,2023-05-21
1274,600,7,Billing,Meridian Floral Logistics  HQ,1940 Marlow Parkway,London,20954,True,True,2023-08-07
1275,600,7,Cross-Dock,Meridian Floral Logistics  DC,2819 Vine Street,London,75533,False,True,2023-04-04
1276,601,11,Billing,Mosaic Foods Foods HQ,7598 Marlow Parkway,Utrecht,B7 7D,True,True,2023-08-15
1277,601,11,Production Site,Mosaic Foods Foods DC,7058 Ridgeview Road,Utrecht,B4 8C,False,True,2024-04-19
1278,602,8,Billing,Cobalt Pet Nutrition Co-op HQ,1682 Station Road,Sherbrooke,40958,True,True,2026-03-07
1279,602,8,Delivery,Cobalt Pet Nutrition Co-op DC,3074 Foundry Way,laval,22406,False,True,2025-07-25
1280,603,5,Billing,Aster Pet Nutrition Foods HQ,4180 Canal Street,Seattle,58732,True,True,2025-12-22
1281,604,1,Billing,Helix Foods Labs HQ,5089 Market Row,Hartford,31263,True,True,2024-04-26
1282,604,1,Returns,Helix Foods Labs DC,9177 Canal Street,Hartford,95782,False,True,2024-09-07
1283,605,9,Billing,Meridian Seafood Partners HQ,2491 Dockside Lane,Manchester,EH9 9C,True,True,2024-05-24
1284,605,9,Delivery,Meridian Seafood Partners DC,7676 Foundry Way,Manchester,M3 3A,False,True,2024-05-02
1285,605,9,Returns,Meridian Seafood Partners Plant,6910 Harvester Road,Bristol,M1 5A,False,True,2024-05-25
1286,606,6,Billing,Bluevale Specialty Produce HQ,1477 Ridgeview Road,San Antonio,82479,True,True,2024-11-24
1287,606,6,Production Site,Bluevale Specialty Produce DC,8664 Mill Lane,San Antonio,23344,False,True,2024-09-24
1288,607,4,Billing,Cedar Biologics Manufactur HQ,8631 Canal Street,Denver,98312,True,True,2025-02-01
1289,607,10,Delivery,Cedar Biologics Manufactur DC,4190 Crescent Drive,Munich,SE4 5C,False,True,2023-10-24
1290,607,4,Delivery,Cedar Biologics Manufactur Plant,1398 Harvester Road,Denver,86869,False,True,2023-12-05
1291,608,9,Billing,Lantern Foods Supply HQ,4881 Dockside Lane,Leeds,M3 6B,True,True,2024-06-06
1292,608,9,Production Site,Lantern Foods Supply DC,5544 Harvester Road,Leeds,EH5 8A,False,True,2025-10-30
1293,608,9,Production Site,Lantern Foods Supply Plant,2833 Harvester Road,Manchester,SE2 8B,False,True,
1294,609,10,Billing,Crown Specialty Produce Ma HQ,6234 Mill Lane,Berlin,SE4 8C,True,True,2025-10-25
1295,610,9,Billing,Ardent Biologics Foods HQ,7588 Market Row,Bristol,L7 1C,True,True,2023-05-31
1296,611,10,Billing,Granite Ingredients Group  HQ,1483 Crescent Drive,Berlin,B8 3B,True,True,2025-09-02
1297,611,10,Delivery,Granite Ingredients Group  DC,7969 Crescent Drive,Berlin,L9 3C,False,True,2024-02-21
1298,612,5,Billing,Forge Floral Loigstics Par HQ,5803 Vine Street,San Diego,66833,True,True,2023-07-21
1299,612,7,Production Site,Forge Floral Loigstics Par DC,2650 Juniper Avenue,London,79238,False,True,2023-09-17
1300,612,5,Production Site,Forge Floral Loigstics Par Plant,5373 Crescent Drive,Los Angeles,34289,False,True,
1301,612,6,Production Site,Forge Floral Loigstics Par Annex,7338 Juniper Avenue,San Antonio,98870,False,True,2024-07-30
1302,613,6,Billing,Trinity Inrgedients Labs HQ,9884 Ridgeview Road,Houston,21278,True,True,2025-10-17
1303,613,2,Cross-Dock,Trinity Ingredients Labs DC,1068 Ridgeview Road,Atlanta,55407,False,True,2023-08-15
1304,614,11,Billing,Mosaic Pharma Supply HQ,361 Harvester Road,Eindhoven,M8 5D,True,True,2024-09-12
1305,614,4,Cross-Dock,Mosaic Pharma Supply DC,1572 Ridgeview Road,Albuquerque,62599,False,True,2025-11-19
1306,614,1,Returns,Mosaic Pharma Supply Plant,9944 Canal Street,Hartford,26378,False,True,2023-07-17
1307,615,10,Billing,Crown Ingredients SupplyH Q,8708 Station Road,Berlin,B3 3C,True,True,2025-05-24
1308,615,7,Delivery,Crown Ingredients Supply DC,3312 Vine Street,Toronto,28310,False,False,2024-09-14
1309,616,11,Billing,Mosaic Pet Nutrition Manuf HQ,719 Harvester Road,Amsterdam,M2 2B,True,True,2025-07-29
1310,616,5,Cross-Dock,Mosaic Pet Nutrition Manuf DC,3936 Canal Street,Los Angeles,28489,False,True,2023-04-14
1311,616,5,Delivery,Mosaic Pet Nutrition Manuf Plant,4246 Canal Street,Oakland,81298,False,True,2025-10-13
1312,617,2,Billing,Keystone Cold Foods Logist HQ,140 Station Road,Nashville,48313,True,True,2025-05-27
1313,618,1,Billing,Crown Floral Logistics Gro HQ,2896 Vine Street,Newark,43308,True,True,2024-11-26
1314,618,1,Cross-Dock,Crown Floral Logistics Gro DC,5538 Juniper Avenue,Boston,33809,False,True,2024-10-15
1315,619,7,Billing,Meridian Beverage Co-op HQ,6845 Vine Street,Ottawa,39245,True,True,2025-04-13
1316,620,7,Billing,Helix Dairy Distribution HQ,8896 Marlow Parkway,Toronto,26770,True,True,
1317,620,7,Production Site,Helix Dairy Distribution DC,8475 Marlow Parkway,Ottawa,20243,False,True,2024-11-30
1318,620,7,Cross-Dock,Helix Dairy Distribution Plant,744 Dockside Lane,Hamilton,49312,False,True,2025-10-08
1319,621,2,Billing,Meridian Specialty Produce HQ,6187 Marlow Parkway,Charlotte,61011,True,True,2025-10-14
1320,622,7,Billing,Briar Nutrition Partners HQ,1912 Station Road,Hamilton,16413,True,True,2025-03-28
1321,623,2,Billing,Riverbend Biologics Group HQ,6404 Crescent Drive,Nashville,55905,True,True,2024-09-06
1322,623,10,Cross-Dock,Riverbend Biologics Group DC,9531 Crescent Drive,Berlin,L5 3C,False,True,2023-09-26
1323,623,2,Production Site,Riverbend Biologics Group Plant,6895 Dockside Lane,Charlotte,63951,False,True,2026-03-24
1324,623,2,Cross-Dock,RIVERBEND BIOLOGICS GROUP ANNEX,536 Juniper Avenue,Nashville,12962,False,True,2025-09-18
1325,624,7,Billing,Pioneer Pharma Distributio HQ,8130 Station Road,Ottawa,22188,True,False,2024-05-11
1326,625,2,Billing,Crescent Biologics Supply HQ,9004 Market Row,Atlanta,64258,True,True,
1327,626,11,Billing,keystone pharma labs HQ,2109 Crescent Drive,Rotterdam,EH6 3B,True,True,2025-09-16
1328,626,11,Cross-Dock,keystone pharma labs DC,4052 Juniper Avenue,Amsterdam,EH4 7C,False,True,2023-11-30
1329,627,11,Billing,Crescent Laboratories Logi HQ,5545 Canal Street,Utrecht,B8 1D,True,True,2025-03-10
1330,628,8,Billing,Ardent Seafood Group HQ,4560 Crescent Drive,Montreal,93797,True,True,2025-10-16
1331,628,6,Production Site,Ardent Seafood Group DC,4374 Vine Street,San Antonio,23949,False,True,
1332,628,8,Returns,Ardent Seafood Group Plant,7992 Dockside Lane,sherbrooke,39838,False,True,2024-09-10
1333,629,7,Billing,Bluevale Nutrition Holding HQ,8287 Canal Street,Hamilton,71193,True,True,2024-05-20
1334,630,8,Billing,Summit Pharma Logistics HQ,5252 Foundry Way,Montreal,68414,True,True,2025-09-28
1335,631,7,Billing,Everfield Meal Systems Co- HQ,9203 Marlow Parkway,Toronto,44587,True,True,2024-04-07
1336,632,4,Billing,Northwind Pet Nutrition Ho HQ,6070 Station Road,Albuquerque,87838,True,True,2025-05-05
1337,632,4,Production Site,Northwind Pet Nutrition Ho DC,8504 Foundry Way,Phoenix,32908,False,True,2024-01-11
1338,633,10,Billing, Orchard Mael Systems Logis HQ,4598 Harvester Road,Hamburg,SE4 1D,True,True,2024-10-18
1339,633,10,Delivery,Orchard Mael Systems Logis DC,7393 Canal Street,Munich ,M7 8B,False,True,2024-01-18
1340,634,8,Billing,Pioneer Floral Logistics C HQ,5481 Ridgeview Road,Laval,65605,True,False,2025-10-24
1341,634,4,Delivery,Pioneer Floral Logistics C DC,6106 Juniper Avenue,Denver,52303,False,True,2024-04-02
1342,635,5,Billing,Trinity Meal Systems Holdi HQ,1846 Foundry Way,Seattle,44219,True,True,2023-09-23
1343,636,10,Billing,Trinity Pet Nutrition Part HQ,3979 Market Row,Hamburg,M1 8A,True,True,
1344,636,8,Delivery,Trinity Pet Nutrition Part DC,6238 Station Road,Laval,83120,False,True,
1345,636,10,Cross-Dock,Trinity Pet Nutrition Part Plant,373 Canal Street,Hamburg,B8 6A,False,True,2023-01-28
1346,637,6,Billing,Westline Foods Partners HQ,4641 Foundry Way,San Antonio,84921,True,True,2024-11-23
1347,637,6,Production Site, Westline Foods Partners DC,8716 Dockside Lane,SAN ANTONIO,12409,False,True,2023-05-22
1348,638,6,Billing,aster biologics dist. HQ,6202 Canal Street,Houston,90456,True,True,2026-01-30
1349,638,6,Cross-Dock,aster biologics dist. DC,3784 Ridgeview Road,Houston,26657,False,True,2024-10-04
1350,639,6,Billing,Aster Seafood Manufacturin HQ,6861 Vine Street,San Antonio,31378,True,True,2023-10-16
1351,639,6,Production Site,Aster Seafood Manufacturin DC,4236 Mill Lane,San Antonio,48174,False,True,2025-07-25
1352,639,6,Production Site,Aster Seafood Manufacturin Plant,6651 Dockside Lane,Austin,79984,False,True,2025-10-20
1353,640,11,Billing,GRANITE DAIRY LABS HQ,2192 Ridgeview Road,rotterdam,EH1 6B,True,True,2026-03-26
1354,640,11,Cross-Dock,Granite Dairy Labs DC,601 Market Row,Rotterdam,EH2 3C,False,False,2023-01-23
1355,641,3,Billing,Oakmont Specialty Produce  HQ,8245 Dockside Lane,Chicago,85722,True,True,2024-09-01
1356,641,3,Delivery,Oakmont Specialty Produce  DC,1430 Mill Lane,Chicago,59740,False,True,2024-05-25
1357,642,7,Billing,summit ingredients group HQ,4486 Station Road,ottawa,13759,True,True,2023-03-14
1358,642,4,Delivery,summit ingredients group DC,3666 Vine Street,Phoenix,37336,False,True,2025-12-12
1359,642,8,Cross-Dock,summit ingredients group Plant,9783 Canal Street,Montreal,71090,False,False,2024-05-28
1360,643,3,Billing,Oakmont Biologics Distribu HQ,2887 Juniper Avenue,Columbus,78790,True,True,2024-03-18
1361,643,8,Production Site,Oakmont Biologics Distribu DC,4321 Station Road,Montreal,49918,False,True,2024-02-04
1362,644,7,Billing,Cobalt Pharma Distribution HQ,2292 Station Road,Hamilton,41321,True,True,
1363,644,6,Delivery,Cobalt Pharma Distribution DC,8256 Mill Lane,Houston,80674,False,False,2023-12-24
1364,644,6,Returns,Cobalt Pharma Distribution Plant,7612 Crescent Drive,Dallas,32501,False,True,2025-04-27
1365,644,1,Production Site,Cobalt Pharma Distribution Annex,9747 Mill Lane,Newark,22523,False,True,
1366,645,5,Billing,Bluevale Pharma Distributi HQ,3743 Crescent Drive,San Diego,37399,True,True,2024-06-05
1367,646,11,Billing,Solace Foods Holdings HQ,8923 Juniper Avenue,Rotterdam,SE3 7C,True,True,2024-08-06
1368,646,11,Cross-Dock,Solace Foods Holdings DC,6449 Marlow Parkway,Amsterdam,M6 5B,False,True,2025-02-17
1369,647,4,Billing,Cardnial Biologics Holding HQ,6869 Mill Lane,Denver,73165,True,True,2025-08-14
1370,648,8,Billing,Lantern Meal Systems Labs HQ,6234 Harvester Road,Laval,41407,True,True,2026-02-26
1371,648,8,Production Site,Lantern Meal Systems Labs DC,2454 Harvester Road,Quebec City,71816,False,True,2025-11-17
1372,649,9,Billing,Brightwell Pet Nutrition D HQ,754 Canal Street,Bristol,M5 5B,True,False,2024-03-09
1373,649,2,Returns,Brightwell Pet Nutrition D DC,7383 Market Row,Charlotte,43469,False,True,2024-05-03
1374,650,6,Billing,solace pet nutrition co-op HQ,8460 Harvester Road,San Antonio,40967,True,True,2024-02-13
1375,650,6,Cross-Dock,solace pet nutrition co-op DC,9265 Crescent Drive,Austin,31817,False,True,2024-02-25
1376,650,6,Delivery,solace pet nutrition co-op Plant,5175 Crescent Drive,Dallas,72248,False,True,2024-04-14
1377,650,6,Returns,solace pet nutrition co-op Annex,6182 Crescent Drive,Dallas,33079,False,True,2023-05-04
1378,651,1,Billing,Keystone Laboratories Manu HQ,6995 Foundry Way,Newark,70738,True,True,2024-12-28
1379,651,1,Production Site,Keystone Laboratories Manu DC,6256 Dockside Lane,Newark,36817,False,True,2023-07-23
1380,652,9,Billing,Brightwell Seafood Logisti HQ,5359 Marlow Parkway, London,L5 3C,True,True,2023-12-03
1381,652,9,Delivery,Brightwell Seafood Logisti DC,3942 Vine Street,Leeds,M2 9B,False,True,2025-07-02
1382,652,9,Cross-Dock, Brightwell Seafood Logisti Plant,8398 Canal Street,Bristol,M8 6D,False,True,2025-08-10
1383,653,10,Billing,Pioneer Foods Labs HQ,4289 Canal Street,Berlin,SE3 4B,True,True,2024-12-10
1384,654,5,Billing,Crown Ingredients Holdings HQ,6769 Marlow Parkway,Seattle,78762,True,True,2023-03-30
1385,655,3,Billing,trinity specialty produce  HQ,3589 Dockside Lane,Minneapolis,88439,True,True,2024-04-26
1386,656,10,Billing,Orchard Biologics Partners HQ,3275 Mill Lane,Hamburg,L3 5C,True,True,2024-04-07
1387,657,1,Billing,Cobalt Pharma Foods HQ,708 Foundry Way,Boston,72232,True,False,
1388,658,2,Billing,Crown Dairy Manufacturing HQ,355 Dockside Lane,Atlanta,51200,True,True,2024-11-20
1389,659,3,Billing,Forge Laboratories Dist. HQ,9369 Mill Lane,Minneapolis,98898,True,True,2024-09-03
1390,659,5,Returns,Forge Laboratories Dist. DC,9265 Station Road,Oakland,47352,False,True,2023-08-27
1391,660,2,Billing,Cardinal Laboratories Supp HQ,8914 Harvester Road,Nashville,65731,True,True,2025-11-14
1392,661,7,Billing,Bluevale Pet Nutrition Dis HQ,9780 Harvester Road,Toronto,71068,True,True,
1393,662,9,Billing,Mosaic Laboratories Mfg HQ,196 Mill Lane,Leeds,EH8 1C,True,True,2025-11-23
1394,662,5,Returns,Mosaic Laboratories Mfg DC,4779 Vine Street,Oakland,81012,False,True,
1395,663,3,Billing,Lantern Meal Systems Suppl HQ,3041 Marlow Parkway,Detroit,57958,True,True,2023-05-28
1396,663,11,Production Site,Lantern Meal Systems Suppl DC,6170 Vine Street,Utrecht,L7 7B,False,True,
1397,663,5,Delivery,Lantern Meal Systems Suppl Plant,5895 Market Row,Seattle,60242,False,True,2024-07-27
1398,663,5,Delivery,Lantern Meal Systems Suppl Annex,9319 Mill Lane,Los Angeles,73028,False,True,2025-10-04
1399,664,3,Billing,Lakeside Meal Systems Labs HQ ,8678 Marlow Parkway,Minneapolis,34079,True,True,2023-11-15
1400,664,5,Production Site,Lakeside Meal Systems Labs DC,6354 Marlow Parkway,Seattle,57889,False,True,2023-06-24
1401,665,7,Billing,Everfield Cold Foods oFods HQ,8204 Dockside Lane,Toronto,94676,True,True,2025-07-18
1402,666,8,Billing,Lakeside Pharma Co-op HQ,808 Market Row,Montreal,29999,True,True,2023-11-25
1403,667,5,Billing,Pioneer Ingredients Co-op HQ,8258 Vine Street,San Diego,44393,True,True,2023-10-04
1404,667,5,Returns,pioneer ingredients co-op dc,2309 Marlow Parkway,Los Angeles,12204,False,True,2025-04-26
1405,668,3,Billing,Crescent Biologics Labs HQ,2862 Mill Lane,Minneapolis,73234,True,True,2024-01-26
1406,668,3,Delivery,Crescent Biologics Labs DC,3116 Market Row,Columbus,28652,False,True,2025-01-12
1407,669,3,Billing,Summit Pet Nutrition Labs HQ,9398 Crescent Drive,Chicago,23576,True,True,2025-09-24
1408,669,3,Production Site,Summit Pet Nutrition Labs DC,8911 Harvester Road,Minneapolis,99584,False,True,2026-01-23
1409,669,3,Production Site,Summit Pet Nutrition Labs Plant,3612 Mill Lane,Columbus,99418,False,True,2025-01-13
1410,670,8,Billing,Oakmont Specialty Produce  HQ,6348 Mill Lane,Laval,37959,True,True,2023-11-10
1411,671,6,Billing,Crescent Foods Supply HQ,4996 Station Road,Austin,47894,True,True,
1412,672,6,Billing,Cardinal Biologics Supply HQ,1987 Vine Street,Dallas,87171,True,True,2025-07-15
1413,672,10,Returns,Cardinal Biologics Supply DC,5806 Dockside Lane,Munich,EH1 3B,False,True,2025-02-16
1414,673,3,Billing,Forge Pharma Logistics HQ,1643 Dockside Lane,Chicago,48446,True,True,2023-04-06
1415,673,3,Returns,Forge Pharma Logistics DC,9505 Marlow Parkway,Minneapolis,94544,False,True,2025-07-30
1416,673,7,Cross-Dock,Forge Pharma Logistics Plant,4543 Mill Lane,Toronto,76623,False,True,2023-04-28
1417,674,4,Billing,Ardent Cold Foods Co-op HQ,7152 Vine Street,Las Vegas,28025,True,True,2024-02-20
1418,675,10,Billing,Northwind Foods Foods HQ,943 Marlow Parkway,Cologne,M1 6C,True,True,2026-01-02
1419,676,1,Billing,Briar Pet Nutrition Group HQ,4747 Canal Street,Newark,93220,True,True,2024-02-21
1420,677,10,Billing,Northwind Pharma Foods HQ,3848 Canal Street,Cologne,EH6 1A,True,False,2023-06-08
1421,678,2,Billing,Everfield Beverage Holding HQ,8528 Station Road,Atlanta,23389,True,True,2025-04-14
1422,679,2,Billing,Northwind Nutrition Distri HQ,2971 Vine Street,Orlando,95234,True,True,2025-10-15
1423,679,2,Delivery,Northwind Nutrition Distri DC,7421 Ridgeview Road,Nashville,60617,False,True,2026-02-15
1424,679,2,Returns,Northwind Nutrition Distri Plant,67 Vine Street,Charlotte,99489,False,True,2026-03-08
1425,679,7,Production Site,Northwind Nutrition Distri Annex,2686 Marlow Parkway,Ottawa,84492,False,True,2025-06-10
1426,680,6,Billing,Westline Meal Systems Supp HQ,6707 Canal Street,San Antonio,29230,True,True,2023-01-13
1427,680,6,Delivery,Westline Meal Systems Supp DC,4852 Mill Lane,Houston,25366,False,True,2025-07-17
1428,680,6,Delivery,Westline Meal Systems Supp Plant,7100 Market Row,Houston ,60980,False,False,2025-01-04
1429,681,4,Billing,Northwind Foods Foods HQ,3420 Juniper Avenue,Las Vegas,94899,True,True,2023-03-25
1430,681,11,Cross-Dock, Northwind Foods Foods DC,4911 Harvester Road,Rotterdam,M6 6B,False,True,2025-01-23
1431,681,5,Production Site,Northwind Foods Foods Plant,7264 Crescent Drive,Seattle,77456,False,True,2024-12-13
1432,681,8,Returns,Northwind Foods Foods Annex,5924 Marlow Parkway,Laval,48462,False,True,
1433,682,11,Billing,Cedar Pet Nutrition Mfg HQ,5627 Mill Lane,UTRECHT,EH3 7C,True,True,
1434,682,11,Production Site,Cedar Pet Nutrition Mfg DC,2709 Vine Street, Amsterdam,SE3 2A,False,True,2023-01-20
1435,682,11,Delivery,Cedar Pet Nutrition Mfg Plant,4967 Canal Street,Eindhoven,L5 6A,False,True,2023-06-19
1436,683,3,Billing,Solace Pet Nutrition Suppl HQ,5135 Crescent Drive,Columbus,82178,True,True,2024-04-28
1437,684,10,Billing,Northwind Biologics Group HQ,7956 Crescent Drive,Munich,EH9 1A,True,True,2024-01-07
1438,685,4,Billing,Briar Ingredients Group HQ,738 Dockside Lane,Phoenix,97665,True,True,2023-05-27
1439,685,4,Delivery,Briar Ingredients Group DC,2706 Juniper Avenue,Phoenix,39846,False,True,2025-04-26
1440,685,5,Delivery,Briar Ingredients Group Plant,9926 Harvester Road,Seattle,94546,False,True,2025-07-06
1441,686,3,Billing,Riverbend Beverage Group HQ,2534 Foundry Way,Columbus,48842,True,True,2024-07-13
1442,686,3,Delivery,Riverbend Beverage Group DC,398 Marlow Parkway,Detroit,31271,False,True,2023-06-21
1443,686,3,Production Site,Riverbend Beverage Group Plant,8173 Crescent Drive,Minneapolis,53323,False,True,2024-02-09
1444,687,1,Billing,Solace Cold Foods Holdings HQ,1561 Dockside Lane,Hartford,30549,True,True,2026-01-15
1445,687,1,Cross-Dock,Solace Cold Foods Holdings DC,4043 Canal Street,Portland,62340,False,True,2023-09-07
1446,688,9,Billing,Harbor Nutrition Supply HQ,9744 Foundry Way,London ,L6 1D,True,True,
1447,689,8,Billing,Lantern Biologics Logistic HQ,7431 Crescent Drive,Laval,45205,True,True,
1448,689,8,Production Site,Lantern Biologics Logistic DC,1724 Crescent Drive,Montreal,18659,False,False,2025-07-05
1449,689,4,Returns,Lantern Biologics Logistic Plant,6448 Mill Lane,Denver,79812,False,True,2023-10-05
1450,690,3,Billing,Bluevale Biologics Co-op HQ,1269 Juniper Avenue,Minneapolis,82109,True,True,2025-12-01
1451,690,3,Cross-Dock,Bluevale Biologics Co-op DC,5362 Marlow Parkway,Chicago,62651,False,True,
1452,691,5,Billing,Cedar Ingredients Group HQ,8820 Crescent Drive,Seattle,99971,True,True,2024-04-07
1453,691,9,Returns,Cedar Ingredients Group DC,651 Vine Street,Bristol,L8 3A,False,True,2025-05-20
1454,692,1,Billing,Keystone Biologics Logisti HQ,7773 Market Row,Portland,85317,True,True,2024-01-27
1455,692,1,Cross-Dock,Keystone Biologics Logisti DC,2041 Foundry Way,Newark,82338,False,True,2024-11-30
1456,693,8,Billing,Summit Beverage Co-op HQ,8679 Harvester Road,Montreal,73654,True,True,2023-12-23
1457,693,8,Cross-Dock,Summit Beverage Co-op DC,5780 Dockside Lane,Sherbrooke,87734,False,True,2026-01-24
1458,694,2,Billing,Helix Pet Nutrition Partne HQ,2191 Vine Street,Charlotte,73023,True,False,2025-12-19
1459,694,2,Production Site,Helix Pet Nutrition Partne DC,4461 Crescent Drive,Atlanta,64191,False,True,2025-02-13
1460,695,11,Billing,Keystone Beverage Partners HQ,1058 Juniper Avenue,Amsterdam,EH1 9B,True,True,
1461,696,4,Billing,Lantern Ingredients Distri HQ,7654 Juniper Avenue,Denver,55159,True,True,2025-11-29
1462,697,5,Billing,Oakmont Meal Systems Partn HQ,4945 Juniper Avenue,Los Angeles,24108,True,False,2024-03-23
1463,697,3,Production Site,Oakmont Meal Systems Partn DC,6112 Market Row,Chicago,78206,False,False,2023-07-13
1464,698,3,Billing,Granite Beverage Holdings HQ,5169 Vine Street,Columbus,72926,True,True,2026-03-12
1465,699,7,Billing,Crescent Laboratories Labs HQ,7365 Marlow Parkway,Ottawa,42278,True,True,2024-06-18
1466,700,4,Billing,Keystone Foods Logistics HQ,4619 Marlow Parkway,Phoenix,82253,True,True,2023-01-01
1467,700,11,Returns,Keystone Foods Logistics DC,7830 Station Road,Utrecht,M3 1D,False,True,2023-05-13
1468,701,10,Billing, Lakeside Biologics Supply HQ,2731 Station Road,Cologne,EH6 8A,True,True,2023-04-26
1469,702,10,Billing,Oakmont Laboratories Distr HQ,4403 Foundry Way,Berlin,B2 4D,True,True,2024-05-11
1470,702,10,Production Site,Oakmont Laboratories Distr DC,2227 Juniper Avenue,Munich,L3 9B,False,True,2023-09-09
1471,702,10,Delivery,Oakmont Laboratories Distr Plant,4609 Harvester Road,Cologne,L5 7B,False,False,2023-01-31
1472,703,10,Billing,Mosaic Pharma Dist. HQ,712 Foundry Way,Munich,L1 6A,True,True,2023-09-30
1473,703,10,Delivery,Mosaic Pharma Dist. DC,5178 Canal Street,Berlin,L6 5A,False,True,2024-05-23
1474,704,7,Billing,Forge Dairy Holdings HQ,803 Ridgeview Road, Ottawa,61244,True,True,2023-03-17
1475,704,7,Returns,Forge Dairy Holdings DC,9593 Foundry Way,Ottawa,20125,False,True,2024-04-27
1476,705,3,Billing,Lantern Pharma Supply HQ,7512 Vine Street,Chicago,80756,True,True,2023-08-31
1477,705,3,Production Site,Lantern Pharma Supply DC,1931 Dockside Lane,Chiacgo,39174,False,True,2024-01-04
1478,706,3,Billing,Keystone Pharma oFods HQ,5033 Market Row,Columbus,83389,True,True,2023-07-25
1479,706,3,Returns,Keystone Pharma Foods DC,8516 Dockside Lane,Columbus,48873,False,True,2024-10-30
1480,706,3,Production Site,Keystone Pharma Foods Plant,6752 Marlow Parkway,minneapolis,10243,False,True,2023-06-07
1481,707,2,Billing,Harbor Floral Logistics Gr HQ,1401 Crescent Drive,Atlanta,91221,True,True,2025-03-01
1482,707,2,Returns,Harbor Floral Logistics Gr DC,874 Crescent Drive,Charlotte,25178,False,True,2023-09-12
1483,707,2,Returns,Harbor Floral Logistics Gr Plant,2316 Marlow Parkway,Nashville,92475,False,True,2025-12-24
1484,708,5,Billing,Pioneer Laboratories Mfg HQ,3190 Vine Street,San Diego,37944,True,True,2024-01-07
1485,709,6,Billing,Orchard Foods Holdings HQ ,9105 Station Road,Dallas,84681,True,False,2026-01-27
1486,709,1,Delivery,Orchard Foods Holdings DC,3912 Harvester Road,Portland,57951,False,True,2023-03-26
1487,710,2,Billing,Lakeside Dairy Mfg HQ,3841 Market Row,Charlotte,11093,True,False,2023-01-08
1488,710,2,Production Site,Lakeside Dairy Mfg DC,6041 Juniper Avenue,Nashville,19322,False,True,2024-08-15
1489,711,6,Billing,Cardinal Meal Systems Food HQ,7578 Marlow Parkway,Houston,50552,True,True,2026-03-14
1490,711,6,Cross-Dock,Cardinal Meal Systems Food DC,9926 Market Row,Austin,11522,False,True,2024-12-24
1491,711,6,Returns,Cardinal Meal Systems Food Plant,4847 Station Road,San Antonio,21374,False,True,2024-02-17
1492,712,5,Billing,Tirnity Laboratories Manuf HQ,4475 Foundry Way,Seattle,53221,True,True,2026-02-08
1493,713,4,Billing,Orchard Pet Nutrition Logi HQ,4030 Harvester Road,Las Vegas,44756,True,True,2023-04-26
1494,713,4,Cross-Dock,Orchard Pet Nutrition Logi DC,168 Ridgeview Road,Albuquerque,68330,False,True,2023-07-02
1495,713,4,Production Site,Orchard Pet Nutrition Logi Plant,1580 Vine Street,Las Vegas,22684,False,True,2023-12-31
1496,713,4,Delivery,Orchard Pet Nutrition Logi Annex,8482 Dockside Lane,Phoenix,60245,False,True,2023-07-25
1497,714,2,Billing,Granite Ingredients Partne HQ,118 Marlow Parkway,Orlando,89577,True,True,2024-02-04
1498,715,9,Billing,Oakmont Laboratories Logis HQ,9126 Marlow Parkway,London,B5 6D,True,True,2023-06-05
1499,715,9,Returns,Oakmont Laboratories Logis DC,4986 Harvester Road,Leeds,EH1 5A,False,True,2024-10-23
1500,715,9,Delivery,Oakmont Laboratories Logis Plant,6864 Juniper Avenue,Bristol,M6 1A,False,True,
1501,715,9,Production Site,oakmont laboratories logis annex,3117 Station Road,London,B3 3C,False,True,2025-07-17
1502,716,3,Billing,Vantage Dairy Group HQ,6950 Crescent Drive,Chicago,22246,True,True,2025-05-04
1503,717,3,Billing,Bluevale Cold Foods Co-op HQ,2994 Market Row,Columubs,86458,True,True,2023-12-07
1504,717,3,Cross-Dock,Bluevale Codl Foods Co-op DC,6914 Mill Lane,Columubs,51839,False,True,2026-01-29
1505,717,4,Delivery,Bluevale Cold Foods Co-op Plant,4058 Marlow Parkway,LasV egas,34780,False,True,2024-12-10
1506,718,4,Billing,Westline Laboratories Supp HQ,3277 Harvester Road,Albuquerque,50819,True,False,2025-02-05
1507,719,7,Billing,Meridina Foods Foods HQ,828 Dockside Lane,Toronto,28489,True,True,
1508,719,7,Returns,Meridina Foods Foods DC,9539 Mill Lane,Ottawa,47042,False,True,2025-01-09
1509,719,7,Returns,Meridina Foods Foods Plant,2901 Vine Street,London,80612,False,True,2023-05-08
1510,720,4,Billing,Oakmont Nutrition Supply HQ,7198 Mill Lane,Albuquerque,63160,True,True,2024-09-25
1511,720,2,Cross-Dock,Oakmont Nutrition Supply DC,4021 Crescent Drive,Nashville,74768,False,False,2025-05-05
1512,721,8,Billing, Vantage Cold Foods Partne HQ,6039 Juniper Avenue,Quebec City,98895,True,True,2024-04-20
1513,722,9,Billing,Pioneer Pharma Co-op HQ,6780 Harvester Road,Manchester,M8 8A,True,True,2024-04-22
1514,722,9,Production Site,Pioneer Pharma Co-op DC,7891 Market Row,London,SE9 6D,False,True,2024-02-27
1515,723,8,Billing,Cadrinal Dairy Labs HQ,8531 Vine Street,Sherbrooke,38270,True,True,2025-09-14
1516,723,5,Cross-Dock,Cadrinal Dairy Labs DC,394 Marlow Parkway,Oakland,71671,False,True,2024-07-20
1517,723,8,Returns,Cadrinal Dairy Labs Plant,2664 Market Row,Laval,47093,False,True,2025-11-15
1518,724,1,Billing,Keystone Biologics Labs HQ,3739 Market Row,Boston,58204,True,True,2024-12-15
1519,725,3,Billing,Cardinal Biologics Group HQ,6132 Marlow Parkway,Columbus,51168,True,False,2023-05-09
1520,725,4,Delivery,Cardinal Biologics Group DC,9592 Market Row,Phoenix,53616,False,True,2025-11-02
1521,725,4,Delivery,Cardinal Biologics Group Plant,9453 Crescent Drive,Albuquerque,88248,False,True,2024-04-09
1522,726,5,Billing,Granite Beverage Co-op HQ,7485 Ridgeview Road,Los Angeles,58648,True,True,2026-01-01
1523,726,5,Returns,Granite Beverage Co-op DC,9361 Crescent Drive,los angeles,28591,False,True,2024-06-23
1524,726,5,Delivery,Granite Beverage Co-op Plant,7522 Canal Street,Seattle,24474,False,True,
1525,727,1,Billing,Brightwell Pet Nutrition D HQ,891 Harvester Road,Newark,54443,True,True,
1526,727,1,Production Site,BRIGHTWELL PET NUTRITION D DC,9472 Harvester Road,Boston,61240,False,True,2025-12-22
1527,727,1,Returns,Brightwell Pet Nutrition D Plant,9219 Market Row,Portland,75533,False,True,2023-09-06
1528,728,1,Billing,Keystone Pharma Supply HQ,5363 Market Row,Hartford,40860,True,True,2024-01-01
1529,729,1,Billing,Aster Beverage Supply HQ,5699 Juniper Avenue,Portland,31391,True,True,
1530,729,1,Returns,Aster Beverage Supply DC,4234 Harvester Road,Hartford,97416,False,True,2023-04-11
1531,729,4,Returns,Aster Beverage Supply Plant,9184 Juniper Avenue,Albuquerque,78084,False,True,2023-08-25
1532,730,6,Billing,Cardinal Dairy Co-op HQ,1338 Market Row,Dallas,24696,True,True,2025-04-08
1533,730,6,Production Site,Cardinal Dairy Co-op DC,892 Dockside Lane,Houston,46387,False,True,2024-06-23
1534,731,2,Billing,Trinity Floral Logistics L HQ,4471 Mill Lane,Nashville,40771,True,False,2025-05-29
1535,732,2,Billing,VANTAGE SEAFOOD FOODS HQ,4767 Station Road,Nashville,43655,True,True,2025-10-20
1536,732,2,Returns,Vantage Seafood Foods DC,3081 Marlow Parkway,Orlando,88636,False,True,2024-12-24
1537,732,2,Production Site,Vantage Seafood Foods Plant,7511 Juniper Avenue,Atlanta,43579,False,True,2023-04-09
1538,732,5,Delivery,Vantage Seafood Foods Annex,9430 Market Row,Seattle,25208,False,True,2024-05-31
1539,733,6,Billing,Northwind Meal Systems Co- HQ,6498 Dockside Lane,Austin,51325,True,True,2023-03-28
1540,733,3,Production Site,Northwind Meal Systems Co- DC,3918 Crescent Drive,Columbus,64125,False,True,2023-01-28
1541,734,9,Billing,Westline Specialty Produce HQ,5706 Harvester Road,london,L8 9D,True,True,2024-01-09
1542,735,1,Billing,Cobalt Specialty Produce M HQ,9360 Market Row,Portland,20018,True,True,2023-03-09
1543,736,4,Billing,Forge Floral Logistics Man HQ,9905 Harvester Road,Las Vegas,60220,True,False,2025-03-10
1544,736,4,Delivery,Forge Floral Logistics Man DC,9303 Crescent Drive,Las Vegas,11360,False,True,2024-09-18
1545,737,3,Billing,Crescent Pharma Co-op HQ,1447 Marlow Parkway,Detroit,82286,True,True,2025-07-25
1546,738,11,Billing,Granite Cold Foods Partner HQ,9290 Canal Street,Eindhoven,M6 2D,True,True,2025-06-05
1547,739,6,Billing,Brightwell Cold Foods Grou HQ,8291 Mill Lane,Dallas,96346,True,True,2023-02-26
1548,739,6,Cross-Dock,Brightwell Cold Foods Grou DC,5549 Dockside Lane,Dallas,57994,False,True,2024-11-05
1549,739,8,Cross-Dock,Brightwell Cold Foods Grou Plant,1031 Market Row,Quebec City,44733,False,True,2024-04-13
1550,739,6,Production Site,Brightwell Cold Foods Grou Annex,7854 Market Row,Dallas,98500,False,True,2024-03-29
1551,740,10,Billing,Trinity Meal Systems Co-op HQ,6755 Foundry Way,Munich,M9 4D,True,True,
1552,741,10,Billing,Lakeside Ingredients Partn HQ,6178 Vine Street,Cologne,B7 7D,True,True,2025-12-25
1553,741,10,Cross-Dock,Lakeside Ingredients Partn DC,747 Juniper Avenue,Munich,EH5 7D,False,True,2023-12-19
1554,742,4,Billing,Brightwell Laboratories La HQ,4977 Market Row,Albquuerque,46399,True,True,2024-02-04
1555,743,8,Billing,Trinity Ingredients Distri HQ,5514 Ridgeview Road,Laval,83800,True,True,2023-03-18
1556,743,8,Returns,Trinity Ingredients Distri DC,6874 Juniper Avenue,Sherbrooke,32569,False,True,2025-10-25
1557,743,3,Cross-Dock,Trinity Ingredients Distri Plant,7581 Mill Lane,Columbus,86825,False,True,2024-01-08
1558,744,2,Billing,Harbor Seafood Labs HQ,9891 Crescent Drive,Orlando,54112,True,True,2024-07-17
1559,744,2,Delivery,Harbor Seafood Labs DC,8262 Marlow Parkway,Atlanta,77089,False,True,
1560,745,3,Billing,Crown Pet Nutrition Manufa HQ,3503 Station Road,Detroit,11051,True,True,2025-06-19
1561,746,11,Billing,Mosaic Foods Supply HQ,8243 Marlow Parkway,Utrecht,B6 6A,True,True,2025-06-16
1562,746,11,Cross-Dock,Mosaic Foods Supply DC,3897 Ridgeview Road,Eindhoven,L4 4A,False,True,2025-06-10
1563,747,5,Billing,Lakeside Cold Foods Holdin HQ,1172 Dockside Lane,Seattle,83301,True,False,2025-09-07
1564,747,5,Cross-Dock,Lakeside Cold Foods Holdin DC,3260 Ridgeview Road,Oakland,24605,False,True,2024-05-01
1565,748,1,Billing,Pioneer Foods Logistics HQ,2993 Market Row,Portland,16081,True,True,2024-10-10
1566,749,6,Billing,Meridian Dairy Distributio HQ,5843 Canal Street,Houston,41579,True,True,2024-03-02
1567,750,4,Billing,Westline Foods Foods HQ,2888 Dockside Lane,ALBUQUERQUE,56286,True,True,2024-01-24
1568,750,4,Returns,Westline Foods Foods DC,9882 Canal Street,Las Vegas,40101,False,False,2025-08-19
1569,750,4,Production Site,Westline Foods Foods Plant,7703 Vine Street,Phoenix,81936,False,False,2023-04-27
1570,751,7,Billing,briar biologics partners HQ,2730 Station Road,Ottawa,44827,True,True,2023-08-11
1571,752,8,Billing,Northwind Ingredients Food HQ,7510 Marlow Parkway,Laval,70433,True,True,2025-11-16
1572,753,6,Billing,Riverbend Nutrition Supply HQ,1729 Harvester Road,Dallas,62002,True,True,2023-01-24
1573,754,7,Billing,Meridian Pharma Group HQ,6432 Ridgeview Road,Hamilton,16085,True,True,2024-01-03
1574,754,7,Cross-Dock,Meridian Pharma Group DC,1230 Vine Street,Toronto,68524,False,True,2023-06-24
1575,754,8,Returns,Meridian Pharma Group Plant,9430 Station Road,Laval,58974,False,True,2023-12-06
1576,755,1,Billing,Meridian Dairy Dist. HQ,4425 Station Road,Portland,24011,True,True,2025-06-03
1577,755,1,Delivery,Meridian Dairy Dist. DC,98 Canal Street,Hartford,64116,False,True,2023-08-17
1578,755,1,Cross-Dock,Meridian Dairy Dist. Plant,4003 Station Road,Portland,53344,False,True,
1579,756,8,Billing,Riverbend Cold Foods Holdi HQ,5573 Harvester Road,Quebec City,90162,True,True,2024-09-05
1580,756,8,Delivery,Riverbend Cold Foods Holdi DC,9418 Dockside Lane,Quebec City,75008,False,True,2025-08-08
1581,756,3,Production Site,Riverbend Cold Foods Holdi Plant,3991 Canal Street,Minneapolis,27564,False,True,2025-11-18
1582,757,1,Billing,Northwind Laboratories Gro HQ,4464 Dockside Lane,Boston,11504,True,True,2024-03-17
1583,757,10,Cross-Dock,Northwind Laboratories Gro DC,1844 Canal Street,Munich,SE5 6D,False,True,2023-12-08
1584,757,1,Cross-Dock,Northwind Laboratories Gro Plant,5126 Foundry Way,Portland,65724,False,True,2023-09-22
1585,758,10,Billing,Cobalt Pet Nutrition Manuf HQ,7449 Mill Lane,Berlin,SE4 7B,True,False,2025-01-10
1586,758,10,Cross-Dock,Cobalt Pet Nutrition Manuf DC,2867 Dockside Lane,Hamburg,L1 1C,False,True,
1587,759,8,Billing,Orchard Biologics Partners HQ,2459 Station Road,Sherbrooke,60553,True,True,2023-07-08
1588,760,5,Billing,Trinity Seafood Co-op HQ,4044 Canal Street,Seattle,46374,True,False,2025-08-27
1589,761,3,Billing,Keystone Laboratories Co-o HQ,1682 Dockside Lane,Columbus,51005,True,True,2025-09-15
1590,761,3,Delivery,Keystone Laboratories Co-o DC,4319 Foundry Way,Detroit,66714,False,True,2023-07-03
1591,762,8,Billing,Keystone Dairy Manufacturi HQ,5649 Harvester Road,Quebec City,90028,True,True,2024-10-15
1592,763,5,Billing,Crescent Dairy Co-op HQ,3025 Market Row,Los Angeles,26767,True,True,2023-07-16
1593,764,7,Billing,Pioneer Laboratories Group HQ,4755 Canal Street,Ottawa,11201,True,True,2023-12-08
1594,765,9,Billing, Meridian Dairy Distributio HQ,3366 Foundry Way,Manchester,M4 6C,True,True,2023-04-24
1595,766,11,Billing,Briar Specialty Produce Su HQ,6466 Marlow Parkway,Eindhoven,B3 5C,True,False,2026-02-13
1596,766,11,Cross-Dock,Briar Specialty Produce Su DC,7965 Vine Street,Utrecht,L1 7A,False,True,2025-11-30
1597,767,1,Billing,Aster Seafood Group HQ,8471 Crescent Drive,Portland,94482,True,False,2023-06-09
1598,768,8,Billing,Solace Floral Logistics Su HQ,2413 Ridgeview Road,Sherbrooke,38045,True,True,2023-04-13
1599,768,8,Cross-Dock,Solace Floral Logistics Su DC,573 Vine Street,Laval,17901,False,True,2023-03-22
1600,768,8,Returns,Solace Floral Logistics Su Plant,6836 Canal Street,Sherbrooke,29987,False,True,2023-12-11
1601,769,6,Billing,Trinity Biologics Foods HQ,8576 Crescent Drive,Houston,46157,True,True,
1602,770,1,Billing,Forge Laboratories Foods HQ,1478 Ridgeview Road,Portland,53443,True,True,2023-10-06
1603,771,7,Billing,FORGE SEAFOOD GROUP HQ,1874 Market Row,Toronto,88934,True,True,2023-01-16
1604,771,8,Cross-Dock,Forge Seafood Group DC,9167 Vine Street,Quebec City,20084,False,True,2023-11-20
1605,772,1,Billing,Lantern Ingredients Partne HQ,5537 Station Road,Portland,79665,True,False,
1606,772,1,Delivery,Lantern Ingredients Partne DC,6171 Crescent Drive,Hartford,49863,False,True,2025-05-16
1607,772,1,Production Site,Lantern Ingredients Partne Plant,7219 Juniper Avenue,Newark,22218,False,True,2024-10-09
1608,772,8,Production Site,Lantern Ingredients Partne Annex,4369 Crescent Drive,Montreal,63879,False,True,2025-11-11
1609,773,6,Billing,Ardent Laboratories Supply HQ,6201 Market Row,San Antonio,15390,True,True,2023-11-04
1610,774,1,Billing,Lakeside Nutrition Holding HQ,7068 Crescent Drive,Newark,54996,True,True,
1611,774,1,Returns,Lakeside Nutrition Holding DC,7545 Market Row,Newark,54257,False,True,
1612,774,1,Returns,Lakeside Nutrition Holding Plant,9661 Juniper Avenue,Boston,91574,False,True,2025-02-06
1613,774,1,Delivery,Lakeside Nutrition Holding Annex,5470 Market Row,Boston,27572,False,True,2024-10-07
1614,775,1,Billing,Lantern Meal Systems Manuf HQ,7254 Station Road,Boston,64577,True,True,2026-02-04
1615,775,1,Delivery,Lantern Meal Systems Manuf DC,3798 Station Road,Hartford,16644,False,True,2025-11-19
1616,775,1,Cross-Dock,Lantern Meal Systems Manuf Plant,2617 Station Road,Newark,13441,False,True,2024-01-08
1617,776,9,Billing,Northwind Nutrition Logist HQ,8543 Crescent Drive,Manchester ,B2 5B,True,True,2025-12-06
1618,777,2,Billing,Westline Beverage Group HQ,2847 Marlow Parkway,Atlanta,87709,True,True,2025-02-23
1619,778,7,Billing,Northwind Floral Logistics HQ,6115 Juniper Avenue,London,26666,True,True,2025-01-23
1620,779,9,Billing,Cedar Pharma Logistics HQ,1987 Ridgeview Road,London,B9 6B,True,True,2025-05-18
1621,780,6,Billing,Meridian Biologics Partner HQ,9013 Market Row,Dallas,52163,True,True,2025-07-31
1622,780,4,Cross-Dock,Meridian Biologics Partner DC,4739 Juniper Avenue,Phoenix,66642,False,True,2024-07-05
1623,780,2,Production Site,Meridian Biologics Partner Plant,2706 Vine Street,Atlanta,98934,False,True,2023-03-18
1624,780,4,Delivery,Meridian Biologics Partner Annex,785 Canal Street,Phoenix,61118,False,True,2025-12-19
1625,781,9,Billing,Everfield Floral Logistics HQ,3941 Ridgeview Road,Bristol,EH7 2C,True,True,2025-09-08
1626,782,8,Billing,Crescent Beverage Distribu HQ,7763 Mill Lane,Quebec City,63028,True,True,2024-07-23
1627,782,7,Delivery,Crescent Beverage Distribu DC,4293 Mill Lane,Ottawa,92646,False,True,2025-10-25
1628,782,7,Delivery,Crescent Beverage Distribu Plant,2206 Market Row,Ottawa,47865,False,True,2023-03-12
1629,783,6,Billing,Trinity Nutrition Partners HQ,8137 Foundry Way,Austin,20268,True,True,2024-06-14
1630,783,6,Cross-Dock,TRINITY NUTRITION PARTNERS DC,554 Vine Street,San Antonio,51273,False,True,2024-08-08
1631,783,6,Delivery,Trinity Nutrition Partners Plant,9887 Marlow Parkway,San Antonio,31282,False,True,2026-02-12
1632,783,6,Cross-Dock,Trinity Nutrition Partners Annex,4085 Canal Street,Houston,46520,False,True,2023-11-13
1633,784,9,Billing,Orchard Pharma Distributio HQ,2398 Foundry Way,London,SE5 6B,True,True,2024-02-11
1634,785,11,Billing,Granite Beverage Supply HQ,7663 Mill Lane,Amsterdam,M2 3A,True,True,2025-09-26
1635,785,3,Returns,Granite Beverage Supply DC,3420 Ridgeview Road,Minneapolis,12675,False,True,2025-03-12
1636,786,9,Billing,crown floral logistics par HQ,8168 Canal Street,Manchester,SE8 5B,True,True,2023-11-25
1637,786,9,Delivery,crown floral logistics par DC,9634 Market Row,Bristol,SE8 2D,False,True,2023-03-18
1638,786,9,Cross-Dock,crown floral logistics par Plant,5366 Foundry Way,Bristol,M4 8A,False,True,2023-06-22
1639,787,2,Billing,Meridian Beverage Logistic HQ,7943 Dockside Lane,Orlando,62102,True,True,2025-10-26
1640,788,3,Billing,Oakmont Meal Systems Manuf HQ,4487 Dockside Lane,Chicago,82847,True,True,2024-03-19
1641,789,6,Billing,Helix Cold Foods Co-op HQ,6188 Canal Street,Austin,65716,True,True,2025-09-29
1642,789,6,Production Site,Helix Cold Foods Co-op DC,2939 Marlow Parkway,Houston,22053,False,True,2024-08-18
1643,789,6,Delivery,Helix Cold Foods Co-op Plant,83 Crescent Drive,San Antonio,33726,False,True,2023-08-16
1644,790,10,Billing,Oakmont Beverage Foods HQ,3806 Station Road,Hamburg,EH3 6B,True,True,2023-02-24
1645,791,3,Billing,Crown Dairy Labs HQ,4138 Vine Street,Minneapolis,51753,True,True,2025-07-27
1646,791,4,Production Site,Crown Dairy Labs DC,3771 Crescent Drive,Phoenix,41032,False,True,2023-12-22
1647,791,3,Returns,Crown Dairy Labs Plant,389 Crescent Drive,Chicago,52872,False,True,2023-07-18
1648,792,6,Billing,Harbor Ingredients Mfg HQ,7191 Marlow Parkway,Houston,32906,True,True,2024-01-20
1649,793,6,Billing,Granite Nutrition Distribu HQ,1864 Marlow Parkway,San Antonio,38064,True,True,2023-01-19
1650,793,6,Cross-Dock,Granite Nutrition Distribu DC,3950 Foundry Way,DALLAS,45648,False,True,2023-07-02
1651,793,6,Returns,Granite Nutrition Distribu Plant,6857 Station Road,Houston,22995,False,True,2025-03-05
1652,794,6,Billing,Granite Biologics Labs HQ,3660 Crescent Drive,San Antonio,46019,True,True,2023-05-22
1653,794,6,Delivery,GRANITE BIOLOGICS LABS DC,9718 Foundry Way,San Antonio,94074,False,True,2023-07-31
1654,795,9,Billing,Vantaeg Seafood Partners HQ,8802 Station Road,Leeds,M6 8D,True,True,2023-06-06
1655,795,6,Production Site,Vantage Seafood Partners DC,8797 Market Row,Dallas,66929,False,True,2024-07-19
1656,795,6,Returns,Vantage Seafood Partners Plant,8090 Crescent Drive,DALLAS,55498,False,True,2024-08-26
1657,796,1,Billing,Everfield Specialty Produc HQ,109 Marlow Parkway,Newark,34811,True,True,
1658,796,11,Returns,Everfield Specialty Produc DC,1162 Market Row,Amsterdam,M1 2D,False,True,2023-10-10
1659,797,5,Billing,Orchard Foods Co-op HQ,3686 Juniper Avenue,San Diego,80852,True,True,2026-01-30
1660,798,8,Billing,Cedar Nutrition Labs HQ,4628 Juniper Avenue,Montreal,17000,True,False,2023-07-26
1661,799,11,Billing,Crescent Seafood Distribut HQ,6633 Canal Street,Amsterdam,L3 9B,True,True,2025-10-04
1662,799,10,Cross-Dock,Crescent Seafood Distribut DC ,548 Harvester Road,Cologne,M1 4B,False,True,2024-10-04
1663,800,1,Billing,Vantage Dairy Group HQ,3414 Station Road,Boston,41224,True,True,2024-08-02
1664,801,5,Billing,Oakmont Biologics Supply HQ,6539 Canal Street,Seattle,92910,True,True,2024-04-29
1665,801,5,Production Site,Oakmont Biologics Supply DC,2939 Crescent Drive,Los Angeles,94424,False,True,2026-01-02
1666,801,9,Cross-Dock,Oakmont Biologics Supply Plant,3169 Marlow Parkway,Bristol,M8 6D,False,True,2025-01-30
1667,802,7,Billing,ASTER BIOLOGICS CO-OP HQ,6855 Juniper Avenue,London,61732,True,True,2024-08-21
1668,802,9,Cross-Dock,ASTER BIOLOGICS CO-OP DC,7100 Crescent Drive,Leeds,EH4 3B,False,True,2025-08-13
1669,802,8,Returns,ASTER BIOLOGICS CO-OP Plant,8979 Canal Street,Sherbrooke,65867,False,True,2023-06-18
1670,802,3,Delivery,ASTER BIOLOGICS CO-OP Annex,5722 Ridgeview Road,Chicago,76224,False,True,2025-02-22
1671,803,4,Billing,Crescent Foods Co-op HQ,8550 Harvester Road,Albuquerque,34601,True,True,2026-01-16
1672,803,2,Cross-Dock,Crescent Foods Co-op DC,5147 Canal Street,Atlanta,91698,False,True,2024-10-24
1673,803,4,Returns,Crescent Foods Co-op Plant,4764 Station Road,Las Vegas,58148,False,True,2026-01-21
1674,804,2,Billing,Harbor Ingredients Supply HQ,4495 Juniper Avenue,Orlando,83716,True,True,2023-05-17
1675,805,7,Billing,Cardinal Nutrition Logisti HQ,1406 Vine Street,Otatwa,69293,True,True,2025-05-31
1676,805,7,Cross-Dock,Cardinal Nutrition Logisti DC,8260 Dockside Lane,Toronto,79944,False,True,2025-04-13
1677,805,7,Cross-Dock,Cardinal Nutrition Logisti Plant,6784 Juniper Avenue,London,77718,False,True,2023-11-07
1678,806,9,Billing,OAKMONT FOODS HOLDINGS HQ,5642 Crescent Drive,Leeds,SE1 5B,True,True,2024-09-19
1679,806,9,Returns,Oakmont Foods Holdings DC,2292 Harvester Road,london,M7 3C,False,True,2025-07-09
1680,807,9,Billing,Harbor Pharma Group HQ,7141 Market Row,London,SE6 6A,True,True,2023-01-21
1681,808,2,Billing,Forge Laboratories Supply HQ,3666 Crescent Drive,Charlotte,92136,True,True,2024-02-25
1682,809,9,Billing,Forge Cold Foods Group HQ,2924 Dockside Lane,Leeds,L2 7A,True,True,2024-09-17
1683,809,8,Delivery,Forge Cold Foods Group DC,9954 Station Road,Laval,57899,False,True,2025-07-31
1684,809,8,Delivery,Forge Cold Foods Group Plant,2460 Harvester Road,Sherbrooke,91184,False,True,2023-06-20
1685,809,8,Returns,Forge Codl Foods Group Annex,8945 Vine Street,Sherbrooke,57437,False,False,2024-05-26
1686,810,11,Billing,Riverbend Cold Foods Foods HQ,1551 Marlow Parkway,Utrecht,M4 6A,True,True,2023-02-06
1687,810,11,Production Site,Riverbend Cold Foods Foods DC,6788 Station Road,Amsterdam,EH2 9B,False,True,2023-07-18
1688,811,3,Billing,Westline Foods Manufacturi HQ,9210 Marlow Parkway,Detroit,61426,True,True,2025-12-23
1689,812,5,Billing, Trinity Cold Foods Holdin HQ,775 Market Row,Los Angeles,35821,True,True,2024-02-03
1690,813,1,Billing,Cedar Ingredients Manufact HQ,8282 Marlow Parkway,Hartford,38349,True,True,2024-08-09
1691,813,1,Production Site,Cedar Ingredients Manufact DC,2883 Mill Lane,Portland,35253,False,True,2023-11-05
1692,813,1,Production Site,Cedar Ingredients Manufact Plant,56 Mill Lane,Newark,65765,False,True,2025-10-25
1693,813,1,Delivery,Cedar Ingredients Manufact Annex,9382 Station Road,Hartford,17128,False,True,2023-04-05
1694,814,9,Billing,Bluevale Floral Logistics  HQ,4187 Dockside Lane,Bristol,L7 5D,True,True,2023-12-04
1695,814,6,Cross-Dock,Bluevale Floral Logistics  DC,7986 Marlow Parkway,Houston,93837,False,True,2023-11-28
1696,815,7,Billing,Crescent Meal Systems Grou HQ,7874 Harvester Road,London,22534,True,True,2024-08-20
1697,816,7,Billing,Summit Biologics Co-op HQ,4926 Marlow Parkway,toronto,52186,True,False,2025-05-03
1698,816,7,Returns,Summit Biologics Co-opD C,5970 Station Road,Hamilton,92474,False,True,2023-06-10
1699,817,1,Billing,Briar Laboratories Mfg HQ,4392 Dockside Lane,Boston,20694,True,True,2023-09-04
1700,817,1,Cross-Dock,Briar Laboratories Mfg DC,9300 Dockside Lane,Portland,11798,False,True,2024-11-20
1701,817,1,Cross-Dock,Briar Laboratories Mfg Plant,2656 Harvester Road,Newark,36371,False,True,2024-02-18
1702,818,2,Billing,Westline Meal Systems Manu HQ,261 Dockside Lane,Nashville,83622,True,True,
1703,818,2,Cross-Dock,Westline Meal Systems Manu DC,4947 Harvester Road,Nashville,41794,False,True,2026-01-12
1704,818,2,Returns,Westline Meal Systems Manu Plant,1699 Harvester Road,Atlanta,59063,False,True,2025-01-06
1705,819,6,Billing,Cardinal Floral Logistics  HQ,9145 Foundry Way,Houston,94526,True,True,2024-03-20
1706,819,11,Returns,CARDINAL FLORAL LOGISTICS  DC,5022 Ridgeview Road,Amsterdam,M3 2B,False,True,2023-02-06
1707,819,3,Delivery,Cardinal Floral Logistics  Plant,3913 Dockside Lane,Detroit,38200,False,True,2023-06-11
1708,819,11,Returns,Cardinal Floral Logistics  Annex,3486 Juniper Avenue,Rotterdam,L6 9B,False,True,2024-04-29
1709,820,6,Billing,Solace Ingredients Labs HQ,124 Foundry Way,Dallas,70583,True,True,2024-01-20
1710,820,6,Cross-Dock,Solace Ingredients Labs DC,582 Ridgeview Road,Houston,80600,False,False,2025-06-13
1711,821,5,Billing,Harbor Ingredients Supply HQ,2099 Station Road,Seattle,99526,True,True,2024-04-05
1712,822,1,Billing,Riverbend Laboratories Lab HQ,5028 Crescent Drive,Hartfrod,23511,True,True,2025-05-09
1713,822,6,Production Site,Riverbend Laboratories Lab DC,2637 Mill Lane,Austin,89390,False,True,2025-01-21
1714,822,6,Delivery, Riverbend Laboratories Lab Plant,9645 Station Road,Houston,38353,False,True,
1715,823,4,Billing,Forge Pet Nutrition Supply HQ,3607 Harvester Road,Denver,34746,True,True,2025-01-16
1716,823,4,Returns,Forge Pet Nutrition Supply DC,7730 Mill Lane,Las Vegas,23108,False,True,2024-10-01
1717,823,4,Cross-Dock,Forge Pet Nutrition Supply Plant,1229 Juniper Avenue,Albuquerque,97413,False,True,2025-10-14
1718,824,11,Billing,Cobalt Biologics Labs HQ,2454 Foundry Way,Rotterdam,SE6 2D,True,True,2026-02-25
1719,824,11,Delivery,Cobalt Biologics Labs DC,4922 Marlow Parkway, Utrecht,EH6 2C,False,True,2025-08-01
1720,824,11,Cross-Dock,Cobalt Biologics Labs Plant,4472 Canal Street,Eindhoven,SE2 3C,False,True,2024-05-07
1721,825,10,Billing,Helix Biologics Mfg HQ,4713 Dockside Lane,Hamburg,M6 5A,True,True,2024-05-18
1722,825,10,Production Site,Helix Biologics Mfg DC,1604 Dockside Lane,Munich,M7 7D,False,False,2025-04-09
1723,825,10,Delivery,Helix Biologics Mf gPlant,1220 Ridgeview Road,Munich,L4 4B,False,True,2026-02-05
1724,826,11,Billing,Keystone Floral Logistics  HQ,8064 Harvester Road,Utrecht,M1 1A,True,True,2023-08-04
1725,826,11,Returns,Keystone Floral Logistics  DC,6586 Foundry Way,Eindhoven,B3 4A,False,True,2024-05-17
1726,826,11,Cross-Dock,Keystone Floral Logistics  Plant,3317 Dockside Lane,Utrecht,SE5 5B,False,True,2023-03-10
1727,826,11,Returns,Keystone Floral Logistics  Annex,4935 Dockside Lane,Utrecht,L6 4D,False,True,2025-04-11
1728,827,8,Billing,Solace Pet Nutrition Labs HQ,5388 Juniper Avenue,laval,80443,True,True,2026-03-03
1729,827,8,Returns,Solace Pet Nutrition Labs DC,1186 Ridgeview Road,Montreal,65374,False,True,2025-04-27
1730,828,3,Billing,Keystone Pet Nutrition Par HQ,495 Juniper Avenue,Detroit,25756,True,True,
1731,828,3,Delivery,Keystone Pet Nutrition Par DC,1605 Harvester Road,Minneapolis,85266,False,True,2023-01-14
1732,829,5,Billing,Helix Meal Systems Foods  HQ,668 Crescent Drive,San Diego,63292,True,True,2023-08-04
1733,830,2,Billing,Cedar Nutrition Logistics HQ,7514 Marlow Parkway,Charlotte,92491,True,True,2025-02-10
1734,831,11,Billing,Lakeside Specialty Produce HQ,7436 Crescent Drive, Utrecht,M2 2B,True,True,2025-09-20
1735,831,11,Cross-Dock,Lakeside Specialty Produce DC,405 Vine Street,Eindhoven,EH5 5D,False,True,2024-04-20
1736,832,7,Billing,Ardent Meal Systems Labs HQ,8334 Ridgeview Road,London,67690,True,False,2024-07-12
1737,832,7,Delivery,Ardent Meal Systems Labs DC,7885 Market Row,Toronto,56108,False,True,2024-04-28
1738,832,7,Returns,Ardent Meal Systems Labs Plant,1727 Marlow Parkway,Ottawa,30144,False,False,2025-04-24
1739,832,7,Delivery,Ardent Meal Systems Labs Annex,6565 Vine Street,Toronto,38272,False,True,2023-03-29
1740,833,10,Billing,Mosaic Nutrition Labs HQ,8817 Station Road,Hamburg,M7 4A,True,True,2023-03-12
1741,833,11,Cross-Dock,Mosaic Nutrition Labs DC,2707 Mill Lane,Amsterdam,B6 6A,False,True,2024-04-13
1742,833,7,Returns,Mosaic Nutrition Labs Plant,4192 Juniper Avenue,Hamilton,14277,False,False,2024-02-10
1743,833,7,Cross-Dock,Mosaic Nutrition Labs Annex,7477 Dockside Lane,Toronto,32239,False,True,2026-01-25
1744,834,10,Billing,Brightwell Nutrition Foods HQ,6125 Marlow Parkway,Munich,EH4 8C,True,True,2024-06-06
1745,835,2,Billing,Westline Foods Logistics HQ,5819 Canal Street,Charlotte,34103,True,True,2025-12-05
1746,835,11,Delivery,Westline Foods Logistics DC,2532 Foundry Way,Eindhoven,L3 5A,False,True,2025-03-19
1747,836,10,Billing, Brightwell Pharma Foods HQ,4073 Crescent Drive,Munich,B5 2B,True,True,2025-08-24
1748,836,10,Production Site, Brightwell Pharma Foods DC,8047 Station Road,Hamburg,L6 1D,False,True,2023-11-12
1749,837,2,Billing,Harbor Nutrition Logistics HQ,5070 Marlow Parkway,Charlotte,30780,True,True,2024-10-06
1750,838,2,Billing,Meridian Cold Foods Partne HQ,4369 Mill Lane,Orlando,54275,True,True,2023-12-28
1751,838,2,Delivery,Meridian Cold Foods Partne DC,2466 Vine Street,Charlotte,25888,False,True,2026-01-08
1752,839,5,Billing,Orchard Laboratories Holdi HQ,6897 Market Row,Los Angeles,13083,True,True,2023-03-19
1753,840,9,Billing,Bluevale Floral Logistics  HQ,1171 Juniper Avenue,Leeds,B6 4D,True,True,2023-12-04
1754,840,9,Returns,Bluevale Floral Logistics  DC,7452 Market Row,London,SE4 3C,False,True,2024-03-25
1755,840,9,Returns,Bluevale Floral Logistics  Plant,7126 Juniper Avenue,Manchester,SE6 8B,False,True,2025-12-25
1756,841,4,Billing,Northwind Specialty Produc HQ,5771 Foundry Way,Phoenix,65125,True,True,
1757,841,4,Production Site,Northwidn Specialty Produc DC,9375 Canal Street,Phoenix,70830,False,True,2023-01-02
1758,841,4,Returns,Northwind Specialty Produc Plant,272 Mill Lane,Denver,99931,False,True,2024-05-31
1759,842,10,Billing,Brightwell Pharma Supply HQ,4944 Harvester Road,Munich,EH8 3D,True,True,2023-06-26
1760,843,3,Billing,Briar Biologics Distributi HQ,9438 Canal Street,Chicago,29700,True,True,2023-03-17
1761,844,6,Billing,Forge Seafood Manufacturin HQ,7520 Juniper Avenue,San Antonio,93024,True,True,2024-01-23
1762,845,7,Billing,Everfield Cold Foods Partn HQ,346 Harvester Road,Toronto,66083,True,True,2026-01-11
1763,845,7,Production Site,Everfield Cold Foods Partn DC,7131 Juniper Avenue,Toronto,90581,False,True,2026-01-13
1764,845,11,Delivery,Everfield Cold Foods Partn Plant,1850 Vine Street,Utrecht,SE7 7A,False,True,2026-02-13
1765,845,7,Returns,Everfield Cold Foods Partn Annex,7626 Canal Street,Ottawa,53824,False,True,2024-11-29
1766,846,10,Billing,Granite Nutrition Supply HQ,6810 Crescent Drive,Hamburg,EH3 7D,True,True,2024-12-25
1767,846,2,Delivery,Granite Nutrition Supply DC,4193 Crescent Drive,Orlando,28718,False,True,2025-08-29
1768,846,3,Returns,Granite Nutrition Supply Plant,1340 Station Road,Detroit,46634,False,False,2025-07-02
1769,847,4,Billing,Crown Pet Nutrition Manufa HQ,6003 Crescent Drive,Denver,26017,True,True,2025-12-25
1770,847,9,Cross-Dock,Crown Pet Nutrition Manufa DC,3114 Mill Lane,Bristol,L7 8C,False,True,2023-04-11
1771,848,2,Billing,Crown Specialty Produce La HQ,4161 Market Row,Nashville,27261,True,True,
1772,849,10,Billing,Oakmont Pet Nutrition Logi HQ,1376 Juniper Avenue,Munich,B9 6C,True,True,2025-09-06
1773,850,10,Billing,Cardinal Seafood Partners HQ,5301 Foundry Way,Munich,L7 1A,True,True,2026-02-10
1774,850,10,Returns,Cardinal Seafood Partners DC,9362 Crescent Drive,Hamburg,B4 1A,False,True,2025-10-31
1775,850,10,Cross-Dock,Cardinal Seafood Partners Plant,3911 Mill Lane,Berlin,M5 3A,False,True,2024-09-30
1776,851,3,Billing,Crown Nutrition Manufactur HQ,586 Marlow Parkway,Chicago,91692,True,True,2023-03-26
1777,852,1,Billing,Cedar Dairy Group HQ,9919 Vine Street,Boston,95145,True,False,2023-12-21
1778,852,3,Returns,Cedar Dairy Group DC,8166 Station Road,Detroit,20963,False,True,2025-04-25
1779,852,6,Production Site,Cedar Dairy Group Plant,9964 Canal Street,Houston,75918,False,True,2023-08-18
1780,853,5,Billing,Northwind Pet Nutrition Pa HQ,6261 Canal Street,San Diego,72805,True,True,2023-02-25
1781,854,11,Billing,Brightwell Pharma Group HQ,6012 Canal Street,Utrecht,L5 2A,True,True,2025-10-03
1782,855,4,Billing,Crescent Beverage Partners HQ,9202 Station Road,Albuquerque,48110,True,True,2023-07-17
1783,855,4,Cross-Dock,Crescent Beverage Partners DC,661 Harvester Road,LAS VEGAS,22366,False,True,2023-11-26
1784,856,2,Billing,Forge Biologics Holdings HQ,5390 Dockside Lane,Orlando,53934,True,True,
1785,856,2,Production Site,Forge Biologics Holdings DC,8890 Crescent Drive,Nashville,94075,False,True,2023-12-20
1786,857,9,Billing,Harbor Seafood Supply HQ,7195 Ridgeview Road,Leeds,EH4 7B,True,False,2024-03-19
1787,857,9,Delivery,Harbor Seafood Supply DC,2549 Vine Street,London,B3 7B,False,False,
1788,857,9,Delivery,Harbor Seafood Supply Plant,4841 Harvester Road,Manchester,M1 4B,False,True,2023-05-07
1789,857,9,Returns,Harbor Seafood Supply Annex,1141 Canal Street,Bristol,EH6 8D,False,True,
1790,858,4,Billing,Lantern Dairy Co-op HQ,2937 Foundry Way,Phoenix,93533,True,True,2025-02-19
1791,858,4,Delivery,Lantern Dairy Co-op DC,9134 Juniper Avenue,Denver,47275,False,False,2024-02-01
1792,858,4,Cross-Dock,Lantern Dairy Co-op Plant,8076 Juniper Avenue,Denver,10319,False,True,2024-07-03
1793,859,2,Billing,Aster Laboratories Holding HQ,3173 Foundry Way,Orlando,65972,True,True,2023-03-08
1794,859,2,Delivery,Aster Laboratories Holding DC,7270 Harvester Road,Atlanta,83825,False,True,2023-02-17
1795,859,2,Delivery,Aster Laboratories Holding Plant,1458 Harvester Road,Charlotte,70538,False,True,2023-01-08
1796,859,2,Returns,Aster Laboratories Holding Annex,5803 Crescent Drive,Orlando,49791,False,True,2025-09-24
1797,860,3,Billing,Orchard Laboratories Holdi HQ,1805 Harvester Road,Minneapolis,27170,True,True,2024-10-07
1798,861,5,Billing,Forge Biologics Labs HQ,583 Crescent Drive,Oakland,11420,True,True,2023-05-04
1799,862,10,Billing,Granite Meal Systems Logis HQ,5578 Harvester Road,Berlin,B1 4C,True,True,2025-07-10
1800,862,10,Production Site,Granite Meal Systems Logis DC,9038 Market Row,Hamburg,B3 3A,False,True,2026-01-24
1801,862,10,Production Site,granite meal systems logis plant,7001 Juniper Avenue,Cologne,B7 5C,False,True,2025-12-13
1802,862,10,Production Site,Granite Meal Systems Logis Annex,4333 Harvester Road,Munich,B8 4D,False,True,2023-12-11
1803,863,2,Billing,Lantern Biologics Foods HQ,190 Dockside Lane,Nashville,57103,True,True,2025-04-09
1804,863,2,Delivery,Lantern Biologics Foods DC,2493 Dockside Lane,Atlanta,31682,False,False,2025-12-05
1805,863,2,Cross-Dock,Lantern Biologics Foods Plant,2302 Mill Lane,Charlotte,25414,False,False,2024-02-06
1806,863,2,Returns,Lantern Biologics Foods Annex,1237 Dockside Lane,Atlanta,26216,False,True,2024-11-11
1807,864,8,Billing,Briar Beverage Foods HQ,4217 Station Road,Quebec City,49588,True,True,2024-01-17
1808,864,11,Delivery,Briar Beverage Foods DC,6018 Ridgeview Road,Eindhoven,B9 7B,False,True,2024-06-26
1809,864,8,Production Site,Briar Beverage Foods Plant,5551 Market Row,Laval,82826,False,True,2025-05-27
1810,865,5,Billing,Northwind Floral Logistics HQ,3444 Dockside Lane,Seattle,71463,True,True,2024-11-15
1811,865,1,Delivery,Northwind Floral Logistics DC,9171 Mill Lane,newark,63742,False,True,2025-03-06
1812,865,1,Delivery,Northwind Floral Logistics Plant,544 Marlow Parkway,Hartford,66657,False,True,2023-06-11
1813,866,2,Billing,Cardinal Beverage Logistic HQ,4874 Crescent Drive,Atlanta,78661,True,True,
1814,867,2,Billing,Brightwell Beverage Partne HQ,8585 Crescent Drive,Atlanta,58349,True,True,2023-01-18
1815,867,2,Delivery,Brightwell Beverage Partne DC,8692 Station Road,Atlanta,86295,False,True,2023-10-10
1816,868,1,Billing,Lakeside Pet Nutrition Mfg HQ,5925 Juniper Avenue,Hartford,15708,True,True,
1817,868,1,Production Site,Lakeside Pet Nutrition Mfg DC,1248 Station Road,Boston,41899,False,True,2024-11-10
1818,868,1,Cross-Dock,Lakeside Pet Nutrition Mfg Plant,4399 Ridgeview Road,Newark,18333,False,True,2025-10-14
1819,868,1,Delivery,Lakeside Pet Nutrition Mfg Annex,2517 Juniper Avenue,Hartford,94023,False,True,2023-01-17
1820,869,2,Billing,Keystone Beverage Co-op HQ,3810 Dockside Lane,Charlotte,79895,True,True,2023-04-06
1821,869,2,Delivery,Keystone Beverage Co-op DC,5165 Harvester Road,Charlotte,95312,False,True,2024-12-25
1822,869,2,Cross-Dock,Keystone Beverage Co-op Plant,6526 Marlow Parkway,Nashville,99986,False,True,2025-06-30
1823,869,8,Cross-Dock,Keystone Beverage Co-op Annex,7451 Harvester Road,Quebec City,57655,False,True,2025-01-01
1824,870,4,Billing,Cobalt Meal Systems Holdin HQ,2510 Foundry Way,Denver,35217,True,False,2025-02-10
1825,870,3,Delivery,Cobalt Meal Systems Holdin DC,282 Market Row,Columbus,19486,False,True,2026-01-05
1826,871,6,Billing,Brightwell Meal Systems Pa HQ,760 Market Row,Dallas,41799,True,True,2023-06-25
1827,872,7,Billing,Trinity Floral Logistics M HQ,193 Ridgeview Road,Hamilton,25489,True,True,2025-05-20
1828,872,7,Production Site,Trinity Floral Logistics M DC,5073 Canal Street,Toronto,60617,False,False,2025-12-04
1829,872,7,Production Site,Trinity Floral Logistics M Plant,7592 Ridgeview Road,Hamilton,67477,False,True,
1830,873,6,Billing,Meridian Floral Logistics  HQ,495 Marlow Parkway,Houston,14730,True,False,2024-11-11
1831,873,2,Production Site,Meridian Floral Logistics  DC,7567 Vine Street,Charlotte,84720,False,True,2023-06-23
1832,874,6,Billing,Orchard Ingredients Manufa HQ,5969 Market Row,San Antonio,72534,True,True,2025-05-25
1833,874,6,Cross-Dock,Orchard Ingredients Manufa DC,9725 Harvester Road,Austin,74632,False,True,2023-06-03
1834,874,6,Production Site,Orchard Ingredients Manufa Plant,7150 Market Row,Dallas,77049,False,True,2024-11-07
1835,875,10,Billing,Trinity Specialty Produce  HQ,5579 Harvester Road,Munich,M2 1A,True,True,2023-08-27
1836,875,2,Production Site,Trinity Specialty Produce  DC,7143 Foundry Way,Orlando,18340,False,True,2023-04-02
1837,875,10,Production Site,Trinity Specialty Produce  Plant,1169 Ridgeview Road,Munich,EH1 5B,False,False,2023-09-26
1838,876,6,Billing,Solace Floral Logistics La HQ,864 Foundry Way,San Antonio,66587,True,True,2025-11-12
1839,876,11,Delivery,Solace Floral Logistics La DC,3278 Market Row,Eindhoven,L4 4B,False,True,2023-02-28
1840,876,6,Delivery,Solace Floral Logistics La Plant,4793 Foundry Way,Dallas,34533,False,True,2026-03-01
1841,877,6,Billing, Aster Foods Labs HQ,8243 Dockside Lane,Houston,70327,True,True,2025-10-06
1842,877,6,Delivery, Aster Foods Labs DC,2553 Vine Street,Austin,87778,False,True,2023-04-12
1843,877,6,Delivery, Aster Foods Labs Plant,5525 Marlow Parkway,Austin,77601,False,True,2023-01-04
1844,877,6,Production Site, Aster Foods Labs Annex,1674 Juniper Avenue,San Antonio ,14414,False,True,2023-09-20
1845,878,7,Billing,Briar Biologics Mfg HQ,5728 Harvester Road,Ottawa,98325,True,True,2025-02-13
1846,879,10,Billing,Aster Dairy Partners HQ,5499 Market Row,Hamburg,SE7 2C,True,True,2025-09-15
1847,879,10,Cross-Dock,Aster Dairy Partners DC,5259 Marlow Parkway,Munich,M8 2B,False,True,2023-02-15
1848,880,1,Billing,Trinity Dairy Dist. HQ,7893 Station Road, Newark,21302,True,True,2023-02-23
1849,881,3,Billing,Trinity Nutrition Logistic HQ,5170 Juniper Avenue,Detroit,69165,True,True,2025-03-09
1850,881,3,Delivery,Trinity Nutrition Logistic DC,5562 Crescent Drive,Columbus,17182,False,True,2024-11-07
1851,882,5,Billing,Forge Pet Nutrition Foods HQ,8731 Station Road,Seattle,29270,True,True,2024-05-04
1852,882,5,Delivery,Forge Pet Nutrition Foods DC,9384 Foundry Way,San Diego,58922,False,True,2024-11-13
1853,882,5,Delivery,Forge Pet Nutrition Foods Plant,994 Market Row,Oakland,14878,False,True,2024-02-22
1854,883,11,Billing,Orchard Ingredients Group HQ,8607 Station Road,Rotterdam,M4 7D,True,True,2025-07-25
1855,883,11,Cross-Dock,Orchard Ingredients Group DC,2719 Station Road,utrecht,SE8 3D,False,True,2025-02-17
1856,884,7,Billing,Mosaic Specialty Produce M HQ,261 Marlow Parkway,Toronto,62812,True,True,2023-12-03
1857,885,1,Billing,Meridian Pet Nutrition Par HQ,7374 Crescent Drive,Hartford,15617,True,True,2025-04-15
1858,885,5,Returns,Meridian Pet Nutrition Par DC,7832 Dockside Lane,San Diego,97729,False,True,2025-08-26
1859,885,1,Delivery,Meridian Pet Nutrition Par Plant,477 Mill Lane,Hartford,99531,False,False,
1860,886,10,Billing,Everfield Pharma Distribut HQ,2564 Harvester Road,Berlin,SE2 4A,True,True,2025-05-27
1861,886,10,Production Site,Everfield Pharma Distribut DC,5440 Mill Lane,Hamburg,B4 1C,False,True,2026-03-23
1862,886,10,Production Site,Everfield Pharma Distribut Plant,7440 Station Road,Cologne,SE8 4C,False,True,2024-02-29
1863,887,5,Billing,Meridian Floral Logistics  HQ,7001 Juniper Avenue,San Diego,46676,True,True,
1864,887,5,Cross-Dock,Meridian Floral Logistics  DC,5954 Mill Lane,Oakland,78855,False,True,2024-01-01
1865,887,5,Production Site,Meridian Floral Logistics  Plant,5671 Juniper Avenue,San Diego,77844,False,True,2024-01-08
1866,887,5,Delivery,Meridian Floral Logistics  Annex,8086 Dockside Lane,Los Angeles,86267,False,True,2024-10-12
1867,888,4,Billing,Lakeside Laboratories Grou HQ,1957 Crescent Drive,Las Vegas,23058,True,True,2023-09-18
1868,889,5,Billing,Trinity Pet Nutrition Supp HQ,1251 Vine Street,Oakland,26033,True,True,2024-09-14
1869,889,5,Returns,Trinity Pet Nutrition Supp DC,4535 Station Road,Seattle,64463,False,True,2024-03-29
1870,890,9,Billing,Summit Seafood Co-op HQ,2801 Harvester Road,Manchester,M5 6D,True,True,2024-12-03
1871,891,1,Billing,Harbor Laboratories Foods HQ,9767 Juniper Avenue,Boston,85455,True,True,2024-01-28
1872,891,1,Delivery,Harbor Laboratories Foods DC,6034 Mill Lane,Hartford,65234,False,True,2023-10-14
1873,891,1,Delivery,Harbor Laboratories Foods Plant,6524 Dockside Lane,Hartford,50205,False,True,2025-02-09
1874,891,1,Delivery,Harbor Laboratories Foods Annex,3823 Marlow Parkway,Hartford,77874,False,True,2024-07-17
1875,892,8,Billing,VANTAGE INGREDIENTS MANUFA HQ,33 Marlow Parkway,Quebec City,79977,True,True,2025-06-21
1876,893,1,Billing,Crescent Meal Systems Supp HQ,6583 Canal Street,Newark,24290,True,True,
1877,894,4,Billing,Keystone Meal Systems Part HQ,1308 Marlow Parkway,Denver,77705,True,True,
1878,894,3,Cross-Dock,Keystone Meal Systems Part DC,6973 Juniper Avenue,Minneapolis,81451,False,True,2025-01-16
1879,894,2,Cross-Dock,Keystone Meal Systems Part Plant,4785 Juniper Avenue,Atlanta,10663,False,True,2024-02-05
1880,895,11,Billing,Forge Nutrition Manufactur HQ,1110 Market Row,Eindhoven,EH5 6D,True,True,2024-10-03
1881,895,11,Delivery,Forge Nutrition Manufactur DC,6254 Juniper Avenue,Rotterdam,M7 1D,False,True,2025-03-10
1882,895,11,Delivery,Forge Nutrition Manufactur Plant,4343 Harvester Road,Utrecht,SE8 7A,False,True,2023-02-09
1883,896,9,Billing,Westline Ingredeints Group HQ,9644 Foundry Way,Leeds,M2 2B,True,True,2025-01-09
1884,896,9,Cross-Dock,Wesltine Ingredients Group DC,4183 Canal Street,Leeds,SE6 2B,False,True,2023-10-04
1885,897,10,Billing,Mosaic Biologics Holdings HQ,7076 Ridgeview Road,Munich,L6 1D,True,True,2024-04-20
1886,897,10,Returns,Mosaic Biologics Holdings DC,9964 Station Road,Berlin,SE1 6C,False,True,2025-12-05
1887,897,10,Delivery,Mosaic Biologics Holdings Plant,7044 Ridgeview Road,Hamburg,SE9 1D,False,True,2026-03-15
1888,897,10,Production Site,Mosaic Biologics Holdings Annex,1513 Station Road,Cologne,M9 2A,False,True,2025-08-09
1889,898,3,Billing,Cobalt Floral Logistics La HQ,5557 Canal Street,Chicago,35896,True,True,2023-06-27
1890,899,8,Billing,Granite Pet Nutrition Co-o HQ,4736 Market Row,Quebec City,57615,True,True,2023-01-02
1891,899,11,Cross-Dock,Granite Pet Nutrition Co-o DC,6909 Vine Street,Rotterdam,B3 3A,False,True,2025-08-20
1892,899,8,Delivery,Granite Pet Nutrition Co-o Plant,8384 Crescent Drive,Laval,37732,False,True,2024-10-29
1893,900,3,Billing,Meridian Meal Systems Part HQ,2865 Harvester Road,Detroit,59136,True,True,2024-03-12
1894,900,3,Returns,Meridian Meal Systems Part DC,9981 Foundry Way,Columbus,85415,False,True,2024-11-05
1895,900,3,Cross-Dock,Meridian Meal Systems Part Plant,7723 Harvester Road,Chicago,56173,False,True,2025-03-05
1896,901,7,Billing, Keystone Specialty Produce HQ,9064 Ridgeview Road,London,63871,True,True,2025-10-26
1897,901,7,Production Site,Keystone Specialty Produce DC,9193 Marlow Parkway,London,82244,False,True,2023-12-30
1898,901,7,Production Site,Keystone Specialty Produce Plant,4932 Juniper Avenue,Ottawa,65409,False,True,2024-05-31
1899,902,7,Billing,Mosaic Foods Supply HQ,5143 Juniper Avenue,Toronto,70974,True,False,
1900,903,6,Billing,Aster Foods Manufacturing HQ,4006 Foundry Way,Houston,55215,True,True,2023-05-19
1901,904,1,Billing,Briar Ingredients Distribu HQ,9590 Marlow Parkway,Newark,51918,True,False,2024-04-25
1902,904,1,Returns,Briar Ingredients Distribu DC,5295 Juniper Avenue,Hartford,11306,False,True,2025-03-24
1903,905,7,Billing,Ardent Cold Foods Co-op HQ,6398 Station Road,London,38605,True,True,2023-11-28
1904,905,7,Returns,Ardent Cold Foods Co-op DC,986 Harvester Road,Ottawa,44813,False,True,2023-10-22
1905,905,7,Production Site,Ardent Cold Foods Co-op Plant,3017 Station Road,Hamilton,68174,False,True,2024-07-29
1906,905,7,Delivery,Ardent Cold Foods Co-op Annex,3211 Canal Street,Hamilton,45153,False,True,
1907,906,7,Billing,Trinity Meal Systems Logis HQ,9562 Canal Street,London,62593,True,True,2023-01-30
1908,906,7,Delivery,Trinity Meal Systems Logis DC,8793 Marlow Parkway,Ottawa,57984,False,True,2025-10-04
1909,906,8,Delivery,Trinity Meal Systems Logis Plant,9113 Ridgeview Road,Laval,98345,False,True,2024-05-11
1910,907,5,Billing,Harbor Pet Nutrition Foods HQ ,8828 Market Row,San Diego,36822,True,True,2024-12-08
1911,907,11,Production Site,Harbor Pet Nutrition Foods DC,2135 Market Row,Eindhoven,M6 8C,False,True,2023-09-03
1912,907,1,Delivery,Harbor Pet Nutrition Foods Plant,4609 Canal Street,Newark,75288,False,True,2024-11-20
1913,908,9,Billing,Summit Cold Foods Supply HQ,7325 Dockside Lane,Leeds,EH5 7C,True,True,2025-10-09
1914,908,9,Returns,Summit Cold Foods Supply DC,9813 Market Row,Bristol,M2 5B,False,True,2024-03-02
1915,908,9,Delivery,Summit Cold Foods Supply Plant,6820 Harvester Road,Leeds,EH9 1C,False,True,2025-03-31
1916,909,6,Billing,Meridian Meal Systems Grou HQ,5675 Vine Street,San Antonio,37294,True,True,2023-03-05
1917,909,6,Production Site,Meridian Meal Systems Grou DC,3560 Mill Lane,Austin ,98321,False,True,2024-05-14
1918,909,7,Delivery,Meridian Meal Systems Grou Plant,8857 Market Row,hamilton,88563,False,True,2023-06-25
1919,909,1,Delivery,Meridian Meal Systems Grou Annex,6541 Ridgeview Road,Hartford,55887,False,True,2024-06-12
1920,910,10,Billing,Lakeside Pet Nutrition Sup HQ,6784 Market Row,Hamburg,SE4 2C,True,True,2026-03-22
1921,911,9,Billing,Trinity Floral Logistics H HQ,208 Mill Lane,Manchester,EH4 3B,True,True,2024-10-29
1922,911,8,Production Site,Trinity Floral Logistics H DC,7556 Harvester Road,Montreal,46485,False,True,2024-02-19
1923,911,8,Returns,Trinity Floral Logistics H Plant,242 Foundry Way,Montreal,11630,False,True,2025-10-11
1924,912,6,Billing,mosaic floral logistics gr hq,5648 Market Row,Dallas,14709,True,True,2024-03-12
1925,912,4,Cross-Dock,Mosaic Floral Logistics Gr DC,4136 Harvester Road,Denver,16203,False,True,2023-03-31
1926,913,8,Billing,Lantern Seafood Distributi HQ,4997 Canal Street,Montreal,48833,True,True,2026-02-06
1927,914,3,Billing,Crescent Foods Distributio HQ,120 Crescent Drive,Detroit,61116,True,True,2024-09-16
1928,915,7,Billing,Lantern Meal Systems Foods HQ,7299 Dockside Lane,Ottawa,86326,True,True,2025-11-28
1929,915,7,Cross-Dock,Lantern Meal Systems Foods DC,2471 Station Road,Toronto,93876,False,True,2024-06-01
1930,916,2,Billing,HELIX FLORAL LOGISTICS PAR HQ,5718 Crescent Drive,Orlando,52804,True,True,2023-10-03
1931,917,8,Billing,Brightwell Nutrition Manuf HQ,3430 Ridgeview Road,Montreal,43223,True,True,2024-01-15
1932,918,9,Billing,Trinity Pet Nutrition Hold HQ,1415 Harvester Road,Manchester,M9 5A,True,True,2024-02-25
1933,918,9,Production Site,Trinity Pet Nutrition Hold DC,6755 Dockside Lane,London,M5 3C,False,True,2025-09-18
1934,918,9,Returns,Trinity Pet Nutrition Hold Plant,4595 Vine Street,Manchester,EH4 7A,False,True,2023-06-01
1935,919,2,Billing,Orchard Floral Logistics M HQ,8862 Mill Lane,Charlotte,22780,True,True,
1936,920,11,Billing,Summit Laboratories Co-op HQ,7835 Canal Street,Amsterdam,L7 1C,True,True,2023-02-04
1937,920,8,Delivery,Summit Laboratories Co-op DC,1593 Harvester Road,Sherbrooke,38357,False,True,2024-03-13
1938,921,7,Billing,Orchard Dairy Manufacturin HQ,6624 Station Road,Toronto,31587,True,True,2023-04-11
1939,921,8,Cross-Dock,ORCHARD DAIRY MANUFACTURIN DC,9469 Station Road,Sherbrooke,46560,False,True,2024-03-16
1940,921,7,Delivery,Orchard Dairy Manufacturin Plant,6782 Juniper Avenue,Hamilton,92760,False,True,2024-10-31
1941,921,7,Production Site,Orchard Dairy Manufacturin Annex,6537 Vine Street,London,14543,False,True,2024-05-22
1942,922,11,Billing,Brightwell Laboratories Co HQ,7373 Canal Street,Utrecht,B5 2D,True,True,2025-03-26
1943,923,4,Billing,Lantern Biologics Supply HQ,6877 Station Road,Las Vegas,33403,True,True,2024-08-26
1944,923,6,Delivery,Lantern Biologics Supply DC,9804 Dockside Lane,Dallas,90642,False,True,2024-03-31
1945,923,8,Cross-Dock,Lantern Biologics Supply Plant,3073 Foundry Way,Laval,91210,False,True,
1946,923,4,Delivery,Lantern Biologics Supply Annex,3474 Dockside Lane,Phoenix,71674,False,True,2026-03-09
1947,924,9,Billing,Cobalt Nutrition Group HQ,3753 Foundry Way,Leeds,EH3 4B,True,True,2024-06-27
1948,924,9,Returns,Cobalt Nutrition Group DC ,6041 Vine Street,Bristol,L7 8D,False,True,2026-02-27
1949,924,9,Returns,Cobalt Nutrition Group Plant,7822 Market Row,Bristol,L5 2B,False,True,2024-05-02
1950,925,4,Billing,Riverbend Seafood Distribu HQ,9307 Dockside Lane,Las Vegas,88461,True,True,2023-07-10
1951,925,4,Cross-Dock,Riverbend Seafood Distribu DC,8585 Market Row,Albuquerque,73592,False,True,2025-11-21
1952,926,5,Billing,Cobalt Nutritino Foods HQ,1901 Vine Street,Los Angeles,60204,True,True,2026-01-23
1953,927,3,Billing,Lakeside Dairy Labs HQ,7439 Vine Street,Detroit,10275,True,True,2024-06-05
1954,927,3,Production Site,Lakeside Dairy Labs DC,3636 Market Row,Minnepaolis,76197,False,True,2023-05-04
1955,928,4,Billing,Pioneer Biologics Logistic HQ,9744 Dockside Lane,Phoenix,75868,True,True,2025-01-03
1956,928,4,Cross-Dock,Pioneer Biologics Logistic DC,8920 Foundry Way,Phoenix,19781,False,True,
1957,929,2,Billing,Lantern Biologics Logistic HQ,8284 Juniper Avenue,Atlanta,29609,True,True,2025-06-16
1958,930,2,Billing,Riverbend Meal Systems Foo HQ,8020 Marlow Parkway,Atlanta,41781,True,True,2024-12-19
1959,931,7,Billing,Bluevale Foods Supply HQ,9154 Dockside Lane,Hamilton,49813,True,True,2025-12-24
1960,932,4,Billing,Lakeside Specialty Produce HQ,6077 Canal Street,Albuquerque,19941,True,True,2023-08-14
1961,932,4,Production Site,Lakeside Specialty Produce DC,6623 Foundry Way,Las Vegas,76421,False,True,2023-11-16
1962,932,10,Production Site,Lakeside Specialty Produce Plant,5023 Foundry Way,Munich,SE8 3C,False,True,
1963,933,9,Billing,Bluevale Pharma Distributi HQ,4592 Mill Lane,leeds,SE3 3A,True,True,2023-02-11
1964,934,2,Billing,Helix Beverage Distributio HQ,7140 Vine Street,Nashville,30624,True,True,2023-02-22
1965,935,9,Billing,Oakmont Dairy Supply HQ,8644 Harvester Road,Bristol,EH8 6A,True,True,2024-11-30
1966,936,2,Billing,Vantage Laboratories Co-op HQ,7264 Mill Lane,Atlanta,48502,True,True,2023-11-03
1967,937,6,Billing,Vantage Ingredients Distri HQ,1946 Ridgeview Road,Houston,62389,True,True,2023-07-11
1968,938,5,Billing,Aster Meal Systems Manufac HQ,1304 Marlow Parkway,Los Agneles,27104,True,True,2025-10-05
1969,939,9,Billing,Mosaic Nutrition Foods HQ,9885 Harvester Road,Manchester,SE6 6A,True,True,2025-01-01
1970,939,4,Returns,Mosaic Nutrition Foods DC,9958 Ridgeview Road,Albuquerque,51559,False,True,
1971,939,4,Delivery,Mosaic Nutrition Foods Plant,1341 Juniper Avenue,Denver,47612,False,True,2025-01-30
1972,940,2,Billing,Granite Ingredients Logist HQ,1642 Vine Street,Atlanat,76169,True,True,2023-09-30
1973,940,2,Production Site,Granite Ingredients Logist DC,2348 Marlow Parkway,Nashville,91086,False,True,2025-08-28
1974,940,2,Production Site,Granite Ingredients Logist Plant,1521 Marlow Parkway,Orlando,22713,False,False,2025-05-13
1975,941,3,Billing,Cobalt Meal Systems Supply HQ,8718 Dockside Lane,Chicago,74591,True,True,2026-01-14
1976,942,2,Billing,Oakmont Ingredients Manufa HQ,1458 Market Row,Nashville,21257,True,True,2023-04-27
1977,942,1,Production Site,Oakmont Ingredients Manufa DC,4784 Mill Lane,Boston,30340,False,True,2025-05-20
1978,942,1,Delivery,Oakmont Ingredients Manufa Plant,2215 Mill Lane,Bosotn,90604,False,True,2024-05-11
1979,943,4,Billing,Westline Floral Logistics  HQ,3070 Foundry Way,Albuquerque,59627,True,True,2023-08-07
1980,944,11,Billing,Oakmont Laboratories Co-op HQ,717 Market Row,Amsterdam,B3 3C,True,True,2024-09-16
1981,944,11,Production Site,Oakmont Laboratories Co-op DC,8208 Canal Street,Eindhoven,EH1 9D,False,False,2023-10-25
1982,944,11,Delivery,Oakmont Laboratories Co-op Plant,2202 Mill Lane,Rotterdam,SE6 8C,False,True,2024-01-19
1983,944,11,Delivery,Oakmont Laboratories Co-op Annex,5709 Dockside Lane,Amsterdam,M7 4D,False,True,2023-11-05
1984,945,11,Billing,lantern dairy partners HQ,1610 Ridgeview Road,Amsterdam,B8 7C,True,True,2025-07-03
1985,946,4,Billing,Granite Meal Systems Manuf HQ,5051 Ridgeview Road,Phoenix,93131,True,True,2023-03-13
1986,947,3,Billing, Lakeside Meal Systems Manu HQ,1566 Dockside Lane,Columbus,12428,True,True,2024-08-30
1987,947,6,Cross-Dock,Lakeside Meal Systems Manu DC,9807 Crescent Drive,Austin,90014,False,True,2023-07-30
1988,948,4,Billing,brightwell pharma supply hq,5230 Crescent Drive,Albuquerque,85574,True,True,2023-04-21
1989,948,2,Returns,Brightwell Pharma Supply DC,2939 Mill Lane,Atlanta,65013,False,True,2025-04-13
1990,948,2,Delivery,Brightwell Pharma Supply Plant,973 Juniper Avenue,Orlando,18440,False,True,2024-01-04
1991,948,2,Returns,Brightwell Pharma Supply Annex,7115 Harvester Road,Orlando,84213,False,True,2025-03-01
1992,949,8,Billing,Northwind Dairy Foods HQ,8063 Ridgeview Road,Montreal,70735,True,True,2025-06-28
1993,949,8,Production Site,Northwind Dairy Foods DC,3763 Canal Street, Sherbrooke,51587,False,True,2024-03-23
1994,949,8,Delivery,Northwind Dairy Foods Plant,2310 Market Row,Quebec City,29926,False,True,2023-07-24
1995,950,4,Billing,Riverbend Nutrition Partne HQ,39 Vine Street,Phoenix,87431,True,True,2025-11-14
1996,950,4,Returns,Riverbend Nutrition Partne DC,9486 Vine Street,Las Vegas,27245,False,False,2025-03-25
1997,950,4,Cross-Dock,Riverbend Nutrition Partne Plant,8603 Foundry Way,Las Vegas,76618,False,True,2024-11-05
1998,950,4,Production Site,Riverbend Nutrition Partne Annex,6628 Station Road,DENVER,88277,False,True,2024-05-23
1999,951,7,Billing,Northwind Floral Logistics HQ,7346 Crescent Drive,Ottawa,72308,True,True,2025-10-29
2000,952,10,Billing,Briar Seafood Foods HQ,7698 Juniper Avenue,Hamburg,SE5 2D,True,True,2025-09-29
2001,952,10,Delivery,Briar Seafood Foods DC,3394 Crescent Drive,Cologne,M6 3D,False,True,2024-04-24
2002,952,10,Delivery,Briar Seafood Foods Plant,543 Juniper Avenue,Cologne,L5 9A,False,True,2023-08-03
2003,952,10,Returns,Briar Seafood Foods Annex,9207 Crescent Drive,Berlin,SE7 7B,False,False,2026-01-30
2004,953,10,Billing,Oakmont Cold Foods Partner HQ,7044 Station Road,Cologne,SE3 8D,True,True,2026-01-19
2005,953,10,Cross-Dock,Oakmont Cold Foods Partner DC,9838 Crescent Drive,Cologne,L9 1B,False,True,2023-02-06
2006,953,10,Delivery, Oakmont Cold Foods Partner Plant,9877 Crescent Drive,Berlin,M4 7D,False,True,2026-03-21
2007,953,10,Returns,Oakmont Cold Foods Partner Annex,1541 Vine Street,Berlin,SE7 9A,False,True,2023-12-02
2008,954,3,Billing,Vantage Foods Partners HQ,914 Harvester Road,Minneapolis,35240,True,True,2024-11-01
2009,954,3,Delivery,Vantage Foods Partners DC,6446 Ridgeview Road,Columbus,75143,False,True,2023-01-26
2010,954,3,Cross-Dock,Vantage Foods Partners Plant,3544 Foundry Way,COLUMBUS,54846,False,True,2025-11-26
2011,955,1,Billing,Everfield Nutrition Partne HQ,8901 Dockside Lane,Boston,69586,True,True,2023-12-01
2012,956,10,Billing,Orchard Specialty Produce  HQ,9596 Canal Street,Munich,B9 5D,True,False,2024-03-20
2013,956,10,Production Site,Orchard Specialty Produce  DC,3167 Mill Lane,Cologne,SE5 2D,False,True,2024-01-31
2014,956,10,Cross-Dock,Orchard Specialty Produce  Plant,9406 Station Road,Munich,B8 8D,False,True,2025-07-24
2015,957,9,Billing,Lantern Foods Foods HQ,2322 Crescent Drive,Bristol,M8 5A,True,True,2023-02-24
2016,957,9,Delivery,Lantern Foods Foods DC,5128 Marlow Parkway,Manchester,L1 1B,False,True,2024-06-07
2017,957,9,Cross-Dock,Lantern Foods Foods Plant,251 Dockside Lane,Bristol,B3 8B,False,True,2024-03-29
2018,958,8,Billing,Cardinal Cold Foods Group HQ,7398 Canal Street,Laval,67631,True,True,2023-01-09
2019,958,10,Production Site,Cardinal Cold Foods Group DC,9112 Juniper Avenue,Hamburg,SE1 4A,False,True,2023-01-29
2020,959,7,Billing,Northwind Ingredients Food HQ,5815 Ridgeview Road,Ottawa,29510,True,False,2025-12-19
2021,960,10,Billing,FORGE PHARMA GROUP HQ,3981 Vine Street,Cologne,M2 2C,True,True,
2022,961,2,Billing,Vantage Specialty Produce  HQ,9145 Dockside Lane,Atlanta,81307,True,True,2025-03-11
2023,962,2,Billing,Forge Beverage Foods HQ,2908 Harvester Road,Charlotte,31094,True,True,2024-11-04
2024,962,1,Delivery,Forge Beverage Foods DC,3466 Dockside Lane,Hartford,25524,False,True,
2025,962,1,Production Site,Forge Beverage Foods Plant,8269 Ridgeview Road,Boston,15735,False,True,2023-06-28
2026,963,9,Billing,Vantage Seafood Partners HQ,4549 Canal Street,London,SE3 3D,True,False,2025-02-04
2027,963,9,Returns,Vantage Seafood Partners DC,4753 Station Road,Bristol,L4 1B,False,True,2024-03-07
2028,964,3,Billing,Ardent Ingredients Logisti HQ,3473 Mill Lane,Columbus,44006,True,True,2024-11-27
2029,964,3,Delivery,Ardent Ingredients Logisti DC,4145 Ridgeview Road,Chicago,99389,False,True,2023-01-21
2030,965,2,Billing,Aster Seafood Labs HQ,192 Juniper Avenue,Charlotte,15396,True,True,2024-03-03
2031,965,2,Production Site,Aster Seafood Labs DC,2040 Vine Street,Nashville,82753,False,True,2025-07-27
2032,965,2,Cross-Dock,Aster Seafood Labs Plant,9524 Canal Street,Charlotte,75278,False,True,2025-11-04
2033,966,10,Billing,Crescent Dairy Labs HQ,4938 Vine Street,Berlin,B9 2D,True,True,2024-07-23
2034,966,10,Production Site,Crescent Dairy Labs DC,2331 Dockside Lane,Hamburg,L4 8B,False,True,2025-05-16
2035,966,10,Cross-Dock,CRESCENT DAIRY LABS PLANT,6421 Marlow Parkway,Berlin,EH7 3C,False,True,2026-03-26
2036,967,5,Billing,Keystone Foods Foods HQ,1862 Canal Street,Oakland,37387,True,True,2025-02-04
2037,967,5,Delivery,Keystone Foods Foods DC,1645 Market Row,Seattle,88993,False,True,2024-02-17
2038,967,5,Production Site,Keystone Foods Foods Plant,7373 Crescent Drive,San Diego,27219,False,True,2024-12-09
2039,968,4,Billing,Riverbend Dairy Partners HQ,3239 Station Road,Denver,49107,True,True,2023-07-21
2040,968,4,Production Site,Riverbend Dairy Partners DC,3462 Ridgeview Road,Las Vegas,85069,False,True,2025-09-03
2041,969,6,Billing,Helix Pharma Holdings HQ,1168 Foundry Way,Houston,69474,True,True,2025-11-07
2042,970,10,Billing,Pioneer Pet Nutrition Logi HQ,2561 Ridgeview Road,Hamburg,M7 5D,True,True,2025-10-01
2043,970,10,Delivery,Pioneer Pet Nutrition Logi DC,7245 Vine Street,Munich,B3 1A,False,True,
2044,970,10,Production Site,Pioneer Pet Nutrition Logi Plant,3852 Market Row,Hamburg,SE5 2A,False,True,2023-03-02
2045,970,10,Production Site,Pioneer Pet Nutrition Logi Annex,1137 Vine Street,Cologne,EH1 3D,False,True,2024-12-24
2046,971,1,Billing,PIONEER INGREDIENTS MANUFA HQ,7245 Market Row,Hartford,83243,True,False,2023-06-23
2047,971,1,Production Site,Pioneer Ingredients Manufa DC,8020 Vine Street,Hartford,38214,False,True,2024-05-20
2048,971,1,Delivery,Pioneer Ingredients Manufa Plant,9957 Foundry Way,Boston,53526,False,True,2026-01-06
2049,972,2,Billing,Brightwell Laboratories Co HQ,3041 Juniper Avenue,Orlando,88224,True,True,2025-05-04
2050,973,6,Billing,Oakmont Pharma Holdings HQ,5242 Marlow Parkway,Austin,48507,True,True,2025-06-08
2051,973,6,Cross-Dock,Oakmont Pharma Holdings DC,9609 Market Row,Austin,11103,False,False,2023-01-31
2052,973,6,Returns,Oakmont Pharma Holdings Plant,9380 Harvester Road,Dallas,59841,False,True,2024-08-07
2053,974,10,Billing,Granite Cold Foods Co-op HQ,6868 Canal Street,Hamburg,B4 5B,True,True,2023-01-05
2054,975,2,Billing,Helix Beverage Co-op HQ,2349 Canal Street,Atlanta,35374,True,True,2024-12-13
2055,975,2,Cross-Dock,Helix Beverage Co-op DC,4418 Mill Lane,Nashville,16059,False,True,2023-07-03
2056,975,2,Delivery,Helix Beverage Co-op Plant,3724 Vine Street,Nashville,86539,False,False,2025-11-20
2057,975,6,Returns,Helix Beverage Co-op Annex,7097 Dockside Lane,Houston,72248,False,True,2024-04-09
2058,976,1,Billing,Meridian Cold Foods Co-op HQ,9142 Station Road,Newark,21446,True,True,2024-04-02
2059,976,1,Production Site,Meridian Cold Foods Co-op DC,1604 Mill Lane,Newark,91822,False,False,
2060,976,1,Delivery,Meridian Cold Foods Co-op Plant,1238 Canal Street,Boston,97748,False,True,2023-08-27
2061,977,2,Billing,Keystone Meal Systems Co-o HQ,2259 Marlow Parkway,Nashville,17032,True,True,2024-01-07
2062,977,8,Cross-Dock,Keystone Meal Systems Co-o DC,1877 Juniper Avenue,Sherbrooke,11628,False,True,2025-07-02
2063,977,8,Delivery,Keystone Meal Systems Co-o Plant,5245 Mill Lane,Montreal,52413,False,True,2024-03-26
2064,978,5,Billing,Summit Nutrition Group HQ,207 Crescent Drive,San Diego,18123,True,True,2023-11-06
2065,979,6,Billing,Orchard Biologics Partners HQ,9282 Crescent Drive,Dallas,43443,True,True,2023-07-29
2066,979,6,Returns,Orchard Biologics Partners DC,9025 Vine Street,Dallas,34323,False,True,2026-02-10
2067,979,6,Cross-Dock,Orchard Biologics Partners Plant,5817 Juniper Avenue,Dallas,55726,False,True,
2068,980,10,Billing,Mosaic Pet Nutrition Dist. HQ,3680 Harvester Road,Munich,B4 9D,True,True,2023-01-12
2069,980,10,Returns,Mosaic Pet Nutrition Dist. DC,4145 Crescent Drive,Hamburg,SE9 4C,False,True,2024-11-29
2070,981,2,Billing,Crown Foods Logistics HQ,3000 Station Road,Charlotte,68403,True,True,2025-11-28
2071,981,5,Delivery,Crown Foods Logistics DC,1164 Market Row,Los Angeles,48187,False,True,2024-12-29
2072,981,2,Returns,Crown Foods Logistics Plant,1631 Marlow Parkway,Atlanta,67683,False,True,2025-11-27
2073,981,2,Delivery, Crown Foods Logistics Annex,5504 Foundry Way,Charlotte,67210,False,True,2025-09-07
2074,982,6,Billing,EVERFIELD MEAL SYSTEMS CO- HQ,924 Vine Street, Austin,91260,True,True,2026-02-03
2075,983,5,Billing,Mosaic Dairy Group HQ,5220 Vine Street,Oakland,31742,True,True,2025-08-16
2076,984,11,Billing,Harbor Laboratories Labs HQ,8539 Ridgeview Road,Rotterdam,B5 5D,True,True,
2077,984,2,Returns,Harbor Laboratories Labs DC,2204 Ridgeview Road,Nashville,76125,False,True,2025-08-28
2078,984,2,Production Site,Harbor Laboratories Labs Plant,9624 Juniper Avenue,Nashville,96016,False,True,2024-03-02
2079,985,7,Billing,Trinity Beverage Foods HQ,834 Mill Lane,Haimlton,23793,True,True,2023-09-13
2080,985,7,Returns,Trinity Beverage Foods DC,6704 Juniper Avenue,Ottawa,48938,False,True,2025-03-07
2081,986,5,Billing,Everfield Ingredients Labs HQ,7764 Mill Lane,Oakland,31517,True,False,2025-11-25
2082,986,5,Production Site,Everfield Ingredients Labs DC,2253 Station Road,Los Angeles,86264,False,True,2023-07-25
2083,986,5,Production Site,Everfield Ingredients Labs Plant,1629 Station Road,Oakland,66417,False,True,2025-01-11
2084,987,3,Billing,Lakeside Meal Systems Food HQ,8747 Vine Street,Minneapolis,77576,True,True,2025-07-27
2085,987,3,Delivery,Lakeside Meal Systems Food DC,9266 Canal Street,Minneapolis,21102,False,True,2024-04-04
2086,987,3,Cross-Dock,Lakeside Meal Systems Food Plant,2449 Dockside Lane,Minneapolis,94022,False,True,2023-05-25
2087,988,10,Billing,Vantage Specialty Produce  HQ,8952 Foundry Way,Cologne,SE5 9C,True,True,2023-11-15
2088,988,10,Returns,Vantage Specialty Produce  DC,7209 Foundry Way,Cologne,SE7 5A,False,True,2024-06-14
2089,989,9,Billing,Pioneer Laboratories Group HQ,6152 Vine Street,Bristol,B6 3C,True,True,2023-02-21
2090,989,9,Production Site,Pioneer Laboratories Group DC,9093 Dockside Lane,Manchester,SE5 5C,False,True,2023-10-26
2091,990,5,Billing,Cobalt Ingredients Co-op HQ,6226 Market Row,Oakland,33823,True,True,2025-02-22
2092,991,6,Billing,Pioneer Pet Nutrition Supp HQ,9374 Station Road,Houston,47096,True,True,2024-06-18
2093,991,6,Delivery,Pioneer Pet Nutrition Supp DC,7406 Station Road,Houston,67737,False,True,2025-03-25
2094,992,8,Billing,Forge Dairy Labs HQ,6452 Mill Lane,Montreal,76004,True,True,2025-09-04
2095,992,8,Returns,Forge Dairy Labs DC,5028 Canal Street,Sherbrooke,18758,False,True,2025-03-15
2096,992,8,Delivery,Forge Dairy Labs Plant,6724 Mill Lane,Laval,90060,False,True,2023-10-17
2097,993,7,Billing,Briar Foods Distribution HQ,5239 Juniper Avenue,Toronto,58683,True,True,2023-10-24
2098,993,7,Cross-Dock,Briar Foods Distribution DC,8329 Foundry Way,London,60479,False,True,2023-03-17
2099,994,7,Billing,Orchard Dairy Group HQ,5629 Crescent Drive,Hamilton,15823,True,True,2025-01-15
2100,995,5,Billing,Crescent Laboratories Dist HQ,7391 Vine Street,Los Angeles,22747,True,True,2023-10-05
2101,995,5,Production Site,Crescent Laboratories Dist DC,4104 Mill Lane,San Diego,67975,False,True,2026-01-10
2102,995,6,Cross-Dock,Crescent Laboratories Dist Plant,8707 Dockside Lane,Houston,80712,False,True,2025-01-17
2103,996,11,Billing,Everfield Meal Systems Sup HQ,173 Canal Street,Rotterdam,L2 8D,True,True,2023-02-03
2104,997,1,Billing,Solace Ingredients Holding HQ,1864 Vine Street,Boston,94068,True,True,2025-08-12
2105,997,11,Production Site,Solace Ingredients Holding DC,7675 Dockside Lane,Amsterdam,L5 3D,False,True,2025-07-18
2106,997,9,Production Site,Solace Ingredients Holding Plant,6849 Ridgeview Road,Manchester,B2 3B,False,True,
2107,998,2,Billing,ORCHARD FLORAL LOGISTICS L HQ,8643 Market Row,Orlando,53794,True,True,
2108,999,1,Billing,Westline Floral Logistics  HQ,7876 Dockside Lane,Hartford,19657,True,True,2024-08-11
2109,999,1,Production Site,Westline Floral Logistics  DC,2336 Mill Lane,Boston,86829,False,True,2023-11-04
2110,999,1,Cross-Dock,Westline Floral Logistics  Plant,103 Vine Street,Newark,54762,False,False,2025-04-30
2111,999,1,Production Site,Westline Floral Logistics  Annex,4928 Market Row,Portland,43659,False,True,2023-09-05
2112,1000,6,Billing, Crown Biologics Co-op HQ,5543 Mill Lane,Dallas,95667,True,True,2025-03-01
2113,1000,9,Cross-Dock, Crown Biologics Co-op DC,9965 Mill Lane,Manchester,B3 7D,False,True,2023-08-29
2114,1001,10,Billing,Lakeside Beverage Logistic HQ,7771 Crescent Drive,Berlin,SE5 1A,True,True,
2115,1002,3,Billing,Lantern Floral Logistics P HQ,4141 Harvester Road,Detroit,95001,True,True,2025-03-21
2116,1002,3,Delivery,Lantern Floral Logistics P DC,1347 Crescent Drive,chicago,75143,False,True,2023-11-27
2117,1002,3,Delivery,Lantern Floral Logistics P Plant,8047 Dockside Lane,Detroit,30595,False,False,2025-05-11
2118,1003,4,Billing,Orchard Nutrition Holdings HQ,3742 Harvester Road,Denver,71517,True,True,2023-12-01
2119,1004,11,Billing,HARBOR PHARMA CO-OP HQ,7026 Canal Street,Utrecht,SE1 7C,True,True,2025-09-26
2120,1004,4,Delivery,HARBOR PHARMA CO-OP DC ,16 Mill Lane,Denver,19427,False,True,2026-01-26
2121,1004,4,Cross-Dock,HARBOR PHARMA CO-OP Plant,9062 Juniper Avenue,Las Vegas,11450,False,True,2025-03-01
2122,1005,7,Billing,orchard nutrition supply hq,3576 Dockside Lane,Hamilton,98955,True,True,2024-12-16
2123,1006,1,Billing,Keystone Laboratories Co-o HQ,6989 Harvester Road,Newark,55638,True,True,
2124,1006,1,Delivery,Keystone Laboratories Co-o DC,6622 Marlow Parkway,Hartford,45913,False,True,2024-06-23
2125,1006,1,Delivery,Keystone Laboratories Co-o Plant,9212 Mill Lane,Hartford,57916,False,True,2024-10-09
2126,1006,1,Delivery,Keystone Laboratories Co-o Annex,6851 Marlow Parkway,Portland,99254,False,True,2024-12-06
2127,1007,4,Billing,Northwind Ingredients Co-o HQ,4907 Dockside Lane,Las Vegas,51310,True,True,2025-07-28
2128,1008,2,Billing,Westline Pet Nutrition Gro HQ,2553 Harvester Road,Orlando,29326,True,True,2026-01-03
2129,1008,4,Delivery,Westline Pet Nutrition Gro DC,2986 Mill Lane,Las Vegas,59111,False,True,2025-12-26
2130,1008,4,Delivery, Westline Pet Nutrition Gro Plant,1572 Crescent Drive,Albuquerque,52191,False,True,2025-02-07
2131,1009,2,Billing,Crescent Seafood Supply HQ,3764 Ridgeview Road,Atlanta,40441,True,True,2024-06-05
2132,1010,2,Billing,Trinity Dairy Partners HQ,35 Juniper Avenue,Nashville,89054,True,True,2023-10-31
2133,1011,4,Billing,Lantern Nutrition Supply HQ,1001 Foundry Way,Albuquerque,50004,True,True,2025-01-27
2134,1011,4,Returns,Lantern Nutrition Supply DC,3270 Station Road,Denver,87139,False,True,2024-07-06
2135,1012,6,Billing,Aster Nutrition Logistics HQ,8446 Market Row,Austin,92213,True,True,2023-06-02
2136,1013,9,Billing,Trinity Pet Nutrition Manu HQ,2845 Station Road,Leeds,B2 7B,True,True,2023-04-05
2137,1013,8,Cross-Dock,Trinity Pet Nutrition Manu DC,9544 Harvester Road,Sherbrooke,72459,False,True,2023-02-15
2138,1014,10,Billing,Pioneer Foods Foods HQ,9684 Marlow Parkway,Hamburg,SE4 1B,True,True,2023-10-18
2139,1014,10,Cross-Dock,Pioneer Foods Foods DC,7842 Juniper Avenue,Berlin,SE7 9B,False,True,2023-07-08
2140,1015,6,Billing,Keystone Pet Nutrition Sup HQ,6576 Ridgeview Road,Austin,49972,True,True,2023-08-23
2141,1015,6,Returns,Keystone Pet Nutrition Sup DC,9116 Crescent Drive,Dallas,77021,False,True,2023-07-02
2142,1015,5,Delivery,Keystone Pet Nutrition Sup Plant,454 Marlow Parkway,San Dieog,45735,False,True,2024-12-08
2143,1016,8,Billing,Lantern Dairy Co-op HQ,7914 Marlow Parkway,Sherbrooke,45449,True,True,2026-02-24
2144,1016,8,Returns,Lantern Dairy Co-op DC,7344 Dockside Lane,Laval,46451,False,True,2023-05-19
2145,1017,2,Billing,Helix Meal Systems Holding HQ,7267 Harvester Road,Orlando,75530,True,True,2024-04-08
2146,1018,11,Billing,Cobalt Nutrition Holdings HQ,4894 Vine Street,Rotterdam,M3 6B,True,True,2026-02-07
2147,1018,8,Delivery,Cobalt Nutrition Holdings DC,8417 Crescent Drive,Laval,97086,False,True,2024-11-17
2148,1019,10,Billing,Pioneer Pet Nutrition Hold HQ,9259 Market Row,Cologne,L7 1B,True,True,2026-02-18
2149,1019,10,Cross-Dock,Pioneer Pet Nutrition Hold DC,56 Canal Street,Cologne,EH9 5C,False,True,2025-10-07
2150,1020,2,Billing,Aster Cold Foods Holdings HQ,630 Dockside Lane,Charlotte,85569,True,True,2025-09-07
2151,1020,5,Returns,Aster Cold Foods Holdings DC,2410 Market Row,Los Angeles,79781,False,True,2025-12-24
2152,1021,6,Billing,Briar Foods Logistics HQ,4708 Market Row,Austin,51591,True,True,2023-03-05
2153,1021,6,Cross-Dock,Briar Foods Logistics DC,5023 Station Road,Dallas,57362,False,True,2025-05-17
2154,1021,6,Production Site,Briar Foods Logistics Plant,8176 Market Row,Dallas,27771,False,True,2024-05-07
2155,1022,11,Billing, Forge Biologics Holdings HQ,5929 Market Row,Utrecht,L3 9B,True,True,2024-05-24
2156,1023,8,Billing,Granite Nutrition Partners HQ,6321 Crescent Drive,Montreal,19535,True,False,
2157,1024,2,Billing,Oakmont Ingredients Mfg HQ,2706 Dockside Lane,Nashville,72343,True,True,2023-02-26
2158,1025,8,Billing,Crown Meal Systems Supply HQ,8358 Market Row,Quebec City,37563,True,True,2025-08-30
2159,1025,8,Delivery,Crown Meal Systems Supply DC,7423 Canal Street,Sherbrooke,14168,False,True,2025-06-22
2160,1025,8,Cross-Dock,Crown Meal Systems Supply Plant,2742 Foundry Way,Sherbrooke,89804,False,True,2025-07-19
2161,1025,8,Cross-Dock,Crown Meal Systems Supply Annex,3633 Market Row,Sherbrooke,35249,False,True,2026-03-04
2162,1026,9,Billing,Harbo rMeal Systems Logist HQ,4715 Crescent Drive,Bristol,M5 3B,True,True,2025-07-07
2163,1026,9,Production Site,Harbo rMeal Systems Logist DC,8307 Vine Street,Manchester,EH5 3D,False,True,2024-12-21
2164,1027,3,Billing,Trinity Ingredients Partne HQ,5441 Crescent Drive,Minneapolis,92487,True,True,2024-06-13
2165,1027,11,Returns,Trinity Ingredients Partne DC,8861 Crescent Drive,Eindhoven,EH8 3D,False,True,2025-09-26
2166,1028,5,Billing,Cedar Dairy Mfg HQ,8027 Ridgeview Road,Oakland,98292,True,True,2026-02-22
2167,1028,10,Cross-Dock,Cedar Dairy Mfg DC,3877 Juniper Avenue,Cologne,M5 7A,False,True,2025-07-21
2168,1028,10,Production Site,Cedar Dairy Mfg Plant,220 Market Row,Hamburg,EH9 3A,False,True,2024-12-24
2169,1029,10,Billing,Summit Beverage Logistics HQ,5681 Juniper Avenue,Hamburg,L1 6D,True,True,2024-12-08
2170,1030,10,Billing,Everfield Flora lLogistics HQ,4120 Dockside Lane,Berlin,B4 4B,True,True,2024-12-31
2171,1031,6,Billing,Crown Floral Logistics Log HQ,1514 Juniper Avenue,San Antonio,72418,True,True,2024-06-26
2172,1031,6,Cross-Dock,Crown Floral Logistics Log DC,4010 Ridgeview Road,Austin,96689,False,True,2026-01-02
2173,1031,6,Production Site,Crown Floral Logistics Log Plant,8651 Juniper Avenue,San Antonio,64786,False,True,2024-06-17
2174,1032,9,Billing,Helix Foods Manufacturing HQ,5566 Mill Lane,Bristol,B5 8B,True,True,2024-11-27
2175,1032,9,Delivery,Helix Foods Manufacturing DC,7050 Canal Street,Manchester,L9 7B,False,True,2023-10-17
2176,1033,4,Billing,Cardinal Foods Labs HQ,3707 Dockside Lane,Phoenix,60829,True,True,2023-05-07
2177,1033,4,Returns,Cardinal Foods Labs DC,4356 Station Road,Las Vegas,58547,False,True,2025-01-18
2178,1034,9,Billing,Summit Pet Nutrition Group HQ,1135 Mill Lane,Manchester,M3 5B,True,True,2024-11-29
2179,1034,10,Delivery,Summit Pet Nutrition Group DC,3419 Marlow Parkway,Munich,SE7 5D,False,True,2024-04-25
2180,1034,10,Production Site,Summit Pet Nutrition Group Plant,6878 Mill Lane,Munich,L2 5D,False,True,2025-07-14
2181,1035,10,Billing,MERDIIAN PET NUTRITION FOO HQ,6242 Harvester Road,Cologne,B8 3C,True,True,2023-01-16
2182,1036,5,Billing,Lakeside Seafood Holdings HQ,5992 Station Road, Los Angeles,52878,True,True,2024-12-20
2183,1037,10,Billing,Crescent Nutrition Manufac HQ,1688 Marlow Parkway,Munich,SE5 8B,True,True,2024-01-16
2184,1038,8,Billing,Trinity Biologics Group HQ,5642 Market Row,Sherbrooke,45940,True,True,2024-05-11
2185,1038,11,Delivery,Trinity Biologics Group DC,1564 Harvester Road,Rotterdam,EH5 5B,False,True,2024-09-27
2186,1038,11,Returns,Trinity Biologics Group Plant,3214 Station Road,Eindhoven,L2 1D,False,True,2025-12-24
2187,1039,6,Billing,Lantern Ingredients Partne HQ,9146 Station Road,Houston,43929,True,True,2024-06-17
2188,1040,6,Billing,Forge Seafood Foods HQ,6690 Vine Street,Houston,99701,True,True,2024-10-09
2189,1040,6,Returns,Forge Seafood Foods DC,9603 Dockside Lane,Houston,94742,False,True,2024-02-21
2190,1041,1,Billing,Bluevale Cold Foods Logist HQ,7172 Market Row,Boston,25292,True,True,2024-08-20
2191,1041,1,Delivery,Bluevale Cold Foods Logist DC,5522 Crescent Drive,Portland,97001,False,False,
2192,1041,1,Production Site,Bluevale Cold Foods Logist Plant,615 Mill Lane,Hartford,87850,False,True,
2193,1042,7,Billing,Aster Ingredients Co-op HQ,8580 Market Row,London,65678,True,True,2025-12-23
2194,1042,4,Production Site,Aster Ingredients Co-op DC,7311 Harvester Road,Las Vegas,50439,False,True,2023-06-13
2195,1042,4,Returns,Aster Ingredients Co-op Plant,6687 Ridgeview Road,Las Vegas,23813,False,True,
2196,1043,11,Billing,Riverbend Cold Foods Holdi HQ,7366 Marlow Parkway,Eindhoven,EH1 1C,True,True,2024-09-09
2197,1043,5,Production Site,Riverbend Cold Foods Holdi DC,3394 Ridgeview Road,Seattle,33658,False,True,2023-07-25
2198,1043,11,Production Site,Riverbend Cold Foods Holdi Plant,6035 Crescent Drive,Amsterdam,B4 8A,False,True,2024-07-31
2199,1044,8,Billing,Forge Beverage Logitsics HQ,7913 Mill Lane,Sherbrooke,69531,True,True,2025-11-14
2200,1045,10,Billing,Granite Laboratories Holdi HQ,199 Vine Street,Berlin,EH2 5B,True,True,2025-09-05
2201,1045,10,Cross-Dock,Granite Laboratories Holdi DC,9627 Dockside Lane,Munich,M6 1B,False,True,2026-03-08
2202,1046,8,Billing,Lantern Seafood Labs HQ,1201 Crescent Drive,Laval,57653,True,True,2023-04-04
2203,1047,2,Billing,Cardinal Specialty Produce HQ,1159 Harvester Road,Atlanta,52851,True,True,2024-09-10
2204,1048,1,Billing,Orchard Beverage Partners HQ,7881 Harvester Road,Hartford,82222,True,True,2023-09-03
2205,1049,9,Billing,Mosaic Meal Systems Co-op HQ,4936 Foundry Way,Manchester,M2 3D,True,True,2024-10-31
2206,1050,7,Billing,Crown Pharma Partners HQ,6856 Canal Street,Toronto,70069,True,True,2024-01-03
2207,1050,8,Delivery,Crown Pharma Partners DC,1028 Canal Street,Montreal,69591,False,True,2023-10-15
2208,1050,3,Returns,Crown Pharma Partners Plant,240 Foundry Way,Columbus,89794,False,True,2025-10-27
2209,1050,7,Returns,Crown Pharma Partners Annex,3399 Dockside Lane,Ottawa,36547,False,True,2024-04-09
2210,1051,8,Billing,Ardent Pet Nutrition Suppl HQ,1804 Vine Street,Quebec City,30168,True,True,2023-06-13
2211,1052,8,Billing,Meridian Foods Foods HQ,2361 Juniper Avenue,Laval,21653,True,True,2024-08-25
2212,1052,6,Returns,Meridian Foods Foods DC,8076 Dockside Lane,DALLAS,30191,False,True,2024-06-02
2213,1053,2,Billing,Bluevale Foods Holdings HQ,5168 Station Road,Charlotte,12863,True,True,2023-09-05
2214,1053,2,Production Site,Bluevale Foods Holdings DC,9234 Mill Lane,Nashville,28285,False,True,2024-10-12
2215,1053,5,Cross-Dock,Bluevale Foods Holdings Plant,8265 Canal Street,San Diego,16928,False,True,2024-11-21
2216,1054,2,Billing,Meridian Dairy Labs HQ,4026 Vine Street,Charlotte,98644,True,True,2024-12-31
2217,1055,11,Billing,Mosaic Nutrition Labs HQ,7615 Marlow Parkway,Eindhoven,L2 9B,True,True,2023-11-03
2218,1055,11,Delivery,Mosaic Nutrition Labs DC,6657 Station Road,Utrecht,EH8 9B,False,True,2025-07-08
2219,1056,4,Billing,Ardent Cold Foods Distribu HQ,3562 Ridgeview Road,Denver,57221,True,False,2023-02-13
2220,1057,3,Billing,Crescent Nutrition Holding HQ,4025 Foundry Way,Detroit,97033,True,True,
2221,1057,3,Production Site,Crescent Nutrition Holding DC,3928 Ridgeview Road,Columbus,30573,False,True,2023-02-01
2222,1057,3,Production Site,Crescent Nutrition Holding Plant,9206 Vine Street,Chicago,59840,False,True,2024-01-08
2223,1058,3,Billing,Westline Pet Nutrition Hol HQ,505 Vine Street,Columbus,43543,True,True,2025-03-28
2224,1059,3,Billing,Lakeside Meal Systems Co-o HQ,5410 Harvester Road,Columbus,63340,True,False,2023-06-28
2225,1060,11,Billing,Riverbend Dairy Partners  HQ,8931 Marlow Parkway,Eindhoven,M8 1A,True,True,
2226,1061,11,Billing,Cardinal Dairy Labs HQ,2831 Juniper Avenue,Rotterdam,EH8 4D,True,True,
2227,1062,4,Billing,Harbor Foods Co-op HQ,1348 Dockside Lane,Phoeinx,28550,True,True,2025-01-20
2228,1062,4,Delivery,Harbor Foods Co-op DC,5817 Foundry Way,Denver,19650,False,True,2025-05-06
2229,1062,4,Returns,Harbor Foods Co-op Plant,6387 Mill Lane,Phoenix,32921,False,True,2024-11-02
2230,1063,7,Billing,Cardinal Pharma Holdings HQ,9727 Harvester Road,Toronto,75943,True,True,2023-09-24
2231,1063,7,Returns,Cardinal Pharma Holdings DC,9282 Marlow Parkway,London,31945,False,True,2024-02-01
2232,1063,7,Production Site,Cardinal Pharma Holdings Plant,2632 Juniper Avenue,Hamilton,87393,False,True,2024-10-28
2233,1064,8,Billing,Granite Cold Foods Labs HQ,5553 Station Road,Quebec City,67157,True,True,2023-03-24
2234,1064,8,Delivery,Granite Cold Foods Labs DC,7884 Vine Street,laval,53639,False,True,2024-10-02
2235,1064,8,Delivery,Granite Cold Foods Labs Plant,3314 Crescent Drive,Quebec City,26698,False,True,2025-06-09
2236,1064,3,Cross-Dock,Granite Cold Foods Labs Annex,37 Station Road,Minneapolis,57185,False,True,2023-05-02
2237,1065,4,Billing,Northwind Laboratories Man HQ,4610 Ridgeview Road,Denver,94494,True,True,2025-01-04
2238,1065,4,Production Site,Northwind Laboratories Man DC,1828 Juniper Avenue,Denver,21751,False,True,2023-02-01
2239,1066,1,Billing,Lakeside Floral Logistics  HQ,1064 Foundry Way,Boston,56396,True,True,2024-04-24
2240,1067,5,Billing,Forge Meal Systems Labs HQ,2155 Juniper Avenue,Los Angeles,62091,True,True,2023-11-20
2241,1068,10,Billing,Solace Nutrition Labs HQ,2089 Dockside Lane,Hamburg,SE3 4B,True,True,2023-02-01
2242,1069,3,Billing,Bluevale Ingredients Distr HQ,2445 Market Row,Columbus,39946,True,True,2025-09-02
2243,1070,5,Billing,crown beverage partners hq,494 Market Row,Seattle,50215,True,True,
2244,1070,6,Production Site,Crown Beverage Partners DC,5061 Marlow Parkway,Dallas,67483,False,True,2025-06-19
2245,1071,6,Billing, Helix Nutrition Holdings HQ,3143 Foundry Way,Dallas,45103,True,True,2026-02-11
2246,1071,6,Cross-Dock,Helix Nutrition Holdings DC,9869 Crescent Drive, Dallas,45472,False,True,2025-12-28
2247,1071,8,Cross-Dock,Helix Nutrition Holdings Plant,3292 Juniper Avenue, Quebec City,25711,False,True,2023-06-16
2248,1072,7,Billing,Everfield Laboratories Sup HQ,8475 Vine Street,London,56912,True,True,2025-06-22
2249,1072,6,Production Site,Everfield Laboratories Sup DC,645 Market Row,Houston,56598,False,True,
2250,1072,6,Cross-Dock,Everfield Laboratories Sup Plant,64 Vine Street,Dallas,57293,False,True,2023-10-29
2251,1072,6,Returns,Everfield Laboratories Sup Annex,4096 Ridgeview Road,Austin,53418,False,True,2023-09-30
2252,1073,9,Billing,Briar Dairy Logistics HQ,5460 Foundry Way,Manchester,L8 3D,True,True,2024-01-18
2253,1073,9,Returns,Briar Dairy Logistics DC,3505 Crescent Drive,Bristol,EH7 5C,False,True,2024-04-20
2254,1074,11,Billing,Brightwell Beverage Holdin HQ,7811 Vine Street,Rotterdam,M9 7A,True,True,2025-11-06
2255,1074,11,Production Site,Brightwell Beverage Holdin DC,861 Juniper Avenue,Eindhoven,B2 3D,False,True,2025-03-13
2256,1075,5,Billing,Oakmont Pharma Supply HQ,419 Vine Street,Seattle,67936,True,False,2023-01-18
2257,1075,5,Returns,Oakmont Pharma Supply DC,3682 Station Road,San Diego,17590,False,True,2025-12-07
2258,1075,7,Production Site,Oakmont Pharma Supply Plant,5496 Juniper Avenue,Toronto,33620,False,True,2025-01-29
2259,1076,1,Billing,Crown Meal Systems Distrib HQ,7049 Marlow Parkway,boston,40675,True,True,2023-08-03
2260,1076,1,Delivery,Crown Meal Systems Distrib DC,9103 Juniper Avenue,Hartford,88173,False,True,2023-10-10
2261,1077,9,Billing,Crescent Nutrition Holding HQ,3911 Marlow Parkway,London,L6 8B,True,True,2023-10-31
2262,1077,4,Delivery,Crescent Nutrition Holding DC,9710 Market Row,Albquuerque,97166,False,True,2023-09-25
2263,1077,9,Production Site,crescent nutrition holding plant,423 Ridgeview Road,London,SE2 3A,False,True,
2264,1078,8,Billing,Everfield Specialty Produc HQ,9923 Crescent Drive,Laval,14915,True,True,2025-11-12
2265,1079,4,Billing,Northwind Pharma Co-op  HQ,6231 Vine Street,Phoenix,84429,True,True,2023-12-07
2266,1080,7,Billing,Aster Ingredients Mfg HQ,8095 Canal Street,Ottawa,39887,True,True,2025-01-23
2267,1081,7,Billing,Summit Ingredients Logisti HQ,2602 Dockside Lane,Hamilton,84948,True,True,2024-05-17
2268,1082,2,Billing,Vantage Nutrition Co-op HQ,6669 Mill Lane,Nashville,91903,True,True,2025-08-16
2269,1082,3,Delivery,Vantage Nutrition Co-op DC,6319 Juniper Avenue,Minneapolis,24371,False,True,
2270,1083,9,Billing,Cedar Pet Nutrition Labs HQ,3661 Harvester Road,Manchester,SE5 8D,True,True,2023-08-26
2271,1083,9,Returns,Cedar Pet Nutrition Labs DC,3758 Station Road,London,EH4 2D,False,True,2023-10-17
2272,1084,7,Billing,Riverbend Meal Systems Man HQ,9895 Marlow Parkway,London,11935,True,True,2026-03-21
2273,1084,7,Production Site,Riverbend Meal Systems Man DC ,4715 Ridgeview Road,London,64140,False,True,2024-11-04
2274,1084,7,Production Site,riverbend meal systems man plant,5107 Vine Street,Ottawa,32116,False,True,2024-10-15
2275,1084,7,Production Site,Riverbend Meal Systems Man Annex,7556 Harvester Road,Toronto,82078,False,True,2026-02-26
2276,1085,5,Billing,Aster Dairy Distribution HQ,1435 Dockside Lane,Oakland,65560,True,True,2023-09-22
2277,1086,8,Billing,Keystone Pharma Supply HQ,7025 Canal Street,Laval,27453,True,True,2025-09-02
2278,1086,8,Cross-Dock,Keystone Pharma Supply DC,7205 Station Road,Laval,63563,False,True,2025-05-13
2279,1086,8,Cross-Dock,Keystone Pharma Supply Plant,7173 Foundry Way,Laval,84478,False,True,2023-08-22
2280,1087,9,Billing,Oakmont Floral Logistics P HQ,6577 Mill Lane,London,EH5 8B,True,True,2025-07-15
2281,1088,8,Billing,Briar Specialty Produce Di HQ,6776 Crescent Drive,Laval,74962,True,True,
2282,1088,7,Cross-Dock,Briar Specialty Produce Di DC,115 Market Row,London,13213,False,True,
2283,1088,7,Returns,Briar Specialty Produce Di Plant,9341 Mill Lane,Toronto,38710,False,True,2023-07-01
2284,1089,5,Billing,Brightwell Seafood Labs HQ,8881 Crescent Drive,Oakland,31574,True,True,2023-05-02
2285,1089,8,Delivery,Brightwell Seafood LabsD C,9680 Station Road,Laval,33318,False,True,2025-12-23
2286,1089,8,Production Site,Brightwell Seafood Labs Plant,3267 Ridgeview Road,Sherbrooke,57185,False,True,2024-09-02
2287,1090,10,Billing,Aster Seafood Distribution HQ,1558 Market Row,Berlin,SE3 7C,True,True,
2288,1091,8,Billing,Cardinal Pet Nutrition Sup HQ,3135 Marlow Parkway,Laval,81250,True,True,2024-07-10
2289,1091,8,Delivery,Cardinal Pet Nutrition Sup DC,2375 Crescent Drive,Quebec City,43126,False,True,2025-09-25
2290,1091,8,Production Site,Cardinal Pet Nutrition Sup Plant,4961 Marlow Parkway,Montreal,35029,False,True,
2291,1092,1,Billing,Lantern Specialty Produce  HQ,5719 Ridgeview Road,Boston ,50566,True,True,2025-09-15
2292,1092,1,Delivery,Lantern Specialty Produce  DC,2180 Station Road,Boston,63906,False,True,2024-09-16
2293,1092,1,Delivery,Lantern Specialty Produce  Plant,6459 Juniper Avenue,Hartford,71690,False,True,
2294,1093,11,Billing,Orchard Pharma Partners HQ,8506 Dockside Lane,Eindhoven,B7 7B,True,True,2023-01-03
2295,1093,11,Production Site,Orchard Pharma Partners DC,3738 Foundry Way,Eindhoven,M9 8C,False,True,
2296,1093,11,Production Site, Orchard Pharma Partners Plant,9046 Mill Lane, Eindhoven,L9 9A,False,True,2024-11-13
2297,1094,2,Billing,Pioneer Biologics Supply HQ,6323 Harvester Road,Atlanta,79701,True,True,2025-11-29
2298,1094,2,Production Site,Pioneer Biologics Supply DC,7425 Vine Street,Nashville,64039,False,True,2026-01-14
2299,1095,5,Billing,Bluevale Ingredients Manuf HQ,346 Ridgeview Road,Los Anegles,39310,True,True,2023-09-17
2300,1095,5,Cross-Dock,Bluevale Ingredients Manuf DC,3735 Juniper Avenue,Oakland,86019,False,True,2025-10-31
2301,1095,9,Returns,Bluevale Ingredients Manuf Plant,7329 Harvester Road,Bristol,EH4 1A,False,True,2023-08-21
2302,1096,5,Billing,Lantern Biologics Supply HQ,7736 Dockside Lane,Los Angeles,25651,True,True,2023-06-17
2303,1097,4,Billing,crescent laboratories food HQ,7431 Crescent Drive,Phoenix,66819,True,True,2024-10-27
2304,1097,4,Delivery,crescent laboratories food DC,3619 Ridgeview Road,Denver,91828,False,True,2023-12-08
2305,1098,3,Billing,Keystone Seafood Co-op HQ,9060 Crescent Drive,Columbus,38627,True,True,2023-07-29
2306,1098,3,Cross-Dock,Keystone Seafood Co-op DC,3679 Harvester Road,Chicago,70129,False,True,2024-10-24
2307,1098,3,Cross-Dock,Keystone Seafood Co-op Plant,5374 Station Road, Minneapolis,37505,False,True,2023-04-03
2308,1098,3,Production Site,Keystone Seafood Co-op Annex,7316 Vine Street,Detroit,20613,False,True,2025-10-31
2309,1099,6,Billing,Everfield Dairy Logistics HQ,777 Foundry Way,Austin,61694,True,True,2024-09-05
2310,1099,2,Production Site,Everfield Dairy Logistics DC,4743 Harvester Road,Charlotte,26390,False,False,2024-06-12
2311,1100,8,Billing,Northwind Biologics Supply HQ,4002 Juniper Avenue,Laval,52772,True,True,2025-12-07
2312,1101,4,Billing,Riverbend Pharma Holdings HQ,2525 Station Road,Phoenix,74942,True,True,2025-12-28
2313,1101,4,Cross-Dock,Riverbend Pharma Holdings DC,2709 Mill Lane,Phoenix,60823,False,True,2025-08-02
2314,1101,4,Cross-Dock,Riverbend Pharma Holdings Plant,4952 Canal Street,Phoeinx,84380,False,True,2023-08-08
2315,1102,2,Billing,Oakmont Pharma Lab sHQ,2175 Crescent Drive,Orlando,98439,True,True,2023-04-06
2316,1103,1,Billing,Crescent Pet Nutrition Sup HQ,9611 Canal Street,Newark,28482,True,True,2025-12-17
2317,1103,1,Returns,Crescent Pet Nutrition Sup DC,2831 Juniper Avenue,Boston,81289,False,False,2024-12-14
2318,1104,9,Billing,Mosaic Foods Manufacturing HQ,2572 Ridgeview Road,Bristol,M5 5D,True,True,
2319,1104,9,Production Site,Mosaic Foods Manufacturing DC,7114 Crescent Drive,Bristol,M7 7A,False,True,
2320,1104,9,Returns,Mosaic Foods Manufacturing Plant,3224 Mill Lane,Manchester,SE9 2C,False,True,2024-10-21
2321,1104,9,Cross-Dock,Mosaic Foods Manufacturing Annex,5065 Market Row,London,M6 3B,False,True,2025-09-27
2322,1105,4,Billing,forge floral logistics foo HQ,734 Dockside Lane,Denver,73084,True,True,2025-04-30
2323,1105,10,Delivery,forge floral logistics foo DC,1330 Dockside Lane,Munich,EH3 9B,False,True,2024-11-09
2324,1106,9,Billing,BRIGHTWELL SPECIALTY PRODU HQ,961 Canal Street,Leeds,L5 7C,True,True,2024-04-22
2325,1107,7,Billing,Northwind Cold Foods Group HQ,2757 Crescent Drive,Hamilton,60263,True,False,2023-08-14
2326,1107,11,Delivery,Northwind Cold Foods Group DC,5513 Vine Street,Eindhoven,L4 8D,False,True,2023-03-24
2327,1107,11,Delivery,Northwind Cold Foods Group Plant,3286 Harvester Road,Eindhoven,SE4 8B,False,True,2023-04-08
2328,1107,11,Returns,Northwind Cold Foods Group Annex,2017 Vine Street,Amsterdam,M8 8B,False,True,
2329,1108,10,Billing,Forge Beverage Foods HQ,2037 Dockside Lane,Cologne,EH6 1A,True,True,2023-05-18
2330,1108,10,Production Site,Forge Beverage Foods DC,7284 Dockside Lane,Hamburg,EH8 6B,False,True,2024-09-12
2331,1108,3,Cross-Dock,Forge Beverage Foods Plant,5127 Ridgeview Road,Columbus,24096,False,True,2025-07-09
2332,1108,6,Returns,Forge Beverage Foods Annex,2952 Ridgeview Road,Dallas,33653,False,True,2024-04-09
2333,1109,1,Billing,Mosaic Pet Nutrition Manuf HQ,4338 Canal Street,Hartford,31868,True,True,2025-08-11
2334,1109,1,Returns,Mosaic Pet Nutrition Manuf DC,6241 Ridgeview Road,Hartford,72612,False,False,2024-09-07
2335,1109,5,Returns,Mosaic Pet Nutrition Manuf Plant,2095 Foundry Way,Oakland,58796,False,True,2023-10-20
2336,1110,3,Billing,Meridian Nutrition Distrib HQ,8243 Ridgeview Road,Columbus,70184,True,True,2024-03-22
2337,1110,3,Delivery,Meridian Nutrition Distrib DC,8719 Market Row,Chicaog,86158,False,False,2023-05-12
2338,1110,3,Delivery,Meridian Nutrition Distrib Plant,9881 Market Row,Chicago,39925,False,True,2024-10-05
2339,1110,3,Returns,Meridian Nutrition Distrib Annex,8017 Marlow Parkway,Columbus,33722,False,True,2025-11-12
2340,1111,4,Billing,Cobalt Seafood Holdings HQ,3652 Station Road,Phoenix,20579,True,True,2023-05-01
2341,1112,4,Billing,Crescent Laboratories Labs HQ,2273 Harvester Road,Phoenix,53835,True,True,2023-08-02
2342,1113,10,Billing,Forge Laboratories Group  HQ,4171 Market Row,Hamburg,B8 2C,True,True,2024-01-24
2343,1114,6,Billing,Riverbend Foods Holdings HQ,5808 Marlow Parkway,San Antonio,54269,True,True,2024-01-29
2344,1115,5,Billing,Oakmont Specialty Produce  HQ,6717 Foundry Way,Seattle,86954,True,True,2024-07-30
2345,1115,5,Returns,Oakmont Specialty Produce  DC,5789 Mill Lane,Oakland,46796,False,True,2024-12-20
2346,1115,5,Cross-Dock,Oakmont Specialty Produce  Plant,296 Canal Street,Seattle,91045,False,False,
2347,1116,11,Billing,Pioneer Pharma Dist. HQ ,3257 Canal Street,utrecht,SE5 8C,True,True,2024-03-31
2348,1116,11,Returns,Pioneer Pharma Dist. DC,879 Dockside Lane,Rotterdam,M4 6D,False,True,2024-04-02
2349,1116,11,Cross-Dock,Pioneer Pharma Dist. Plant,1370 Foundry Way,Utrecht,B7 5A,False,True,2023-01-17
2350,1117,2,Billing,MOSAIC BEVERAGE HOLDINGS HQ,3550 Harvester Road,Charlotte,60505,True,True,
2351,1118,11,Billing,Orchard Beverage Manufactu HQ,2727 Vine Street,Rotterdam,M2 6B,True,True,2024-06-29
2352,1119,11,Billing,Mosaic Foods Supply HQ,7614 Harvester Road,Amsterdam,SE8 9C,True,True,
2353,1119,11,Production Site,Mosaic Foods Supply DC,6252 Foundry Way,Eindhoven,L3 7C,False,True,2024-06-11
2354,1119,11,Cross-Dock,Mosaic Foods Supply Plant,7350 Vine Street,Rotterdam,B5 7D,False,True,2023-06-02
2355,1119,6,Delivery,Mosaic Foods Supply Annex,3166 Crescent Drive,Dallas,31934,False,True,2025-09-24
2356,1120,1,Billing,Northwind Pet Nutrition Fo HQ,397 Market Row,Hartford,96710,True,True,2024-05-03
2357,1121,5,Billing,Briar Dairy Partners HQ,8155 Market Row,Seattle,41541,True,True,2025-07-26
2358,1121,5,Production Site,Briar Dairy Partners DC,2248 Dockside Lane,Oakland,78997,False,True,2023-08-22
2359,1121,5,Returns,Briar Dairy Partners Plant,3412 Crescent Drive,San Diego,88732,False,True,2023-07-25
2360,1122,3,Billing,Bluevale Beverage Labs HQ,7844 Ridgeview Road,Columbus,44109,True,True,2023-02-24
2361,1122,3,Cross-Dock,Bluevale Beverage Labs DC,4253 Mill Lane,Minneapolis,82108,False,True,2023-02-03
2362,1123,5,Billing,Cardinal Floral Logistics  HQ,4104 Canal Street,Seattle,36709,True,False,2023-05-05
2363,1123,7,Production Site,Cardinal Floral Logistics  DC,262 Mill Lane,Hamilton,19794,False,True,
2364,1123,11,Cross-Dock,Cardinal Floral Logistics  Plant,315 Canal Street,Amsterdam,L6 4B,False,True,2026-02-07
2365,1123,5,Delivery,Cardinal Floral Logistics  Annex,394 Station Road, Oakland,15858,False,True,2025-03-11
2366,1124,3,Billing,Orchard Nutrition Logistic HQ,2412 Canal Street,Minneapolis,88292,True,True,2025-09-26
2367,1124,3,Delivery,Orchard Nutrition Logistic DC,3097 Juniper Avenue,Columbus,68015,False,True,2023-08-18
2368,1124,3,Returns,Orchard Nutrition Logistic Plant,5314 Market Row,Chicago,46987,False,True,
2369,1125,3,Billing,Westline Pet Nutrition Hol HQ,7514 Station Road,Detroit,30272,True,True,2025-09-09
2370,1125,3,Production Site,Westline Pet Nutrition Hol DC,7107 Dockside Lane,Detroit,57313,False,True,
2371,1125,3,Returns, Westline Pet Nutrition Hol Plant,5996 Foundry Way,Detroit,29372,False,True,2023-12-03
2372,1125,3,Cross-Dock,Westline Pet Nutrition Hol Annex,7415 Juniper Avenue,Columbus,58864,False,True,
2373,1126,10,Billing,Forge Cold Foods Group HQ,5067 Market Row,Munich,B9 7B,True,True,2025-05-24
2374,1126,10,Delivery,Forge Cold Foods Group DC,9761 Vine Street,Berlin,EH7 6C,False,True,2024-01-01
2375,1126,10,Returns,Forge Cold Foods Group Plant,6651 Crescent Drive,Hamburg,EH7 8B,False,True,2025-05-13
2376,1126,10,Production Site,Forge Cold Foods Group Annex,6819 Vine Street,Munich,L1 7B,False,True,2024-02-16
2377,1127,9,Billing,Ardent Cold Foods Labs HQ,1657 Foundry Way,Manchester,M7 6D,True,True,2023-08-20
2378,1127,9,Cross-Dock,Ardent Cold Foods Labs DC,4645 Ridgeview Road,Manchester,SE9 6A,False,True,2023-05-08
2379,1128,7,Billing,Harbor Cold Foods Co-op HQ,3793 Harvester Road,Otatwa,51079,True,True,2023-01-22
2380,1129,1,Billing,Aster Biologics Logistics HQ,2828 Juniper Avenue,Portland,29348,True,False,2023-09-24
2381,1129,4,Production Site,Aster Biologics Logistics DC,8378 Ridgeview Road,Las Vegas,84886,False,True,2026-02-21
2382,1129,5,Production Site,Aster Biologics Logistics Plant,6726 Market Row,Los Angeles,67911,False,True,2024-09-18
2383,1130,7,Billing,Harbor Foods Distribution HQ,1277 Dockside Lane,hamilton,59797,True,True,2024-08-07
2384,1130,7,Production Site,Harbor Foods Distribution DC,131 Foundry Way,London,48226,False,True,2023-12-29
2385,1130,7,Delivery,Harbor Foods Distribution Plant,3382 Marlow Parkway,Hamilton,73695,False,True,2024-08-07
2386,1131,4,Billing,Northwind Meal Systems Co- HQ,2732 Foundry Way,Phoenix,32399,True,True,2023-05-29
2387,1131,7,Production Site,Northwind Meal Systems Co- DC,5395 Canal Street,Hamilton,68173,False,True,2024-09-11
2388,1131,4,Delivery,Northwind Meal Systems Co- Plant,7667 Ridgeview Road,Albuquerque,39292,False,True,2025-05-18
2389,1132,8,Billing,Helxi Pet Nutrition Group HQ,9968 Crescent Drive,Quebec City,35033,True,True,2025-01-14
2390,1133,1,Billing,Westline Pharma Co-op HQ,2609 Dockside Lane,Newark,85357,True,True,2023-04-18
2391,1134,4,Billing,Helix Meal Systems Foods HQ,2524 Ridgeview Road,Las Vegas,32471,True,True,2023-08-17
2392,1134,5,Production Site,Helix Meal Systems Foods DC,7125 Canal Street,Los Angeles,62800,False,False,2023-10-07
2393,1135,8,Billing,Cobalt Pet Nutrition Foods HQ,6777 Marlow Parkway,Montreal,56251,True,True,2025-08-09
2394,1135,8,Cross-Dock,Cobalt Pet Nutrition Foods DC,8376 Vine Street,Quebec City,72089,False,True,2024-08-16
2395,1135,8,Delivery,Cobalt Pet Nutrition Foods Plant,3596 Station Road,Montreal,97526,False,False,2024-12-31
2396,1135,8,Production Site,Cobalt Pet Nutrition Foods Annex,4888 Crescent Drive,Montreal,78151,False,True,2025-12-31
2397,1136,5,Billing,Orchard Beverage Partners HQ,8804 Crescent Drive,Los Angeles,27945,True,True,
2398,1136,1,Cross-Dock,Orchard Beverage Partners DC,2801 Marlow Parkway,Boston,42630,False,True,2026-03-24
2399,1136,5,Cross-Dock,Orchard Beverage Partners Plant,9199 Station Road,San Diego,34035,False,True,2025-10-19
2400,1137,1,Billing,Trinity Specialty Produce  HQ,9764 Canal Street,Boston,80565,True,True,2024-04-09
2401,1137,8,Cross-Dock,Trinity Specialty Produce  DC,7635 Juniper Avenue,Montreal,99429,False,True,2026-02-07
2402,1138,7,Billing,Ardent Laboratories Logist HQ,312 Canal Street,Hamilton,40681,True,True,
2403,1138,7,Production Site,Ardent Laboratories Logist DC,4109 Ridgeview Road,London,82440,False,True,
2404,1138,7,Production Site,Ardent Laboratories Logist Plant,7824 Juniper Avenue,London,53299,False,True,2024-10-20
2405,1139,3,Billing,Forge Pharma Mfg HQ,5971 Station Road,Detroit,23531,True,True,
2406,1139,3,Cross-Dock,Forge Pharma Mfg DC,2029 Canal Street,Chicago,21578,False,True,2025-07-02
2407,1139,3,Production Site,Forge Pharma Mfg Plant,6900 Marlow Parkway,Chicago,46766,False,True,2025-03-28
2408,1140,6,Billing,Meridian Specialty Produce HQ,1483 Foundry Way,Austin,43062,True,True,2024-11-21
2409,1141,6,Billing,Crown Pharma Foods HQ,9995 Dockside Lane,Austin,83060,True,True,2024-12-20
2410,1141,6,Production Site,Crown Pharma Foods DC,4397 Marlow Parkway,HOUSTON,80707,False,True,2024-11-10
2411,1142,10,Billing,Cobalt Dairy Holdings HQ,6826 Canal Street,Munich,B8 5B,True,True,2025-08-06
2412,1143,5,Billing,Orchard Biologics Group HQ,2714 Vine Street,Oakland,74471,True,True,2024-05-10
2413,1143,5,Returns,Orchard Biologics Group DC,6864 Dockside Lane,Oakland,78939,False,True,2024-08-30
2414,1144,8,Billing,Pioneer Dairy Manufacturin HQ,6023 Crescent Drive,Sherbrooke,58553,True,True,2023-10-30
2415,1144,8,Cross-Dock,Pioneer Dairy Manufacturin DC,9328 Mill Lane,Laval,84774,False,True,2025-01-27
2416,1144,8,Cross-Dock,PIONEER DAIRY MANUFACTURIN PLANT,6479 Station Road,Montreal,52118,False,True,2026-01-06
2417,1145,11,Billing,Pioneer Beverage Labs HQ,4954 Dockside Lane,Eindhoven,SE6 8D,True,True,2024-04-24
2418,1146,7,Billing,Briar Specialty Produce Di HQ,3471 Station Road,Ottawa,37438,True,True,
2419,1147,8,Billing,Lantern Pharma Group HQ,9077 Marlow Parkway,Quebec City,35567,True,True,2025-09-21
2420,1147,8,Cross-Dock,Lantern Pharma Group DC,5034 Dockside Lane,Sherbrooke,14852,False,True,2024-08-26
2421,1148,7,Billing,Pioneer Nutrition Partners HQ,2289 Marlow Parkway,Hamilton,23590,True,True,2024-03-01
2422,1149,4,Billing,Solace Beverage Dist. HQ,2776 Ridgeview Road,Albuquerque,91778,True,True,2025-11-09
2423,1149,4,Returns,Solace Beverage Dist. DC,3449 Dockside Lane,Phoenix,70852,False,True,2023-10-15
2424,1149,4,Cross-Dock,Solace Beverage Dist. Plant,975 Dockside Lane,Albuquerque,24572,False,True,2025-04-15
2425,1149,4,Delivery,Solace Beverage Dist. Annex,8419 Dockside Lane,Las Vegas,76305,False,True,2023-11-28
2426,1150,1,Billing,Meridian Biologics Holding HQ,288 Crescent Drive,Hartford,91716,True,True,2025-07-18
2427,1150,1,Delivery,Meridian Biologics Holding DC,8999 Mill Lane,Boston,70705,False,True,2023-10-27
2428,1151,1,Billing,Granite Beverage Manufactu HQ,8997 Dockside Lane,Portland,51770,True,True,2025-05-22
2429,1152,11,Billing,Cedar Seafood Distribution HQ,1937 Crescent Drive,Rotterdam,EH7 5C,True,True,2025-04-09
2430,1152,10,Cross-Dock,Cedar Seafood Distribution DC,7565 Foundry Way,Cologne,B4 3B,False,True,2025-02-11
2431,1152,10,Returns,Cedar Seafood Distribution Plant,3354 Mill Lane, Hamburg,B9 2C,False,True,2024-01-05
2432,1153,1,Billing,Oakmont Nutrition Labs HQ,2625 Station Road, Portland,62738,True,True,
2433,1153,1,Returns,Oakmont Nutrition Labs DC,7503 Canal Street,Portland,47276,False,True,
2434,1154,6,Billing,ASTER PHARMA CO-OP HQ,1364 Ridgeview Road,Houston,43082,True,True,2024-03-04
2435,1155,1,Billing,Westline Biologics Logisti HQ,6751 Marlow Parkway,Boston,67058,True,False,2023-02-19
2436,1156,9,Billing,Forge Laboratories Co-op HQ,4719 Mill Lane,London,B2 8D,True,True,2025-03-24
2437,1157,9,Billing,Mosaic Ingredients Logisti HQ,9486 Juniper Avenue,Bristol,EH3 4C,True,True,2023-03-09
2438,1158,9,Billing,Granite Foods Supply HQ,1100 Harvester Road,Manchester,SE9 6C,True,True,2024-06-24
2439,1158,7,Cross-Dock,Granite Foods Supply DC,9218 Harvester Road,Ottawa,31194,False,True,2024-08-26
2440,1158,7,Delivery,Granite Foods Supply Plant,3508 Foundry Way,Toronto,22125,False,True,2023-03-18
2441,1159,9,Billing,Harbor Dairy Co-op HQ,4860 Marlow Parkway,Bristol,M8 6D,True,True,2024-01-10
2442,1160,9,Billing,Summit Nutrition Partners HQ,256 Dockside Lane,Bristol,L3 8D,True,True,
2443,1160,9,Delivery,Summit Nutrition Partners DC,3281 Marlow Parkway,Manchester,SE9 9C,False,True,2025-12-30
2444,1161,2,Billing,Harbor Seafood Labs HQ,5841 Ridgeview Road,Charlotte,99075,True,True,2023-06-11
2445,1161,3,Cross-Dock,Harbor Seafood Labs DC,4737 Mill Lane,Detroit ,57377,False,True,2023-07-23
2446,1162,11,Billing,Solace Beverage Group  HQ,3123 Crescent Drive,Amsterdam,L4 4D,True,True,
2447,1163,6,Billing,Granite Cold Foods Distrib HQ,8573 Canal Street,Austin,44925,True,True,2024-04-23
2448,1164,10,Billing,Westline Meal Systems Grou HQ,5179 Foundry Way,Munich,M2 6D,True,True,2025-02-04
2449,1165,3,Billing,Cobalt Floral Logistics Fo HQ,8122 Marlow Parkway,Detroit,79363,True,True,2024-11-15
2450,1165,3,Returns,Cobalt Floral Logistics Fo DC,6446 Market Row,Columbus,83965,False,True,
2451,1165,3,Cross-Dock,Cobalt Floral Logistics Fo Plant,7704 Mill Lane,Chicago,18582,False,True,2025-01-07
2452,1166,6,Billing,Briar Pet Nutrition Foods HQ,1137 Canal Street,Austin,61056,True,True,2024-03-16
2453,1166,6,Delivery,Briar Pet Nutrition Foods DC,4665 Station Road,Houston,35047,False,True,2025-04-25
2454,1166,6,Returns,Briar Pet Nutrition Foods Plant,5048 Juniper Avenue,Houston,79675,False,True,2025-11-26
2455,1167,2,Billing,Brightwell Specialty Produ HQ,7652 Marlow Parkway,Nashville,25174,True,True,2024-05-24
2456,1167,2,Delivery,Brightwell Specialty Produ DC,8139 Harvester Road,Charlotte,15801,False,True,2026-01-06
2457,1167,2,Production Site,Brightwell Specialty Produ Plant,4022 Vine Street,Atlanta,55844,False,True,2024-06-24
2458,1168,1,Billing,Vantage Pharma Co-op HQ,1807 Dockside Lane,Boston,35993,True,True,2025-08-19
2459,1168,1,Delivery,Vantage Pharma Co-op DC,4238 Marlow Parkway,Newark,27337,False,True,2024-12-11
2460,1168,1,Returns,Vantage Pharma Co-op Plant,4493 Juniper Avenue,Newark,82647,False,True,2024-09-24
2461,1169,7,Billing,Vantage Meal Systems Labs HQ,5485 Marlow Parkway,Toronto,51585,True,True,2023-11-19
2462,1170,10,Billing,Oakmont Foods Logistics HQ,5048 Juniper Avenue,Berlin,B9 9B,True,True,2025-04-16
2463,1170,10,Delivery,Oakmont Foods Logistics DC,4978 Crescent Drive,Cologne,B6 8B,False,True,2023-07-07
2464,1170,10,Delivery,Oakmont Foods Logistics Plant,4490 Crescent Drive,Hamburg,SE8 3D,False,True,2024-07-30
2465,1171,7,Billing,everfield beverage mfg hq,7700 Market Row,Hamilton,17739,True,True,2024-03-12
2466,1172,1,Billing,Crescent Meal System sSupp HQ,3805 Harvester Road,Hartford,81870,True,True,2025-09-28
2467,1172,5,Delivery,Crescent Meal Systems Supp DC,7505 Foundry Way,Los Angeles,35993,False,True,2024-11-09
2468,1173,11,Billing,Oakmont Cold Foods Holding HQ,4555 Marlow Parkway,Eindhoven,EH8 1B,True,True,2024-09-07
2469,1174,6,Billing,Vantage Pharma Labs HQ,8677 Foundry Way,Austin,48090,True,True,2024-05-25
2470,1174,5,Delivery,Vantage Pharma Labs DC,5271 Juniper Avenue,Los Angeles,68794,False,False,2024-12-05
2471,1175,11,Billing,Lantern Ingredients Group HQ,883 Station Road,Amsterdam,L6 2A,True,True,2023-12-03
2472,1176,5,Billing, Everfield Dairy Manufactu HQ,6967 Foundry Way,San Diego ,52916,True,True,2023-09-09
2473,1177,6,Billing,Northwind Beverage Holding HQ,1694 Vine Street,San Antonio,65589,True,True,2023-07-25
2474,1178,10,Billing,Brightwell Foods Supply HQ,5063 Vine Street,Berlin,EH5 2B,True,True,2025-04-05
2475,1179,7,Billing,Vantage Cold Foods Holidng HQ,4121 Foundry Way,London,18433,True,True,2025-01-03
2476,1179,7,Returns,Vantage Cold Foods Holding DC,3057 Marlow Parkway,Ottawa,20408,False,True,2024-01-28
2477,1180,4,Billing,Summit Specialty Produce L HQ,5290 Station Road,Las Vegas,93100,True,True,2024-10-29
2478,1180,4,Returns,Summit Specialty Produce L DC,7107 Harvester Road,Albuquerque,91516,False,True,2023-10-05
2479,1180,4,Cross-Dock,Summit Specialty Produce L Plant,8195 Harvester Road,Denver,46147,False,True,2024-02-17
2480,1181,7,Billing,Crown Biologics Holdings HQ,8229 Market Row,London,53008,True,True,2023-11-15
2481,1182,8,Billing,Briar Laboratories Labs HQ,4785 Canal Street,Sherbrooke,61987,True,True,2024-08-17
2482,1182,8,Production Site,Briar Laboratories Labs DC,8297 Mill Lane,Montreal,48231,False,True,2025-08-11
2483,1183,10,Billing,Crown Pharma Logistics HQ,154 Harvester Road,Cologne,SE7 2B,True,True,2024-07-22
2484,1183,10,Production Site,Crown Pharma Logistics DC,1273 Foundry Way,Munich,EH5 4A,False,True,2023-02-14
2485,1184,10,Billing,Mosaic Specialty Produce C HQ,7672 Juniper Avenue,Cologne,SE4 7B,True,True,2025-05-24
2486,1185,9,Billing,Cobalt Pharma Holdings HQ,6045 Station Road,Leeds,SE2 9C,True,True,2025-08-14
2487,1185,5,Production Site,Cobalt Pharma Holdings DC,2413 Harvester Road,Oakland,84387,False,True,2025-10-22
2488,1185,5,Cross-Dock,Cobalt Pharma Holdings Plant,1563 Canal Street,Seattle,63682,False,True,
2489,1186,10,Billing,Cardinal Foods Holdings HQ,9149 Vine Street,Hamburg,L7 1C,True,True,2023-01-20
2490,1187,5,Billing,Bluevale Laboratories Grou HQ,5912 Harvester Road,Oakland,83399,True,False,2024-08-05
2491,1188,2,Billing,Vantage Biologics Supply HQ,2831 Harvester Road,Atlanta,71913,True,True,2023-12-24
2492,1189,10,Billing,Aster Dairy Supply  HQ,4268 Foundry Way,Berlin,EH3 9B,True,True,2024-04-09
2493,1190,8,Billing,Crown Specialty Produce Fo HQ,3451 Mill Lane,Sherbrooke,96522,True,True,2026-01-15
2494,1190,6,Cross-Dock,Crown Specialty Produce Fo DC,1238 Crescent Drive,San Antonio,45655,False,True,
2495,1190,8,Delivery,Crown Specialty Produce Fo Plant,3146 Marlow Parkway,Quebec City,78560,False,True,2025-05-09
2496,1190,3,Production Site,Crown Specialty Produce Fo Annex,3887 Canal Street,Minneapolis,71645,False,True,2024-04-24
2497,1191,11,Billing,cobalt biologics logistics HQ,5308 Canal Street,Rotterdam,L1 1D,True,True,2024-05-03
2498,1191,11,Cross-Dock, cobalt biologics logistics DC,3239 Mill Lane,Utrecht,EH9 9A,False,True,
2499,1191,11,Production Site,cobalt biologics logistics Plant,7067 Mill Lane,Utrecht,SE1 4C,False,True,2023-10-26
2500,1192,8,Billing,Bluevale Foods Foods HQ,3903 Crescent Drive,Laval,35411,True,True,2024-04-10
2501,1193,6,Billing,Orchard Meal Systems Partn HQ,2282 Harvester Road,San Antonio,62045,True,True,2025-10-04
2502,1193,6,Delivery,Orchard Meal Systems Partn DC,5370 Vine Street,Dallas,47110,False,True,2024-08-25
2503,1193,6,Cross-Dock,Orchard Meal Systems Partn Plant,3707 Crescent Drive,San Antonio,83661,False,True,2025-04-10
2504,1193,6,Cross-Dock,Orchard Meal Systems Partn Annex,2134 Marlow Parkway,Austin,56127,False,True,2024-01-20
2505,1194,3,Billing,Trinity Nutrition Partners HQ,7092 Ridgeview Road,Detroit,43241,True,True,2023-06-19
2506,1194,3,Cross-Dock,Trinity Nutrition Partners DC,9400 Market Row,Chicago,24168,False,True,2024-09-28
2507,1194,3,Returns,Trinity Nutrition Partners Plant,6927 Mill Lane,Detroit,90852,False,True,2023-01-23
2508,1195,10,Billing,Lantern Specialty Produce  HQ,4248 Mill Lane,Berlin,L7 7D,True,True,2024-12-08
2509,1196,11,Billing, Pioneer Cold Foods Labs HQ,3939 Juniper Avenue,Amsterdam,SE8 6A,True,True,2023-08-02
2510,1196,11,Returns,Pioneer Cold Foods Labs DC,9907 Marlow Parkway, Rotterdam,L6 5B,False,True,2025-02-26
2511,1196,11,Delivery,Pioneer Cold Foods Labs Plant,6123 Vine Street,Eindhoven,L6 8D,False,True,2023-11-11
2512,1196,11,Production Site,Pioneer Cold Foods Labs Annex,4000 Ridgeview Road,Eindhoven,L6 6B,False,False,2025-02-18
2513,1197,10,Billing,BRIAR LABORATORIES FOODS HQ,942 Market Row,Berlin,EH4 5B,True,True,2024-08-03
2514,1197,5,Delivery,BRIAR LABORATORIES FOODS DC,8814 Harvester Road,Oakland,25383,False,True,2023-03-03
2515,1198,4,Billing,pioneer beverage distribut HQ,4403 Canal Street,Phoenix,75075,True,True,2023-03-28
2516,1198,4,Production Site,pioneer beverage distribut DC,4944 Dockside Lane,Phoenix,78206,False,True,2024-11-04
2517,1199,10,Billing,Solace Cold Foods Labs HQ,5822 Marlow Parkway,Hamburg,EH1 1D,True,True,2025-03-26
2518,1199,11,Returns,Solace Cold Foods Labs DC,859 Market Row,Eindhoven,EH8 6C,False,True,2026-01-29
2519,1200,6,Billing,Solace Biologics Supply HQ,3597 Market Row,Houston,46945,True,True,2024-07-04
2520,1201,3,Billing,Solace Beverage Partners HQ,6675 Canal Street,Chicago,31926,True,True,2023-10-30
2521,1202,2,Billing,Helix Beverage Co-op HQ ,4976 Station Road,Atlanta,61808,True,True,2023-03-25
2522,1203,3,Billing,Orchard Meal Systems Manuf HQ,4996 Harvester Road,Chicago,14297,True,False,2024-11-28
2523,1204,8,Billing,Ardent Seafood Supply HQ,9131 Vine Street,Montreal,55387,True,True,2024-03-27
2524,1204,8,Delivery,Ardent Seafood Supply DC,8448 Juniper Avenue,Montreal,85519,False,True,2023-01-25
2525,1204,8,Cross-Dock,Ardent Seafood Supply Plant,4975 Crescent Drive,Quebec City,27914,False,True,2023-03-07
2526,1204,8,Delivery,Ardent Seafood Supply Annex,959 Vine Street,Laval,14626,False,True,2024-10-06
2527,1205,5,Billing,Brightwell Specialty Produ HQ,3658 Station Road,Los Angeles,88488,True,True,2025-02-20
2528,1205,5,Delivery,Brightwell Specialty Produ DC,9217 Foundry Way,Oakland,75611,False,True,2024-08-29
2529,1205,5,Cross-Dock,Brightwell Specialty Produ Plant,2398 Canal Street,San Diego,65231,False,True,2026-02-21
2530,1205,5,Production Site,Brightwell Specialty Produ Annex,5776 Dockside Lane,San Diego,14356,False,True,
2531,1206,7,Billing,Brightwell Laboratories Fo HQ,7541 Harvester Road,Hamilton,65419,True,True,2025-06-09
2532,1206,7,Production Site,Brightwell Laboratories Fo DC,2101 Canal Street,Hamilton,14016,False,True,2023-02-22
2533,1206,7,Production Site,Brightwell Laboratories Fo Plant,2701 Foundry Way,Hamilton,98877,False,True,2023-08-02
2534,1206,7,Production Site,Brightwell Laboratories Fo Annex,5297 Juniper Avenue,Ottawa,37891,False,True,2024-07-09
2535,1207,8,Billing,Orchard Seafood Co-op HQ,3350 Crescent Drive,Sherbrooke,32290,True,True,2024-10-04
2536,1207,8,Returns,Orchard Seafood Co-op DC,9597 Harvester Road,Quebec City,54469,False,True,
2537,1207,8,Production Site,Orchard Seafood Co-op Plant,4395 Dockside Lane,Montreal ,32953,False,True,2024-05-10
2538,1208,5,Billing,Summit Pet Nutrition Group HQ,4999 Crescent Drive,San Diego,21282,True,True,
2539,1208,5,Production Site,Summit Pet Nutrition Group DC,8024 Harvester Road,Seattle,87573,False,True,2023-01-23
2540,1208,5,Delivery,Summit Pet Nutrition Group Plant,6946 Juniper Avenue,Los Angeles,53590,False,True,2025-12-12
2541,1208,5,Delivery,Summit Pet Nutrition Group Annex,6628 Mill Lane,San Diego,18627,False,True,2023-02-12
2542,1209,1,Billing,Cedar Cold Foods Foods HQ,6073 Marlow Parkway,Portland,90771,True,True,2025-01-17
2543,1209,5,Returns,Cedar Cold Foods Foods DC,7215 Market Row,Los Angeles,14243,False,True,2023-12-25
2544,1209,5,Delivery,Cedar Cold Foods Foods Plant,4538 Vine Street,san diego,50436,False,True,2025-03-01
2545,1209,5,Production Site,Cedar Cold Foods Foods Annex,6266 Ridgeview Road,San Diego,88238,False,True,2026-01-04
2546,1210,7,Billing,Trinity Cold Foods Labs HQ,9931 Foundry Way,Hamilton,49715,True,True,2023-11-21
2547,1210,7,Returns,Trinity Cold Foods Labs DC,2232 Market Row,Toronto,44387,False,True,2026-02-26
2548,1210,7,Delivery,Trinity Cold Foods Labs Plant,1595 Foundry Way,Ottawa,63350,False,True,2025-03-24
2549,1211,2,Billing,Meridian Floral Logistics  HQ,41 Ridgeview Road,Orlando,25064,True,True,2023-09-26
2550,1211,2,Delivery,Meridian Floral Logistics  DC,9362 Harvester Road,Atlanta,63622,False,True,2024-02-22
2551,1212,7,Billing,Oakmont Biologics Supply HQ,113 Station Road,Toronto,90684,True,True,2024-08-21
2552,1212,7,Cross-Dock,Oakmont Biologics Supply DC,2069 Marlow Parkway,Toronto,23590,False,True,2024-08-04
2553,1212,7,Delivery,oakmont biologics supply plant,8348 Dockside Lane,Toronto,39884,False,True,2023-08-31
2554,1212,7,Production Site,Oakmont Biologics Supply Annex ,4784 Market Row,Ottawa,52774,False,True,2023-05-22
2555,1213,7,Billing,Aster Pharma Co-op HQ,6861 Marlow Parkway,Toronto,88059,True,True,2024-04-23
2556,1214,7,Billing,Bluevale Dairy Co-op HQ,523 Juniper Avenue,London,49546,True,True,2025-05-28
2557,1215,2,Billing,Riverbend Dairy Group HQ,5849 Juniper Avenue,Nashville,63005,True,True,2024-03-11
2558,1216,7,Billing,Brightwell Pet Nutrition L HQ,5524 Juniper Avenue,London,68212,True,True,2025-11-21
2559,1216,7,Returns,Brightwell Pet Nutrition L DC,5511 Harvester Road,Ottawa,22410,False,True,2025-01-17
2560,1216,7,Production Site,Brightwell Pet Nutrition L Plant,8468 Market Row,London,89703,False,True,2025-02-20
2561,1216,4,Delivery,Brightwell Pet Nutrition L Annex,7945 Marlow Parkway,Las Vegas,38407,False,True,2025-07-21
2562,1217,3,Billing,Cardinal Specialty Produce HQ,9746 Canal Street,Chicago,60990,True,True,2024-07-18
2563,1217,2,Cross-Dock,Cardinal Specialty Produce DC,6079 Marlow Parkway,Charlotte,96067,False,True,2023-12-13
2564,1217,2,Cross-Dock,Cardinal Specialty Produce Plant,9150 Canal Street,Charlotte,77600,False,True,2025-12-23
2565,1218,7,Billing,Oakmont Pet Nutrition Dist HQ,1786 Station Road,Toronto,65368,True,True,2023-12-12
2566,1219,3,Billing,Riverbend Specialty Produc HQ,8421 Harvester Road,Detroit,94985,True,True,
2567,1219,3,Delivery,Riverbend Specialty Produc DC,7579 Mill Lane,Chicago,88237,False,True,2023-11-19
2568,1219,3,Delivery,Riverbend Specialty Produc Plant,4963 Foundry Way,Minneapolis,79388,False,True,2024-08-23
2569,1220,10,Billing,Westline Pet Nutrition Co- HQ,5490 Ridgeview Road,Munich,SE1 8A,True,True,2025-03-21
2570,1220,10,Cross-Dock,Westline Pet Nutrition Co- DC,4282 Crescent Drive,Berlin,SE3 5C,False,True,2023-07-23
2571,1221,5,Billing,Lantern Biologics Co-op HQ,6187 Ridgeview Road,Seattle,22334,True,True,2023-07-22
2572,1222,6,Billing,Summit Meal Systems Group HQ,7131 Harvester Road,houston,16672,True,True,2025-02-11
2573,1223,9,Billing,Meridian Specialty Produce HQ,4653 Mill Lane,Leeds,B6 7A,True,True,2023-07-24
2574,1223,11,Delivery,Meridian Specialty Produce DC,5468 Canal Street,Amsterdam,EH3 2B,False,True,2023-04-25
2575,1223,4,Delivery,Meridian Specialty Produce Plant,7836 Dockside Lane,Phoenix,25239,False,True,2023-05-19
2576,1223,4,Cross-Dock,Meridian Specialty Produce Annex,5568 Mill Lane,Denver,37441,False,True,2025-02-04
2577,1224,8,Billing,Crescent Biologics Labs HQ,6981 Market Row,Quebec City,67231,True,True,2025-08-07
2578,1225,2,Billing,Helix Beverage Holdings HQ,1968 Vine Street,Atlanta,36590,True,True,2023-10-06
2579,1225,2,Returns,Helix Beverage Holdings DC,9531 Crescent Drive,Orlando,63033,False,True,2026-02-02
2580,1226,11,Billing,Forge Pet Nutrition Holdin HQ,4350 Vine Street, Rotterdam,SE3 7B,True,True,2023-06-21
2581,1226,6,Cross-Dock,Forge Pet Nutrition Holdin DC,7081 Dockside Lane,Austin,24131,False,True,2025-08-10
2582,1227,2,Billing,Crown Specialty Produce Di HQ,547 Market Row,Orlando,86123,True,True,2023-02-05
2583,1228,9,Billing,Granite Pet Nutrition Logi HQ ,5210 Mill Lane,Leeds,EH1 8A,True,True,2025-06-13
2584,1228,9,Returns,Granite Pet Nutrition Logi DC,4450 Harvester Road,Bristol,L4 6A,False,True,2023-01-15
2585,1229,1,Billing,Ardent Biologics Partners HQ,5087 Harvester Road,Newark,77817,True,True,2025-04-23
2586,1229,6,Returns,Ardent Biologics Partners DC,4659 Harvester Road,Dallas,98452,False,True,2023-06-03
2587,1229,6,Delivery,Ardent Biologics Partners Plant,8299 Market Row,San Antonio,35124,False,True,2023-02-07
2588,1230,10,Billing,Trinity Floral Logistics F HQ,9532 Marlow Parkway,Cologne,B2 7A,True,True,2024-08-31
2589,1231,3,Billing,Harbor Pharma Partners HQ,5692 Foundry Way,Minneapolis,60856,True,True,2025-12-14
2590,1231,3,Production Site,Harbor Pharma Partners DC,7107 Mill Lane, Columbus,15910,False,True,2023-08-11
2591,1231,3,Delivery,Harbor Pharma Partners Plant,8910 Harvester Road,Detroit,57923,False,True,2026-01-11
2592,1231,3,Production Site,Harbor Pharma Partners Annex,1482 Juniper Avenue,Detroit,40896,False,False,2023-12-11
2593,1232,9,Billing,Vantage Biologics Co-op HQ,2692 Vine Street,Bristol,B8 2C,True,True,2023-07-21
2594,1232,9,Returns,Vantage Biologics Co-op DC,4848 Dockside Lane,Bristol,EH3 8B,False,True,2023-01-03
2595,1232,9,Returns,Vantage Biologics Co-op Plant,4585 Station Road,Bristol,B2 1D,False,True,
2596,1233,6,Billing,Crown Pharma Logsitics HQ,484 Canal Street,San Antonio,74110,True,True,2023-08-15
2597,1233,8,Production Site,Crown Pharma Logistics DC,8928 Marlow Parkway,Sherbrooke,74939,False,True,2023-10-04
2598,1233,6,Delivery,Crown Pharma Logistics Plant,5860 Ridgeview Road,San Antonio,56122,False,True,2024-06-30
2599,1234,11,Billing,Crown Floral Logistics Dis HQ,486 Vine Street,Utrecht,SE5 6B,True,True,2024-06-06
2600,1234,11,Returns,Crown Floral Logistics Dis DC,404 Station Road,Amsterdam,M8 4B,False,True,2025-10-31
2601,1234,11,Returns,Crown Floral Logistics Dis Plant,8640 Harvester Road,Rotterdam,EH1 2B,False,True,2025-01-14
2602,1234,11,Production Site,Crown Floral Logistics Dis Annex,7754 Market Row,Utrecht,L9 5A,False,False,2026-02-05
2603,1235,3,Billing,Cardinal Nutrition Distrib HQ,3204 Harvester Road,Minneapolis,70967,True,True,2023-09-04
2604,1235,3,Delivery,Cardinal Nutrition Distrib DC,6028 Vine Street,Chicago,82972,False,True,2023-08-23
2605,1235,3,Delivery,Cardinal Nutrition Distrib Plant,4048 Marlow Parkway,Chicago,18025,False,True,2023-01-14
2606,1235,3,Cross-Dock,Cardinal Nutrition Distrib Annex,3554 Juniper Avenue,Detroit,39162,False,False,2024-07-17
2607,1236,8,Billing,Cardinal Pet Nutrition Hol HQ,5536 Crescent Drive,Laval,24781,True,True,2024-11-06
2608,1236,9,Production Site,Cardinal Pet Nutrition Hol DC,9897 Mill Lane,Leeds,B7 1D,False,True,2024-12-11
2609,1236,9,Production Site,Cardinal Pet Nutrition Hol Plant,8172 Juniper Avenue,Bristol,M7 2B,False,True,2023-04-20
2610,1237,3,Billing,Cobalt Pet Nutrition Foods HQ,6662 Canal Street,Columbus,91165,True,True,2024-10-30
2611,1237,8,Production Site,Cobalt Pet Nutrition Foods DC,7478 Mill Lane,Montreal,60439,False,True,2024-12-27
2612,1238,10,Billing,BLUEVALE MEAL SYSTEMS LOGI HQ,2790 Marlow Parkway,Berlin,L4 1C,True,True,2023-02-16
2613,1239,10,Billing,Cedar Floral Logistics Par HQ,5029 Marlow Parkway,Berlin,L3 5B,True,True,2025-11-20
2614,1239,10,Production Site,Cedar Floral Logistics Par DC,3580 Ridgeview Road,Munich,L2 4C,False,True,2023-06-22
2615,1240,2,Billing,Brightwell Specialty Produ HQ,1344 Foundry Way,Orlando,99819,True,True,2025-12-14
2616,1241,1,Billing,Briar Beverage Manufacturi HQ,9695 Crescent Drive,Hartford,80132,True,True,2024-05-15
2617,1241,1,Cross-Dock,Briar Beverage Manufacturi DC,2663 Market Row,Newrak,32907,False,True,2023-05-11
2618,1241,5,Delivery,Briar Beverage Manufacturi Plant,1177 Station Road,Oakland,58934,False,False,2024-08-02
2619,1242,4,Billing,Riverbend Meal Systems Dis HQ,2929 Harvester Road,Denver,97081,True,True,2025-11-27
2620,1243,10,Billing,Granite Seafood Foods HQ,9006 Mill Lane,Hamburg,SE8 9D,True,True,
2621,1243,10,Production Site,Granite Seafood Foods DC,3538 Dockside Lane,Cologne,SE4 2C,False,True,2025-10-03
2622,1244,6,Billing,Harbor Pet Nutrition Distr HQ,6219 Market Row,Dallas,76695,True,True,
2623,1244,6,Returns,Harbor Pet Nutrition Distr DC ,951 Vine Street,Houston,23189,False,True,2023-07-03
2624,1245,3,Billing,Meridian Laboratories Co-o HQ,6711 Canal Street,Columbus,97712,True,True,2025-09-29
2625,1245,7,Production Site,Meridian Laboratories Co-o DC,7854 Crescent Drive,Ottawa,14474,False,True,2025-09-04
2626,1246,4,Billing,Ardent Dairy Labs HQ,5795 Dockside Lane,Albuquerque,16890,True,True,2023-02-01
2627,1247,6,Billing,Northwind Specialty Produc HQ,901 Harvester Road,San Antonio,87345,True,True,
2628,1248,6,Billing,Crown Meal Systems Labs HQ,3531 Vine Street,San Antonio,92762,True,True,2025-12-18
2629,1248,6,Delivery,Crown Meal Systems Labs DC,3262 Juniper Avenue,San Antonio,90707,False,True,2025-10-01
2630,1248,6,Delivery,Crown Meal Systems Labs Plant,4303 Dockside Lane,Austin,76396,False,True,2024-12-15
2631,1249,6,Billing,Crown Specialty Produce Su HQ,9197 Juniper Avenue,San Antonio,65924,True,True,2024-01-07
2632,1249,6,Production Site,Crown Specialty Produce Su DC,6833 Juniper Avenue,San Antonio,76954,False,True,
2633,1250,10,Billing,Lakeside Nutrition Foods HQ,1049 Ridgeview Road,Munich,L6 4D,True,True,2024-02-12
2634,1251,6,Billing,Briar Biologics Holdings HQ,7553 Juniper Avenue,Houston,17676,True,True,2025-05-23
2635,1252,8,Billing,Forge Floral Logistics Foo HQ,2597 Harvester Road,Sherbrooke,45870,True,True,2025-12-26
2636,1253,11,Billing,Solace Cold Foods Group HQ,5440 Vine Street,Utrecht,B7 4C,True,True,2025-12-06
2637,1253,11,Delivery,Solace Cold Foods Group DC,843 Dockside Lane,Amsterdam,B6 1C,False,True,2024-11-01
2638,1253,11,Cross-Dock,Solace Cold Foods Group Plant,4766 Foundry Way,Utrecht,EH1 1D,False,True,2025-04-23
2639,1254,4,Billing,Trinity Seafood Logistics  HQ,7131 Crescent Drive,Albuquerque,39675,True,True,2023-06-04
2640,1255,11,Billing,Crescent Laboratories Grou HQ,4163 Foundry Way,Utrecht,SE9 4D,True,True,2025-05-31
2641,1255,11,Cross-Dock,Crescent Laboratories Grou DC,8972 Marlow Parkway,Utrecht,M7 8A,False,True,2025-12-13
2642,1255,11,Delivery,Crescent Laboratories Grou Plant,9276 Vine Street,Utrecht,M6 7A,False,True,2024-12-20
2643,1255,11,Delivery,Crescent Laboratories Grou Annex,3275 Juniper Avenue,Eindhoven,B8 4A,False,True,2025-09-18
2644,1256,6,Billing,Aster Cold Foods Co-op HQ,9704 Mill Lane,Dallas,82411,True,False,2023-05-19
2645,1256,6,Production Site,Aster Cold Foods Co-op DC,5497 Vine Street,Austin,44124,False,True,2024-04-20
2646,1257,7,Billing,Mosaic Dairy Partners HQ,5393 Mill Lane,toronto,45743,True,True,2023-03-27
2647,1257,9,Cross-Dock,Mosaic Dairy Partners DC,1375 Marlow Parkway,Bristol,B4 3C,False,False,2025-11-15
2648,1257,2,Delivery,Mosaic Dairy Partners Plant,575 Harvester Road,Atlanta,27171,False,True,2023-03-12
2649,1258,6,Billing,Mosaic Seafood Logistics HQ,5973 Juniper Avenue,Houston,60962,True,True,2024-06-04
2650,1258,6,Returns,Mosaic Seafood Logistics DC,2847 Station Road,Dallas,77181,False,True,2023-11-21
2651,1259,5,Billing,Keystone Laboratories Dist HQ,1535 Station Road,Seattle,43554,True,True,2024-03-21
2652,1260,6,Billing,Harbor Specialty Produce H HQ,5795 Foundry Way,Austin,84592,True,True,2025-10-16
2653,1260,6,Production Site,Harbor Specialty Produce H DC,2727 Station Road,Dallas,37253,False,True,2024-05-17
2654,1261,3,Billing,Brightwell Beverage Logist HQ,7099 Marlow Parkway,Minneapolis,99047,True,True,2025-08-17
2655,1261,3,Cross-Dock,Brightwell Beverage Logist DC,2621 Mill Lane,Minneapolis,13399,False,True,
2656,1261,3,Returns,Brightwell Beverage Logist Plant,2661 Vine Street,Detroit,21296,False,True,2024-03-12
2657,1262,10,Billing,Crescent Foods Co-op HQ,6218 Ridgeview Road,Hamburg,M5 3C,True,True,2024-03-30
2658,1263,5,Billing,Cobalt Pet Nutrition Logis HQ,9972 Foundry Way,San Diego,84065,True,True,2025-05-29
2659,1264,1,Billing,Westline Pharma Logistics HQ,6439 Canal Street,Boston,69251,True,True,2023-08-30
2660,1264,1,Cross-Dock,Westline Pharma Logistics DC,4979 Crescent Drive,Hartford,88497,False,True,2024-12-24
2661,1265,9,Billing,Pioneer Cold Foods Labs HQ,7186 Dockside Lane,Manchester,EH5 1D,True,True,2024-08-14
2662,1265,1,Delivery,Pioneer Cold Foods Labs DC,9017 Mill Lane,Portland,51414,False,True,2023-06-02
2663,1265,9,Production Site,Pioneer Cold Foods Labs Plant,148 Station Road,London,M9 2D,False,True,2026-03-20
2664,1266,10,Billing,Trinity Seafood Dist. HQ,6221 Market Row,Hamburg,M9 6A,True,True,2026-02-26
2665,1266,10,Production Site,Trinity Seafood Dist. DC,951 Market Row,Hamburg,EH5 5D,False,True,
2666,1267,10,Billing,Solace Foods Group HQ,1462 Marlow Parkway,Hamburg,EH9 1D,True,True,2023-03-13
2667,1267,10,Cross-Dock,Solace Foods Group DC,4099 Ridgeview Road,Cologne,L2 4A,False,True,
2668,1268,10,Billing,MERIDIAN INGREDIENTS LABS HQ,8590 Canal Street,Berlin,EH9 1A,True,True,2024-12-26
2669,1268,3,Delivery,MERIDIAN INGREDIENTS LABS DC,2078 Mill Lane,Detroit,13106,False,True,2026-03-20
2670,1268,11,Delivery,MERIDIAN INGREDIENTS LABS PLANT,4898 Marlow Parkway,Utrecht,EH5 2D,False,True,2025-02-19
2671,1268,10,Delivery,MERIDIAN INGREDIENTS LABS Annex,5685 Mill Lane,Munich,EH1 2C,False,True,2023-09-28
2672,1269,7,Billing,Oakmont Biologics Logistic HQ,4418 Market Row,Toronto,16125,True,True,2023-12-07
2673,1269,7,Returns,Oakmont Biologics Logistic DC,7566 Marlow Parkway,Ottawa,23728,False,True,2025-08-24
2674,1269,7,Returns,Oakmont Biologics Logistic Plant,4545 Crescent Drive,Hamilton,29876,False,True,2024-12-28
2675,1270,7,Billing,Cedar Cold Foods Distribut HQ,390 Market Row,Ottawa,99429,True,True,2023-02-14
2676,1270,7,Cross-Dock,Cedar Cold Foods Distribut DC,5452 Market Row,Toronto,61160,False,True,2024-08-07
2677,1271,1,Billing,Lantern Cold Foods Labs HQ,9572 Ridgeview Road,Portland,75797,True,True,2023-02-25
2678,1271,1,Returns,Lantern Cold Foods Labs DC,4087 Market Row,Hartford,55516,False,False,2025-10-06
2679,1272,1,Billing,Brightwell Pet Nutrition S HQ,8352 Canal Street,Hartford,52915,True,True,2024-12-11
2680,1273,2,Billing,Mosaic Pet Nutrtiion Distr HQ,1629 Marlow Parkway,Nashville,41164,True,True,2023-06-27
2681,1274,4,Billing,Cobalt Biologics Supply HQ,6703 Vine Street,Denver,31434,True,True,
2682,1274,4,Delivery,Cobalt Biologics Supply DC,9643 Foundry Way,Las Vegsa,26401,False,True,2024-03-22
2683,1274,4,Production Site,Cobalt Biologics Supply Plant,50 Canal Street,Phoenix,44366,False,True,2024-07-23
2684,1274,4,Delivery,Cobalt Biologics Supply Annex,8609 Ridgeview Road,Phoenix,54242,False,True,2023-09-12
2685,1275,4,Billing,Keystone Nutrition Foods HQ,6570 Vine Street,Denver,80448,True,True,2023-09-26
2686,1275,4,Production Site,Keystone Nutrition Foods DC,7045 Juniper Avenue,Las Vegas,24854,False,False,2023-10-21
2687,1276,8,Billing,Summit Seafood Logistics HQ,9656 Station Road,Quebec City,77737,True,True,2025-10-18
2688,1276,8,Production Site,Summit Seafood Logistics DC,7795 Vine Street,Laval,79096,False,False,2024-07-03
2689,1276,8,Delivery,Summit Seafood Logistics Plant,314 Station Road,Montreal,50826,False,True,2024-12-05
2690,1276,8,Cross-Dock,Summit Seafood Logistics Annex,2565 Marlow Parkway,Laval,24964,False,True,2024-02-06
2691,1277,11,Billing,Crescent Laboratories Hold HQ,6121 Station Road,Eindhoven,M2 6C,True,True,2024-06-12
2692,1278,1,Billing,Helix Meal Systems Supply HQ,5669 Crescent Drive,Newark,88771,True,True,2026-03-13
2693,1278,1,Returns,Helix Meal Systems Supply DC,4535 Market Row,Newark,82742,False,True,2024-05-10
2694,1278,1,Production Site,Helix Meal Systems Supply Plant,46 Ridgeview Road,Newark,50604,False,True,2025-04-09
2695,1279,2,Billing,Bluevale Floral Logistics  HQ,8261 Market Row,Atlanta,63079,True,True,2024-06-07
2696,1279,3,Production Site,Bluevale Floral Logistics  DC,2488 Crescent Drive,Minneapolis ,87822,False,True,2024-01-29
2697,1279,3,Delivery,Bluevale Floral Logistics  Plant,5677 Market Row,Minneapolis,85639,False,True,2023-09-04
2698,1279,3,Cross-Dock,Bluevale Floral Logistics  Annex,4663 Dockside Lane,Minneapolis,36296,False,True,2024-03-03
2699,1280,9,Billing,Cobalt Laboratories Supply HQ,8895 Vine Street,Leeds,SE4 7D,True,True,2023-09-22
2700,1280,9,Returns,Cobalt Laboratories Supply DC,2424 Harvester Road,Manchester,M3 3A,False,True,2025-05-28
2701,1281,11,Billing,Oakmont Cold Foods Co-op HQ,8379 Mill Lane,Utrecht,M9 7D,True,True,
2702,1281,11,Delivery,Oakmont Cold Foods Co-op DC,7930 Marlow Parkway,rotterdam,B2 9B,False,False,
2703,1282,2,Billing,Trinity Pharma Logistics HQ,259 Dockside Lane,Nashville,25709,True,True,2023-07-28
2704,1282,2,Delivery,Trinity Pharma Logistics DC,6671 Ridgeview Road,Atlanta,96665,False,True,2024-08-05
2705,1282,2,Production Site,Trinity Pharma Logistics Plant,2395 Mill Lane,Atlanta,26396,False,True,2024-02-19
2706,1283,3,Billing,Lakeside Beverage Labs HQ,3311 Dockside Lane,Chicago,82833,True,True,2024-01-21
2707,1283,4,Production Site,Lakeside Beverage Labs DC,2122 Market Row,Denver,26187,False,False,2024-07-07
2708,1283,3,Returns,Lakeside Beverage Labs Plant,4261 Ridgeview Road,Columbus,55751,False,True,2025-02-26
2709,1284,1,Billing,Forge Dairy Group HQ,1733 Station Road,Newark,39774,True,False,2023-06-23
2710,1284,1,Delivery,Forge Dairy Group DC,1164 Mill Lane,Newark,10006,False,True,2025-09-26
2711,1285,2,Billing,Summit Specialty Produce D HQ,6629 Canal Street,Atlanta,99645,True,True,2025-03-06
2712,1286,6,Billing,Solace Specialty Produce C HQ,6676 Harvester Road,Dallas,46860,True,True,2023-05-31
2713,1287,2,Billing,Crescent Ingredients Partn HQ,2657 Marlow Parkway,Orlando,23493,True,True,2024-10-29
2714,1287,2,Delivery,Crescent Ingredients Partn DC,4612 Juniper Avenue,Nashville,13775,False,True,2023-09-30
2715,1288,3,Billing,Crown Cold Foods Manufactu HQ,3017 Juniper Avenue,Minneapolis,10316,True,True,2025-07-15
2716,1289,4,Billing,Solace Nutrition Group HQ,8900 Harvester Road,Phoenix,32897,True,True,
2717,1290,9,Billing,Keystone Meal Systems Supp HQ,6302 Vine Street,Manchester,SE8 6C,True,True,2023-02-06
2718,1290,9,Cross-Dock,Keystone Meal Systems Supp DC,106 Station Road,Manchester,M7 9A,False,True,2025-04-30
2719,1291,10,Billing,Oakmont Pet Nutrition Grou HQ,8098 Market Row,Munich,SE7 1B,True,True,2024-05-22
2720,1292,6,Billing,Vantage Nutrition Co-op HQ,6960 Canal Street,Houston,33917,True,True,2025-12-31
2721,1293,11,Billing,Cobalt Ingredients Supply HQ,8609 Market Row,Eindhoven,EH2 4C,True,True,2024-04-03
2722,1293,11,Delivery,Cobalt Ingredients Supply DC,4177 Canal Street,Amsterdam,B5 6C,False,True,2024-02-12
2723,1293,1,Cross-Dock,Cobalt Ingredients Supply Plant,3307 Foundry Way,Hartford,57596,False,True,2025-09-09
2724,1294,1,Billing,Briar Seafood Manufacturin HQ,7995 Station Road,Boston,98935,True,True,2024-04-26
2725,1295,6,Billing,Ardent Cold Foods Labs HQ,1013 Ridgeview Road,San Antonio,62246,True,True,2023-01-02
2726,1295,6,Production Site,Ardent Cold Foods Labs DC,3292 Market Row,San Antonio,42288,False,True,2023-10-26
2727,1295,6,Returns,Ardent Cold Foods Labs Plant,5478 Station Road,Houston,20649,False,True,2024-10-06
2728,1296,8,Billing,Granite Cold Foods Partner HQ,3209 Dockside Lane,Quebec City,55426,True,True,2024-04-26
2729,1296,4,Returns,Granite Cold Foods Partner DC,7060 Station Road,Denver,74593,False,True,2023-11-05
2730,1296,4,Production Site,Granite Cold Foods Partner Plant,1865 Mill Lane,Phoenix,41176,False,True,2024-09-12
2731,1297,7,Billing,Bluevlae Nutrition Foods HQ,1055 Harvester Road,Ottawa,82912,True,False,
2732,1298,6,Billing,Brightwell Dairy Holdings HQ,6205 Market Row,Austin,59005,True,True,2025-02-25
2733,1298,9,Returns,brightwell dairy holdings dc,6926 Vine Street,London,EH5 8D,False,True,2025-08-25
2734,1298,6,Production Site,Brightwell Dairy Holdings Plant,3014 Dockside Lane,Dallas,66998,False,True,2025-03-07
2735,1299,3,Billing,Briar Beverage Partners HQ,4405 Canal Street,Detroit,65119,True,True,2025-08-04
2736,1300,4,Billing, Cardinal Specialty Produce HQ,136 Vine Street,Phoenix,59988,True,True,2024-02-14
2737,1300,2,Production Site,Cardinal Specialty Produce DC,2602 Marlow Parkway,Orlando,25788,False,True,2024-05-12
2738,1301,6,Billing,Northwind Floral Logistics HQ,6397 Vine Street,Dallas,34109,True,True,2023-04-26
2739,1301,6,Cross-Dock,Northwind Floral Logistics DC,6948 Vine Street,Dallas,24120,False,True,2023-11-19
2740,1301,6,Production Site,Northwind Floral Logistics Plant,9281 Crescent Drive,Houston,62710,False,True,2025-09-19
2741,1302,6,Billing,Crown Floral Logistics Log HQ,6673 Station Road,Houston,55595,True,True,2024-08-10
2742,1302,6,Returns,Crown Floral Logistics Log DC,4032 Canal Street,Houston,99305,False,True,2023-09-08
2743,1303,3,Billing,Pioneer Biologics Holdings HQ,5189 Crescent Drive,Chicago,29523,True,True,2024-05-11
2744,1303,3,Returns,Pioneer Biologics Holdings DC,9748 Foundry Way,Detroit,77152,False,True,2023-06-09
2745,1303,3,Returns,Pioneer Biologics Holdings Plant,4345 Foundry Way,Minneapolis,56694,False,True,2023-05-13
2746,1303,3,Production Site,Pioneer Biologics Holdings Annex,7391 Canal Street,Minneapolis,64734,False,True,2024-05-11
2747,1304,11,Billing,Helix Specialty Produce Lo HQ,1387 Station Road,Eindhoven,EH7 3C,True,True,2023-09-26
2748,1304,11,Cross-Dock, Helix Specialty Produce Lo DC,9699 Market Row,Amsterdam,M2 5A,False,True,2025-07-03
2749,1304,11,Returns,Helix Specialty Produce Lo Plant,4458 Vine Street,Rotterdam,B9 3D,False,True,2024-10-27
2750,1305,11,Billing,Pioneer Biologics Supply HQ,3630 Mill Lane,Amsterdam,L5 8B,True,True,2023-05-12
2751,1305,11,Returns,Pioneer Biologics Supply DC,1631 Ridgeview Road,Rtoterdam,B5 2C,False,True,2024-05-15
2752,1306,3,Billing,Cardinal Beverage Foods HQ,7714 Station Road,Detroit,21289,True,True,2024-04-03
2753,1306,3,Production Site,Cardinal Beverage Foods DC,384 Market Row,Minneapolis,50840,False,True,2023-07-13
2754,1306,3,Production Site,Cardinal Beverage Foods Plant,5265 Foundry Way,Minneapolis,92784,False,True,2023-07-05
2755,1307,2,Billing,Crescent Foods Co-op HQ,8261 Canal Street,Charlotte,66157,True,True,2023-06-23
2756,1307,4,Delivery,Crescent Foods Co-op DC,6711 Harvester Road,Phoenix,55447,False,True,2025-07-07
2757,1308,7,Billing,Lantern SeafoodG roup HQ,7528 Dockside Lane,London,91994,True,True,2025-05-23
2758,1309,1,Billing,Northwind Specialty Produc HQ,2752 Juniper Avenue,Hartford,13995,True,True,2023-05-07
2759,1309,1,Production Site,Northwind Specialty Produc DC,9689 Juniper Avenue,Hartford,42636,False,True,2024-06-21
2760,1310,7,Billing,Briar Pet Nutrition Holdin HQ,2654 Mill Lane,Toronto,32994,True,True,2024-06-23
2761,1311,6,Billing,RIVERBEND FOODS MANUFACTUR HQ,2587 Crescent Drive,San Antonio,11679,True,True,2024-02-15
2762,1312,1,Billing,Vantage Nutrition Supply HQ,9154 Juniper Avenue,Portland,42573,True,True,2023-07-09
2763,1312,1,Cross-Dock,Vantage Nutrition Supply DC,665 Mill Lane,Hartford,93049,False,True,2024-09-22
2764,1313,3,Billing,Forge Pet Nutrition Group HQ,6328 Juniper Avenue,Chicago,75431,True,True,2024-06-21
2765,1314,1,Billing,Cardinal Ingredients Partn HQ,1212 Dockside Lane,Boston,76745,True,True,2025-03-14
2766,1314,4,Production Site,Cardinal Ingredients Partn DC,559 Market Row,albuquerque,26922,False,True,2025-08-25
2767,1315,1,Billing,Crescent Biologics Partner HQ,997 Station Road,Hartford,42335,True,True,
2768,1315,1,Cross-Dock,Crescent Biologics Partner DC,5816 Mill Lane,Boston,66369,False,True,2023-10-05
2769,1316,6,Billing,Brightwell Meal Systems Fo HQ,9443 Dockside Lane,Dallas,19365,True,True,2023-09-22
2770,1317,9,Billing,Trinity Specialty Produce  HQ,6085 Dockside Lane,Bristol,M7 4A,True,True,2024-02-12
2771,1317,9,Production Site,Trinity Specialty Produce  DC,6321 Harvester Road,Manchester,EH9 6C,False,True,2024-11-21
2772,1317,9,Cross-Dock,Trinity Specialty Produce  Plant,1082 Vine Street,Leeds,B1 2A,False,True,
2773,1318,8,Billing,Forge Dairy Labs HQ,8839 Dockside Lane,Montreal,38963,True,True,2025-10-18
2774,1318,8,Delivery,Forge Dairy Labs DC,490 Station Road,Sherbrooke,26719,False,False,2023-11-03
2775,1319,4,Billing,Ardent Specialty Produce L HQ,3626 Juniper Avenue,Phoenix,15344,True,True,2024-01-21
2776,1319,4,Cross-Dock,Ardent Specialty Produce L DC,6215 Foundry Way,Phoenix,13885,False,True,2024-06-17
2777,1319,9,Production Site,Ardent Specialty Produce L Plant,1807 Marlow Parkway,London,EH6 1A,False,True,2024-08-30
2778,1320,8,Billing,Granite Ingredients Co-op HQ,1748 Mill Lane,Quebec City,51672,True,True,2023-12-21
2779,1320,8,Returns,Granite Ingredients Co-op DC,4412 Dockside Lane,Laval,24067,False,True,
2780,1321,4,Billing,Lakeside Ingredients Foods HQ,4095 Market Row,Denver,51781,True,True,2024-05-17
2781,1321,4,Cross-Dock,Lakeside Ingredients Foods DC,9485 Canal Street,Las Vegas,33893,False,True,2025-04-01
2782,1321,4,Production Site,Lakeside Ingredients Foods Plant,6749 Dockside Lane,Las Vegas,11967,False,True,
2783,1322,9,Billing,Crescent Seafood Supply HQ,2303 Market Row,Leeds,B9 1D,True,True,2024-03-21
2784,1322,9,Delivery,Crescent Seafood Supply DC,3906 Foundry Way,Bristol,L7 4A,False,True,2023-09-24
2785,1322,9,Production Site,Crescent Seafood Supply Plant,328 Market Row,Bristol,EH3 3A,False,True,2024-02-10
2786,1323,6,Billing,Everfield Nutrition Group HQ,8724 Canal Street,Houston,37686,True,True,2023-11-02
2787,1323,6,Production Site,Everfield Nutrition Group DC,4323 Foundry Way,San Antonio,64832,False,True,2025-11-07
2788,1323,6,Production Site,Everfield Nutrition Group Plant,5490 Marlow Parkway,Dallas,68846,False,True,2024-09-09
2789,1324,1,Billing,Solace Biologics Manufactu HQ,3842 Station Road,Portland,45250,True,True,2025-03-25
2790,1325,2,Billing, Pioneer Ingredients Group HQ,1651 Crescent Drive,Atlanta,13406,True,True,2024-07-29
2791,1326,5,Billing,Orchard Seafood Manufactur HQ,5095 Canal Street,Los Angeles,20027,True,True,2025-04-02
2792,1327,9,Billing,Keystone Beverage Partners HQ,4510 Market Row,Leeds,EH3 1A,True,True,2023-09-26
2793,1327,9,Returns,Keystone Beverage Partners DC,1490 Station Road,Manchester,B7 2D,False,True,2024-12-24
2794,1328,9,Billing,Keystone Pet Nutrition Dis HQ,4463 Crescent Drive,Leeds,B1 1A,True,True,2023-09-15
2795,1328,9,Production Site,Keystone Pet Nutrition Dis DC,338 Harvester Road,Leeds,EH6 5D,False,False,
2796,1328,4,Delivery,Keystone Pet Nutrition Dis Plant,3049 Ridgeview Road,Albuquerque,44506,False,True,2025-09-16
2797,1329,2,Billing,Trinity Pharma Manufacturi HQ,5201 Marlow Parkway,Charlotte,66140,True,True,2023-02-03
2798,1329,2,Delivery,Trinity Pharma Manufacturi DC,6951 Harvester Road,Orlando,33984,False,True,2024-12-25
2799,1329,2,Cross-Dock, Trinity Pharma Manufacturi Plant,1946 Crescent Drive,orlando,23934,False,True,2024-08-28
2800,1329,2,Cross-Dock,Trinity Pharma Manufacturi Annex,7492 Canal Street,Charlotte,18684,False,True,2023-12-04
2801,1330,8,Billing,Cobalt Meal Systems Foods HQ,7927 Juniper Avenue,Laval,85227,True,True,2023-12-29
2802,1330,7,Returns,Cobalt Meal Systems Foods DC,6434 Station Road,ottawa,40991,False,True,2025-01-13
2803,1330,10,Cross-Dock,Cobalt Meal Systems Foods Plant,556 Harvester Road,Hamburg,SE5 8B,False,True,2023-06-25
2804,1331,11,Billing,Meridian Specialty Produce HQ,7431 Marlow Parkway,Utrecht,L4 8B,True,True,
2805,1332,11,Billing,Mosaic Meal Systems Co-op HQ,4585 Canal Street,Eindhoven,EH2 2B,True,True,2024-04-17
2806,1333,2,Billing,Orchard Ingredients Co-op HQ,8350 Canal Street,Charlotte,66201,True,True,2023-02-01
2807,1333,2,Production Site,Orchard Ingredients Co-op DC,1291 Vine Street,Nashville,38052,False,True,2025-11-10
2808,1333,3,Returns,Orchard Ingredients Co-op Plant,2041 Crescent Drive,Columbus,71779,False,True,2024-04-03
2809,1334,9,Billing,Ardent Seafood Labs HQ,4589 Crescent Drive,London,L1 8B,True,True,2026-01-07
2810,1335,5,Billing,Crown Dairy Supply HQ,5390 Dockside Lane,Oakland,13677,True,True,2023-09-03
2811,1335,5,Cross-Dock,Crown Dairy Supply DC,4895 Station Road,Los Angeles,76787,False,True,2024-12-10
2812,1335,5,Production Site,Crown Dairy Supply Plant,644 Vine Street,Los Angeles,44398,False,True,2024-11-29
2813,1336,10,Billing,Forge Pharma Manufacturing HQ,4395 Juniper Avenue,Hamburg,L8 8B,True,True,2025-12-25
2814,1336,10,Cross-Dock,Forge Pharma Manufacturing DC,3667 Vine Street,Munich,SE8 6A,False,True,2025-04-26
2815,1336,10,Returns,Forge Pharma Manufacturing Plant,9378 Vine Street,Cologne,EH9 1D,False,True,2023-02-13
2816,1336,10,Returns,Forge Pharma Manufacturing Annex,8916 Crescent Drive,Munich,M9 9A,False,True,2023-06-30
2817,1337,3,Billing,Vantage Specialty Produce  HQ,743 Mill Lane,Columbus,43333,True,True,2024-07-24
2818,1338,7,Billing,Cobalt Specialty Produce P HQ,986 Foundry Way, London,36600,True,True,2023-08-26
2819,1339,9,Billing,Oakmont Nutrition Dist. HQ,5735 Station Road,Leeds,B4 2C,True,True,2024-07-13
2820,1340,7,Billing,Oakmont Pet Nutrition Manu HQ,2665 Dockside Lane,Ottawa,16287,True,True,2024-12-20
2821,1340,7,Delivery,Oakmont Pet Nutrition Manu DC,8940 Vine Street,London,31213,False,True,
2822,1340,7,Returns,Oakmont Pet Nutrition Manu Plant,9837 Vine Street,London,55458,False,True,2024-02-11
2823,1341,8,Billing,Briar Foods Foods HQ,4694 Harvester Road,Montreal,69928,True,False,2024-10-21
2824,1341,8,Returns,Briar Foods Foods DC,5672 Juniper Avenue,Montreal,32766,False,True,2023-04-08
2825,1341,1,Returns,Briar Foods Foods Plant,7185 Juniper Avenue,Hartford,13122,False,True,2025-09-10
2826,1342,6,Billing,Forge Biologics Partners HQ,1183 Ridgeview Road,Austin,40423,True,True,2023-10-03
2827,1342,6,Cross-Dock,Forge Biologics Partners DC,9785 Juniper Avenue,Houston,52576,False,True,2024-11-12
2828,1342,6,Cross-Dock,Forge Biologics Partners Plant,1957 Dockside Lane,Austin,44197,False,True,2025-01-23
2829,1342,6,Production Site,Forge Biologics Partners Annex,1490 Dockside Lane,Austin,22592,False,True,2024-11-20
2830,1343,1,Billing,Keystone Cold Foods Foods HQ,983 Mill Lane,Portland,38958,True,True,2025-12-28
2831,1344,8,Billing,Harbor Meal Systems Co-op HQ,2807 Ridgeview Road,Laval,58087,True,True,2023-01-07
2832,1345,10,Billing,Crown Pharma Partners HQ,2109 Marlow Parkway,Hamburg,SE5 4B,True,True,2025-09-02
2833,1345,1,Production Site,Crown Pharma Partners DC,6401 Juniper Avenue,Boston,84663,False,True,2025-07-22
2834,1345,2,Delivery,Crown Pharma Partners Plant,7942 Marlow Parkway,Nashville,89637,False,True,2023-02-11
2835,1346,9,Billing,Orchard Laboratories Logis HQ,3830 Crescent Drive,London,B9 9B,True,True,2023-02-02
2836,1347,5,Billing,Bluevale Floral Logistics  HQ,5969 Station Road,San Diego,22991,True,True,2024-10-09
2837,1347,5,Returns,Bluevale Floral Logistics  DC,429 Mill Lane,San Diego ,12467,False,True,2025-11-01
2838,1348,4,Billing,Cedar Cold Foods Co-op HQ,9285 Juniper Avenue,Denver,93409,True,True,2024-07-31
2839,1348,2,Delivery,Cedar Cold Foods Co-op DC,9836 Station Road,Charlotte,58687,False,True,2024-01-10
2840,1348,4,Delivery,Cedar Cold Foods Co-op Plant,5353 Ridgeview Road,Las Vegas,41347,False,True,2023-02-02
2841,1348,4,Cross-Dock,Cedar Cold Foods Co-op Annex,8933 Dockside Lane,Albuquerque,78424,False,True,2024-04-10
2842,1349,5,Billing,Cobalt Foods Labs HQ,1919 Juniper Avenue,Seattle,13973,True,True,2024-06-15
2843,1349,5,Cross-Dock,Cobalt Foods Labs DC,6193 Station Road,Oakland,50276,False,True,2023-05-19
2844,1350,10,Billing,Vantage Pharma Group HQ,2850 Juniper Avenue,Hamburg,SE2 2A,True,True,2025-12-22
2845,1351,4,Billing,Oakmont Cold Foods Distrib HQ,3448 Foundry Way,Denver,60090,True,True,2026-01-22
2846,1351,2,Cross-Dock,Oakmont Cold Foods Distrib DC,8790 Vine Street,Atlanta,67119,False,True,2025-07-10
2847,1351,5,Returns,Oakmont Cold Foods Distrib Plant,7642 Mill Lane,San Diego,78800,False,True,2023-05-13
2848,1352,8,Billing,Cobalt Ingredients Foods HQ,7697 Mill Lane,Sherbrooke,65452,True,True,2025-02-21
2849,1353,6,Billing, Vantage Seafood Partners HQ,1219 Vine Street,Houston,55094,True,True,2025-01-12
2850,1353,8,Cross-Dock, Vantage Seafood Partners DC,4526 Foundry Way,Quebec City,56963,False,True,2024-03-08
2851,1353,5,Delivery, Vantage Seafood Partners Plant,8124 Canal Street,Los Angeles,70820,False,True,2024-02-27
2852,1354,6,Billing, Solace Meal Systems Co-op HQ,3647 Mill Lane,San Antonio,33367,True,True,2023-10-09
2853,1354,6,Returns, Solace Meal Systems Co-op DC,198 Ridgeview Road,Houston ,67599,False,True,2025-05-25
2854,1354,8,Returns, Solace Meal Systems Co-op Plant,810 Canal Street,Sherbrooke,66028,False,True,2023-03-21
2855,1354,6,Delivery, Solace Meal Systems Co-op Annex,9443 Canal Street,Houston,96918,False,True,2023-11-23
2856,1355,6,Billing, Aster Specialty Produce D HQ,8222 Canal Street,Dallas,53001,True,True,2025-07-18
2857,1355,6,Returns, Aster Specialty Produce D DC,583 Harvester Road,Dallas,73207,False,True,2024-03-25
2858,1356,7,Billing,Keystone Foods Supply HQ,4501 Foundry Way,London,98605,True,True,2025-06-10
2859,1356,5,Production Site,Keystone Foods Supply DC,6010 Crescent Drive,Seattle,67086,False,True,2024-03-27
2860,1356,5,Production Site,Keystone Foods Supply Plant,6537 Canal Street,Los Angeles,34984,False,True,2025-03-23
2861,1357,10,Billing, Cedar Specialty Produce L HQ,3319 Dockside Lane,Hamburg,SE9 3B,True,True,2023-01-10
2862,1357,10,Cross-Dock, Cedar Specialty Produce L DC,8593 Mill Lane,Hamburg,EH4 5D,False,True,2024-02-29
2863,1358,9,Billing,Forge Foods Logistics HQ,6685 Ridgeview Road,Bristol,L2 7C,True,True,2026-03-06
2864,1358,9,Returns,Forge Foods Logistics DC,5365 Crescent Drive,Bristol,L5 9A,False,True,2024-08-25
2865,1358,9,Delivery,Forge Foods Logistics Plant,2887 Market Row,London,M1 3D,False,True,2024-08-18
2866,1359,5,Billing,SOLACE COLD FOODS PARTNERS HQ,4969 Marlow Parkway,San Diego,98018,True,True,2023-09-03
2867,1360,4,Billing,Harbor Pet Nutrition Group HQ,256 Market Row,Phoenix,14596,True,True,2025-07-27
2868,1361,4,Billing,Cedar Specialty Produce Di HQ,1881 Marlow Parkway,Denver,83245,True,False,2023-02-04
2869,1361,4,Production Site,Cedar Specialty Produce Di DC,237 Vine Street,Albuquerque,89774,False,True,2024-02-26
2870,1362,9,Billing,Cardinal Cold Foods Logist HQ,2255 Ridgeview Road,Leeds,M4 4D,True,True,2023-03-25
2871,1362,5,Production Site,Cardinal Cold Foods Logist DC,9731 Ridgeview Road,San Diego,81982,False,True,2024-10-31
2872,1363,7,Billing,CROWN DAIRY FOODS HQ,5993 Harvester Road,Ottawa,12087,True,True,2023-08-09
2873,1363,5,Returns,CROWN DAIRY FOODS DC,1204 Foundry Way,San Diego,95298,False,True,2023-08-25
2874,1364,6,Billing,Northwind Cold Foods Group HQ,5192 Marlow Parkway,San Antonio,99754,True,True,2023-05-04
2875,1364,6,Production Site,Northwind Cold Foods Group DC,1868 Harvester Road,Houston,99488,False,True,2026-03-07
2876,1364,6,Cross-Dock,Northwind Cold Foods Group Plant,601 Dockside Lane,Dallas ,88147,False,True,2024-05-01
2877,1365,4,Billing,Bluevale Biologics Supply HQ,1502 Ridgeview Road,Las Vegas,76635,True,True,2023-06-29
2878,1365,4,Cross-Dock,Bluevale Biologics Supply DC,1542 Harvester Road,Las Vegas,33337,False,True,2025-07-25
2879,1366,1,Billing,MOSAIC SEAFOOD CO-OP HQ,1658 Ridgeview Road,Newark ,18393,True,True,2024-06-09
2880,1366,3,Delivery,MOSAIC SEAFOOD CO-OP DC,1254 Mill Lane,Detroit,19700,False,True,2023-04-15
2881,1366,3,Cross-Dock,MOSAIC SEAFOOD CO-OP Plant,4159 Dockside Lane,Detroit,60870,False,True,2023-08-23
2882,1367,5,Billing,Oakmont Dairy Logistics HQ,4175 Station Road,Los Angeles,50065,True,True,2025-04-22
2883,1368,10,Billing,AsterD airy Group HQ,6336 Juniper Avenue,Cologne,B2 8B,True,True,2024-11-25
2884,1368,9,Production Site,AsterD airy Group DC,1332 Harvester Road,London,B9 2C,False,True,2026-03-17
2885,1369,9,Billing,Granite Pharma Distributio HQ,4857 Foundry Way,London,L7 6B,True,True,2023-09-17
2886,1369,9,Cross-Dock,Granite Pharma Distributio DC,357 Marlow Parkway,Leeds,B5 8D,False,True,2023-08-14
2887,1369,9,Returns,Granite Pharma Distributio Plant,5359 Vine Street,Leeds,M4 4B,False,True,2025-10-03
2888,1369,9,Delivery,Granite Pharma Distributio Annex,906 Marlow Parkway,Bristol,M7 6B,False,True,2025-04-21
2889,1370,7,Billing,Helix Dairy Labs HQ,1734 Ridgeview Road,London,36280,True,True,2025-06-04
2890,1371,2,Billing,Trinity Bioloigcs Partners HQ,2436 Mill Lane,Charlotte,72925,True,True,2024-06-30
2891,1372,11,Billing,Crown Dairy Holdings HQ,2164 Station Road, Amsterdam,B7 7C,True,True,2025-10-25
2892,1372,9,Cross-Dock,Crown Dairy Holdings DC,9572 Market Row,Manchester,B8 6A,False,True,
2893,1372,9,Cross-Dock,Crown Dairy Holdings Plant,7380 Marlow Parkway,Leeds,B2 8A,False,True,2024-01-12
2894,1373,4,Billing,Riverbend Floral Logistics HQ,1494 Canal Street,Albuquerque,70816,True,True,2025-10-30
2895,1373,3,Production Site,Riverbend Floral Logistics DC,5506 Foundry Way,Detroit,73938,False,True,2024-10-17
2896,1373,4,Cross-Dock,Riverbend Floral Logistics Plant,7199 Mill Lane,Phoenix,86871,False,True,2023-06-20
2897,1374,10,Billing,Everfield Dairy Holdings HQ,8587 Ridgeview Road,Munich,EH3 9A,True,True,2025-03-20
2898,1374,11,Delivery,Everfield Dairy Holdings DC,1796 Crescent Drive,Utrecht,EH3 9D,False,True,2024-03-09
2899,1374,11,Cross-Dock,Everfield Dairy Holdings Plant,215 Harvester Road,Eindhoven,EH8 8D,False,True,2025-09-19
2900,1374,11,Returns,Everfield Dairy Holdings Annex,8557 Harvester Road,Eindhoven,L2 5D,False,True,2023-02-13
2901,1375,9,Billing,Ardent Seafood Co-op HQ,4879 Crescent Drive,Bristol ,SE1 2A,True,True,2025-08-20
2902,1375,9,Production Site,Ardent Seafood Co-op DC,3599 Mill Lane,Leeds,SE6 1D,False,True,
2903,1375,9,Cross-Dock,Ardent Seafood Co-op Plant,4988 Juniper Avenue,Leeds,EH3 6C,False,True,2023-09-08
2904,1375,9,Cross-Dock,Ardent Seafood Co-op Annex,8964 Marlow Parkway,Bristol,B5 4A,False,True,2023-02-07
2905,1376,11,Billing,Bluevale Seafood Holdings HQ,6270 Canal Street,Utrecht,EH7 1A,True,False,2023-06-15
2906,1377,4,Billing,Vantage Biologics Co-op HQ,1229 Marlow Parkway,Las Vegas,74062,True,True,2024-01-19
2907,1378,1,Billing,Pioneer Ingredients Holdin HQ,4475 Foundry Way,Portland,34796,True,True,2025-07-25
2908,1378,1,Cross-Dock,Pioneer Ingredients Holdin DC,7982 Station Road,Hartford,87853,False,True,2023-12-14
2909,1378,1,Production Site,Pioneer Ingredients Holdin Plant,2574 Juniper Avenue,Newark,53951,False,True,2024-09-19
2910,1379,9,Billing,Keystone Ingredients Suppl HQ,5853 Vine Street,London,L6 4A,True,True,2024-11-02
2911,1380,4,Billing,Helix Dairy Co-op HQ,94 Canal Street,Las Vegas,58183,True,True,2025-11-11
2912,1380,4,Cross-Dock,Helix Dairy Co-op DC,7563 Station Road,Albuquerque,93285,False,True,2024-06-30
2913,1381,10,Billing,Oakmont Seafood Supply HQ,1844 Dockside Lane,Berlin,L4 9D,True,False,2024-10-24
2914,1381,8,Cross-Dock,Oakmont Seafood Supply DC,5675 Canal Street,Montreal ,47138,False,True,2023-08-09
2915,1381,3,Delivery,Oakmont Seafood Supply Plant,4598 Vine Street,Columbus,39440,False,True,2023-04-16
2916,1382,3,Billing,Riverbend Beverage Labs HQ,845 Harvester Road,Minneapolis,88431,True,True,2024-03-24
2917,1382,8,Cross-Dock,Riverbend Beverage Labs DC,7850 Crescent Drive,Sherbrooke,57967,False,True,2024-08-07
2918,1382,3,Delivery,Riverbend Beverage Labs Plant,6007 Market Row,Chicago,91989,False,False,2024-08-26
2919,1383,3,Billing,Vantage Cold Foods Labs HQ,5221 Canal Street,Chicago,68953,True,True,2025-10-25
2920,1383,3,Production Site,Vantage Cold Foods Labs DC,8260 Mill Lane,Chicago ,80854,False,True,2026-03-19
2921,1383,3,Cross-Dock,Vantage Cold Foods Labs Plant,9717 Foundry Way,Chicago,50947,False,False,2024-09-17
2922,1384,10,Billing,Summit Laboratories Supply HQ,9311 Canal Street,Munich,B2 7C,True,True,2025-07-16
2923,1385,1,Billing,Aster Biologics Partners HQ,9547 Mill Lane,Portland,72313,True,True,2025-11-28
2924,1385,1,Cross-Dock,Aster Biologics Partners DC,1652 Marlow Parkway,Portland,49909,False,True,2023-05-03
2925,1385,1,Production Site,Aster Biologics Partners Plant,4135 Marlow Parkway,Portland,47581,False,True,2024-07-05
2926,1385,1,Returns,ASTER BIOLOGICS PARTNERS ANNEX,9231 Crescent Drive,Newark,45443,False,False,2025-07-08
2927,1386,11,Billing,Crescent Floral Logistics  HQ,1903 Foundry Way,Eindhoven,M3 5D,True,True,2024-07-23
2928,1386,11,Production Site,Crescent Floral Logistics  DC,2116 Ridgeview Road,Utrecht,M1 6B,False,True,2025-12-06
2929,1387,2,Billing,Helix Floral Logistics Lab HQ,2013 Juniper Avenue,Nashville,30342,True,True,2025-06-06
2930,1387,7,Cross-Dock,Helix Floral Logistics Lab DC,4600 Juniper Avenue,Ottawa,53401,False,True,2024-01-11
2931,1388,2,Billing,Lakeside Beverage Partners HQ,3046 Harvester Road,Nashville,51665,True,True,
2932,1388,2,Returns,Lakeside Beverage Partners DC,9590 Station Road,Orlando,92272,False,True,2023-07-12
2933,1388,2,Production Site,Lakeside Beverage Partners Plant,4689 Harvester Road,Atlanta,69034,False,False,2025-03-08
2934,1388,2,Returns,Lakeside Beverage Partners Annex,6657 Station Road,Orlando,88262,False,True,2023-12-21
2935,1389,10,Billing,Keystone Pet Nutrition Par HQ,7109 Juniper Avenue,Berlin,M7 6B,True,True,2024-02-29
2936,1389,9,Cross-Dock,Keystone Pet Nutrition Par DC,1462 Marlow Parkway,Manchester,SE2 6A,False,True,
2937,1389,10,Returns,Keystone Pet Nutrition Par Plant,4898 Ridgeview Road,Munich,SE7 8B,False,True,2024-05-06
2938,1390,10,Billing,Solace Specialty Produce C HQ,951 Market Row,Cologne,B7 6C,True,True,2024-09-27
2939,1390,10,Cross-Dock,Solace Specialty Produce C DC,8908 Harvester Road,Berlin,B4 3D,False,True,2023-03-14
2940,1391,4,Billing,Solace Ingredients Holding HQ,5217 Dockside Lane,Phoenix,79041,True,True,2024-04-19
2941,1392,5,Billing,Lakeside Cold Foods Manufa HQ,8209 Harvester Road, San Diego,81326,True,True,2023-05-11
2942,1393,5,Billing,Trinity Floral Logistics C HQ,8459 Station Road,Oakland,51776,True,True,2025-12-22
2943,1393,5,Production Site,Trinity Floral Logistics C DC,5367 Market Row,Seattle,81808,False,True,2026-01-16
2944,1394,10,Billing,Harbor Pet Nutrition Dist. HQ,2943 Juniper Avenue,Cologne,B5 2D,True,True,2025-10-31
2945,1395,7,Billing,Solace Foods Partners HQ,1797 Canal Street,London,66016,True,True,2024-11-26
2946,1396,11,Billing,Crescent Specialty Produce HQ,4377 Ridgeview Road,Rotterdam,SE6 5C,True,True,2025-01-24
2947,1396,11,Returns,Crescent Specialty Produce DC,8833 Mill Lane,Amsterdam,B2 4A,False,True,2025-06-30
2948,1397,7,Billing,Mosai cSpecialty Produce S HQ,1264 Juniper Avenue,London,14715,True,True,2023-12-17
2949,1398,6,Billing,Keystone Beverage Supply HQ,8270 Canal Street,Houston,26951,True,True,2023-11-02
2950,1399,6,Billing,Riverbend Seafood Distribu HQ,4286 Mill Lane,Dallas,83111,True,True,2026-03-26
2951,1399,6,Returns,Riverbend Seafood Distribu DC,697 Harvester Road,Houston,38127,False,True,2025-06-28
2952,1400,8,Billing,Meridian Meal Systems Supp HQ,1711 Juniper Avenue,Sherbrooke,64105,True,True,2024-02-15
2953,1400,4,Cross-Dock,Meridian Meal Systems Supp DC,604 Harvester Road,Denver,44664,False,True,2023-08-15
2954,1400,4,Production Site,Meridian Meal Systems Supp Plant,1765 Market Row,Albuquerque,37642,False,True,2025-03-19
2955,1401,1,Billing, Mosaic Dairy Supply HQ,2716 Ridgeview Road,Hartford,33092,True,True,2023-04-13
2956,1402,3,Billing,Aster Laboratories Group HQ,8264 Crescent Drive,Minneapolis,28451,True,False,2023-05-04
2957,1402,3,Cross-Dock,Aster Laboratories Group DC,2229 Station Road,Chciago,56544,False,True,2023-07-21
2958,1402,3,Production Site,Aster Laboratories Group Plant,4951 Crescent Drive,Columbus,72028,False,True,2023-11-12
2959,1402,2,Cross-Dock,Aster Laboratories Group Annex,6402 Canal Street,Nashville,93400,False,True,2023-07-21
2960,1403,9,Billing,Crescent Dairy Holdings HQ,9016 Station Road,Bristol,B1 4D,True,True,2024-05-21
2961,1403,9,Returns,Crescent Dairy Holdings DC,6088 Market Row,London,B8 9D,False,True,2024-08-01
2962,1404,10,Billing,Pionere Beverage Manufactu HQ,5583 Market Row,Munich,EH9 7A,True,True,2024-02-10
2963,1405,2,Billing,Pioneer Beverage Co-op HQ,388 Vine Street,Atlanta,29915,True,True,2024-05-09
2964,1405,2,Returns,Pioneer Beverage Co-op DC,1135 Ridgeview Road,Atlanta,95585,False,True,2023-03-22
2965,1406,3,Billing,Lakeside Beverage Labs HQ,8323 Dockside Lane,Columbus,22010,True,True,2023-11-01
2966,1406,5,Returns,Lakeside Beverage Labs DC,7065 Ridgeview Road,Los Angeles,22075,False,True,2025-12-15
2967,1406,1,Production Site,Lakeside Beverage Labs Plant,2470 Marlow Parkway,Newark,77786,False,True,2023-04-04
2968,1407,7,Billing,Summit Beverage Foods HQ,768 Dockside Lane,Toronto,47490,True,True,2023-01-03
2969,1408,9,Billing,northwind seafood group HQ,1796 Dockside Lane,London,SE2 5B,True,True,2026-02-01
2970,1408,9,Delivery,northwind seafood group DC,9881 Canal Street,Manchester,EH2 8A,False,False,2025-07-03
2971,1408,9,Cross-Dock,northwind seafood group Plant,3313 Station Road,London,L5 3C,False,True,2023-08-31
2972,1408,9,Cross-Dock,northwind seafood group Annex,9689 Market Row,Bristol,B9 6D,False,True,2024-09-01
2973,1409,4,Billing,Westline Meal Systems Logi HQ,5364 Canal Street,Albuquerque,57146,True,True,
2974,1409,4,Delivery,Westline Meal Systems Logi DC,2038 Canal Street,Albuquerque,48225,False,True,2024-06-09
2975,1409,4,Cross-Dock,Westline Meal Systems Logi Plant,4501 Harvester Road,Denver,42572,False,True,2025-06-11
2976,1409,4,Production Site,Westline Meal Systems Logi Annex,4767 Marlow Parkway,Albuquerque,70992,False,True,2024-03-05
2977,1410,9,Billing,Cedar Seafood Group HQ,782 Dockside Lane,Bristol,EH9 6B,True,True,2025-09-22
2978,1411,1,Billing,Northwind Laboratories Par HQ,481 Foundry Way,Newark,91552,True,True,2025-07-06
2979,1412,5,Billing,Cardinal Cold Foods Logist HQ,6871 Crescent Drive,Los Angeles,87737,True,True,2023-07-16
2980,1412,5,Returns,Cardinal Cold Foods Logist DC,8927 Crescent Drive,Oakland,12209,False,True,2025-08-23
2981,1413,10,Billing,Keystone Meal Systems Hold HQ,2506 Market Row,Cologne,M6 2A,True,True,2025-05-02
2982,1413,10,Returns,Keystone Meal Systems Hold DC,8077 Marlow Parkway,Munich,EH5 6A,False,True,2025-02-24
2983,1413,10,Returns,Keystone Meal Systems Hold Plant,9150 Ridgeview Road,Cologne,B5 5C,False,False,2023-07-06
2984,1413,6,Delivery,Keystone Meal Systems Hold Annex,9630 Crescent Drive,Austin,49302,False,True,2025-07-22
2985,1414,11,Billing,Solace Floral Logistics Pa HQ,3358 Ridgeview Road,Eindhoven,SE8 2A,True,False,
2986,1415,11,Billing,Keystone Floral Logistics  HQ,393 Foundry Way,Eindhoven,SE5 8D,True,True,2023-07-26
2987,1416,10,Billing,Everfield Pet Nutrition Lo HQ,2988 Ridgeview Road,Hamburg,B3 5A,True,True,2024-07-05
2988,1416,10,Returns,Everfield Pet Nutrition Lo DC,9710 Vine Street,Hamburg,B9 4D,False,True,2025-12-02
2989,1416,10,Returns,Everfield Pet Nutrition Lo Plant,3312 Marlow Parkway,Hamburg,SE8 7C,False,True,
2990,1416,10,Production Site,Everfield Pet Nutrition Lo Annex,2750 Market Row,Cologne,B4 4B,False,True,2025-10-02
2991,1417,1,Billing,Summit Nutrition Partners HQ,6544 Station Road,Newark,51192,True,True,2025-05-23
2992,1418,11,Billing,Crown Nutrition Partners HQ,8200 Vine Street,Amsterdam,M5 6C,True,True,2026-02-27
2993,1419,5,Billing,WESTLINE SEAFOOD LOGISTICS HQ,1072 Market Row,Oakland,23295,True,True,2024-06-19
2994,1419,5,Production Site,WESTLINE SEAFOOD LOGISTICS DC,3889 Juniper Avenue,Seattle,62339,False,True,2025-07-11
2995,1419,5,Production Site,WESTLINE SEAFOOD LOGISTICS Plant,8671 Juniper Avenue,SAN DIEGO,43350,False,True,2025-12-29
2996,1420,3,Billing,Westline Meal Systems Labs HQ,9034 Juniper Avenue,Chicago,88954,True,True,2023-01-05
2997,1421,10,Billing,Orchard Specialty Produce  HQ,7424 Harvester Road,Berlin,SE6 7A,True,True,2023-09-20
2998,1422,8,Billing,Crescent Laboratories Co-o HQ,8395 Vine Street,Sherbrooke,23030,True,True,2026-03-12
2999,1422,8,Cross-Dock,Crescent Laboratories Co-o DC,2016 Canal Street,Laval,42529,False,True,2023-02-23
3000,1422,5,Production Site,Crescent Laboratories Co-o Plant,1543 Ridgeview Road,San Diego,24759,False,True,2024-12-20
3001,1422,8,Production Site,Crescent Laboratories Co-o Annex,632 Ridgeview Road,Montreal,78860,False,True,2025-03-03
3002,1423,11,Billing,Lakeside Cold Foods Supply HQ,8443 Marlow Parkway,Amsterdam,SE7 1D,True,True,2026-02-14
3003,1423,11,Cross-Dock,Lakeside Cold Foods Supply DC,6594 Foundry Way,Rotterdam,EH5 1A,False,True,2026-02-12
3004,1424,8,Billing,Orchard Floral Logistics L HQ,1134 Station Road,Laval ,72271,True,True,2024-06-05
3005,1425,2,Billing,Westline Nutrition Co-op HQ,3394 Dockside Lane,Charlotte,81974,True,True,2025-11-04
3006,1425,2,Delivery,Westline Nutrition Co-op DC,2227 Juniper Avenue,Orlando,75699,False,False,2024-07-09
3007,1426,2,Billing,Aster Meal Systems Group HQ,2213 Station Road,Nashville,36529,True,True,2024-10-03
3008,1426,5,Returns,Aster Meal Systems Group DC,2531 Harvester Road,Oakland,92188,False,True,2025-08-03
3009,1427,8,Billing,Riverbend Nutrition Supply HQ,9111 Foundry Way,Laval,56005,True,True,2023-05-17
3010,1427,8,Delivery,Riverbend Nutrition Supply DC,3373 Juniper Avenue,Montreal,23229,False,True,2025-01-26
3011,1428,4,Billing,Helix Pharma Labs HQ,8277 Foundry Way,Las Vegas,79935,True,True,2023-09-05
3012,1429,8,Billing,Bluevale Laboratories Labs HQ,184 Canal Street,Laval,23719,True,True,2024-08-23
3013,1429,8,Production Site,Bluevale Laboratories Labs DC,8497 Market Row,Sherboroke,25350,False,False,2023-05-24
3014,1429,8,Cross-Dock,Bluevale Laboratories Labs Plant,8184 Station Road,laval,22421,False,True,
3015,1430,6,Billing,Summit Cold Foods Co-op HQ,1623 Canal Street,San Antonio,58112,True,True,2024-08-23
3016,1431,7,Billing,Bluevale Biologics Group HQ,6092 Harvester Road,London,81019,True,True,2023-05-24
3017,1432,8,Billing,Cobalt Nutrition Supply HQ,6391 Vine Street,Sherbrooke,36120,True,True,2025-10-10
3018,1432,8,Cross-Dock,Cobalt Nutrition Supply DC,4483 Foundry Way,Sherbrooke,19481,False,False,2025-12-05
3019,1433,1,Billing,Brightwell Meal Systems Pa HQ,910 Ridgeview Road,Boston,74289,True,True,2024-08-02
3020,1433,1,Delivery,Brightwell Meal Systems Pa DC,2344 Canal Street,Boston,62046,False,True,2024-11-14
3021,1433,4,Cross-Dock,Brightwell Meal Systems Pa Plant,8964 Mill Lane,Albuquerque,14562,False,True,2024-04-27
3022,1434,11,Billing,Lantern Floral Logistics L HQ,7992 Juniper Avenue,Amsterdam,B1 2D,True,True,2025-05-10
3023,1435,6,Billing,Lakeside Dairy Labs HQ,781 Crescent Drive,Austin,81566,True,True,2024-09-10
3024,1436,1,Billing,Northwind Laboratories Par HQ,9630 Juniper Avenue,Portland,49585,True,True,2023-10-28
3025,1437,2,Billing,Cedar Seafood Manufacturin HQ,110 Foundry Way,Orlando,13485,True,True,2023-07-19
3026,1437,9,Cross-Dock,Cedar Seafood Manufacturin DC,2784 Dockside Lane,Bristol,SE9 7B,False,True,2024-01-30
3027,1437,5,Cross-Dock,Cedar Seafood Manufacturin Plant,6646 Vine Street,Seattle,63448,False,True,
3028,1438,6,Billing,Pioneer Specialty Produce  HQ,3364 Juniper Avenue,AUSTIN,78787,True,True,2025-05-12
3029,1439,4,Billing,Crown Biologics Foods HQ,6725 Dockside Lane,Phoenix,17762,True,True,2024-12-05
3030,1439,4,Production Site,Crown Biologics Foods DC,7926 Mill Lane,Las Vegas,81762,False,True,2024-12-23
3031,1439,4,Delivery,Crown Biologics Foods Plant,3276 Station Road,Albuquerque,10843,False,True,2023-07-02
3032,1439,8,Production Site,Crown Biologics Foods Annex,1790 Station Road,Montreal,17787,False,False,2023-03-29
3033,1440,6,Billing,Pioneer Dairy Foods HQ,7691 Harvester Road,Houston,89499,True,True,2023-09-23
3034,1440,6,Delivery,Pioneer Dairy Foods DC,4328 Crescent Drive,San Antonio,92178,False,True,2023-01-19
3035,1441,11,Billing,Northwind Specialty Produc HQ,2370 Foundry Way,Eindhoven,M9 3C,True,True,2024-08-23
3036,1442,7,Billing,Everfield Seafood Distribu HQ,9141 Dockside Lane,Hamilton,55707,True,True,2026-03-06
3037,1442,7,Production Site,Everfield Seafood Distribu DC,2247 Foundry Way,HAMILTON,16936,False,True,2024-08-19
3038,1442,4,Cross-Dock,Everfield Seafood Distribu Plant,5750 Station Road,Phoenix,88084,False,True,2025-02-18
3039,1442,7,Cross-Dock,Everfield Seafood Distribu Annex,3508 Juniper Avenue,Ottawa,72805,False,True,2023-08-22
3040,1443,3,Billing,Riverbend Dairy Supply HQ,8224 Marlow Parkway,Columbus,95866,True,True,2023-12-16
3041,1443,3,Cross-Dock,Riverbend Dairy Supply DC,7528 Foundry Way,Columbus,51686,False,True,2025-03-11
3042,1444,1,Billing,Lantern Ingredients Foods HQ,4069 Ridgeview Road,Hartford,15354,True,True,2025-08-03
3043,1444,1,Production Site,Lantern Ingredients Foods DC,1613 Juniper Avenue,Boston,65587,False,True,2024-06-18
3044,1445,7,Billing,Vantage Seafood Supply HQ,741 Harvester Road,Ottawa,50473,True,True,2023-06-18
3045,1445,7,Cross-Dock,Vantage Seafood Supply DC,971 Ridgeview Road,Hamilton,58791,False,True,2023-06-19
3046,1445,7,Delivery,Vantage Seafood Supply Plant,7788 Crescent Drive,Toronto,67976,False,True,2026-01-21
3047,1446,10,Billing,Briar Laboratories Group HQ,5618 Market Row,Munich,EH4 9B,True,True,2023-10-01
3048,1446,10,Returns,Briar Laboratories Group DC,9534 Mill Lane,Cologne,B1 7D,False,True,2026-01-23
3049,1446,10,Delivery,Briar Laboratories Group Plant,7314 Harvester Road,Cologne,M7 5A,False,True,2024-11-21
3050,1447,4,Billing,Cobalt Foods Dist. HQ,1404 Dockside Lane,Albuquerque,15815,True,True,2024-05-04
3051,1448,4,Billing,Westline Pharma Labs HQ,9491 Canal Street,Albuquerque,11076,True,True,2023-08-04
3052,1448,6,Delivery,Westline Pharma Labs DC,3396 Foundry Way,Dallas,29126,False,True,2023-01-19
3053,1448,6,Cross-Dock,Westline Pharma Labs Plant,6297 Foundry Way,Houston,27589,False,True,2025-02-20
3054,1448,5,Delivery,Westline Pharma Labs Annex,6182 Marlow Parkway,Seattle,16241,False,False,2023-12-07
3055,1449,3,Billing,Brightwell Specialty Produ HQ,7173 Foundry Way,Minneapolis,71693,True,True,2025-10-30
3056,1449,3,Returns,Brightwell Specialty Produ DC,7185 Foundry Way,Columbus,52892,False,True,
3057,1450,6,Billing,Aster Nutrition Manufactur HQ,8327 Foundry Way,Austin,86714,True,True,2024-07-02
3058,1450,9,Cross-Dock,Aster Nutrition Manufactur DC,7073 Station Road,Bristol,B8 3C,False,True,2026-02-12
3059,1450,7,Delivery,Aster Nutrition Manufactur Plant,5486 Station Road,Toronto,41322,False,True,2025-09-15
3060,1451,4,Billing,Pioneer Nutrition Labs HQ,1171 Marlow Parkway,Las Vegas,12307,True,True,2026-01-27
3061,1451,4,Cross-Dock,Pioneer Nutrition Labs DC,7189 Vine Street,Denver,90873,False,True,2024-01-05
3062,1451,4,Delivery,Pioneer Nutrition Labs Plant,6896 Canal Street,Phoenix,90592,False,True,2025-08-26
3063,1452,1,Billing,Northwind Seafood Logistic HQ,1764 Vine Street,Hartford,80045,True,True,2023-11-21
3064,1453,4,Billing,Briar Meal Systems Distrib HQ,2411 Crescent Drive,Denver,63810,True,True,
3065,1453,10,Cross-Dock,Briar Meal Systems Distrib DC,8529 Mill Lane,Cologne,M6 6D,False,True,2024-01-03
3066,1453,10,Cross-Dock,Briar Meal Systems Distrib Plant,8715 Station Road,Munich,SE2 2B,False,True,2024-06-16
3067,1454,4,Billing,Harbor Seafood Co-op HQ,2615 Foundry Way,Denver,25958,True,True,2025-09-09
3068,1454,4,Delivery,Harbor Seafood Co-op DC,7729 Ridgeview Road,Las Vegas,57826,False,True,2025-06-26
3069,1454,4,Cross-Dock,Harbor Seafood Co-op Plant,7454 Canal Street,Phoenix,43330,False,True,2024-11-14
3070,1455,3,Billing,Crescent Nutrition Manufac HQ,1564 Crescent Drive,Columbus,74306,True,True,2023-04-06
3071,1455,10,Cross-Dock,Crescent Nutrition Manufac DC,4608 Mill Lane,Berlin,L1 8A,False,True,2023-02-25
3072,1456,1,Billing,Harbor Laboratories Logist HQ,6805 Canal Street,Boston,10465,True,True,2023-03-23
3073,1457,4,Billing,Crown Ingredients Group HQ,7070 Crescent Drive,Albuquerque,46292,True,True,2023-02-12
3074,1457,4,Delivery,Crown Ingredients Group DC,1106 Station Road,Las Vegas,97316,False,True,2025-12-20
3075,1457,4,Production Site,Crown Ingredients Group Plant,9802 Juniper Avenue,Las Vegas,84686,False,True,2023-03-25
3076,1458,3,Billing,Everfield Laboratories Gro HQ,2178 Station Road,Columbus,26053,True,True,2025-12-13
3077,1458,3,Delivery,Everfield Laboratories Gro DC,1115 Ridgeview Road,Detroit,60961,False,True,2025-04-18
3078,1458,3,Cross-Dock,Everfield Laboratories Gro Plant,5327 Dockside Lane,Chicago,33764,False,True,2024-05-30
3079,1459,7,Billing,Westline Foods Supply HQ,3875 Market Row,Hamilton,49153,True,True,2024-11-06
3080,1459,7,Cross-Dock,Westline Foods Supply DC,8238 Station Road,Ottawa,19989,False,True,2023-10-01
3081,1459,2,Production Site,Westline Foods Supply Plant,4172 Dockside Lane,Orlando,80950,False,True,2024-10-03
3082,1460,6,Billing,Aster Nutrition Partners HQ,9063 Canal Street,Austin,26725,True,True,2025-10-02
3083,1461,11,Billing,Forge Meal Systems Holding HQ,8750 Marlow Parkway,Rotterdam,EH2 1B,True,True,2025-08-01
3084,1462,10,Billing,Orchard Foods Labs HQ,4823 Market Row,Berlin,EH7 7C,True,True,2024-04-05
3085,1462,10,Cross-Dock,Orchard Foods Labs DC,9997 Canal Street,Berlin,EH3 9B,False,True,2023-12-02
3086,1462,10,Delivery,Orchard Foods Labs Plant,9198 Canal Street,Cologne,B9 2C,False,True,2024-11-18
3087,1463,3,Billing,Harbor Floral Logistics Gr HQ,8612 Ridgeview Road,Minneapolis,88424,True,True,2026-02-16
3088,1463,11,Cross-Dock,Harbor Floral Logistics Gr DC,1275 Market Row,Eindhoven,EH6 6C,False,True,2024-07-25
3089,1463,11,Production Site,Harbor Floral Logistics Gr Plant,6690 Harvester Road,Eindhoven,B5 5B,False,True,2025-07-07
3090,1464,11,Billing,Mosaic Nutrition Supply HQ,9618 Crescent Drive,Utrecht,B9 6B,True,True,2025-12-12
3091,1464,11,Production Site,Mosaic Nutrition Supply DC,3087 Canal Street,Eindhoven,B3 5D,False,False,
3092,1464,11,Delivery,Mosaic Nutrition Supply Plant,9581 Mill Lane,Rotterdam,L3 6A,False,True,2023-07-21
3093,1465,2,Billing,Solace Foods Manufacturing HQ,1178 Market Row,Nashville,73573,True,True,
3094,1465,2,Returns,Solace Foods Manufacturing DC,1595 Juniper Avenue,Atlanta,54937,False,False,
3095,1466,11,Billing,Keystone Biologics Mfg HQ,114 Station Road,Amsterdma,B8 3A,True,False,2023-01-20
3096,1466,11,Cross-Dock,Keystone Biologics Mfg DC,5419 Ridgeview Road,Utrecht,SE2 7B,False,True,2024-09-09
3097,1466,9,Cross-Dock,Keystone Biologics Mfg Plant,6046 Canal Street,Bristol,L9 1B,False,True,2024-10-02
3098,1466,11,Returns,Keystone Biologics Mfg Annex,6422 Crescent Drive,Rotterdam,EH3 1B,False,True,2025-12-28
3099,1467,11,Billing,Bluevale Seafood Foods HQ,6477 Station Road,Eindhoven,B4 1C,True,True,2025-12-24
3100,1467,11,Delivery,Bluevale Seafood Foods DC,6058 Foundry Way,Eindhoven,M7 2B,False,True,2025-12-25
3101,1468,2,Billing,Everfield Beverage Manufac HQ,4301 Ridgeview Road,Atlanta,88856,True,False,
3102,1468,4,Returns,Everfield Beverage Manufac DC,8135 Crescent Drive,Phoenix,37463,False,True,2025-12-03
3103,1468,6,Returns,Everfield Beverage Manufac Plant,5058 Crescent Drive,Austin,52814,False,True,2023-05-02
3104,1468,2,Production Site,Everfield Beverage Manufac Annex,9330 Harvester Road,Charlotte,85478,False,True,2024-06-13
3105,1469,8,Billing,Westline Floral Logistics  HQ,51 Market Row,Montreal,89270,True,True,2023-12-07
3106,1469,8,Cross-Dock,Westline Floral Logistics  DC,8491 Ridgeview Road,Quebec City,37645,False,True,2025-04-28
3107,1470,6,Billing,Vantage Dairy Group HQ,6831 Mill Lane,Houston,58456,True,True,2024-02-19
3108,1470,7,Delivery,Vantage Dairy Group DC,1986 Mill Lane,Ottawa,29818,False,True,2025-04-20
3109,1470,6,Cross-Dock,Vantage Dairy Group Plant,9937 Crescent Drive,Dallas,32773,False,True,2023-05-06
3110,1471,4,Billing,Pioneer Meal Systems Suppl HQ,9310 Mill Lane,Albuquerque,55960,True,True,2024-02-02
3111,1471,4,Production Site,Pioneer Meal Systems Suppl DC,5872 Juniper Avenue,Denver,15516,False,True,2024-04-20
3112,1471,4,Delivery,Pioneer Meal Systems Suppl Plant,5178 Canal Street,Denver,31667,False,True,2025-10-15
3113,1472,5,Billing,Briar Cold Foods Co-op HQ,4215 Vine Street,Oakland,20195,True,True,2025-01-27
3114,1473,7,Billing,Westline Biologics Group HQ,4824 Harvester Road,Hamilton,18534,True,True,2024-10-16
3115,1473,7,Delivery,Westline Biologics Group DC,3711 Crescent Drive,Hamilton,80113,False,True,2023-04-15
3116,1474,6,Billing,Ardent Biologics Dist. HQ,9369 Ridgeview Road,Austin,99954,True,True,2026-03-01
3117,1475,5,Billing,Cedar Pet Nutrition Manufa HQ,3489 Foundry Way,Oakland,76674,True,True,2024-01-20
3118,1475,5,Cross-Dock,Cedar Pet Nutrition Manufa DC,5093 Mill Lane,los angeles,18486,False,False,2024-03-29
3119,1475,5,Delivery,Cedar Pet Nutrition Manufa Plant,9684 Foundry Way,Los Angeles,76778,False,True,2023-05-22
3120,1476,3,Billing,Brightwell Nutrition Suppl HQ,6408 Dockside Lane,Detroit,72336,True,True,2025-01-20
3121,1476,3,Delivery,Brightwell Nutrition Suppl DC,8370 Crescent Drive,Minneapolis,43963,False,True,2025-03-04
3122,1476,4,Production Site,Brightwell Nutrition Suppl Plant,1093 Mill Lane,Denver,85807,False,True,2024-04-28
3123,1477,11,Billing,Northwind Cold Foods Group HQ,8776 Harvester Road,Amsterdam,EH3 8C,True,True,2023-05-07
3124,1478,8,Billing,Crown Laboratories Partner HQ,8870 Station Road,Laval,82665,True,True,2024-04-10
3125,1478,8,Cross-Dock,Crown Laboratories Partner DC,8767 Marlow Parkway,Quebec City,48307,False,True,2024-01-22
3126,1479,6,Billing,Everfield Meal Systems Foo HQ,1027 Foundry Way,San Antonio,18753,True,True,2024-04-04
3127,1479,3,Returns,Everfield Meal Systems Foo DC,9150 Canal Street,Minneapolis,94985,False,True,2024-08-20
3128,1480,3,Billing,Crown Pet Nutrition Holdin HQ,2586 Juniper Avenue,Minneapolis,71532,True,True,2025-11-28
3129,1480,3,Returns, Crown Pet Nutrition Holdin DC,5910 Foundry Way,Detroit,13515,False,True,2025-11-16
3130,1480,2,Cross-Dock,Crown Pet Nutrition Holdin Plant,6001 Canal Street,Orlando,15610,False,True,2025-08-12
3131,1481,2,Billing,Northwind Cold Foods Suppl HQ,427 Mill Lane,Nashville,79257,True,True,2025-03-12
3132,1482,7,Billing,Lantern Pet Nutrition Co-o HQ,5005 Harvester Road,Hamilton,76812,True,True,2023-05-25
3133,1483,4,Billing,Aster Dairy Labs HQ,8106 Station Road,Las Vegas,88431,True,True,2024-11-26
3134,1484,4,Billing,Crescent Pet Nutrition Man HQ,5450 Dockside Lane,Las Vegas,77420,True,True,2024-10-17
3135,1485,7,Billing,Solace Seafood Logistics HQ,2053 Market Row,Toronto,85641,True,True,2025-09-26
3136,1485,7,Returns,Solace Seafood Logistics DC,9291 Foundry Way,Ottawa,90300,False,True,2023-07-23
3137,1485,5,Production Site,Solace Seafood Logistics Plant,3172 Mill Lane,Seattle,80788,False,True,2025-02-04
3138,1486,10,Billing,Harbor Pharma Logistics HQ,9281 Foundry Way,Munich,L9 9D,True,True,2025-01-23
3139,1487,10,Billing,Cedar Laboratories Holding HQ,1975 Canal Street,COLOGNE,EH1 1D,True,True,2025-05-16
3140,1487,8,Cross-Dock,Cedar Laboratories Holding DC,3284 Vine Street,Quebec City,69898,False,True,2025-09-18
3141,1487,4,Delivery,Cedar Laboratories Holding Plant,2958 Crescent Drive,Phoenix,57125,False,True,2024-05-01
3142,1488,6,Billing,Helix Specialty Produce Pa HQ,4117 Juniper Avenue,Houston,94948,True,True,2026-03-26
3143,1489,1,Billing,Orchard Pharma Logistics HQ,494 Station Road,Hartford,55700,True,True,2023-09-13
3144,1489,11,Cross-Dock,Orchard Pharma Logistics DC,7063 Market Row,Utrecht,B9 7C,False,True,2023-08-30
3145,1490,6,Billing,Granite Seafood Logistics HQ,9530 Vine Street,Austin,72384,True,True,2025-03-12
3146,1491,3,Billing,Brightwell Dairy Co-op HQ,241 Juniper Avenue,Chicago,79103,True,False,2024-11-21
3147,1491,7,Cross-Dock,Brightwell Dairy Co-op DC,8763 Dockside Lane,Ottawa,46780,False,True,2025-09-15
3148,1491,3,Cross-Dock,Brightwell Dairy Co-op Plant,4790 Crescent Drive,Detroit,38608,False,True,2025-11-25
3149,1492,4,Billing,Everfield Nutrition Holdin HQ,6222 Juniper Avenue,DENVER,31743,True,True,2023-03-28
3150,1492,4,Production Site,Everfield Nutrition Holdin DC,4998 Harvester Road,Phoenix,81959,False,True,2026-01-30
3151,1492,4,Cross-Dock,Everfield Nutrition Holdin Plant,860 Juniper Avenue,Las Vegas,87319,False,True,2023-06-19
3152,1493,11,Billing,Everfield Meal Systems Co- HQ,554 Juniper Avenue,Eindhoven,L2 2D,True,True,2025-09-17
3153,1494,10,Billing, Riverbend Nutrition Suppl HQ,7792 Market Row,Berlin,SE9 3C,True,True,2024-12-30
3154,1494,10,Production Site, Riverbend Nutrition Suppl DC,4976 Station Road,Hamburg,M5 8A,False,True,2025-12-27
3155,1495,10,Billing,Briar Ingredients Holdings HQ,3952 Canal Street,Cologne,B7 5C,True,True,2025-01-04
3156,1496,5,Billing,Crown Nutrition Labs HQ,3625 Foundry Way, Los Angeles,41448,True,False,2023-10-28
3157,1496,5,Production Site,Crown Nutrition Labs DC,2046 Canal Street,Oakland,53973,False,True,2023-09-17
3158,1496,5,Production Site,Crown Nutrition Labs Plant,7031 Ridgeview Road,Seattle,10738,False,True,2025-09-29
3159,1497,3,Billing,Orchard Nutrition Manufact HQ,7145 Market Row,Detroit ,91699,True,True,2026-02-03
3160,1498,3,Billing,Pioneer Meal Systems Co-op HQ,4254 Dockside Lane,Minneapolis,46244,True,True,2025-10-24
3161,1498,3,Delivery,Pioneer Meal Systems Co-op DC,7069 Foundry Way,Columbus,58684,False,True,2025-03-22
3162,1499,8,Billing,Lantern Cold Foods Partner HQ,7326 Harvester Road,Quebec City,26483,True,True,2025-01-22
3163,1500,3,Billing,VANTAGE FLORAL LOGISTICS C HQ,2474 Juniper Avenue,Detroit,65117,True,False,2023-08-13
3164,1500,3,Production Site,VANTAGE FLORAL LOGISTICS C DC,1224 Market Row,Minneapolis,71499,False,True,2026-03-14
3165,1501,7,Billing,Ardent Ingredients Logisti HQ,9207 Station Road,Toronto,61747,True,True,
3166,1502,2,Billing,cobalt meal systems distri HQ,1165 Dockside Lane,Atlanta,44686,True,True,2023-06-11
3167,1502,2,Production Site,cobalt meal systems distri DC,2612 Harvester Road,Orlando,15222,False,True,2024-11-29
3168,1503,1,Billing,Brightwell Laboratories Gr HQ,2095 Market Row,Newark,52222,True,True,2024-03-28
3169,1503,11,Production Site,Brightwell Laboratories Gr DC,9996 Vine Street,eindhoven,B2 5B,False,True,2026-03-13
3170,1503,8,Production Site,Brightwell Laboratories Gr Plant,4816 Juniper Avenue,Laval,17596,False,True,2023-11-25
3171,1504,5,Billing,Meridian Meal Systems Supp HQ,5809 Canal Street,San Diego,19795,True,True,2025-10-04
3172,1505,3,Billing,Pioneer Beverage Supply HQ,4810 Vine Street,Minneapolis,20651,True,True,2025-09-19
3173,1506,5,Billing,Solace Dairy Foods HQ,7598 Mill Lane,Seattle,30451,True,False,2023-10-19
3174,1506,1,Delivery,Solace Dairy Foods DC,4277 Juniper Avenue,Portland,48075,False,True,
3175,1506,9,Production Site,Solace Dairy Foods Plant,1264 Mill Lane,London,EH9 4C,False,True,2024-01-25
3176,1507,4,Billing,Northwind Cold Foods Manuf HQ,1503 Vine Street,Albuquerque,15425,True,True,2025-12-25
3177,1507,4,Production Site,Northwind Cold Foods Manuf DC,4915 Canal Street,Las Vegas,77533,False,True,2024-10-05
3178,1507,4,Returns,Northwind Cold Foods Manuf Plant,1667 Harvester Road,Las Vegas,73223,False,True,2023-08-10
3179,1508,5,Billing,Westline Biologics Group HQ,3256 Canal Street,Seattle,29665,True,True,2023-03-29
3180,1509,11,Billing,Cedar Dairy Co-op HQ,3758 Dockside Lane,Amsterdam,M1 1B,True,True,2023-03-13
3181,1509,8,Delivery,Cedar Dairy Co-op DC,2149 Canal Street,Sherbrooke,42786,False,True,2025-10-26
3182,1509,11,Cross-Dock,CEDAR DAIRY CO-OP PLANT,3787 Market Row,Utrecht,M6 5A,False,True,2023-08-25
3183,1509,11,Returns,Cedar Dairy Co-op Annex,639 Market Row,Utrecht,M6 8A,False,True,2025-10-31
3184,1510,6,Billing,Riverbend Nutrition Co-op HQ,6056 Dockside Lane,San Antonio,14581,True,True,2023-08-01
3185,1511,9,Billing,Lantern Biologics Logistic HQ,4781 Station Road,Manchester,EH6 2C,True,True,2024-10-09
3186,1512,8,Billing,Westline Floral Logistics  HQ,3846 Foundry Way,Laval,63258,True,True,2025-11-29
3187,1513,2,Billing,Crown Biologics Logistics HQ,1178 Harvester Road,Nashville,21650,True,True,2025-05-24
3188,1513,2,Production Site,Crown Biologics Logistics DC,8372 Harvester Road,Nashville,25303,False,True,2024-11-08
3189,1513,5,Production Site,CROWN BIOLOGICS LOGISTICS PLANT,2867 Foundry Way,Seattle ,92592,False,True,2025-08-05
3190,1514,11,Billing,Aster Dairy Holdings HQ,2171 Harvester Road,Utrecht,EH4 6D,True,True,2023-11-03
3191,1514,11,Returns,Aster Dairy Holdings DC,7283 Dockside Lane,Rotterdam,EH8 4C,False,True,2025-04-18
3192,1515,1,Billing,Vantage Specialty Produce  HQ,2566 Foundry Way,Boston,92257,True,True,2023-07-03
3193,1515,3,Cross-Dock,Vantage Specialty Produce  DC,5130 Juniper Avenue,Chicago,27033,False,True,2023-11-10
3194,1515,6,Cross-Dock,Vantage Specialty Produce  Plant,9352 Foundry Way,Dallas,32062,False,True,2023-09-28
3195,1516,11,Billing,Helix Dairy Co-op HQ,3769 Station Road,Eindhoven,B5 5C,True,True,2025-01-06
3196,1516,11,Returns,Helix Dairy Co-op DC,8214 Mill Lane,Amsterdam,L1 8A,False,True,2024-11-24
3197,1516,11,Returns,Helix Dairy Co-op Plant,5423 Mill Lane,Amsterdam,M7 7C,False,True,2023-08-28
3198,1517,11,Billing,Helix Biologics Co-op HQ,8829 Foundry Way,Eindhoven,L6 9A,True,True,2024-03-29
3199,1517,11,Production Site,Helix Biologics Co-op DC,1724 Dockside Lane,Rotterdam,B7 3C,False,True,2024-05-25
3200,1517,11,Returns,Helix Biologics Co-op Plant,3683 Crescent Drive,Utrecht,SE8 8C,False,True,2025-08-27
3201,1517,11,Returns,Helix Biologics Co-op Annex,3332 Market Row,Utrecht,SE5 4A,False,True,2023-11-06
3202,1518,1,Billing,Ardent Beverage Supply HQ,3745 Dockside Lane,Hartford,30630,True,True,2024-11-15
3203,1518,6,Cross-Dock,Ardent Beverage Supply DC,2542 Harvester Road,Austin,48430,False,False,
3204,1518,6,Production Site,Ardent Beverage Supply Plant,6197 Market Row,Austin,18648,False,True,2025-07-13
3205,1519,1,Billing,Ardent Floral Logistics Di HQ,2279 Mill Lane,Boston,25702,True,True,2023-06-16
3206,1519,2,Returns,Ardent Floral Logistics Di DC,4099 Mill Lane,Nashville,83072,False,True,2023-06-25
3207,1519,2,Delivery,Ardent Floral Logistics Di Plant,3623 Station Road,Charlotte,79335,False,True,2025-11-22
3208,1520,3,Billing,Summit Biologics Partners HQ,5641 Crescent Drive,Minneapolis,25452,True,True,2025-05-29
3209,1520,1,Returns,Summit Biologics Partners DC,2415 Market Row,Boston,51440,False,True,2024-10-27
3210,1520,1,Returns, Summit Biologics Partners Plant,3390 Canal Street,Portland,43989,False,True,2024-05-06
3211,1521,2,Billing,Northwind Seafood Distribu HQ,4450 Harvester Road,Nashville,14399,True,True,2026-02-15
3212,1521,2,Delivery,Northwind Seafood Distribu DC,7237 Station Road,Atlanta,49088,False,True,2023-12-05
3213,1522,8,Billing,meridian meal systems supp hq,7214 Vine Street,Sherbrooke,60407,True,True,2025-06-18
3214,1523,3,Billing,Crown Specialty Produce Fo HQ,4072 Mill Lane,Minneapolis,58164,True,True,2023-02-02
3215,1523,3,Production Site,Crown Specialty Produce Fo DC,8867 Harvester Road,Chicago ,82980,False,True,2025-06-29
3216,1523,3,Delivery,crown specialty produce fo plant,9456 Foundry Way,Columbus,77329,False,True,2025-12-11
3217,1524,10,Billing,Trinity Foods Labs HQ,2858 Marlow Parkway,Hamburg,M1 6B,True,True,2023-08-05
3218,1524,10,Cross-Dock,Trinity Foods Labs DC,4982 Mill Lane,Munich,B9 9B,False,True,2023-07-27
3219,1524,10,Returns,Trinity Foods Labs Plant,8668 Ridgeview Road,Cologne,L2 5B,False,True,2025-06-09
3220,1525,5,Billing,Everfield Meal Systems Man HQ,9952 Canal Street,San Diego,32813,True,True,2023-08-06
3221,1525,5,Delivery,Everfield Meal Systems Man DC,2905 Canal Street,Oakland,75571,False,True,2023-09-17
3222,1525,5,Delivery,Everfield Meal Systems Man Plant,2053 Juniper Avenue,Los Angeles,86198,False,True,2025-03-25
3223,1525,5,Cross-Dock,Everfield Meal Systems Man Annex,9270 Ridgeview Road,San Diego,88375,False,False,2024-07-03
3224,1526,9,Billing,Lantern Nutrition Logistic HQ,1105 Juniper Avenue,Leeds,SE3 7C,True,True,2023-04-04
3225,1526,9,Returns,Lantern Nutrition Logistic DC,5500 Juniper Avenue,London,M3 6B,False,False,2024-04-04
3226,1527,11,Billing,Helix Cold Foods Group HQ,2470 Dockside Lane,Amsterdam,SE5 3C,True,True,2025-11-13
3227,1528,5,Billing,Aster Biologics Partners HQ,7004 Marlow Parkway,Los Angeles,17846,True,True,2023-11-28
3228,1528,5,Production Site,Aster Biologics Partners DC,5006 Crescent Drive,OAKLAND,78996,False,True,2023-07-05
3229,1528,5,Production Site,aster biologics partners plant,1132 Crescent Drive,Seattle,64123,False,True,2024-07-04
3230,1528,5,Cross-Dock,Aster Biologics Partners Annex,8750 Harvester Road,Los Angeles,36573,False,True,2023-06-03
3231,1529,3,Billing,Vantage Laboratories Co-op HQ,1675 Station Road,Detroit,89741,True,True,2023-07-19
3232,1529,8,Delivery,Vantage Laboratories Co-op DC,7225 Foundry Way,Quebec City,27264,False,True,2025-07-08
3233,1529,8,Cross-Dock,Vantage Laboratories Co-op Plant,1502 Marlow Parkway,Montreal,71423,False,True,2023-09-10
3234,1530,3,Billing,Crescent Meal Systems Manu HQ,120 Marlow Parkway,Detroit,90104,True,True,2024-03-03
3235,1531,10,Billing,Lakeside Nutrition Group HQ,2415 Harvester Road,Berlin,L8 5B,True,True,2024-06-02
3236,1531,10,Returns,Lakeside Nutrition Group DC,9454 Market Row,Berlin,SE7 7D,False,True,2025-08-02
3237,1532,6,Billing,Oakmont Pharma Partners HQ,2284 Foundry Way,Austin,21496,True,True,2023-03-11
3238,1533,3,Billing,Cobalt Floral Logistics La HQ,4752 Harvester Road,Columbus,30613,True,True,2026-01-30
3239,1534,8,Billing,Meridian Cold Foods Group HQ,211 Dockside Lane,Laval,60871,True,True,2023-01-27
3240,1534,4,Production Site,Meridian Cold Foods Group DC,5181 Marlow Parkway,albuquerque,12207,False,True,2026-02-09
3241,1534,1,Production Site,Meridian Cold Foods Group Plant,6665 Juniper Avenue,Hartford,49324,False,True,2025-09-19
3242,1535,11,Billing,CROWN PET NUTRITION PARTNE HQ,3776 Mill Lane,Rotterdam,B3 7A,True,True,2023-09-18
3243,1535,11,Cross-Dock,CROWN PET NUTRITION PARTNE DC,854 Foundry Way,Utrecht,EH6 9B,False,True,2025-04-01
3244,1535,11,Cross-Dock,CROWN PET NUTRITION PARTNE Plant,339 Mill Lane,Utrecht,L9 4C,False,True,2023-11-18
3245,1536,3,Billing,Brightwell Dairy Partners HQ,8107 Market Row,Chicago,79735,True,True,2025-08-11
3246,1537,1,Billing,Aster Dairy Holdings HQ ,9664 Vine Street,Boston,66218,True,True,
3247,1537,5,Cross-Dock,Aster Dairy Holdings DC,4807 Marlow Parkway,Los Angeles,58219,False,True,2025-01-19
3248,1538,6,Billing,Crescent Nutrition Co-op HQ,1062 Foundry Way,San Antonio,71282,True,True,2025-07-12
3249,1539,9,Billing,CobaltD airy Labs HQ,7835 Station Road,Leeds,B4 4A,True,True,2023-05-23
3250,1540,1,Billing,Pioneer Ingredients Distri HQ,1272 Crescent Drive,Hartford,46161,True,True,2023-10-21
3251,1540,8,Returns,Pioneer Ingredients Distri DC,4917 Harvester Road,Laval,87094,False,True,2023-05-26
3252,1541,2,Billing,Lantern Floral Logistics D HQ,1844 Ridgeview Road,Nashville,52773,True,True,2024-06-03
3253,1541,2,Returns,Lantern Floral Logistics D DC,4061 Vine Street,Nashville,31795,False,True,
3254,1542,10,Billing,Ardent Seafood Logistics HQ,4758 Crescent Drive,Berlin,M1 9B,True,True,2024-12-17
3255,1542,10,Production Site,Ardent Seafood Logistics DC,8206 Harvester Road,Muncih,L7 6D,False,True,2024-10-04
3256,1543,2,Billing,Solace Pet Nutrition Distr HQ,9704 Harvester Road,Atlanta,85378,True,True,2025-08-19
3257,1543,6,Returns,Solace Pet Nutrition Distr DC,8059 Station Road,Austin,74189,False,True,2025-02-26
3258,1543,2,Cross-Dock,Solace Pet Nutrition Distr Plant,7209 Vine Street,Orlando,62842,False,True,2026-03-15
3259,1544,5,Billing,Lantern Beverage Co-op HQ,7381 Canal Street,Oakland,80057,True,True,2023-10-14
3260,1544,5,Production Site,Lantern Beverage Co-op DC,2228 Dockside Lane,Los Angeles,47553,False,True,2025-06-29
3261,1545,11,Billing,Forge Dairy Holdings HQ,6417 Market Row,Eindhoven,L7 1A,True,True,2024-08-02
3262,1545,11,Delivery,Forge Dairy Holdings DC,182 Station Road,Amsterdam ,SE6 4B,False,True,2024-04-04
3263,1546,3,Billing, Lakeside Dairy Co-op HQ,5995 Juniper Avenue,Columbus,84800,True,True,2026-01-06
3264,1547,2,Billing,Briar Nutrition Holdings HQ,6664 Crescent Drive,Nashville,14039,True,True,2024-11-21
3265,1547,2,Delivery,Briar Nutrition Holdings DC,3998 Foundry Way,Nashville,91530,False,True,2023-01-16
3266,1548,7,Billing,Vantage Ingredients Foods HQ,5241 Mill Lane,Ottawa,49115,True,True,2024-03-21
3267,1548,7,Production Site,Vantage Ingredients Foods DC,5959 Market Row,Ottawa,67188,False,True,2023-04-25
3268,1549,2,Billing,Cedar Meal Systems Logisti HQ,1826 Mill Lane,Charlotte,32718,True,True,
3269,1550,11,Billing,Trinity Pet Nutrition Co-o HQ,6234 Ridgeview Road,Rotterdam,L8 1C,True,True,2024-01-04
3270,1550,6,Cross-Dock,Trinity Pet Nutrition Co-o DC,4506 Juniper Avenue,Austin,87936,False,True,2025-01-04
3271,1550,8,Cross-Dock,Trinity Pet Nutrition Co-o Plant,1683 Crescent Drive,Montreal,42761,False,True,2023-06-01
3272,1550,11,Returns,Trinity Pet Nutrition Co-o Annex,1043 Marlow Parkway,Amsterdam,EH5 3A,False,True,2025-12-15
3273,1551,1,Billing,Lantern Specialty Produce  HQ,5010 Canal Street,Portland,27262,True,False,2025-03-27
3274,1552,7,Billing,Riverbend Meal Systems Co- HQ,6374 Dockside Lane,Toronto,11287,True,True,2024-07-22
3275,1553,4,Billing,Northwind Pet Nutrition Su HQ,6128 Juniper Avenue,Phoenix,30584,True,True,2024-06-14
3276,1553,4,Cross-Dock,Northwind Pet Nutrition Su DC,922 Ridgeview Road,Denver,89095,False,True,2024-12-16
3277,1553,4,Returns,Northwind Pet Nutrition Su Plant,1009 Marlow Parkway,Las Vegas,47275,False,True,2024-02-06
3278,1553,4,Returns,Northwind Pet Nutrition Su Annex,7846 Harvester Road,Albuquerque,96186,False,True,2024-01-20
3279,1554,3,Billing,Cobalt Ingredients Co-op HQ,8411 Market Row,Minneaoplis,22959,True,True,2024-02-06
3280,1554,3,Production Site,Cobalt Ingredients Co-op DC,9473 Canal Street,Chicago,53021,False,True,2024-04-09
3281,1554,3,Cross-Dock,Cobalt Ingredients Co-op Plant,4653 Harvester Road,Minneapolis,53066,False,True,
3282,1555,10,Billing,Solace Pet Nutrition Manuf HQ,8574 Foundry Way,Cologne,SE2 9D,True,True,2025-11-25
3283,1556,3,Billing,Cobalt Ingredients Group HQ,387 Harvester Road,Detroit,86039,True,True,2025-07-20
3284,1556,7,Cross-Dock,Cobalt Ingredients Group DC,4987 Foundry Way,Toronto,33924,False,True,2024-09-17
3285,1556,7,Cross-Dock,Cobalt Ingredients Group Plant,8441 Marlow Parkway,Hamilton,17204,False,False,2025-07-06
3286,1557,11,Billing,Ardent Foods Holdings HQ,9800 Marlow Parkway,Amsterdam,M5 7C,True,False,2023-02-13
3287,1558,2,Billing,Keystone Nutrition Co-op HQ,3222 Juniper Avenue,Nashville,28332,True,True,2024-08-10
3288,1558,2,Production Site,Keystone Nutrition Co-op DC,2262 Station Road,Charlotte,95883,False,True,
3289,1558,2,Returns,Keystone Nutrition Co-op Plant,2062 Ridgeview Road,Nashville,83909,False,True,2025-12-31
3290,1559,8,Billing,Meridian Biologics Foods HQ,4586 Crescent Drive,Laval,50214,True,True,2023-04-21
3291,1560,7,Billing,Crescent Specialty Produce HQ,2017 Ridgeview Road,Toronto,28101,True,True,2023-07-03
3292,1561,10,Billing,Everfield Specialty Produc HQ,6191 Canal Street,Cologne,EH3 6D,True,True,2023-09-19
3293,1562,8,Billing,Cardinal Nutrition Foods HQ,8620 Station Road,Sherbrooke,69709,True,True,2024-01-30
3294,1562,8,Returns,Cardinal Nutrition Foods DC,3422 Station Road,Montreal,45204,False,True,2023-09-27
3295,1563,8,Billing,Orchard Dairy Foods HQ,4343 Ridgeview Road,Laval,91501,True,True,2025-05-21
3296,1563,8,Delivery,Orchard Dairy Foods DC,9181 Crescent Drive,Sherbrooke,79626,False,True,2026-03-25
3297,1563,8,Delivery,Orchard Dairy Foods Plant,7604 Harvester Road,Quebec City,78670,False,True,2024-02-21
3298,1564,10,Billing,Crescent Floral Logistics  HQ,8314 Canal Street,Hamburg,EH6 2D,True,True,2025-02-13
3299,1565,4,Billing,Harbor Meal Systems Logist HQ,6186 Marlow Parkway,Albuquerque,73311,True,True,2024-05-12
3300,1566,9,Billing,Okamont Meal Systems Suppl HQ,704 Mill Lane,Manchester,L5 9C,True,True,2023-02-08
3301,1567,9,Billing,Crescent Laboratories Co-o HQ,4036 Canal Street,Bristol,EH8 6A,True,True,2025-05-20
3302,1568,8,Billing,Granite Pharma Group HQ,7288 Mill Lane,Laval,53369,True,True,
3303,1568,8,Delivery,Granite Pharma Group DC,3175 Marlow Parkway,Laval,22747,False,True,2023-01-20
3304,1569,9,Billing,Oakmont Pet Nutrition Hold HQ,8067 Crescent Drive,Leeds,B8 2D,True,True,2023-03-11
3305,1570,8,Billing,Harbor Cold Foods Manufact HQ,8509 Juniper Avenue,Montreal,38681,True,False,2024-01-19
3306,1570,3,Delivery,Harbor Cold Foods Manufact DC,2539 Marlow Parkway,Columbus,43317,False,True,2026-01-14
3307,1570,8,Cross-Dock,Harbor Cold Foods Manufact Plant ,1111 Foundry Way,Laval,53919,False,True,2023-12-14
3308,1570,8,Production Site,Harbor Cold Foods Manufact Annex,3149 Marlow Parkway,Montreal,87356,False,True,2025-01-10
3309,1571,8,Billing,Vantage Foods Co-op HQ,4740 Crescent Drive,Sherbrooke,27046,True,True,2024-12-04
3310,1572,11,Billing,Vantage Seafood Group HQ,7535 Mill Lane,Utrecht,M9 5A,True,True,2023-11-07
3311,1572,11,Returns,Vantage Seafood Group DC,2163 Juniper Avenue,Utrecht,SE8 6B,False,True,2025-03-16
3312,1573,4,Billing,Cedar Pharma Holdings HQ,8429 Canal Street,Albuquerque,65399,True,True,
3313,1573,5,Production Site,Cedar Pharma Holdings DC,6039 Juniper Avenue,Los Angeles,98022,False,True,2024-02-26
3314,1573,5,Production Site,Cedar Pharma Holdings Plant,4307 Juniper Avenue,San Diego,69924,False,True,2024-05-20
3315,1574,9,Billing,Lantern Nutrition Foods HQ,25 Juniper Avenue,Leeds,M6 8A,True,True,2025-05-06
3316,1575,7,Billing,Summit Specialty Produce P HQ,7409 Juniper Avenue,Ottawa,61163,True,True,2025-08-02
3317,1576,11,Billing,Granite Seafood Manufactur HQ,1719 Market Row,Utrecht,M2 7B,True,True,2024-01-30
3318,1576,11,Production Site, Granite Seafood Manufactur DC,7210 Mill Lane,Amsterdam,SE1 6A,False,True,2024-02-21
3319,1577,3,Billing,Granite Pet Nutrition Hold HQ,4336 Canal Street,Chicago,23248,True,True,2025-03-12
3320,1578,4,Billing,Trinity Dairy Group HQ,9053 Dockside Lane,Las Vegas,69009,True,True,2025-03-29
3321,1579,5,Billing,Westline Pet Nutrition Man HQ,1143 Market Row,Seattle,32203,True,True,
3322,1579,9,Delivery,Westline Pet Nutrition Man DC,2668 Market Row,Manchester,L5 5D,False,True,2024-08-18
3323,1579,1,Delivery,Westline Pet Nutrition Man Plant,3012 Harvester Road,Newark,32585,False,True,2023-03-07
3324,1579,1,Delivery,Westline Pet Nutrition Man Annex,1817 Market Row,Portland,14538,False,True,2024-12-13
3325,1580,9,Billing,meridian seafood co-op hq,2479 Market Row,Leeds,SE9 6C,True,True,2026-01-24
3326,1581,5,Billing, Lantern Nutrition Dist. HQ,7384 Foundry Way,Oakland,73138,True,True,2025-03-02
3327,1582,11,Billing,Mosaic Nutrition Partners HQ,7725 Marlow Parkway,Amsterdam,L2 8B,True,True,2024-04-25
3328,1582,11,Delivery,Mosaic Nutrition Partners DC,3504 Vine Street,Eindhoven,M7 9D,False,True,
3329,1582,11,Delivery,Mosaic Nutrition Partners Plant,6832 Marlow Parkway,Eindhoven,SE3 5C,False,True,2023-07-04
3330,1582,11,Production Site,Mosaic Nutrition Partners Annex,409 Harvester Road,Amsterdam,B7 7D,False,True,2025-08-23
3331,1583,9,Billing,Keystone Biologics Foods HQ,9588 Marlow Parkway,Manchester,M5 5D,True,True,
3332,1583,1,Cross-Dock,Keystone Biologics Foods DC,9803 Juniper Avenue,Newark,13689,False,True,2025-03-31
3333,1583,9,Delivery,Keystone Biologics Foods Plant,3593 Station Road,Manchester,SE4 3D,False,True,2023-10-07
3334,1584,3,Billing,Mosaic Biologics Holdings HQ,532 Mill Lane,Detroit,81104,True,True,2023-03-17
3335,1584,9,Production Site,Mosaic Biologics Holdings DC,1773 Crescent Drive,Leeds,L6 3C,False,True,2025-11-22
3336,1585,6,Billing,Meridian Biologics Logisti HQ,2532 Harvester Road,San Antonio,35067,True,True,2025-10-03
3337,1586,2,Billing,Everfield Laboratories Log HQ,5386 Vine Street,Atlanta,38734,True,True,2025-11-16
3338,1586,7,Production Site,Everfield Laboratories Log DC,2021 Ridgeview Road,Toronto,74619,False,False,2024-12-17
3339,1587,9,Billing,Harbor Foods Logistics HQ,4297 Vine Street,Leeds,L4 4A,True,True,2025-05-29
3340,1587,9,Production Site,Harbor Foods Logistics DC,5163 Vine Street,Bristol,SE6 8D,False,True,
3341,1587,9,Returns,Harbor Foods Logistics Plant,61 Station Road,Leeds,L8 4B,False,True,2025-10-23
3342,1588,9,Billing,Bluevale Pharma Mfg HQ,4922 Vine Street,Leeds,B1 6D,True,True,2024-09-02
3343,1589,6,Billing,Briar Floral Logistics Dis HQ,3582 Station Road,Austin,78227,True,False,2024-11-23
3344,1589,6,Cross-Dock,Briar Floral Logistics Dis DC,2109 Vine Street,San Antonio,35687,False,True,2025-07-09
3345,1589,6,Delivery,Briar Floral Logistics Dis Plant,3730 Vine Street,Dallas,73072,False,True,2024-12-12
3346,1589,6,Cross-Dock,Briar Floral Logistics Dis Annex,8012 Juniper Avenue,Houston,16189,False,True,2024-02-28
3347,1590,1,Billing,Helix Biologics Logistics HQ,8987 Harvester Road,Boston,58105,True,True,
3348,1590,1,Delivery,Helix Biologics Logistics DC,1588 Ridgeview Road,Hartford,54592,False,True,2023-11-20
3349,1590,4,Production Site,Helix Biologics Logistics Plant,4645 Harvester Road,Denver,29158,False,True,2024-03-05
3350,1591,8,Billing,Riverbend Floral Logistics HQ,6013 Vine Street,Sherbrooke,62391,True,True,2024-05-02
3351,1591,8,Returns,Riverbend Floral Logistics DC,5576 Marlow Parkway,Sherbrooke,35672,False,True,2024-09-09
3352,1591,5,Delivery,Riverbend Floral Logistics Plant,6526 Canal Street,Los Angeles,25876,False,True,2026-01-04
3353,1592,6,Billing,Meridian Specialty Produce HQ,5510 Harvester Road,Dallas,12716,True,True,2024-12-29
3354,1592,10,Cross-Dock,Meridian Specialty Produce DC,4606 Marlow Parkway,Cologne,B7 7C,False,True,2024-01-14
3355,1592,10,Cross-Dock,Meridian Specialty Produce Plant,1450 Market Row,Cologne,M7 4B,False,True,2024-03-09
3356,1592,10,Delivery,Meridian Specialty Produce Annex,4895 Mill Lane, Berlin,M3 3A,False,True,2025-05-28
3357,1593,4,Billing,Everfield Floral Logistics HQ,3552 Canal Street,Denver,39251,True,True,2023-01-25
3358,1594,4,Billing, Cedar Beverage Manufactur HQ,6811 Mill Lane,Denver,87245,True,True,2024-04-16
3359,1595,6,Billing,meridian nutrition holding HQ,936 Juniper Avenue,San Antonio,87113,True,True,2025-04-27
3360,1595,6,Cross-Dock,meridian nutrition holding DC,8481 Marlow Parkway,houston,56539,False,True,2025-08-27
3361,1596,6,Billing,Riverbend Specialty Produc HQ,427 Juniper Avenue,Dallas,11618,True,True,2025-02-20
3362,1596,6,Returns,Riverbend Specialty Produc DC,2228 Market Row,Austin,58522,False,True,2023-07-14
3363,1597,5,Billing,Trinity Ingredients Foods HQ,7185 Crescent Drive,Seattle,88284,True,True,2024-03-27
3364,1597,6,Returns,Trinity Ingredients Foods DC,1994 Crescent Drive,Houston,17825,False,True,2023-06-13
3365,1597,5,Production Site,Trinity Ingredients Foods Plant,3299 Dockside Lane,Los Angeles,12220,False,True,
3366,1598,1,Billing,Lantern Foods Co-op HQ,5959 Market Row,Hartford,89307,True,True,2026-03-08
3367,1599,3,Billing,Riverbend Biologics Group HQ,7886 Canal Street,Chicago,36501,True,True,2026-03-19
3368,1599,3,Production Site,Riverbend Biologics Group DC,3733 Canal Street,Detroit,29164,False,True,2025-06-06
3369,1599,3,Production Site,Riverbend Biologics Group Plant,3423 Harvester Road,Minneapolis,23862,False,True,2023-08-07
3370,1600,6,Billing,Meridian Floral Logistics  HQ,2028 Crescent Drive,Austin,80651,True,True,
3371,1601,7,Billing,Helix Ingredients Co-op HQ,1070 Dockside Lane,Ottawa,76250,True,True,2026-02-08
3372,1601,3,Cross-Dock,Helix Ingredients Co-op DC,6741 Ridgeview Road, Chicago,13518,False,True,2023-12-10
3373,1601,8,Returns,Helix Ingredients Co-op Plant,1091 Foundry Way,Montreal,71389,False,True,2023-10-05
3374,1602,1,Billing,Pioneer Floral Logistics D HQ,8787 Ridgeview Road,Portland,42689,True,True,2025-10-24
3375,1602,4,Returns,Pioneer Floral Logistics D DC,3311 Ridgeview Road,Denver,79270,False,True,2024-04-10
3376,1603,9,Billing,Forge Pharma Group HQ,486 Ridgeview Road,Manchester,EH5 6D,True,False,2025-03-04
3377,1604,8,Billing,Harbor Cold Foods Supply HQ,5440 Canal Street,Laval,43021,True,True,2023-03-22
3378,1604,6,Cross-Dock,Harbor Cold Foods Supply DC,5409 Marlow Parkway,Houston,81353,False,True,
3379,1605,7,Billing,Aster Cold Foods Distribut HQ,113 Market Row,London,90190,True,True,2025-04-08
3380,1606,9,Billing,Brightwell Foods Holdings HQ,5315 Mill Lane,Leeds,SE8 8B,True,True,2025-08-28
3381,1606,3,Delivery,Brightwell Foods Holdings DC,2729 Vine Street,Chicago,87555,False,True,2025-10-30
3382,1606,9,Production Site,Brightwell Foods Holdings Plant,7356 Marlow Parkway,Manchester,EH8 7A,False,True,
3383,1606,9,Production Site,Brightwell Foods Holdings Annex,9839 Marlow Parkway,London,M6 2A,False,True,2024-06-12
3384,1607,2,Billing,Pioneer Seafood Supply HQ,5304 Dockside Lane,Atlanta,90431,True,True,2025-06-24
3385,1608,7,Billing,Crown Biologics Distributi HQ,7730 Dockside Lane,Toronto,62331,True,True,2024-02-06
3386,1609,6,Billing,Brightwell Ingredients Co- HQ,8846 Juniper Avenue,San Antonio,52356,True,True,
3387,1609,6,Delivery,Brightwell Ingredients Co- DC,1256 Ridgeview Road,Dallas,90412,False,True,2023-07-12
3388,1610,10,Billing,Pioneer Foods Logistics HQ,2697 Vine Street,Muncih,B4 3B,True,True,2025-07-09
3389,1610,10,Cross-Dock,Pioneer Foods Logistics DC,4207 Station Road,Hamburg,SE6 6B,False,True,2025-07-18
3390,1611,4,Billing,cardinal seafood foods HQ,9203 Juniper Avenue,Las Vegas,55916,True,True,2025-06-16
3391,1611,4,Cross-Dock,cardinal seafood foods DC,4343 Ridgeview Road,Albuquerque,86176,False,True,2023-07-20
3392,1611,4,Delivery,cardinal seafood foods Plant,812 Station Road,DENVER,85715,False,False,2023-05-05
3393,1612,4,Billing,Cobalt Specialty Produce P HQ,5106 Mill Lane,Las Vegas,74057,True,True,
3394,1612,7,Delivery,Cobalt Specialty Produce P DC,5731 Ridgeview Road,Ottawa,39480,False,True,2026-02-14
3395,1613,5,Billing,Granite Biologics Distribu HQ,4500 Ridgeview Road,Seattle,15084,True,True,2023-11-07
3396,1613,10,Returns,Granite Biologics Distribu DC,3839 Ridgeview Road,Berlin,M2 7B,False,True,2023-06-12
3397,1614,11,Billing,Summit Pharma Mfg HQ,8074 Vine Street,Utrecht,SE2 5A,True,True,
3398,1614,4,Cross-Dock,Summit Pharma Mfg DC,7135 Foundry Way,Albuquerque,26372,False,True,2025-07-16
3399,1614,11,Cross-Dock,summit pharma mfg plant,1381 Ridgeview Road,Rotterdam,L2 4B,False,True,2023-05-25
3400,1615,9,Billing,Trinity Specialty Produce  HQ,1745 Ridgeview Road,MANCHESTER,B5 7C,True,True,2025-10-16
3401,1615,1,Delivery,Trinity Specialty Produce  DC,3178 Station Road,Portland,26769,False,True,2025-12-25
3402,1616,9,Billing,Cedar Meal Systems Group HQ,8934 Station Road,Manchester,B8 4B,True,True,2023-07-12
3403,1616,9,Returns,Cedar Meal Systems Group DC,6615 Juniper Avenue,London,M4 8B,False,True,2025-01-06
3404,1617,9,Billing,Helix Meal Systems Co-op HQ,5089 Marlow Parkway,London,L5 6B,True,True,2025-03-16
3405,1618,1,Billing,vantage cold foods logisti hq,1105 Vine Street,Boston,54656,True,True,
3406,1618,4,Production Site,Vantage Cold Foods Logisti DC,4657 Market Row,Albuquerque,90552,False,True,2026-01-08
3407,1619,3,Billing,Brightwell Laboratories Ho HQ ,1363 Dockside Lane,Chicago,85216,True,False,2025-02-18
3408,1619,3,Production Site,Brightwell Laboratories Ho DC,1767 Mill Lane,Columbus,17257,False,True,2024-11-06
3409,1620,5,Billing,Granite Foods Foods HQ,5697 Crescent Drive,Seattle,71392,True,True,2026-01-12
3410,1620,1,Production Site,Granite Foods Foods DC,8499 Mill Lane,Portland,36151,False,True,2025-02-17
3411,1620,5,Returns,Granite Foods Foods Plant,3988 Foundry Way,Seattle,26623,False,True,
3412,1621,4,Billing,Trinity Pet Nutrition Logi HQ,7242 Crescent Drive,Albuquerque,99132,True,True,2023-10-13
3413,1621,5,Delivery,Trinity Pet Nutrition Logi DC,8197 Foundry Way,Seattle,93395,False,True,2025-04-20
3414,1622,3,Billing,Summit Laboratories Logist HQ,5653 Marlow Parkway,Detroit,98118,True,True,2023-04-11
3415,1622,11,Returns,Summit Laboratories Logist DC,1115 Market Row,Eindhoven,M8 6A,False,True,2025-01-17
3416,1622,11,Production Site,Summit Laboratories Logist Plant,4329 Ridgeview Road,Amsterdam,EH7 2A,False,True,2025-09-20
3417,1622,11,Returns,Summit Laboratories Logist Annex,2054 Marlow Parkway,Utrecht,B3 5D,False,False,2025-08-14
3418,1623,10,Billing,Lakeside Specialty Produce HQ,9461 Dockside Lane,Cologne,B5 2B,True,True,2023-05-08
3419,1624,4,Billing,Harbor Laboratories Partne HQ,7589 Harvester Road,Phoenix,35336,True,True,2025-06-18
3420,1625,4,Billing,Lakeside Pet Nutrition Log HQ,2751 Vine Street,Albuquerque,51055,True,True,2023-03-02
3421,1625,5,Production Site,Lakeside Pet Nutrition Log DC,2322 Vine Street,Los Angeles,54179,False,True,2025-02-24
3422,1626,9,Billing,Meridian Seafood Manufactu HQ,4528 Market Row,Bristol,EH2 1D,True,True,2025-11-18
3423,1627,4,Billing,Cobalt Biologics Foods HQ,6273 Canal Street,Las Vegas,41880,True,True,2023-07-26
3424,1627,4,Delivery,Cobalt Biologics Foods DC,2475 Dockside Lane,Denver,30726,False,True,2024-04-29
3425,1628,11,Billing,Crown Floral Logistics Co- HQ,4697 Mill Lane,Utrecht,M4 3A,True,True,2023-01-14
3426,1629,8,Billing,OAKMONT LABORATORIES FOODS HQ,7471 Dockside Lane,Montreal,11071,True,True,2023-03-15
3427,1629,11,Production Site,OAKMONT LABORATORIES FOODS DC,8534 Marlow Parkway,Rotterdam,SE7 6A,False,True,2023-09-07
3428,1630,8,Billing,Orchard Dairy Labs HQ,2464 Crescent Drive,Laval,59102,True,True,2025-07-11
3429,1631,10,Billing,Mosaic Ingredients Supply HQ ,5373 Crescent Drive,Cologne,M4 1C,True,True,2023-06-04
3430,1631,10,Cross-Dock,Mosaic Ingredients Supply DC,5017 Harvester Road,Hamburg,SE4 3B,False,True,2023-03-07
3431,1631,10,Cross-Dock,Mosaic Ingredients Supply Plant,1807 Station Road,Cologne,M7 7C,False,True,2023-08-15
3432,1632,11,Billing,Cardinal Pharma Group HQ,3895 Mill Lane,Utrecht,B6 9D,True,True,2023-11-06
3433,1632,4,Delivery,Cardinal Pharma Group DC,5117 Juniper Avenue,Phoenix,26634,False,True,2024-12-11
3434,1633,2,Billing,Helix Pet Nutrition Distri HQ,9256 Crescent Drive,Nashville,26868,True,True,2023-10-28
3435,1633,2,Delivery,Helix Pet Nutrition Ditsri DC,8196 Marlow Parkway,Charlotte,97440,False,True,2023-08-01
3436,1634,2,Billing,Everfield Ingredients Logi HQ,7066 Market Row,Atlanta,98213,True,True,2023-11-10
3437,1634,2,Returns,Everfield Ingredients Logi DC,3365 Market Row,Charlotte,76880,False,True,2025-03-12
3438,1635,11,Billing,Cardinal Nutrition Group HQ,7684 Vine Street,Eindhoven,EH7 8D,True,True,2025-01-29
3439,1635,11,Production Site,Cardinal Nutrition Group DC,2248 Station Road,Utrecht,SE9 5B,False,True,2025-08-16
3440,1635,11,Returns,Cardinal Nutrition Group Plant,9768 Market Row,Utrecht,B4 8D,False,True,2025-02-08
3441,1635,11,Cross-Dock,Cardinal Nutrition Group Annex,1979 Canal Street,Rotterdam,B7 9A,False,True,2023-02-10
3442,1636,1,Billing,Keystone Meal Systems Manu HQ,9746 Station Road,Portland,59636,True,True,2025-08-02
3443,1637,4,Billing,Keystone Meal Systems Labs HQ,4911 Market Row,Phoenix,23688,True,True,2023-09-15
3444,1637,11,Cross-Dock,Keystone Meal Systems Labs DC,1706 Dockside Lane,Eindhoven,SE5 8C,False,True,2024-11-08
3445,1637,4,Delivery,KEYSTONE MEAL SYSTEMS LABS PLANT,2879 Station Road,Denver,33679,False,False,2025-05-10
3446,1637,4,Returns,Keystone Meal Systems Labs Annex,5509 Vine Street,Albuquerque,83313,False,True,2025-08-26
3447,1638,10,Billing,Harbor Nutrition Labs HQ,628 Vine Street,Munich,SE7 7A,True,True,
3448,1638,10,Delivery,Harbro Nutrition Labs DC,4899 Marlow Parkway,Berlin,B9 9A,False,False,2024-06-18
3449,1639,1,Billing,Orchard Pet Nutrition Logi HQ,5923 Ridgeview Road,Boston,98030,True,True,2024-09-06
3450,1639,2,Production Site,Orchard Pet Nutrition Logi DC,4713 Canal Street,Atlanta,79012,False,True,2025-04-11
3451,1639,2,Returns,Orchard Pet Nutrition Logi Plant,1543 Dockside Lane,Atlanta,91662,False,True,2025-10-27
3452,1639,2,Returns,Orchard Pet Nutrition Logi Annex,413 Juniper Avenue,Atlanta,42476,False,True,2025-08-30
3453,1640,7,Billing,Bluevale Meal Systems Food HQ,9041 Ridgeview Road,Toronto,76314,True,True,2025-06-22
3454,1640,7,Delivery,Bluevale Meal Systems Food DC,3769 Juniper Avenue,Ottawa,40203,False,True,2023-12-15
3455,1641,5,Billing,Orchard Laboratories Foods HQ,8571 Mill Lane,San Diego,50896,True,True,2025-12-05
3456,1641,5,Production Site,Orchard Laboratories Foods DC,8450 Dockside Lane,Los Angeles,74964,False,True,2025-11-03
3457,1642,5,Billing,Ardent Specialty Produce H HQ,7069 Marlow Parkway,Oakland,90570,True,True,2024-08-24
3458,1642,5,Cross-Dock,Ardent Specialty Produce H DC,4724 Foundry Way,San Diego,31745,False,True,2026-03-01
3459,1642,5,Delivery,Ardent Specialty Produce H Plant,6336 Crescent Drive,Seattle,75912,False,False,2024-08-16
3460,1643,1,Billing,Everfield Cold Foods Partn HQ,8886 Ridgeview Road,Hartford,39974,True,False,2025-03-29
3461,1643,1,Delivery,Everfield Cold Foods Partn DC,1811 Vine Street,Portland,52796,False,True,2024-01-16
3462,1643,6,Production Site,Everfield Cold Foods Partn Plant,436 Market Row,Houston,55203,False,False,2024-02-03
3463,1643,1,Production Site,Everfield Cold Foods Partn Annex,2066 Vine Street,Newark,93483,False,True,2023-08-17
3464,1644,5,Billing,Summit Cold Foods Supply HQ,6921 Marlow Parkway,Seattle,52626,True,True,2026-02-10
3465,1644,3,Cross-Dock,Summit Cold Foods Supply DC,5571 Station Road,Columbus,54365,False,False,2025-12-15
3466,1645,4,Billing,Lakeside Cold Foods Co-op HQ,5385 Dockside Lane,Las Vegas,62176,True,True,2023-01-10
3467,1645,4,Returns,Lakeside Cold Foods Co-op DC,1176 Station Road,Las Vegas,36777,False,True,2024-05-16
3468,1646,8,Billing,Forge Meal Systems Supply HQ,9518 Foundry Way,Quebec City,98837,True,True,
3469,1647,4,Billing,Cobalt Nutrition Holdings HQ,9884 Ridgeview Road,Las Vegas,93166,True,True,2025-09-27
3470,1647,4,Production Site,Cobalt Nutrition Holdings DC,8790 Station Road,Denver,68095,False,True,2025-10-20
3471,1648,3,Billing,Cardinal Specialty Produce HQ,1213 Juniper Avenue,Detroit,88387,True,True,2025-10-31
3472,1648,3,Returns,Cardinal Specialty Produce DC,7234 Marlow Parkway,Detroit,80077,False,True,2023-06-21
3473,1648,3,Delivery,Cardinal Specialty Produce Plant,4223 Vine Street,Columbus,62129,False,True,2025-04-01
3474,1648,3,Returns,Cardinal Specialty Produce Annex,174 Canal Street,Detroit,76886,False,True,2025-12-15
3475,1649,10,Billing,Solace Biologics Supply HQ,3917 Juniper Avenue,BERLIN,M5 6C,True,True,2026-01-16
3476,1650,5,Billing,Everfield Foods Labs HQ,3692 Marlow Parkway,San Diego,19674,True,True,2023-10-12
3477,1651,1,Billing,Keystone Meal Systems Co-o HQ,8119 Harvester Road,Newark,18012,True,True,2024-05-29
3478,1652,8,Billing,Granite Cold Foods Foods HQ,174 Vine Street,Montreal,48495,True,True,
3479,1652,8,Cross-Dock,Granite Cold FoodsF oods DC,551 Crescent Drive,Sherbrooke,80763,False,True,2026-03-02
3480,1652,8,Returns,Granite Cold Foods Foods Plant,7488 Marlow Parkway,Montreal,25302,False,True,2025-05-19
3481,1652,8,Delivery,Granite Cold Foods Foods Annex,3844 Marlow Parkway,Quebec City,91700,False,True,2023-07-14
3482,1653,6,Billing,Orchard Floral Logistics G HQ,779 Juniper Avenue,Austin,26859,True,True,2023-01-19
3483,1654,1,Billing,Ardent Meal Systems Distri HQ,3089 Crescent Drive,Portland,99577,True,True,2024-06-09
3484,1654,1,Returns,Ardent Meal Systems Distri DC,9727 Vine Street,Newark,89392,False,True,2025-12-23
3485,1654,1,Delivery,Ardent Meal Systems Distri Plant,7253 Mill Lane,Hartford,79406,False,True,2025-04-13
3486,1655,5,Billing,Cobalt Dairy Partners HQ,2761 Foundry Way,Seattle,54677,True,True,2023-06-01
3487,1656,11,Billing,Briar Specialty Produce Di HQ,3337 Juniper Avenue,Amsterdam,M6 4B,True,True,2025-10-03
3488,1657,3,Billing,Westline Seafood Distribut HQ,3384 Canal Street,Detroit,88408,True,True,2025-05-11
3489,1657,3,Cross-Dock,Westline Seafood Distribut DC,5772 Dockside Lane,Columbus,18230,False,False,2025-04-02
3490,1658,2,Billing,COBALT DAIRY PARTNERS HQ,6411 Foundry Way,Charlotte,17506,True,True,2025-12-31
3491,1658,2,Delivery,COBALT DAIRY PARTNERS DC,347 Market Row,Charlotte,15201,False,True,2024-10-06
3492,1658,2,Returns,COBALT DAIRY PARTNERS Plant,4854 Juniper Avenue,Orlando,22096,False,True,2023-09-26
3493,1658,2,Delivery,COBALT DAIRY PARTNERS Annex,8641 Dockside Lane,Orlando,42345,False,True,2024-07-26
3494,1659,5,Billing,Oakmont Biologics Holdings HQ,6606 Juniper Avenue,Los Angeles,71728,True,True,2025-10-03
3495,1659,5,Production Site,Oakmont Biologics Holdings DC,6276 Station Road,Seattle,93259,False,True,2024-03-04
3496,1659,5,Cross-Dock, Oakmont Biologics Holdings Plant,5328 Dockside Lane,Seattle,72922,False,True,2025-10-19
3497,1660,8,Billing,Cardinal Pet Nutrition Par HQ,5383 Market Row,Sherbrooke,19035,True,True,2024-07-26
3498,1661,10,Billing,Everfield Dairy Logistics HQ,7342 Dockside Lane,Hamburg,SE3 9C,True,True,2025-04-09
3499,1662,8,Billing,Helix Meal Systems Group HQ,1784 Station Road,Laval,68834,True,True,2025-12-29
3500,1662,8,Production Site,Helix Meal Systems Group DC,5532 Ridgeview Road,montreal,25102,False,True,2023-08-02
3501,1662,8,Production Site,Helix Meal Systems Group Plant,1109 Juniper Avenue,Sherbrooke,36236,False,True,2023-08-04
3502,1663,1,Billing,Meridian Meal Systems Labs HQ,9448 Canal Street,Newark,13148,True,True,2023-03-17
3503,1663,1,Returns,Meridian Meal Systems Labs DC,4614 Mill Lane,Portland,89511,False,True,2023-10-05
3504,1663,1,Cross-Dock,Meridian Meal Systems Labs Plant,9919 Market Row,Boston,17185,False,True,2025-08-16
3505,1663,1,Cross-Dock,Meridian Meal Systems Labs Annex,8159 Vine Street,BOSTON,18055,False,True,2025-01-20
3506,1664,2,Billing,Granite Pet Nutrition Supp HQ,644 Ridgeview Road,Nashville,93096,True,True,2026-03-19
3507,1664,2,Production Site,Granite Pet Nutrition Supp DC,5201 Foundry Way,Orlando,12548,False,True,2026-01-13
3508,1665,9,Billing,Bluevale Pet Nutrition Sup HQ,8936 Dockside Lane,London,L4 8B,True,True,2023-07-08
3509,1665,7,Delivery,Bluevale Pet Nutrition Sup DC,5995 Canal Street,Ottawa,84037,False,True,2024-11-04
3510,1666,6,Billing,Meridian Cold Foods Dist. HQ,8015 Ridgeview Road,San Antonio,49987,True,True,
3511,1666,2,Returns,Meridian Cold Foods Dist. DC,7977 Harvester Road,Nashville,84914,False,True,2023-03-12
3512,1667,3,Billing,Summit Pharma Co-op HQ,671 Dockside Lane,Minneapolis,35772,True,True,2024-07-23
3513,1668,8,Billing,VANTAGE FLORAL LOGISTICS P HQ,9143 Ridgeview Road,Montreal,63051,True,True,2026-01-07
3514,1669,9,Billing,Meridian Dairy Foods HQ,8699 Station Road,Leeds,M1 1D,True,True,2026-01-12
3515,1669,9,Delivery,Meridian Dairy Foods DC,6239 Canal Street,leeds,M3 5D,False,True,2025-08-08
3516,1670,8,Billing,Helix Meal Systems Logisti HQ,704 Crescent Drive,Quebec City,48983,True,True,2024-04-17
3517,1670,8,Production Site,Helix Meal Systems Logisti DC,3300 Crescent Drive,Montreal,99416,False,False,2025-07-14
3518,1671,10,Billing,Bluevale Cold Foods Manufa HQ,4508 Dockside Lane,Berlin,EH6 4B,True,True,2023-09-04
3519,1671,10,Returns,Bluevale Cold Foods Manufa DC,6584 Crescent Drive,Munich,M3 2D,False,True,2025-11-20
3520,1671,10,Returns,Bluevale Cold Foods Manufa Plant,22 Mill Lane,Cologne,M9 4A,False,False,2024-11-20
3521,1672,1,Billing,Cedar Floral Logistics Foo HQ,8389 Ridgeview Road,Hartford,70674,True,True,2023-02-14
3522,1672,1,Returns,Cedar Floral Logistics Foo DC,8918 Harvester Road,Hartford,87308,False,True,2023-05-30
3523,1672,1,Production Site,Cedar Floral Logistics Foo Plant,3088 Dockside Lane,Portland,78980,False,True,2023-01-30
3524,1673,10,Billing,Harbor Foods Supply HQ,6390 Harvester Road,Hamburg,M9 5C,True,True,2023-10-06
3525,1673,10,Cross-Dock,Harbor Foods Supply DC,164 Mill Lane,Munich,B7 2A,False,True,2025-08-15
3526,1673,10,Delivery,Harbor Foods Supply Plant,7503 Foundry Way,Cologne,M3 1B,False,True,2024-09-18
3527,1674,9,Billing,Aster Meal Systems Logisti HQ,7512 Canal Street,London,B8 9C,True,True,2023-08-12
3528,1675,3,Billing,Brightwell Biologics Group HQ,3656 Canal Street,Minneapolis,17146,True,True,2023-03-18
3529,1675,3,Production Site,Brightwell Biologics Group DC,1833 Mill Lane,Columbus,95569,False,True,2023-09-10
3530,1675,3,Production Site,Brightwell Biologics Group Plant,9502 Crescent Drive,Columbus,73877,False,True,2024-02-11
3531,1675,3,Production Site,Brightwell Biologics Group Annex,7714 Juniper Avenue,Chicago,54583,False,True,2025-11-09
3532,1676,10,Billing,Everfield Dairy Co-op HQ,3687 Canal Street,Berlin,B8 2A,True,True,2024-11-05
3533,1676,10,Cross-Dock,Everfield Dairy Co-op DC,2746 Mill Lane,Hamburg,L5 3C,False,True,2024-04-28
3534,1676,6,Returns,Everfield Dairy Co-op Plant ,1098 Vine Street,Houston,89814,False,True,2023-01-02
3535,1677,8,Billing,Forge Specialty Produce Ho HQ,5105 Ridgeview Road,Montreal,57522,True,True,2024-06-25
3536,1677,8,Production Site, Forge Specialty Produce Ho DC,2061 Harvester Road,Laval,35420,False,True,2025-05-13
3537,1677,8,Cross-Dock,Forge Specialty Produce Ho Plant,8598 Canal Street,Quebec City,33917,False,True,2023-08-12
3538,1677,8,Production Site,Forge Specialty Produce Ho Annex,5435 Market Row,Montreal,84739,False,True,2024-02-08
3539,1678,4,Billing,Bluevale Dairy Logistics HQ,188 Marlow Parkway,Denver,77890,True,True,2024-07-16
3540,1678,3,Returns,Bluevale Dairy Logistics DC,4117 Ridgeview Road,Minneapolis,24757,False,True,2025-09-10
3541,1679,4,Billing,Meridian Nutrition Manufac HQ,5987 Mill Lane,Phoenix,93505,True,True,2023-10-26
3542,1679,8,Delivery,Meridian Nutrition Manufac DC,8716 Mill Lane,Laval,53503,False,True,2023-03-29
3543,1680,5,Billing,Everfield Foods Foods HQ,4240 Harvester Road,San Diego,10467,True,True,2025-05-05
3544,1680,5,Cross-Dock,Everfield Foods Foods DC,2662 Vine Street,Seattle,44694,False,True,2024-06-05
3545,1681,11,Billing,Briar Specialty Produce Co HQ,2206 Station Road,Utrecht,EH9 3B,True,True,2026-01-17
3546,1682,3,Billing,Helix Specialty Produce La HQ,5688 Dockside Lane,Minneapolis,85700,True,True,2024-08-08
3547,1682,3,Delivery,Helix Specialty Produce La DC,2062 Station Road,Chicago,88757,False,True,2024-01-28
3548,1682,3,Delivery,Helix Specialty Produce La Plant,9863 Station Road,Detroit,67178,False,True,
3549,1683,11,Billing,Lakeside Beverage Distribu HQ,9769 Mill Lane,Utrecht,SE5 2A,True,False,2023-09-01
3550,1684,3,Billing,Everfield Meal Systems Dis HQ ,8440 Juniper Avenue,Detroit,79770,True,True,2025-12-28
3551,1684,5,Returns,Everfield Meal Systems Dis DC,3683 Ridgeview Road,San Diego,86120,False,True,
3552,1684,3,Delivery,Everfield Meal Systems Dis Plant,6669 Station Road,Detroit,11049,False,True,2024-12-09
3553,1685,4,Billing,Trinity Laboratories Manuf HQ,8839 Canal Street,Denver,65868,True,True,2025-02-10
3554,1685,4,Cross-Dock,Trinity Laboratories Manuf DC,6024 Station Road,Albuquerque,21765,False,True,
3555,1685,4,Delivery,Trinity Laboratories Manuf Plant,9863 Foundry Way,Las Vegas,36379,False,True,2024-11-11
3556,1686,2,Billing,Briar Dairy Holdings  HQ,2879 Juniper Avenue,Charlotte,54396,True,True,2023-02-08
3557,1687,11,Billing,Harbor Beverage Group HQ,5615 Dockside Lane,Amsterdam,L1 1B,True,True,2024-07-24
3558,1687,11,Cross-Dock,Harbor Beverage Group DC,5139 Marlow Parkway,Eindhoven,SE7 8B,False,True,2023-09-01
3559,1688,6,Billing,Harbor Specialty Produce M HQ,7604 Harvester Road,San Antonio,61587,True,True,2025-05-31
3560,1688,8,Returns,Harbor Specialty Produce M DC,5490 Canal Street,Laval,27961,False,True,2023-02-17
3561,1689,1,Billing,Briar Cold Foods Co-op HQ,814 Ridgeview Road,Portland,47628,True,True,2025-06-14
3562,1690,6,Billing,Ardent Seafood Supply HQ,225 Crescent Drive,Dallas,19495,True,True,2024-09-19
3563,1690,9,Returns,Ardent Seafood Supply DC,7768 Crescent Drive,London,L1 3D,False,True,2024-08-18
3564,1690,6,Cross-Dock,Ardent Seafood Supply Plant,2144 Juniper Avenue,Austin,51130,False,True,2025-10-10
3565,1691,10,Billing,Brightwell Meal Systems Pa HQ,2204 Juniper Avenue,Munich,EH4 8C,True,True,2025-06-16
3566,1691,10,Production Site,Brightwell Meal Systems Pa DC,56 Mill Lane,Munich,L4 7A,False,True,
3567,1691,10,Cross-Dock,Brightwell Meal Systems Pa Plant,4997 Station Road,Hamburg,B8 5C,False,True,2025-01-28
3568,1692,4,Billing,Everfield Pharma Distribut HQ,9579 Foundry Way,Albuquerque,44457,True,True,2025-01-11
3569,1692,4,Delivery,Everfield Pharma Distribut DC,638 Juniper Avenue,Denver,45932,False,False,2024-08-07
3570,1692,4,Returns,Everfield Pharma Distribut Plant,2179 Market Row,Albuquerque,37108,False,True,2026-01-26
3571,1693,1,Billing,Meridian Nutrition Foods HQ,2988 Ridgeview Road,Newark,25630,True,True,2024-06-26
3572,1693,1,Production Site,Meridian Nutrition Foods DC,9306 Station Road,Portland,50068,False,True,2025-03-22
3573,1694,9,Billing,Granite hParma Co-op HQ,576 Dockside Lane,Leeds,B6 4C,True,True,2024-09-09
3574,1694,9,Delivery,Granite hParma Co-op DC,1095 Canal Street,London,EH7 1D,False,True,2024-07-13
3575,1695,7,Billing,Mosaic Seafood Co-op HQ,5857 Harvester Road,Toronto,54827,True,True,2024-03-20
3576,1695,7,Cross-Dock,Mosaic Seafood Co-op DC,996 Canal Street,London,58294,False,True,2024-11-04
3577,1695,7,Returns,Mosaic Seafood Co-op Plant,2443 Harvester Road,Ottawa,60587,False,True,2026-01-13
3578,1696,3,Billing,Vantage Biologics Supply HQ,1486 Marlow Parkway,Columbus,94246,True,True,2023-06-07
3579,1696,3,Production Site,Vantage Biologics Supply DC,2625 Foundry Way,Columbus,93968,False,True,2025-08-08
3580,1697,8,Billing,Ardent Meal Systems Supply HQ,2135 Ridgeview Road,SHERBROOKE,40939,True,True,
3581,1698,1,Billing,Aster Biologics Distributi HQ,6675 Crescent Drive,Newark,77798,True,True,2024-09-25
3582,1698,3,Delivery,Aster Biologics Distributi DC,7932 Station Road,Minneapolis,65639,False,True,2025-05-16
3583,1698,3,Returns,Aster Biologics Distributi Plant,8609 Foundry Way,Minneapolis,42225,False,True,2025-05-17
3584,1699,1,Billing,Lakeside Pharma Group HQ,3339 Canal Street,Boston,88006,True,True,2025-01-21
3585,1700,2,Billing,Westline Cold Foods Group HQ,5730 Foundry Way,Nashville,26329,True,True,2023-01-08
3586,1700,2,Returns,Westline Cold Foods Group DC,4481 Vine Street,Nashville,26907,False,True,2024-02-20
3587,1700,2,Cross-Dock,Westline Cold Foods Group Plant,64 Harvester Road,Charlotte,29410,False,True,2025-10-18
3588,1701,5,Billing,Riverbend Beverage Logisti HQ,5417 Foundry Way,Los Angeles,69518,True,True,
3589,1701,5,Returns,Riverbend Beverage Logisti DC,2640 Dockside Lane,San Diego,93940,False,True,2025-09-03
3590,1701,11,Cross-Dock,Riverbend Beverage Logisti Plant,5487 Ridgeview Road,Rotterdam,L7 8A,False,True,2023-07-31
3591,1702,2,Billing,pioneer nutrition distribu HQ,5781 Juniper Avenue,Charlotte,48578,True,True,2025-07-31
3592,1702,2,Production Site,pioneer nutrition distribu DC,2495 Foundry Way,Atlanta,14717,False,False,2023-08-28
3593,1702,3,Delivery,pioneer nutrition distribu Plant,8455 Dockside Lane,Chicago,82496,False,True,2023-11-28
3594,1703,6,Billing,Helix Pharma Group HQ,6748 Ridgeview Road,San Antonio,44709,True,True,2023-11-03
3595,1704,3,Billing,Forge Specialty Produce Pa HQ,7868 Ridgeview Road,Detroit,94288,True,True,2025-01-14
3596,1704,3,Delivery,Forge Specialty Produce Pa DC,928 Marlow Parkway,Chicago,24217,False,True,2025-05-24
3597,1705,4,Billing,Helix Beverage Supply HQ,1330 Harvester Road,Albuquerque,87616,True,False,
3598,1705,4,Cross-Dock,Helix Beverage Supply DC,7223 Juniper Avenue,Phoenix,83317,False,True,2024-09-27
3599,1705,4,Delivery,Helix Beverage Supply Plant,1999 Foundry Way,Denver,52611,False,True,2025-07-13
3600,1705,4,Production Site,Helix Beverage Supply Annex,3211 Market Row,Las Vegas,48722,False,True,2024-04-09
3601,1706,6,Billing,Pioneer Foods Partners HQ,5954 Ridgeview Road,Dallas,33376,True,True,2024-02-01
3602,1706,6,Production Site,Pioneer Foods Partners DC,241 Station Road,San Antonio,83932,False,True,2025-09-25
3603,1707,5,Billing,Crown Ingredients Labs HQ,8097 Market Row,Oakland,89619,True,False,2024-06-23
3604,1707,5,Delivery,Crown Ingredients Labs DC,9694 Station Road,Oakland,68379,False,True,2023-05-15
3605,1708,10,Billing,Helix Pet Nutrition Group HQ,9722 Harvester Road,Munich,EH3 7B,True,True,2023-03-11
3606,1708,10,Delivery,Helix Pet Nutrition Group DC,9822 Foundry Way,Hamburg,L4 6A,False,True,2024-05-24
3607,1708,10,Cross-Dock,Helix Pet Nutrition Group Plant,1365 Marlow Parkway,Cologne,EH7 4A,False,True,2024-01-14
3608,1709,9,Billing,Forge Beverage Labs HQ,3744 Ridgeview Road,Leeds,EH4 6D,True,True,2025-06-23
3609,1710,7,Billing,Harbor Beverage Foods HQ,2710 Foundry Way,Toronto,11370,True,True,2024-05-23
3610,1711,7,Billing,Pioneer Dairy Foods HQ,3758 Mill Lane,Hamilton,58409,True,True,2025-04-29
3611,1711,7,Delivery,Pioneer Dairy Foods DC,1094 Station Road,London,84874,False,True,
3612,1712,6,Billing,Everfield Nutrition Distri HQ,7667 Ridgeview Road,San Antonio,18035,True,True,2025-03-08
3613,1713,7,Billing,Riverbend Pharma Partners HQ,5076 Vine Street,Hamilton,71164,True,True,2024-08-15
3614,1713,7,Production Site,Riverbend Pharma Partners DC,5914 Vine Street,Ottawa,10117,False,False,2024-05-19
3615,1714,2,Billing,Bluevale Beverage Holdings HQ,4632 Mill Lane,Orlando,88088,True,True,2023-12-30
3616,1714,2,Production Site,Bluevale Beverage Holdings DC,4807 Ridgeview Road,Orlando,39213,False,True,2023-04-06
3617,1715,8,Billing,Pioneer Seafood Partners HQ,4767 Crescent Drive,Montreal,31128,True,True,2025-09-16
3618,1715,8,Delivery,Pioneer Seafood Partners DC,4689 Vine Street,Laval,16561,False,True,2024-11-24
3619,1716,8,Billing,Granite Dairy Co-op HQ,6272 Harvester Road,Montreal,83962,True,True,
3620,1716,8,Returns,Granite Dairy Co-op DC,8655 Mill Lane,Laval,92313,False,True,2024-09-23
3621,1716,8,Delivery,Granite Dairy Co-op Plant,1842 Mill Lane,Sherbrooke,17836,False,True,2023-01-01
3622,1717,3,Billing,Harbor Foods Distribution HQ,1056 Ridgeview Road,Columbus ,47582,True,True,2025-09-24
3623,1717,3,Cross-Dock,Harbor Foods Distribution DC,5697 Foundry Way,Chicago,12999,False,True,2023-11-18
3624,1717,3,Cross-Dock,Harbor Foods Distribution Plant,8187 Crescent Drive,Detroit,33322,False,True,2023-05-08
3625,1718,2,Billing,Solace Biologics Supply HQ,1925 Mill Lane,Charlotte,70307,True,True,2023-05-06
3626,1718,2,Delivery,Solace Biologics Supply DC,8895 Station Road,Orlando,43661,False,True,2025-10-04
3627,1719,1,Billing,Vantage Meal Systems Suppl HQ,8204 Foundry Way,Hartford,46732,True,True,
3628,1719,1,Delivery,Vantage Meal Systems Suppl DC,9624 Station Road,Boston,79300,False,True,2023-06-22
3629,1719,1,Cross-Dock,Vantage Meal Systems Suppl Plant,5148 Juniper Avenue,Portland,76291,False,True,
3630,1720,2,Billing,Orchard Cold Foods Holding HQ,7531 Crescent Drive,Atlanta,20366,True,True,2024-03-29
3631,1720,2,Cross-Dock,Orchard Cold Foods Holding DC,7734 Marlow Parkway,Nashville,70104,False,False,2024-05-20
3632,1721,8,Billing,Cardinal Cold Foods Holdin HQ,9069 Crescent Drive,Sherbrooke,81948,True,False,2024-06-01
3633,1721,8,Production Site,Cardinal Cold Foods Holdin DC,7232 Market Row,Montreal,90846,False,True,2023-05-20
3634,1721,8,Cross-Dock,Cardinal Cold Foods Holdin Plant,3952 Juniper Avenue,Montreal,45413,False,True,2023-02-01
3635,1722,3,Billing,Trinit yPet Nutrition Hlod HQ,8018 Station Road,Chicago,74671,True,True,2023-09-22
3636,1723,3,Billing,Briar Seafood Holdings HQ,9500 Ridgeview Road,Detroit,24604,True,True,
3637,1723,3,Returns,Briar Seafood Holdings DC,6316 Ridgeview Road,Chicago,48894,False,True,2025-10-09
3638,1724,5,Billing,Crown Nutrition Distributi HQ,61 Vine Street,Seattle,97722,True,True,2023-03-17
3639,1724,5,Cross-Dock,Crown Nutrition Distributi DC,271 Vine Street,Oakland,89621,False,True,2024-02-05
3640,1724,5,Production Site,Crown Nurtition Distributi Plant,5159 Market Row,San Diego,50812,False,False,
3641,1724,5,Cross-Dock,Crown Nutrition Distributi Annex,1883 Harvester Road, Oakland,16452,False,True,2025-03-15
3642,1725,1,Billing,Mosaic Seafood Labs HQ,7819 Market Row,Newark,43468,True,True,2023-03-20
3643,1725,1,Cross-Dock,Mosaic Seafood Labs DC,9355 Foundry Way,Portland,72823,False,False,2023-01-14
3644,1726,3,Billing,Forge Cold Foods Distribut HQ,4986 Marlow Parkway,Minneapolis,54702,True,True,2025-12-20
3645,1726,3,Cross-Dock,Forge Cold Foods Distribut DC,1544 Canal Street,Detroit,82426,False,True,
3646,1726,3,Cross-Dock,Forge Cold Foods Distribut Plant,2898 Foundry Way,Columbus,15604,False,True,2026-02-26
3647,1727,11,Billing,Meridian Pet Nutrition Co- HQ,8114 Station Road,amsterdam,L1 5A,True,True,
3648,1728,3,Billing,Northwind Pet Nutrition Pa HQ,8761 Market Row,Minneapolis,56102,True,True,2023-06-03
3649,1728,3,Cross-Dock,Northwind Pet Nutrition Pa DC,1714 Mill Lane,Chicago,99181,False,True,2025-03-10
3650,1729,3,Billing,Helix Meal Systems Group HQ,9577 Station Road,Columbus,52379,True,True,2023-03-23
3651,1730,1,Billing,Granite Pet Nutrition Food HQ,2297 Market Row,Portland,89770,True,True,2023-10-17
3652,1731,4,Billing,Summit Foods Holdings HQ,709 Crescent Drive,Phoenix,46021,True,True,2024-06-15
3653,1731,4,Delivery,Summit Foods Holdings DC,6979 Marlow Parkway,Las Vegas,56704,False,True,
3654,1731,4,Returns,Summit Foods Holdings Plant,4156 Juniper Avenue,Las Vegas,24499,False,True,2023-04-03
3655,1732,11,Billing,Granite Pharma Partners HQ,7102 Vine Street,Rotterdam,EH1 3A,True,True,2023-01-14
3656,1733,7,Billing,Ardent Biologics Manufactu HQ,9356 Canal Street,London,63006,True,True,2025-05-13
3657,1733,7,Delivery,Ardent Biologics Manufactu DC,9151 Crescent Drive,Hamilton,75297,False,True,2023-12-24
3658,1733,7,Cross-Dock,Ardent Biologics Manufactu Plant,7665 Market Row,Toronto,65999,False,False,
3659,1734,11,Billing,Forge Laboratories Supply HQ,2059 Canal Street,Eindhoven,EH3 7A,True,True,2026-02-14
3660,1735,4,Billing,Pioneer Beverage Labs  HQ,8354 Foundry Way,Las Vegas,46361,True,False,2025-01-31
3661,1735,4,Returns,Pioneer Beverage Labs  DC ,3480 Station Road,Denver,92631,False,True,2025-11-14
3662,1735,4,Delivery,Pioneer Beverage Labs  Plant,7307 Canal Street,Albuquerque,46103,False,True,2023-07-16
3663,1735,4,Production Site,Pioneer Beverage Labs  Annex,5869 Station Road,Denver,25588,False,True,2024-03-24
3664,1736,8,Billing,Briar Meal Systems Holding HQ,8341 Juniper Avenue,Sherbrooke,72774,True,True,2026-03-24
3665,1736,8,Production Site,Briar Meal Systems Holding DC,1063 Station Road,Laval,76348,False,True,2023-03-05
3666,1736,8,Production Site,briar meal systems holding plant,2353 Vine Street,Laval,11905,False,True,2023-09-27
3667,1737,3,Billing,Harbor Floral Logistics Ho HQ,235 Market Row,Minneapolis,52851,True,True,2025-04-16
3668,1737,3,Delivery,Harbor Floral Logistics Ho DC,5321 Canal Street,Columbus,73594,False,True,2025-07-18
3669,1737,11,Production Site,Harbor Floral Logistics Ho Plant,1194 Marlow Parkway,Rotterdam,M4 7C,False,True,2026-03-13
3670,1738,6,Billing,Crescent Dairy Partners HQ,2302 Dockside Lane,Houston,31988,True,False,2024-08-24
3671,1738,6,Delivery,Crescent Dairy Partners DC,5624 Foundry Way,Austin,42733,False,True,2024-03-01
3672,1738,6,Delivery,Crescent Dairy Partners Plant,8785 Vine Street,Austin,72328,False,True,2023-03-09
3673,1738,6,Delivery,Crescent Dairy Partners Annex,1402 Marlow Parkway,Austin,97938,False,True,2024-05-07
3674,1739,8,Billing,Westline Pharma Labs HQ,5238 Dockside Lane,Montreal,37185,True,True,2025-10-21
3675,1739,8,Production Site,Westline Pharma Labs DC,8192 Crescent Drive,Quebec City,60828,False,True,2024-01-31
3676,1739,8,Delivery,Westline Pharma Labs Plant,2763 Dockside Lane,Montreal,28919,False,True,2025-02-22
3677,1739,8,Production Site,Westline Pharma Labs Annex,7222 Vine Street,Montreal,31529,False,True,2026-02-15
3678,1740,11,Billing,Helix Pharma Distribution HQ,5723 Harvester Road,Rotterdam,B1 3C,True,True,2025-12-03
3679,1740,11,Delivery,Helix Pharma Distribution DC,7328 Market Row,Amsterdam,M1 5D,False,True,2024-03-04
3680,1741,4,Billing,Brightwell Ingredients Co- HQ,2378 Canal Street,Albuquerque,84462,True,True,2025-08-09
3681,1742,6,Billing,Meridian Pharma Holdings HQ,2393 Dockside Lane,Austin,13544,True,True,
3682,1742,6,Returns,Meridian Pahrma Holdings DC,1116 Foundry Way,San Antonio,46222,False,True,2023-04-04
3683,1743,10,Billing,Vantage Pet Nutrition Food HQ,8286 Ridgeview Road,Munich,SE1 1D,True,False,2023-06-28
3684,1743,1,Production Site,Vantage Pet Nutrition Food DC,9345 Vine Street,Boston,28414,False,True,2024-06-29
3685,1743,10,Production Site,Vantage Pet Nutrition Food Plant,1318 Ridgeview Road,Munich,M4 9C,False,True,2023-07-20
3686,1744,2,Billing,Bluevale Pet Nutrition Par HQ,2027 Crescent Drive,Orlando,25907,True,True,2023-02-27
3687,1744,10,Returns,Bluevale Pet Nutrition Par DC,1285 Marlow Parkway,Hamburg,M9 3D,False,True,2025-03-04
3688,1744,2,Delivery,Bluevale Pet Nutrition Par Plant,1294 Mill Lane,Charlotte,65779,False,True,2023-10-16
3689,1745,2,Billing,Riverbend Biologics Labs HQ,2384 Vine Street,Atlanta ,22849,True,False,2023-06-28
3690,1745,2,Production Site,Riverbend Biologics Labs DC,3401 Mill Lane,Nashville,74046,False,True,2023-05-05
3691,1745,2,Returns,Riverbend Biologics Labs Plant,3081 Juniper Avenue,Atlanta,46458,False,True,2024-07-19
3692,1745,2,Delivery,Riverbend Biologics Labs Annex,199 Juniper Avenue,Atlanta,23121,False,False,2026-01-23
3693,1746,1,Billing,Northwind Ingredients Food HQ,6916 Station Road,Newark,42354,True,False,
3694,1746,9,Production Site,Northwind Ingredients Food DC,446 Vine Street,Leeds,SE9 6A,False,False,2024-02-14
3695,1746,1,Returns,Northwind Ingredients Food Plant,1896 Mill Lane,Newark,38342,False,True,2023-09-20
3696,1747,7,Billing,Helix Meal Systems Logisti HQ,5168 Crescent Drive,Ottawa,62265,True,True,2024-01-09
3697,1747,7,Delivery,Helix Meal Systems Logisti DC,7416 Vine Street,Ottawa,90235,False,True,2023-01-28
3698,1747,5,Returns,Helix Meal Systems Logisti Plant,3328 Market Row,Oakland,42519,False,True,2025-10-15
3699,1748,8,Billing,Bluevale Laboratories Labs HQ,4277 Juniper Avenue,Sherbrooke,43054,True,False,2025-08-16
3700,1748,5,Returns,Bluevale Laboratories Labs DC,7554 Canal Street,Los Angeles,89602,False,True,2024-05-12
3701,1749,11,Billing,Crescent Foods Partners HQ,9756 Juniper Avenue,Eindhoven,SE5 4B,True,True,2023-09-06
3702,1749,11,Cross-Dock,Crescent Foods Partners DC,9982 Station Road,Utrecht,EH5 6D,False,True,2025-04-19
3703,1750,3,Billing,Briar Seafood Holdings HQ,3346 Station Road,Chicago,56406,True,True,2025-07-16
3704,1751,10,Billing,Trinity Laboratories Distr HQ,7101 Dockside Lane,Cologne,L1 8C,True,True,2023-05-04
3705,1752,11,Billing,Granite Beverage Co-op HQ,753 Foundry Way,Amsterdam,SE9 4C,True,True,2023-11-04
3706,1752,11,Delivery,Granite Beverage Co-op DC,1851 Crescent Drive,Amsterdam,SE5 4C,False,True,2023-12-17
3707,1753,8,Billing,Granite Ingredients Group HQ,1496 Harvester Road,Montreal,66957,True,True,2025-12-21
3708,1753,11,Returns,Granite Ingredients Group DC,8588 Ridgeview Road,Rotterdam ,L8 3A,False,True,2023-10-27
3709,1754,8,Billing,Lakeside Beverage Holdings HQ,2029 Marlow Parkway,Laval,15878,True,True,2023-12-17
3710,1754,10,Production Site,Lakeside Beverage Holdings DC,9086 Juniper Avenue,Munich,B8 7A,False,False,2025-09-29
3711,1755,11,Billing,Pioneer Nutrition Manufact HQ,2987 Ridgeview Road,Rotterdam,B1 3D,True,True,2024-09-11
3712,1755,11,Cross-Dock,Pioneer Nutrition Manufact DC,7088 Ridgeview Road,Rotterdam,B4 8B,False,True,2024-06-22
3713,1755,5,Returns,Pioneer Nutrition Manufact Plant,2403 Mill Lane,San Diego,43171,False,True,2024-01-18
3714,1756,10,Billing,Cedar Pharma Co-op HQ,9014 Crescent Drive,Hamburg,B3 7A,True,True,2024-12-14
3715,1756,10,Returns,Cedar Pharma Co-op DC,9119 Juniper Avenue,Hamburg,L6 4A,False,True,2024-05-10
3716,1756,10,Returns,Cedar Pharma Co-op Plant,1127 Foundry Way,Cologne,SE8 3D,False,True,
3717,1757,1,Billing,Westline Foods Partners HQ,2416 Crescent Drive,Newark,22997,True,True,
3718,1757,2,Returns,Westline Foods Partners DC,7785 Ridgeview Road,Charlotte,14472,False,True,
3719,1758,5,Billing,Cardinal Cold Foods Partne HQ,1352 Juniper Avenue,Oakland,18783,True,True,2023-10-23
3720,1758,10,Production Site,Cardinal Cold Foods Partne DC,3695 Juniper Avenue,Hamburg,M8 7B,False,True,2024-08-02
3721,1758,5,Delivery,Cardinal Cold Foods Partne Plant,7543 Market Row,Seattle,36400,False,True,2024-11-16
3722,1759,7,Billing,Meridian Beverage Holdings HQ,6455 Mill Lane,Hamilton,19802,True,True,2024-05-08
3723,1760,6,Billing,Keystone Cold Foods Manufa HQ,5892 Vine Street,San Antonio,42919,True,True,2025-12-28
3724,1760,6,Returns,Keystone Cold Food sManufa DC,1974 Harvester Road,San Antonio,67405,False,True,2024-11-30
3725,1760,6,Production Site,Keystone Cold Foods Manufa Plant,6379 Market Row,Dallas,37230,False,True,2025-02-16
3726,1760,6,Delivery,Keystone Cold Foods Manufa Annex,3930 Juniper Avenue,Houston,97470,False,True,2023-07-18
3727,1761,2,Billing,Cedar Pet Nutrition Labs HQ,1051 Ridgeview Road,Charlotte,70897,True,True,2024-02-23
3728,1762,9,Billing,Pioneer Dairy Distribution HQ,6760 Dockside Lane,London,M6 6C,True,False,2023-01-17
3729,1763,1,Billing,Granite Cold Foods Foods HQ,6792 Dockside Lane,Newark,44716,True,True,2025-04-12
3730,1764,6,Billing,Briar Foods Logistics HQ,3878 Foundry Way,Houston,58984,True,True,2026-02-08
3731,1765,1,Billing,Vantage Dairy Supply HQ,4231 Harvester Road,Hartford,35053,True,True,2025-06-29
3732,1765,1,Cross-Dock,Vantage Dairy Supply DC,8940 Foundry Way,Newark,33285,False,False,2025-06-10
3733,1765,5,Production Site, Vantage Dairy Supply Plant,5473 Crescent Drive,Los Angeles,23026,False,True,2023-10-14
3734,1766,7,Billing,Westline Specialty Produce HQ,8976 Juniper Avenue,London,91196,True,True,2026-01-11
3735,1767,8,Billing,Orchard Meal Systems Co-op HQ,9084 Vine Street,Sherbrooke,20888,True,True,2025-10-20
3736,1767,8,Delivery,Orchard Meal Systems Co-op DC,146 Marlow Parkway,Montreal,14944,False,True,2025-09-21
3737,1767,6,Returns,Orchard Meal Systems Co-op Plant,3637 Juniper Avenue,Austin,91977,False,True,2025-11-13
3738,1768,10,Billing,Northwind Specialty Produc HQ,8492 Market Row,Berlin,L6 2D,True,True,2023-10-04
3739,1768,10,Delivery,Northwind Specialty Produc DC,4614 Ridgeview Road,Cologne,SE6 6D,False,True,2023-05-30
3740,1769,1,Billing,Meridian Seafood Partners HQ,2670 Harvester Road,Hartford,74715,True,True,2023-02-21
3741,1770,7,Billing,Westline Cold Foods Group HQ,6790 Market Row,London,30729,True,True,2025-01-20
3742,1771,6,Billing,Orchard Seafood Partners HQ,5004 Vine Street,San Antonio,41559,True,False,2023-11-10
3743,1771,6,Production Site,Orchard Seafood Partners DC,3135 Market Row,San Antonio,97694,False,True,2023-10-28
3744,1772,10,Billing,Cobalt Dairy Logistics HQ,523 Marlow Parkway,Berlin,B7 2D,True,True,2025-11-24
3745,1772,10,Delivery,Cobalt Dairy Logistics DC,795 Mill Lane,Hamburg,EH9 9A,False,True,2025-09-09
3746,1772,10,Delivery,Cobalt Dairy Logistics Plant,9357 Vine Street,Cologne,SE6 8A,False,True,2025-05-23
3747,1773,11,Billing,Vantage Laboratories Logis HQ,3918 Foundry Way,Eindhoven,EH1 5C,True,True,2024-07-09
3748,1774,2,Billing,Mosaic Pet Nutrition Group HQ,4803 Foundry Way,Charlotte,79657,True,True,2026-03-01
3749,1775,8,Billing,Crown Meal Systems Holding HQ,744 Vine Street,Laval,54881,True,True,2024-06-21
3750,1776,5,Billing,Briar Foods Group HQ,3297 Juniper Avenue,Oakland,11324,True,False,2025-03-29
3751,1777,5,Billing,Lakeside Meal Systems Co-o HQ,5025 Juniper Avenue,san diego,69538,True,True,2025-05-13
3752,1777,5,Production Site,Lakeside Meal Systems Co-o DC,3954 Station Road,Seattle,34227,False,True,2023-12-18
3753,1777,5,Production Site,Lakeside Meal Systems Co-o Plant,8924 Foundry Way,Los Angeles,60890,False,True,2023-02-16
3754,1777,6,Delivery,Lakeside Meal Systems Co-o Annex,9426 Station Road,San Antonio,45130,False,True,2023-06-28
3755,1778,5,Billing,Cedar Nutrition Manufactur HQ,5658 Marlow Parkway,San Diego,97680,True,True,2023-07-06
3756,1778,5,Delivery,Cedar Nutrition Manufactur DC,7506 Mill Lane,Los Angeles,40049,False,True,2023-10-10
3757,1778,6,Cross-Dock,Cedar Nutrition Manufactur Plant,8033 Ridgeview Road,Austin,68660,False,True,2024-09-14
3758,1778,5,Production Site,Cedar Nutrition Manufactur Annex,6380 Dockside Lane,Los Angeles,50299,False,True,2023-04-01
3759,1779,5,Billing,Trinity Laboratories Group HQ,4096 Market Row,Oakland,68022,True,True,2023-10-22
3760,1779,5,Production Site,Trinity Laboratories Group DC,8530 Vine Street,Seattle,24853,False,True,2025-01-19
3761,1780,4,Billing,Cardinal Meal Systems Dist HQ,9336 Marlow Parkway,Denver,96984,True,True,2023-10-14
3762,1781,8,Billing,Summit Laboratories Manufa HQ,296 Harvester Road,Sherbrooke,79418,True,True,2023-09-10
3763,1781,8,Delivery,Summit Laboratories Manufa DC,2845 Ridgeview Road,Quebec City,49714,False,True,2023-12-07
3764,1782,7,Billing,Harbor Floral Logistics Gr HQ,689 Vine Street,Toronto,95242,True,True,2023-03-02
3765,1783,1,Billing,GRANITE INGREDIENTS PARTNE HQ,80 Crescent Drive,Portland,18041,True,True,2025-08-23
3766,1783,9,Delivery,Granite Ingredients Partne DC,8109 Juniper Avenue,Bristol,B7 7D,False,True,2024-04-26
3767,1783,9,Delivery,Granite Ingredients Partne Plant,8123 Canal Street,Manchester,L5 9A,False,True,2024-07-05
3768,1784,4,Billing,Oakmont Specialty Produce  HQ,3002 Harvester Road,Las Vegas,54838,True,True,2026-01-27
3769,1784,4,Returns,Oakmont Specialty Produce  DC,8529 Station Road,Denver,53429,False,True,
3770,1785,10,Billing,Meridian Cold Foods Partne HQ,2712 Marlow Parkway,Hamburg,L2 9C,True,True,2023-02-19
3771,1786,10,Billing,Vantage Cold Foods Labs HQ,3155 Market Row,Hamburg,M4 4A,True,True,2024-04-20
3772,1787,2,Billing,Forge Biologics Group HQ,8172 Marlow Parkway,Atlanta,76477,True,True,2025-11-14
3773,1787,2,Cross-Dock,Forge Biologics Group DC,218 Canal Street,Nasvhille,76551,False,True,2023-08-07
3774,1788,4,Billing,Harbor Ingredients Manufac HQ,5266 Marlow Parkway,Phoenix,82823,True,True,2024-08-27
3775,1789,11,Billing,Brightwell Biologics Foods HQ,4870 Mill Lane,Rotterdam,L8 5B,True,True,2025-03-09
3776,1789,8,Cross-Dock,Brightwell Biologics Foods DC,6801 Mill Lane,Montreal,85173,False,True,2024-02-25
3777,1790,2,Billing,Crown Laboratories Co-op HQ ,8478 Mill Lane,Nashville,82652,True,True,2025-07-23
3778,1790,2,Cross-Dock,Crown Laboratories Co-op DC,3475 Vine Street,Charlotte,10075,False,True,2026-02-10
3779,1791,6,Billing,Pioneer Ingredients Holdin HQ,9201 Harvester Road,Dallas,96619,True,True,2026-01-26
3780,1791,6,Cross-Dock,Pioneer Ingredients Holdin DC,4193 Canal Street,Dallas,57260,False,False,2023-04-11
3781,1792,5,Billing,RIVERBEND NUTRITION GROUP HQ,8830 Dockside Lane,Oakland,52689,True,True,2026-01-18
3782,1792,5,Delivery,Riverbend Nutrition Group DC,3896 Dockside Lane,San Diego,38742,False,True,2025-06-26
3783,1792,5,Returns,Riverbend Nutrition Group Plant,4088 Mill Lane,Seattle,79530,False,True,
3784,1793,1,Billing,Everfield Meal Systems Dis HQ,794 Dockside Lane,Portland,62877,True,True,2023-05-13
3785,1793,5,Cross-Dock,Everfield Meal Systems Dis DC,7148 Crescent Drive,Seattle,50062,False,False,2023-07-27
3786,1794,8,Billing,Everfield Meal Systems Co- HQ,3634 Ridgeview Road,Montreal,19843,True,True,2023-06-23
3787,1795,10,Billing,Crescent Dairy Manufacturi HQ,9429 Canal Street,Munich,L5 8C,True,True,2024-02-07
3788,1796,3,Billing,Brightwell Cold Foods Grou HQ,2582 Market Row,Detroit,42153,True,True,2023-08-25
3789,1797,6,Billing,Vantage Beverage Logistics HQ,7754 Market Row,San Antonio,60927,True,True,2024-01-23
3790,1797,6,Cross-Dock,Vantage Beverage Logistics DC,4616 Crescent Drive,San Antonio,79978,False,True,2023-11-21
3791,1798,1,Billing,Lakeside Laboratories Grou HQ,7666 Vine Street,Hartford,75984,True,True,2024-06-26
3792,1798,1,Cross-Dock,Lakeside Laboratories Grou DC,8215 Marlow Parkway,Portland,51075,False,True,2023-09-02
3793,1799,8,Billing,Pioneer Laboratories Labs HQ,4184 Station Road,Laval,73120,True,True,2025-09-24
3794,1800,5,Billing,Riverbend Seafood Foods HQ,5119 Mill Lane,Seattle,73180,True,True,2024-04-06
3795,1800,5,Delivery,Riverbend Seafood Foods DC,3709 Crescent Drive,Seattle,57924,False,True,2024-05-14
3796,1801,11,Billing,granite pharma distributio hq,6292 Vine Street,Rotterdam,B3 7B,True,True,2024-12-27
3797,1801,11,Delivery,Granite Pharma Distributio DC,7277 Dockside Lane,Utrecht,B5 5D,False,True,2025-09-08
3798,1801,11,Delivery,Granite Pharma Distributio Plant,7095 Harvester Road,Rotterdam,SE4 1A,False,True,2025-06-17
3799,1802,6,Billing,Helix Nutrition Group HQ,5549 Harvester Road, Dallas,19702,True,False,
3800,1802,7,Returns,Helix Nutrition Group DC,7768 Canal Street,Ottawa,40343,False,True,2025-04-22
3801,1803,5,Billing,Aster Pharma Partners HQ ,6549 Ridgeview Road,Los Angeles,97298,True,True,2024-09-26
3802,1804,2,Billing,Cobalt Seafood Co-op HQ,9888 Foundry Way,Atlanta,91186,True,True,2024-08-09
3803,1804,2,Returns,Cobalt Seafood Co-op DC,5801 Vine Street,Nashville,12761,False,True,2024-04-10
3804,1805,8,Billing,Everfield Dairy Manufactur HQ,3943 Marlow Parkway,Montreal,52230,True,True,
3805,1805,8,Delivery,Everfield Dairy Manufactur DC,4827 Canal Street,Montreal,68549,False,True,2023-08-26
3806,1806,7,Billing,Cedar Specialty Produce Pa HQ,4135 Dockside Lane,Ottawa,98629,True,True,2025-01-05
3807,1807,2,Billing,Pioneer Floral Logistics H HQ,2085 Canal Street,Orlando,69386,True,False,2024-10-23
3808,1808,4,Billing,Brightwell Pharma Co-op HQ,103 Station Road,Phoenix,53465,True,True,2023-01-07
3809,1809,11,Billing,Forge Laboratories Mfg HQ,4999 Canal Street,Eindhoven,B9 8A,True,True,2023-05-29
3810,1809,11,Cross-Dock,Forge Laboratories Mfg DC,6639 Crescent Drive,Utrecht,M8 2B,False,True,2026-03-01
3811,1809,11,Delivery,Forge Laboratories Mfg Plant,4218 Ridgeview Road,Utrecht,M1 5B,False,True,2025-03-30
3812,1809,11,Cross-Dock,Forge Laboratories Mfg Annex,1418 Foundry Way,Rotterdam,EH3 5C,False,True,2025-01-02
3813,1810,11,Billing,Cobalt Seafood Manufacturi HQ,5566 Foundry Way,Eindhoven ,SE7 8C,True,True,2025-10-10
3814,1810,11,Delivery,Cobalt Seafood Manufacturi DC,4205 Foundry Way,utrecht,EH8 2D,False,True,
3815,1810,11,Production Site,Cobalt Seafood Manufacturi Plant,7643 Marlow Parkway,Eindhoven,B3 8A,False,True,2023-06-26
3816,1810,11,Cross-Dock,Cobalt Seafood Manufacturi Annex,6860 Foundry Way,Rotterdam,L1 3B,False,True,2023-01-29
3817,1811,2,Billing,Orchard Pet Nutrition Food HQ,9600 Vine Street,Atlanta,59787,True,True,2023-12-30
3818,1811,4,Cross-Dock,Orchard Pet Nutrition Food DC,1301 Mill Lane,Las Vegas,34317,False,True,2024-07-11
3819,1811,2,Returns,Orchard Pet Nutrition Food Plant,5818 Marlow Parkway,Orlando,63544,False,True,2024-01-13
3820,1811,11,Delivery,Orchard Pet Nutrition Food Annex,119 Dockside Lane,Rotterdam,M9 4D,False,True,2025-02-05
3821,1812,2,Billing,Westline Pharma Foods HQ,2662 Ridgeview Road,Orlando,85034,True,True,
3822,1813,10,Billing,Orchard Dairy Foods HQ,9854 Mill Lane,Cologne,EH9 1B,True,False,2026-03-26
3823,1813,10,Cross-Dock,Orchard Dairy Foods DC,1468 Crescent Drive,berlin,L6 3D,False,True,2023-12-06
3824,1814,6,Billing,Cardinal Beverage Distribu HQ,4813 Market Row,Austin,75521,True,True,2024-07-21
3825,1814,6,Cross-Dock,Cardinal Beverage Distribu DC,4904 Juniper Avenue,Houston,88528,False,True,
3826,1814,6,Returns,CARDINAL BEVERAGE DISTRIBU PLANT,7079 Crescent Drive,San Antonio,63616,False,True,2024-11-14
3827,1815,6,Billing,Everfield Pharma Partners HQ,2254 Ridgeview Road,Dallas,77321,True,True,2026-03-06
3828,1816,3,Billing,BLUEVALE MEAL SYSTEMS SUPP HQ,1969 Crescent Drive,Detroit,60000,True,True,2025-02-22
3829,1816,3,Returns,BLUEVALE MEAL SYSTEMS SUPP DC,2043 Juniper Avenue,Chicago,58281,False,True,2023-11-28
3830,1816,3,Cross-Dock,BLUEVALE MEAL SYSTEMS SUPP Plant,4536 Market Row,Minneapolis,93776,False,True,2024-02-23
3831,1817,2,Billing,LAKESIDE BEVERAGE HOLDINGS HQ,3140 Vine Street,Atlanta,53137,True,False,2024-08-18
3832,1817,2,Delivery,Lakeside Beverage Holdings DC,8798 Foundry Way,Charlotte,32487,False,True,2023-10-12
3833,1817,2,Returns,Lakeside Beverage Holdings Plant,6301 Dockside Lane,Orlando,47967,False,True,2025-11-26
3834,1817,2,Returns,Lakeside Beverage Holdings Annex,5520 Vine Street,Orlando,78105,False,True,2024-06-16
3835,1818,10,Billing,Lakeside Pet Nutrition Man HQ,5740 Dockside Lane,Munich,M6 4A,True,True,2025-05-06
3836,1818,10,Returns,Lakeside Pet Nutrition Man DC,2897 Juniper Avenue,Berlin,B2 8D,False,True,2025-12-31
3837,1819,7,Billing,Helix Biologics Partners HQ,9195 Mill Lane,Ottawa,94201,True,False,
3838,1819,1,Production Site,Helix Biologics Partners DC,6248 Harvester Road,Portland,46792,False,True,
3839,1819,7,Cross-Dock,Helix Biologics Partners Plant,5588 Vine Street,Toronto,12948,False,True,
3840,1820,9,Billing,Oakmont Specialty Produce  HQ,8560 Juniper Avenue,Leeds,EH7 4B,True,True,2023-08-28
3841,1820,9,Returns,Oakmont Specialty Produce  DC,1090 Canal Street,London,M8 1C,False,True,2024-07-16
3842,1820,9,Cross-Dock,Oakmont Specialty Produce  Plant,8338 Ridgeview Road,Manchester,EH4 4A,False,True,2023-10-19
3843,1821,1,Billing,Cedar Pharma Foods HQ,8219 Vine Street,Boston,36451,True,True,2025-11-12
3844,1821,1,Returns,Cedar Pharma Foods DC,3386 Foundry Way,Hartford,35895,False,True,2023-01-30
3845,1821,1,Cross-Dock,Cedar Pharma Foods Plant,830 Canal Street,Portland,68449,False,True,2023-08-15
3846,1822,2,Billing,Keystone Dairy Co-op HQ,9199 Foundry Way,Orlando,21455,True,True,2024-07-02
3847,1822,2,Production Site,Keystone Dairy Co-op DC,6017 Marlow Parkway,Charlotte,79267,False,True,2024-04-11
3848,1822,2,Returns,Keystone Dairy Co-op Plant,5904 Mill Lane,Orlando,57049,False,True,2024-02-14
3849,1823,6,Billing,Riverbend Pharma Supply HQ,1041 Foundry Way,Austin,40644,True,True,2023-10-25
3850,1824,5,Billing,Oakmont Seafood Group HQ,7063 Market Row,Los Angeles,54021,True,True,2024-04-07
3851,1824,5,Delivery, Oakmont Seafood Group DC,8409 Crescent Drive,Los Angeles,47951,False,True,2023-03-28
3852,1824,5,Cross-Dock,Oakmont Seafood Group Plant,805 Marlow Parkway, Seattle,56993,False,True,2024-11-15
3853,1825,8,Billing,solace laboratories co-op HQ,4639 Ridgeview Road,Laval,68953,True,True,
3854,1825,3,Cross-Dock,solace laboratories co-op DC,6433 Station Road,Detroit,65154,False,True,2023-01-30
3855,1825,10,Delivery,solace laboratories co-op Plant,4271 Ridgeview Road,COLOGNE,L4 5D,False,True,2025-01-20
3856,1825,10,Returns,solace laboratories co-op Annex,7560 Mill Lane,Cologne,SE3 8D,False,True,2024-07-21
3857,1826,1,Billing,Helix Biologics Manufactur HQ,9644 Market Row,Hartford,36225,True,True,2024-12-19
3858,1827,5,Billing,Granite Specialty Produce  HQ,3324 Canal Street,San Diego,23799,True,True,2025-08-17
3859,1827,11,Delivery,Granite Specialty Produce  DC,2996 Vine Street,Eindhoven,SE7 8C,False,False,2024-01-13
3860,1827,11,Cross-Dock,Granite Specialty Produce  Plant,112 Market Row,Utrecht,B7 5A,False,False,2023-10-05
3861,1828,1,Billing,Everfield Dairy Labs HQ,4926 Dockside Lane,Portland,10150,True,True,2025-02-16
3862,1829,7,Billing,Brightwell Biologics Partn HQ,8274 Harvester Road,Toronto,49781,True,True,2026-01-30
3863,1829,6,Production Site,Brightwell Biologics Partn DC,3345 Canal Street,San Antonio,32897,False,True,2024-01-16
3864,1829,6,Returns,Brightwell Biologics Partn Plant,8605 Foundry Way,Austin,37243,False,True,2024-10-22
3865,1830,9,Billing,Ardent Pet Nutrition Foods HQ,2764 Ridgeview Road,Bristol,L7 9D,True,True,2024-10-02
3866,1830,9,Production Site,Ardent Pet Nutrition Foods DC,3261 Dockside Lane,London,EH8 9C,False,True,2025-05-18
3867,1830,9,Cross-Dock,Ardent Pet Nutrition Foods Plant,9479 Dockside Lane,Leeds,B6 3D,False,True,2025-10-30
3868,1831,3,Billing,Helix Floral Logistics Hol HQ,2737 Ridgeview Road,Columbus,92784,True,True,2025-07-19
3869,1831,3,Production Site,Helix Floral Logistics Hol DC,3782 Station Road,Minneapolis,27181,False,True,2023-09-27
3870,1832,4,Billing,Pioneer Specialty Produce  HQ,2806 Harvester Road,Denver,98810,True,True,2024-06-19
3871,1833,10,Billing,Keystone Specialty Produce HQ,1612 Marlow Parkway,Berlin,EH3 1B,True,True,2025-07-29
3872,1833,10,Delivery,Keystone Specialty Produce DC,4125 Vine Street,Cologne,L2 9D,False,False,2025-12-09
3873,1834,6,Billing,Cardinal Ingredients Manuf HQ,8846 Canal Street,Dallas,96387,True,True,2025-08-26
3874,1834,6,Production Site,Cardinal Ingredients Manuf DC,6100 Vine Street,San Antonio,43252,False,True,2023-10-20
3875,1835,4,Billing,Crescent Laboratories Supp HQ,6833 Station Road,Albuquerque,35439,True,True,2025-04-15
3876,1836,8,Billing,Mosaic Nutrition Foods HQ,360 Station Road,Quebec City,70362,True,True,2023-12-25
3877,1836,8,Production Site,Mosaic Nutrition Foods DC,5063 Market Row,Montreal,84290,False,True,2023-07-04
3878,1836,8,Returns,Mosaic Nutrition Foods Plant,520 Crescent Drive,Montreal,52859,False,True,2023-07-16
3879,1836,10,Production Site,Mosaic Nutrition Foods Annex,1946 Ridgeview Road,Cologne,L3 4A,False,True,2024-12-14
3880,1837,5,Billing, Cobalt Foods Logistics HQ,9465 Dockside Lane,Los Angeles,22363,True,True,2025-09-13
3881,1837,1,Cross-Dock, Cobalt Foods Logistics DC,2021 Market Row,Newark,97691,False,True,2024-02-17
3882,1837,5,Production Site, Cobalt Foods Logistics Plant,1942 Vine Street,San Diego,80230,False,True,2025-03-22
3883,1838,5,Billing,Solace Pharma Labs HQ,1184 Crescent Drive,Los Angeles,42437,True,True,
3884,1838,4,Cross-Dock,Solace Pharma Labs DC,4608 Ridgeview Road,Phoenix,21845,False,True,2023-03-20
3885,1838,5,Production Site,Solace Pharma Labs Plant,7402 Market Row,San Diego,86792,False,False,2023-09-06
3886,1839,7,Billing,Cardinal Floral Logistics  HQ,7494 Mill Lane,Toronto,21977,True,True,2024-03-10
3887,1840,9,Billing,Everfield Cold Foods Group HQ ,9144 Market Row,London,M7 5B,True,True,2024-05-30
3888,1840,9,Cross-Dock,Everfield Cold Foods Group DC,2560 Vine Street,London,M8 9C,False,True,2024-05-29
3889,1841,11,Billing,Cardinal Cold Foods Holdin HQ,3032 Mill Lane,EINDHOVEN,L3 6A,True,True,
3890,1841,11,Delivery,Cardinal Cold Foods Holdin DC,3311 Vine Street,Utrecht,EH4 8C,False,True,2025-10-31
3891,1841,11,Cross-Dock,Cardinal Cold Foods Holdin Plant,4791 Marlow Parkway,Eindhoven,L2 2A,False,True,2024-01-21
3892,1841,1,Production Site,CARDINAL COLD FOODS HOLDIN ANNEX,2467 Crescent Drive,Boston ,48376,False,True,2025-12-10
3893,1842,6,Billing,Cobalt Pharma Group HQ,1521 Marlow Parkway,Dallas,13035,True,True,2024-07-31
3894,1843,10,Billing,Trinity Specialty Produce  HQ,8999 Juniper Avenue,Berlin,M5 6D,True,True,2025-11-22
3895,1843,10,Production Site,Trinity Specialty Produce  DC,7141 Foundry Way,Munich,B1 5D,False,True,
3896,1843,10,Returns,Trinity Specialty Produce  Plant,1813 Juniper Avenue,Munich,EH9 6B,False,False,2025-10-29
3897,1844,9,Billing,Meridian Seafood Group HQ,4921 Dockside Lane,Bristol,SE7 3D,True,True,2024-07-26
3898,1844,7,Returns,Meridian Seafood Group DC,8349 Juniper Avenue,Hamilton,49061,False,True,2024-11-16
3899,1845,1,Billing,Northwind Laboratories Sup HQ,3623 Canal Street,Hartford ,60688,True,True,2025-03-06
3900,1845,1,Returns,Northwind Laboratories Sup DC,3447 Market Row,Hartford,18558,False,True,2023-10-03
3901,1846,9,Billing,Northwind Laboratories Par HQ,8464 Market Row,Leeds,M3 4C,True,True,2024-12-13
3902,1846,9,Cross-Dock,Northwind Laboratories Par DC,9345 Canal Street,Bristol,B2 6C,False,True,2025-08-06
3903,1846,9,Cross-Dock,Northwind Laboratories Par Plant,5218 Juniper Avenue,Bristol,L2 2C,False,True,2024-07-04
3904,1847,8,Billing,Keystone Nutrition Supply HQ,3881 Canal Street,Laval,62338,True,True,
3905,1848,6,Billing,Bluevale Nutrition Manufac HQ,2417 Harvester Road,Dallas,47694,True,True,2025-06-15
3906,1848,4,Production Site,Bluevale Nutrition Manufac DC,9417 Foundry Way,Phoenix,27101,False,True,2025-02-03
3907,1848,4,Production Site,Bluevale Nutrition Manufac Plant,4324 Ridgeview Road,Denver,46107,False,True,2025-10-23
3908,1849,4,Billing,Pioneer Seafood Co-op HQ,4337 Marlow Parkway,Denver,33378,True,True,2025-06-03
3909,1850,5,Billing,Trinity Dairy Foods HQ,4797 Marlow Parkway,Los Angeles,58490,True,True,
3910,1851,9,Billing,Helix Floral Logistics Sup HQ,7553 Crescent Drive,Bristol,EH4 9A,True,False,2026-03-20
3911,1851,9,Production Site,Helix Floral Logistics Sup DC,6117 Crescent Drive,Leeds,EH9 9B,False,True,2025-03-23
3912,1852,2,Billing,Everfield Floral Logistics HQ,7760 Vine Street,Orlando,55616,True,True,2023-06-17
3913,1853,11,Billing,Helix Meal Systems Co-op HQ,4402 Harvester Road,Amsterdam,SE9 5D,True,True,2023-06-08
3914,1853,11,Delivery,Helix Meal Systems Co-op DC,7282 Juniper Avenue,Eindhoven,L1 8B,False,True,2026-02-05
3915,1854,5,Billing,Lakeside Laboratories Food HQ,7661 Vine Street,San Diego,19132,True,True,2023-07-29
3916,1854,5,Cross-Dock,Lakeside Laboratories Food DC,8065 Market Row,Seattle,62894,False,True,2025-01-08
3917,1855,6,Billing,Brightwell Meal Systems Gr HQ,221 Vine Street,San Antonio,78920,True,True,2025-10-26
3918,1856,5,Billing,Helix Cold Foods Logistics HQ,3709 Station Road,Oakland,70766,True,True,2026-02-03
3919,1857,9,Billing,Northwind Foods Supply HQ,4885 Market Row,Bristol,B8 6C,True,True,2023-07-17
3920,1858,1,Billing,Oakmont Nutrition Foods HQ,9701 Canal Street,Hartford,86421,True,True,2023-01-06
3921,1859,6,Billing,Crown Foods Labs HQ,2872 Dockside Lane,Houston,25935,True,True,2025-07-16
3922,1860,8,Billing,Crown Foods Foods HQ,6619 Station Road,Quebec City,46125,True,True,2025-09-05
3923,1860,5,Production Site,Crown Foods Foods DC,8384 Market Row,Los Angeles,48171,False,True,2023-06-06
3924,1860,8,Cross-Dock,Crown Foods Foods Plant,8943 Marlow Parkway,Laval,15512,False,True,2024-03-08
3925,1861,8,Billing,Aster Specialty Produce Ho HQ,4413 Canal Street,Laval,38902,True,True,
3926,1861,8,Cross-Dock,Aster Specialty Produce Ho DC,6110 Vine Street,Sherbrooke,10828,False,True,2023-08-06
3927,1861,8,Delivery,Aster Specialty Produce Ho Plant,2293 Marlow Parkway,Quebec City,12439,False,True,2024-11-21
3928,1862,6,Billing,Oakmont Nutrition Holdings HQ ,9671 Station Road,Dallas,41920,True,True,2025-02-16
3929,1863,5,Billing, Lakeside Dairy Labs HQ,8054 Foundry Way,Los Angeles,80263,True,True,2023-12-22
3930,1864,7,Billing,Oakmont Floral Logistics D HQ,4607 Dockside Lane,London,73529,True,True,2023-12-01
3931,1864,1,Delivery,Oakmont Floral Logistics D DC,3002 Mill Lane,Boston,26746,False,True,2025-12-28
3932,1865,7,Billing,Riverbend Seafood Logistic HQ,9777 Marlow Parkway,London,42996,True,False,2023-03-23
3933,1866,2,Billing,Ardent Cold Foods Dist. HQ,200 Marlow Parkway,Orlando,54633,True,False,2024-07-28
3934,1867,9,Billing,harbor dairy manufacturing hq,1515 Marlow Parkway,Bristol,M4 7B,True,True,2023-04-09
3935,1867,3,Delivery,Harbor Dairy Manufacturing DC,8946 Market Row,Chicago,46840,False,True,2024-11-22
3936,1867,9,Cross-Dock,Harbor Dairy Manufacturing Plant,6854 Market Row,London,L4 5A,False,True,2025-03-30
3937,1868,11,Billing,Ardent Beverage Co-op HQ,8495 Canal Street,Utrecht,EH8 9B,True,False,2025-12-23
3938,1868,8,Cross-Dock,Ardent Beverage Co-op DC,3657 Dockside Lane,Quebec City,24862,False,False,2023-11-19
3939,1868,8,Cross-Dock,Ardent Beverage Co-op Plant,6466 Marlow Parkway,Sherbrooke,87829,False,True,2025-05-21
3940,1869,7,Billing,Bluevale Pharma Supply HQ,6163 Marlow Parkway,Hamilton,55441,True,True,2024-01-16
3941,1869,5,Delivery,Bluevale Pharma Supply DC,4278 Foundry Way,Seattle ,30097,False,True,2023-11-19
3942,1870,1,Billing,Granite Laboratories Holdi HQ,295 Market Row,Portland,20591,True,True,2023-05-07
3943,1870,1,Returns,Granite Laboratories Holdi DC,3962 Station Road,Portland,55510,False,True,2025-04-09
3944,1871,2,Billing,Westline Nutrition Holding HQ,2289 Crescent Drive,Orlando,83743,True,True,2025-02-17
3945,1871,2,Delivery,Westline Nutrition Holding DC,6998 Vine Street,Atlanta,14469,False,True,2023-04-03
3946,1871,2,Cross-Dock,Westline Nutrition Holding Plant,2519 Ridgeview Road,Orlando,93013,False,True,2025-02-16
3947,1872,8,Billing,Mosaic Floral Logistics Ma HQ,3505 Mill Lane,Montreal,51622,True,True,2023-04-09
3948,1872,8,Cross-Dock,Mosaic Floral Logistics Ma DC,7501 Vine Street,Quebec City,14648,False,True,2023-12-31
3949,1872,8,Production Site,Mosaic Floral Logistics Ma Plant,8846 Dockside Lane,MONTREAL,87403,False,True,2024-05-15
3950,1872,5,Production Site,MOSAIC FLORAL LOGISTICS MA ANNEX,7346 Ridgeview Road,Oakland ,82592,False,True,
3951,1873,8,Billing,Solace Seafood Supply HQ,9493 Juniper Avenue,Laval,15896,True,True,2026-02-25
3952,1873,6,Cross-Dock,Solace Seafood Supply DC,1294 Station Road,Dallas,84742,False,True,2023-02-16
3953,1874,1,Billing,Summit Pet Nutrition Manuf HQ,1046 Mill Lane,Hartford,74015,True,True,2023-05-31
3954,1874,1,Delivery,Summit Pet Nutrition Manuf DC,4851 Ridgeview Road,Portland,54583,False,True,2024-11-17
3955,1874,1,Production Site,Summit Pet Nutrition Manuf Plant,3412 Market Row,Boston,40232,False,True,2023-09-29
3956,1875,8,Billing,Aster Dairy Partners HQ,691 Ridgeview Road,Laval,13554,True,False,2023-06-08
3957,1875,8,Delivery,Aster Dairy Partners DC,2191 Juniper Avenue,Sherbrooke,45703,False,True,2025-09-05
3958,1875,8,Delivery,Aster Dairy Partners Plant,4180 Marlow Parkway,Laval,95565,False,True,2026-03-24
3959,1876,5,Billing,Vantage Beverage Labs HQ,8917 Marlow Parkway,Oakland,79748,True,True,2023-11-02
3960,1877,3,Billing,Bluevale Nutrition Holding HQ,4420 Mill Lane,Detroit,71527,True,True,
3961,1877,3,Cross-Dock,Bluevale Nutrition Holding DC,8939 Canal Street,Detroit,62223,False,False,2025-03-30
3962,1878,5,Billing,Northwind Biologics Supply HQ,672 Vine Street,San Diego,95977,True,True,2025-09-21
3963,1879,9,Billing,Cobalt Cold Foods Labs HQ,3683 Market Row,Manchester,EH5 4A,True,True,2024-04-13
3964,1879,9,Returns,Cobalt Cold Foods Labs DC,5831 Ridgeview Road,Leeds,SE3 1D,False,True,
3965,1880,9,Billing,Mosaic Pharma Co-op HQ,6499 Mill Lane,Leeds,L9 5C,True,True,2023-10-27
3966,1881,3,Billing,Vantage Ingredients Manufa HQ,8435 Juniper Avenue,Chicago,45106,True,True,2023-07-15
3967,1882,4,Billing,Crescent Specialty Produce HQ,7932 Market Row,Albuquerque,40217,True,True,2024-10-05
3968,1882,4,Cross-Dock,Crescent Specialty Produce DC,5072 Marlow Parkway,Denver,54066,False,True,2023-02-19
3969,1882,4,Production Site,Crescent Specialty Produce Plant,1038 Crescent Drive,Las Vegas,39335,False,True,2023-10-07
3970,1883,8,Billing,Summit Laboratories Group HQ,2930 Foundry Way,Sherbrooke,52691,True,True,2025-11-25
3971,1883,2,Delivery,Summit Laboratories Group DC,887 Market Row,Nashville,38302,False,True,2025-02-23
3972,1883,2,Delivery,Summit Laboratories Group Plant,1175 Harvester Road,Atlanta,46448,False,True,2023-04-03
3973,1884,1,Billing,Helix Cold Foods Distribut HQ,9133 Harvester Road,Hartford,12324,True,True,2023-03-26
3974,1885,9,Billing,Orchard Foods Foods HQ,667 Canal Street,Leeds,EH4 1A,True,True,2025-05-09
3975,1886,7,Billing,Westline Specialty Produce HQ,6862 Canal Street,Ottawa,91750,True,True,
3976,1886,11,Cross-Dock,Westline Specialty Produce DC,5674 Dockside Lane,Utrecht,M7 7A,False,True,2026-03-12
3977,1886,11,Production Site,Westline Specialty Produce Plant,3275 Mill Lane,Utrecht,M3 3C,False,True,2023-05-28
3978,1886,11,Returns,Westline Specialty Produce Annex,6923 Canal Street,Eindhoven,EH7 7A,False,True,2023-02-05
3979,1887,10,Billing,Lakeside Pet Nutrition Foo HQ,4294 Foundry Way,Hamburg,B6 9A,True,True,2025-05-18
3980,1888,10,Billing,Solace Biologics Distribut HQ,852 Canal Street,Hamburg,B9 3D,True,True,2025-01-06
3981,1889,11,Billing,Harbor Specialty Produce S HQ,2302 Mill Lane,Eindhoven,SE6 5B,True,True,2025-05-20
3982,1890,2,Billing,Keystone Pet Nutrition Foo HQ,7283 Juniper Avenue,Charlotte,53115,True,True,2024-09-29
3983,1890,2,Cross-Dock,Keystone Pet Nutrition Foo DC,2392 Station Road,Orlando,57728,False,True,2024-06-23
3984,1890,2,Production Site,Keystone Pet Nutrition Foo Plant,1969 Market Row,Nashville,97975,False,True,
3985,1891,2,Billing,Helix Beverage Distributio HQ,3954 Station Road,Charlotte ,94559,True,True,2024-08-02
3986,1892,5,Billing,Aster Floral Logistics Hol HQ,460 Foundry Way,San Diego,92104,True,False,2025-03-13
3987,1892,5,Returns,Aster Floral Logistics Hol DC,3698 Dockside Lane,San Diego,26476,False,True,2025-04-23
3988,1892,5,Production Site,Aster Floral Logistics Hol Plant,5348 Mill Lane,Oakland,22787,False,True,2024-09-17
3989,1893,10,Billing,Oakmont Pet Nutrition Logi HQ,4461 Harvester Road,Hamburg,B3 5C,True,True,2023-10-05
3990,1894,5,Billing,Oakmont Pet Nutrition Manu HQ,489 Marlow Parkway,San Diego,27551,True,False,2026-02-14
3991,1894,5,Production Site,Oakmont Pet Nutrition Manu DC,7616 Foundry Way,Oakland,45427,False,True,2026-01-22
3992,1894,9,Returns,Oakmont Pet Nutrition Manu Plant,318 Market Row,Leeds,L3 8B,False,True,2023-08-08
3993,1894,5,Delivery,Oakmont Pet Nutrition Manu Annex,1333 Marlow Parkway,Seattle,62670,False,True,2023-06-10
3994,1895,4,Billing,Harbor Beverage Group HQ,2385 Crescent Drive,Denver,91820,True,True,2024-03-27
3995,1895,4,Production Site,Harbor Beverage Group DC,7103 Station Road,Phoenix,47991,False,True,2023-11-26
3996,1896,2,Billing,Ardent Pharma Partners HQ,8063 Juniper Avenue,Nashville,79222,True,True,2025-05-10
3997,1897,5,Billing,Solace Cold Foods Foods HQ,8748 Ridgeview Road,San Diego,99988,True,True,2025-03-22
3998,1898,11,Billing,Crescent Nutrition Distrib HQ,8507 Dockside Lane,Eindhoven,EH8 6A,True,True,2026-01-30
3999,1898,11,Production Site,Crescent Nutrition Distrib DC,9950 Foundry Way,Utrecht,L1 6D,False,True,2023-01-05
4000,1899,3,Billing,Keystone Ingredients Mfg HQ,7927 Dockside Lane,Detroit,19259,True,True,2024-06-09
4001,1900,10,Billing,Brightwell Biologics Manuf HQ,3186 Foundry Way,Hamburg,L1 7A,True,True,2024-10-12
4002,1900,10,Cross-Dock,Brightwell Biologics Manuf DC,2371 Canal Street,Hamburg,B3 9C,False,True,2025-04-28
4003,1900,10,Production Site,Brightwell Biologics Manuf Plant,7154 Crescent Drive,Berlin,B5 9D,False,True,2024-08-09
4004,1901,10,Billing,Keystone Pharma Co-op HQ,3560 Marlow Parkway,Munich,EH5 7B,True,True,
4005,1901,10,Returns,Keystone Pharma Co-op DC,7721 Mill Lane,Munich,SE9 4D,False,True,
4006,1902,3,Billing,Cardinal Nutrition Manufac HQ,7906 Canal Street,Columbus,54094,True,True,2025-04-18
4007,1902,3,Returns,Cardinal Nutrition Manufac DC,5434 Canal Street,Columbus,21945,False,True,2025-02-04
4008,1902,3,Returns,Cardinal Nutrition Manufac Plant,3595 Crescent Drive,Columbus,27379,False,True,2023-07-06
4009,1903,6,Billing,Summit Floral Logistics Lo HQ,4906 Canal Street,Houston,26564,True,True,2025-05-28
4010,1903,11,Cross-Dock,Summit Floral Logistics Lo DC,6408 Ridgeview Road,Eindhoven,B5 5A,False,True,2024-07-14
4011,1903,6,Production Site,Summit Floral Logistics Lo Plant,9501 Juniper Avenue,San Antonio,30553,False,True,2026-02-06
4012,1904,6,Billing,Lantern Meal Systems Distr HQ,5873 Ridgeview Road,Dallas,58906,True,True,2023-12-05
4013,1904,6,Production Site,Lantern Meal Systems Distr DC,2504 Vine Street,San Antonio,80126,False,True,2024-12-30
4014,1904,6,Delivery,Lantern Meal Systems Distr Plant,8892 Foundry Way,Houston,69557,False,True,2025-06-07
4015,1905,10,Billing,Cobalt Cold Foods Holdings HQ,9565 Crescent Drive,Hamburg,B5 9C,True,True,2024-10-19
4016,1905,10,Delivery,Cobalt Cold Foods Holdings DC,1959 Juniper Avenue,Hamburg,B3 1C,False,True,2023-09-10
4017,1906,10,Billing, Vantage Nutrition Partner HQ,3110 Ridgeview Road,Hamburg,M9 2A,True,True,2024-09-03
4018,1906,10,Cross-Dock, Vantage Nutrition Partner DC,4374 Station Road,Cologne,SE5 6A,False,True,2023-11-30
4019,1907,6,Billing,Oakmont Floral Logistics G HQ,5928 Market Row,Austin,37736,True,True,2025-10-14
4020,1907,2,Delivery,Oakmont Floral Logistics G DC,4161 Mill Lane,Nashville,47224,False,True,2024-04-02
4021,1908,11,Billing,lantern foods labs HQ,6290 Juniper Avenue,Eindhoven,M9 1B,True,True,2025-09-14
4022,1909,7,Billing,Orchard Pet Nutrition Labs HQ,5762 Mill Lane,Ottawa ,47727,True,True,
4023,1910,9,Billing,Meridian Cold Foods Manufa HQ,2280 Marlow Parkway,Bristol,SE2 1B,True,True,2025-04-18
4024,1911,4,Billing,Lakeside Floral Logistics  HQ,3678 Station Road,Albuquerque,53409,True,True,
4025,1912,5,Billing,Northwind Pharma Labs HQ,5514 Market Row,Oakland,45993,True,True,2025-10-07
4026,1912,4,Returns,Northwind Pharma Labs DC,3931 Foundry Way,Albuquerque,18072,False,False,2024-11-12
4027,1912,7,Returns,Northwind Pharma Labs Plant,435 Market Row,Hamilton,48051,False,True,2024-08-07
4028,1913,10,Billing,Riverbend Laboratories Sup HQ,3247 Crescent Drive,Berlin,L9 4C,True,True,2024-07-30
4029,1914,6,Billing,Vantage Pharma Group HQ,4356 Ridgeview Road,San Antonio,81294,True,True,2024-05-20
4030,1914,6,Production Site,Vantage Pharma Group DC,2722 Harvester Road,Houston,47980,False,True,2023-07-09
4031,1914,3,Cross-Dock,Vantage Pharma Group Plant,9059 Marlow Parkway,Columbus,59517,False,True,2025-09-14
4032,1914,6,Production Site,Vantage Pharma Group Annex,7111 Marlow Parkway,Austin,66250,False,True,2024-07-28
4033,1915,9,Billing,Trinity Dairy Foods HQ,5730 Canal Street,Bristol,M7 2D,True,True,2025-02-16
4034,1915,2,Returns,Trinity Dairy Foods DC,4900 Crescent Drive,Nashville,69216,False,True,2025-03-27
4035,1915,9,Returns,Trinity Dairy Foods Plant,9257 Crescent Drive,Bristol,EH5 5D,False,True,2024-01-16
4036,1916,10,Billing,Solace Cold Foods Logistic HQ,6090 Harvester Road,Cologne,EH4 1D,True,False,2025-03-26
4037,1917,3,Billing,Cobalt Dairy Labs HQ,5826 Mill Lane,Detroit,83021,True,True,2024-04-19
4038,1918,10,Billing,Pioneer Seafood Group HQ,356 Canal Street,Munich,L3 4D,True,True,2023-06-19
4039,1919,4,Billing,Crown Laboratories Group HQ,509 Harvester Road,Denver,23350,True,True,2025-06-04
4040,1919,5,Cross-Dock,Crown Laboratories Group DC,8449 Juniper Avenue,San Diego,16523,False,True,2024-08-25
4041,1919,4,Production Site,Crown Laboratories Group Plant,197 Canal Street, Albuquerque,67123,False,True,
4042,1920,8,Billing,Forge Foods Co-op HQ,8969 Harvester Road,Montreal,40143,True,True,2026-01-28
4043,1920,8,Production Site,Forge Foods Co-op DC,9139 Juniper Avenue,Laval,44420,False,True,2023-02-23
4044,1920,8,Delivery,Forge Foods Co-op Plant,3132 Crescent Drive,Sherbrooke,40463,False,True,2025-09-26
4045,1921,7,Billing, Oakmont Ingredients Logist HQ,3963 Dockside Lane,Toronto,88098,True,True,2023-11-14
4046,1922,8,Billing,Solace Meal Systems Foods HQ,7934 Foundry Way,SHERBROOKE,18946,True,True,2026-01-21
4047,1922,8,Production Site,Solace Meal Systems Foods DC,4876 Dockside Lane,Laval,50456,False,True,2025-09-01
4048,1922,4,Cross-Dock,Solace Meal Systems Foods Plant,4053 Vine Street,Las Vegas,99167,False,True,
4049,1923,9,Billing,Cobalt Seafood Foods HQ,8313 Crescent Drive,London,L8 4C,True,False,2023-12-18
4050,1923,9,Production Site,Cobalt Seafood Foods DC,8760 Dockside Lane,London,B2 9A,False,False,2024-01-02
4051,1923,9,Cross-Dock,Cobalt Seafood Foods Plant,288 Harvester Road,Leeds,B6 5C,False,True,2025-06-03
4052,1924,8,Billing,Crown Foods Supply HQ,7558 Vine Street,Montreal,79169,True,True,2025-06-14
4053,1924,8,Cross-Dock,Crown Foods Supply DC,5610 Harvester Road,Quebec City,93520,False,True,2025-12-06
4054,1925,10,Billing,Keystone Dairy Labs HQ,4601 Station Road,Hamburg,EH6 9D,True,True,
4055,1926,4,Billing,Meridian Nutrition Logisti HQ,3618 Market Row,Denver,39956,True,True,2023-04-26
4056,1927,11,Billing,GRANITE SEAFOOD SUPPLY HQ,7628 Crescent Drive,AMSTERDAM,L4 9D,True,True,2023-06-03
4057,1927,11,Production Site,Granite Seafood Supply DC,7040 Ridgeview Road,Amsterdam,M1 1A,False,True,2024-01-30
4058,1928,9,Billing,Meridian Foods Mfg HQ,7739 Marlow Parkway,London,SE4 6A,True,True,2024-02-13
4059,1928,9,Returns,Meridian Foods Mfg DC,1371 Vine Street,Bristol,EH2 3D,False,True,2023-02-17
4060,1928,9,Cross-Dock,Meridian Foods Mfg Plant,7052 Harvester Road,Bristol,L2 8D,False,True,2023-08-21
4061,1928,9,Delivery,Meridian Foods Mfg Annex,6463 Mill Lane,London,SE3 2B,False,True,2023-05-16
4062,1929,7,Billing,Westline Dairy Partners HQ,6114 Juniper Avenue,Toronto,76283,True,True,2023-07-05
4063,1929,7,Production Site,Westline Dairy Partners DC,5396 Crescent Drive,Ottwaa,60829,False,True,2024-03-19
4064,1930,6,Billing,Mosaic Biologics Distribut HQ,3820 Mill Lane,san antonio,99719,True,True,2024-11-26
4065,1930,5,Cross-Dock,Mosaic Biologics Distribut DC,7333 Foundry Way,Oakland,35809,False,True,2025-08-13
4066,1930,5,Delivery,Mosaic Biologics Distribut Plant,1456 Dockside Lane,Los Angeles,95728,False,True,2024-02-19
4067,1931,6,Billing,Meridian Seafood Partners HQ,4994 Station Road,San Antonio,70309,True,True,2025-07-13
4068,1932,5,Billing,Granite Ingredients Supply HQ,4298 Crescent Drive,Los Angeles,86306,True,True,2024-08-13
4069,1933,7,Billing,Trinity Nutrition Dist. HQ,2054 Ridgeview Road,London,69635,True,True,2024-10-05
4070,1933,7,Delivery,Trinity Nutrition Dist. DC,6877 Ridgeview Road,Hamilton,46152,False,True,2023-09-29
4071,1933,1,Returns,Trinity Nutrition Dist. Plant,9247 Harvester Road,Newark,47501,False,False,2025-10-14
4072,1934,10,Billing,Cardinal Beverage Holdings HQ,9957 Ridgeview Road,Munich,M3 7D,True,False,2024-07-28
4073,1934,10,Cross-Dock,Cardinal Beverage Holdings DC,4776 Ridgeview Road,cologne,M4 2C,False,True,2023-05-17
4074,1934,10,Delivery,Cardinal Beverage Holdings Plant,9785 Crescent Drive,Cologne,B6 9C,False,False,2025-10-28
4075,1935,10,Billing,Solace Nutrition Manufactu HQ,9961 Juniper Avenue,Cologne,L5 1A,True,True,2023-02-28
4076,1936,3,Billing,Oakmont Pharma Distributio HQ,2250 Marlow Parkway,Detroit,67349,True,True,2025-05-30
4077,1936,3,Delivery,Oakmont Pharma Distributio DC,4086 Mill Lane,Columbus,11872,False,True,2025-01-19
4078,1937,8,Billing,Lantern Beverage Partners HQ,6146 Canal Street,Quebec City,69941,True,True,
4079,1937,2,Cross-Dock,Lantern Beverage Partners DC,1696 Harvester Road,Atlanta,57870,False,True,2024-12-11
4080,1937,2,Returns,Lantern Beverage Partners Plant,966 Dockside Lane,Nashville,16175,False,False,
4081,1938,10,Billing,Everfield Beverage Partner HQ,7007 Vine Street,Berlin,M4 1C,True,True,
4082,1939,2,Billing,Trinity Dairy Manufacturin HQ,3661 Juniper Avenue,Nashville,41902,True,True,2024-09-28
4083,1939,2,Production Site,Trinity Dairy Manufacturin DC,2018 Ridgeview Road,Nashville,66131,False,True,2025-05-06
4084,1940,8,Billing,Granite Meal Systems Holdi HQ,3658 Station Road,Sherbrooke,27135,True,True,2026-03-20
4085,1940,1,Delivery,Granite Meal Systems Holdi DC,3449 Station Road,Portland,16055,False,True,2023-03-17
4086,1940,5,Cross-Dock,Granite Meal Systems Holdi Plant,2539 Ridgeview Road,Los Angeles,26787,False,True,2025-04-30
4087,1941,5,Billing,Cardinal Biologics Holding HQ,9263 Market Row,Seattle,44125,True,True,2024-07-18
4088,1941,5,Delivery,Cardinal Biologics Holding DC,4005 Marlow Parkway,Oakland,29924,False,True,2025-04-03
4089,1941,5,Cross-Dock,Cardinal Biologics Holding Plant,1380 Marlow Parkway,Los Angeles,85828,False,True,2025-08-17
4090,1942,6,Billing,Oakmont Biologics Group HQ,7552 Foundry Way,San Antonio,51033,True,True,2023-07-12
4091,1942,6,Production Site,Oakmont Biologics Group DC,6735 Canal Street,Dallas,88018,False,True,2023-11-23
4092,1943,3,Billing,Northwind Foods Foods HQ,5702 Market Row,Minneapolis,56224,True,True,
4093,1943,3,Production Site,Northwind Foods Foods DC,6880 Vine Street,Detroit,86499,False,True,2026-01-01
4094,1944,8,Billing,Lantern Laboratories Suppl HQ,1706 Vine Street,Laval,52198,True,True,2023-01-30
4095,1944,8,Cross-Dock,Lantern Laboratories Suppl DC,1990 Crescent Drive,Quebec City,92632,False,True,2023-10-02
4096,1945,2,Billing,Solace Specialty Produce L HQ,1435 Crescent Drive,Atlanta,69350,True,True,2024-10-03
4097,1946,11,Billing,Crescent Beverage Holdings HQ,4877 Harvester Road,Rotterdam,SE4 8C,True,False,2025-11-23
4098,1946,5,Returns,CRESCENT BEVERAGE HOLDINGS DC,3906 Harvester Road,Seattle,78112,False,True,2024-01-08
4099,1946,7,Delivery,Crescent Beverage Holdings Platn,7654 Harvester Road,Toronto,75498,False,True,2025-09-16
4100,1946,5,Returns,Crescent Beverage Holdings Annex,720 Vine Street,Oakland,48425,False,False,2024-03-28
4101,1947,9,Billing,Granite Laboratories Distr HQ,1321 Juniper Avenue,Bristol,M7 7C,True,False,2023-10-24
4102,1948,1,Billing,Riverbend Meal Systems Man HQ,3773 Vine Street,Newark,99771,True,True,2024-05-14
4103,1949,11,Billing,Keystone Seafood Manufactu HQ,906 Market Row,Amsterdam,L6 9D,True,True,
4104,1949,7,Cross-Dock,Keystone Seafood Manufactu DC,2526 Marlow Parkway,Hamilton,42961,False,True,2024-08-10
4105,1950,9,Billing,Cedar Beverage Distributio HQ,6872 Juniper Avenue,Leeds,B1 2D,True,True,2025-05-24
4106,1950,3,Returns,Cedar Beverage Distributio DC,5368 Canal Street,Chicago,77175,False,True,2024-07-24
4107,1951,5,Billing,Harbor Laboratories Co-op HQ,5198 Foundry Way,San Diego,27135,True,False,2025-03-20
4108,1951,5,Production Site,Harbor Laboratories Co-op DC,4531 Canal Street,Oakland,67806,False,True,2024-07-29
4109,1951,2,Delivery,Harbor Laboratories Co-op Plant,6143 Ridgeview Road,Orlando,27348,False,True,2024-04-20
4110,1952,8,Billing,Cobalt Pet Nutrition Suppl HQ,2968 Harvester Road,Laval,37341,True,True,2024-12-24
4111,1952,1,Delivery,Cobalt Pet Nutrition Suppl DC,4795 Marlow Parkway,Portland,69889,False,True,2023-05-19
4112,1952,8,Returns,Cobalt Pet Nutrition Suppl Plant,7069 Market Row,Montreal,19353,False,True,2023-06-05
4113,1953,1,Billing,Pioneer Laboratories Distr HQ,2724 Vine Street,Boston,30252,True,True,2024-09-17
4114,1953,7,Production Site,Pioneer Laboratories Distr DC,9631 Dockside Lane,London,67338,False,True,2025-11-14
4115,1953,7,Cross-Dock,Pioneer Laboratories Distr Plant,557 Foundry Way,Hamilton,13240,False,True,2023-01-07
4116,1954,3,Billing,Cedar Laboratories Group HQ,2239 Market Row,Detroit,29518,True,True,
4117,1954,3,Delivery,Cedar Laboratories Group DC,7113 Crescent Drive,Minneapolis,25968,False,False,2024-08-21
4118,1955,10,Billing,Lantern Dairy Holdings HQ,2326 Harvester Road, Cologne,B6 8D,True,True,2024-05-02
4119,1956,5,Billing,lantern nutrition manufact HQ,5833 Dockside Lane,Seattle,91362,True,True,2024-08-27
4120,1956,5,Returns,lantern nutrition manufact DC,9352 Foundry Way,Los Angeles,55389,False,True,2023-05-30
4121,1956,5,Cross-Dock,lantern nutrition manufact plant,6207 Ridgeview Road,Oakland,14093,False,True,2023-05-19
4122,1956,5,Returns,lantern nutrition manufact Annex,9448 Station Road,Seattle,73769,False,True,2023-04-09
4123,1957,9,Billing,Lakeside Floral Logistics  HQ,6618 Station Road,Leeds,SE3 7A,True,True,2024-08-13
4124,1957,9,Production Site,Lakeside Floral Logistics  DC,4820 Harvester Road,London ,L9 8D,False,True,2023-10-08
4125,1957,9,Cross-Dock,Lakeside Floral Logistics  Plant,4601 Mill Lane,London,EH6 4D,False,True,2023-03-13
4126,1957,9,Production Site, Lakeside Floral Logistics  Annex,1752 Ridgeview Road,Bristol,L9 5A,False,True,2024-06-20
4127,1958,6,Billing,Orchard Laboratories Suppl HQ,9982 Foundry Way,Dallas,12337,True,True,2024-01-25
4128,1959,6,Billing,Everfield Meal Systems Co- HQ,6189 Marlow Parkway,Dallas,11796,True,False,2025-08-14
4129,1960,6,Billing,Granite Dairy Holdings HQ,8078 Canal Street,Dallas,70436,True,True,2025-09-06
4130,1960,6,Delivery,Granite Dairy Holdings DC,6375 Ridgeview Road,San Antonio,41177,False,True,2024-01-29
4131,1960,6,Delivery,Granite Dairy Holdings Plant,1031 Mill Lane,Dallas,89582,False,True,2023-09-30
4132,1961,4,Billing,Aster Pet Nutrition Partne HQ,9372 Canal Street,Denver,54436,True,True,2023-07-04
4133,1961,4,Delivery,Aster Pet Nutrition Partne DC,6175 Vine Street,Albuquerque,54468,False,True,
4134,1962,10,Billing,Mosaic Pharma Holdings HQ,6274 Juniper Avenue,Cologne,B5 3B,True,True,2024-04-20
4135,1963,8,Billing,Bluevale Pet Nutrition Foo HQ,2953 Vine Street,Laval,24400,True,True,2023-06-23
4136,1964,3,Billing,Harbor Specialty Produce F HQ,1864 Ridgeview Road,Detroit,43982,True,True,2024-06-23
4137,1964,3,Returns,Harbor Specialty Produce F DC,3878 Harvester Road,Minneapolis,86519,False,True,2024-10-01
4138,1965,4,Billing,Harbor Seafood Co-op HQ ,536 Harvester Road,Phoenix,70125,True,True,2023-05-18
4139,1966,9,Billing,Crown Meal Systems Group HQ,5678 Vine Street,Bristol,EH1 5A,True,True,2025-06-26
4140,1966,9,Production Site,Crown Meal Systems Group DC,1861 Ridgeview Road,London,M9 4A,False,True,2024-08-17
4141,1966,9,Delivery,Crown Meal Systems Group Plant,687 Dockside Lane,Leeds,B7 8A,False,True,2025-11-07
4142,1967,8,Billing,Orchard Beverage Holdings HQ,2925 Ridgeview Road,Quebec City,44295,True,True,2023-04-29
4143,1968,6,Billing,Briar Nutrition Supply HQ,655 Crescent Drive,Houston,49261,True,True,
4144,1969,6,Billing,Bluevale Ingredients Labs HQ,7750 Foundry Way,Dallas,43253,True,True,2025-08-10
4145,1969,6,Cross-Dock,Bluevale Ingredients Labs DC,1910 Station Road,Austin,63517,False,True,2026-03-13
4146,1970,10,Billing,Aster Biologics Labs HQ,5490 Ridgeview Road,Hamburg,M2 8A,True,True,2024-07-23
4147,1970,10,Production Site,Aster Biologics Labs DC,7824 Market Row,Berlin,M3 2D,False,True,2024-02-09
4148,1971,2,Billing,Cedar Pet Nutrition Logist HQ,2734 Station Road,Orlando,86733,True,True,2024-05-19
4149,1972,3,Billing,Cobalt Seafood Distributio HQ,2689 Station Road,Chicago,31514,True,True,2023-07-14
4150,1973,8,Billing,Brightwell Seafood Partner HQ,3161 Crescent Drive,Sherbrooke,58094,True,True,2024-06-17
4151,1973,8,Delivery,Brightwell Seafood Partner DC,8469 Market Row,Montreal,23947,False,True,2023-08-24
4152,1974,9,Billing,Forge Ingredients Partners HQ,1094 Mill Lane,Leeds,B1 6A,True,True,2023-03-24
4153,1975,4,Billing,SummitF oods Partners HQ,2541 Mill Lane,Las Vegas,56527,True,False,2023-10-03
4154,1976,4,Billing,Cobalt Ingredients Holding HQ,1005 Mill Lane,Denver,50859,True,True,
4155,1976,4,Production Site,Cobalt Ingredients Holding DC,2494 Vine Street,Denver,74363,False,True,2025-07-02
4156,1976,4,Production Site,Cobalt Ingredients Holding Plant,5025 Market Row,Denver,31885,False,True,2026-02-10
4157,1977,11,Billing,Granite Biologics Supply HQ,1882 Canal Street,Utrecht,SE5 1A,True,True,2023-10-11
4158,1978,6,Billing,Cedar Meal Systems Partner HQ,7589 Harvester Road,Dallas,90840,True,True,2023-11-28
4159,1978,6,Production Site,Cedar Meal Systems Partner DC,3903 Mill Lane,Dallas,51813,False,True,2023-01-31
4160,1979,11,Billing,Harbor Beverage Labs HQ,7530 Station Road,Eindhoven,SE1 2A,True,True,2023-12-02
4161,1980,11,Billing,Vantage Cold Foods Group HQ,7141 Crescent Drive,Amsterdam,EH8 8B,True,True,2024-09-14
4162,1980,11,Cross-Dock,Vantage Cold Foods Group DC,2435 Market Row,EINDHOVEN,EH1 7A,False,False,2023-09-19
4163,1981,10,Billing,Northwnid Meal Systems Gro HQ,8031 Foundry Way,Munich,EH1 3B,True,True,2024-11-23
4164,1982,3,Billing,Trinity Dairy Logistics HQ,9059 Mill Lane,Columbus,46202,True,True,2024-11-27
4165,1982,6,Production Site,Trinity Dairy Logistics DC,4625 Juniper Avenue,Dallas,17491,False,True,2024-11-29
4166,1982,3,Production Site,Trinity Dairy Logistics Plant,1345 Mill Lane,Minneapolis,59957,False,True,2024-03-16
4167,1982,3,Delivery,Trinity Dairy Logistics Annex,4377 Mill Lane,Columbus,82257,False,True,2025-04-04
4168,1983,9,Billing,Meridian Seafood Supply HQ,1571 Harvester Road,London,L2 8B,True,True,2025-03-06
4169,1983,10,Delivery,Meridian Seafood Supply DC,7481 Canal Street,Berlin,B5 5A,False,True,2024-10-11
4170,1984,5,Billing,Lakeside Laboratories Dist HQ,1538 Marlow Parkway,Los Angeles,94623,True,True,
4171,1984,5,Returns,Lakeside Laboratories Dist DC,2100 Ridgeview Road,San Diego,73051,False,False,2025-08-21
4172,1985,11,Billing,Crescent Cold Foods Holdin HQ,5197 Market Row,Eindhoven,L2 1C,True,True,2024-11-12
4173,1986,6,Billing,Aster Biologics Supply HQ,3044 Juniper Avenue,San Antonio,91334,True,True,2024-02-27
4174,1986,6,Delivery,Aster Biologics Supply DC,7911 Marlow Parkway,Houston,59946,False,True,
4175,1986,6,Production Site,Aster Biologics Supply Plant,6267 Canal Street,San Antonio,50341,False,True,2024-10-05
4176,1987,10,Billing,Cedar Biologics Foods HQ,5255 Foundry Way,Munich,SE4 9D,True,True,2025-07-13
4177,1987,10,Returns,Cedar Biologics Foods DC,1780 Marlow Parkway,Hamburg,B2 2B,False,True,2024-12-14
4178,1987,10,Cross-Dock,Cedar Biologics Foods Plant,6332 Mill Lane,Munich,EH9 6A,False,True,2023-04-03
4179,1987,10,Cross-Dock,Cedar Biologics Foods Annex,3635 Station Road,Munich,EH4 3C,False,True,2025-05-28
4180,1988,2,Billing,Harbor Pet Nutrition Logis HQ,3980 Vine Street,Orlando,10767,True,True,2026-02-10
4181,1989,1,Billing,ForgeF oods Labs HQ,5120 Juniper Avenue,Portland,83947,True,True,2023-06-19
4182,1990,6,Billing,vantage ingredients foods HQ,9171 Market Row,Austin,75457,True,True,2025-05-06
4183,1990,6,Delivery,vantage ingredients foods DC,1543 Foundry Way, Austin,50849,False,True,2023-06-05
4184,1991,9,Billing,Orchard Dairy Distribution HQ,5815 Juniper Avenue,Manchester,EH4 4C,True,True,2023-04-05
4185,1991,9,Production Site,Orchard Dairy Distribution DC,4484 Marlow Parkway,Manchester,EH9 6C,False,True,2023-04-15
4186,1991,9,Production Site,Orchard Dairy Distribution Plant,7664 Harvester Road,London,B9 7C,False,True,2025-04-18
4187,1991,9,Delivery,Orchard Dairy Distribution Annex,7946 Dockside Lane,Leeds,L6 6C,False,True,2024-05-07
4188,1992,3,Billing,Briar Specialty Produce Lo HQ,8056 Ridgeview Road,Minneapolis,34634,True,True,2025-11-27
4189,1992,3,Cross-Dock,Briar Specialty Produce Lo DC,8761 Marlow Parkway,Minneapolis,62529,False,True,2024-04-06
4190,1992,3,Cross-Dock,Briar Specialty Produce Lo Plant,704 Crescent Drive,Minneapolis,70088,False,True,2026-02-08
4191,1993,11,Billing,Riverbend Seafood Distribu HQ,3244 Mill Lane,Rotterdam,L3 6B,True,True,2024-03-06
4192,1993,11,Production Site,Riverbend Seafood Distribu DC,9000 Ridgeview Road,Rotterdam,SE8 5D,False,True,2023-02-10
4193,1993,6,Returns,Riverbend Seafood Distribu Plant,3704 Canal Street,San Antoino,68753,False,True,2024-06-27
4194,1994,7,Billing,Westline Foods Labs HQ,4650 Ridgeview Road,London,59058,True,True,2024-05-04
4195,1995,4,Billing,Lantern Nutrition Holdings HQ,9073 Market Row,Denver,60944,True,True,2025-04-21
4196,1995,4,Production Site,Lantern Nutrition Holdings DC,5181 Vine Street,Phoenix,67990,False,True,
4197,1996,6,Billing,Harbor Ingredients Co-op HQ,4752 Market Row,San Antonio,25664,True,True,
4198,1996,3,Production Site,Harbor Ingredients Co-op DC,4295 Vine Street,Columbus,64748,False,True,2023-08-24
4199,1996,6,Returns,Harbor Ingredients Co-op Plant,1785 Crescent Drive,Austin,45519,False,True,2025-07-22
4200,1997,2,Billing,Cobalt Nutrition Manufactu HQ,2337 Market Row,Nashville,17720,True,True,2025-06-09
4201,1997,9,Production Site,Cobalt Nutrition Manufactu DC,4393 Mill Lane,Manchester,SE8 6A,False,True,2024-03-15
4202,1998,8,Billing,Mosaic Biologics Supply HQ,383 Crescent Drive,Laval,25798,True,True,2023-07-20
4203,1999,10,Billing,Briar Foods Distribution HQ,6564 Market Row,Munich,B9 5C,True,True,2025-01-11
4204,1999,10,Returns,Briar Foods Distribution DC ,6804 Ridgeview Road,Berlin,L3 5A,False,True,2023-07-11
4205,1999,3,Delivery,Briar Foods Distribution Plant,1412 Crescent Drive,Columbus,59437,False,True,2023-02-14
4206,2000,11,Billing,Westline Pet Nutrition Dis HQ,6996 Market Row,Amsterdam,B8 8D,True,True,2025-09-08
4207,2000,11,Production Site,Westline Pet Nutrition Dis DC,862 Station Road,Eindhoven,SE7 5C,False,True,2025-01-20
4208,2000,11,Returns,Westline Pet Nutrition Dis Plant,3784 Mill Lane,Utrecht,L9 9D,False,True,2025-12-20
4209,2000,11,Delivery,Westline Pet Nutrition Dis Annex,3378 Market Row,Rotterdam,B7 6C,False,True,2025-04-18
4210,2001,8,Billing,Brightwell Laboratories Co HQ,719 Ridgeview Road,Sherbrooke,53554,True,True,2025-09-30
4211,2002,7,Billing,Crown Biologics Manufactur HQ,9405 Harvester Road,Ottawa,11467,True,True,2025-12-21
4212,2003,8,Billing,Aster Ingredients Logistic HQ,8202 Mill Lane,Sherbrooke,40203,True,True,2024-11-27
4213,2004,5,Billing,Crown Specialty Produce La HQ,1667 Dockside Lane,Los Angeles,11925,True,True,2024-02-21
4214,2005,1,Billing,Cobalt Nutrition Supply HQ,2100 Ridgeview Road,Boston,51259,True,True,2025-11-13
4215,2005,1,Delivery,Cobalt Nutrition Supply DC,8439 Harvester Road,Portlnad,75981,False,True,2023-02-02
4216,2005,1,Returns,Cobalt Nutrition Supply Plant,5631 Station Road,Newark,28921,False,True,2024-01-28
4217,2006,6,Billing,Meridian Pet Nutrition Foo HQ,4085 Juniper Avenue,Houston,99777,True,True,2024-05-05
4218,2006,6,Cross-Dock,Meridian Pet Nutrition Foo DC,5571 Marlow Parkway,Dallas,11660,False,True,2024-05-16
4219,2006,6,Returns,Meridian Pet Nutrition Foo Plant,5969 Canal Street,Houston,23597,False,True,2025-03-09
4220,2006,1,Delivery,Meridian Pet Nutrition Foo Annex,7347 Vine Street,Portland,41645,False,True,2023-04-19
4221,2007,11,Billing,Cobalt Seafood Distributio HQ,6601 Harvester Road,Rotterdam,SE4 8C,True,True,2024-01-20
4222,2008,6,Billing,Aster Dairy Foods HQ,1003 Crescent Drive,San Antonio,57382,True,True,
4223,2008,6,Cross-Dock, Aster Dairy Foods DC,2836 Dockside Lane,San Antonio,75307,False,True,2023-04-18
4224,2009,1,Billing,Forge Beverage Logistics HQ,9478 Ridgeview Road,Newark,32134,True,True,2024-04-01
4225,2009,1,Delivery,Forge Beverage Logistics DC,8164 Juniper Avenue,PORTLAND,37109,False,True,
4226,2010,1,Billing,Trinity Nutrition Supply HQ,7033 Marlow Parkway,Portland,26883,True,True,2024-05-10
4227,2011,3,Billing,Meridian Pharma Logistics HQ,8337 Canal Street,Minneapolis,40865,True,True,2023-07-02
4228,2011,9,Delivery,Meridian Pharma Logistics DC,3032 Juniper Avenue,Manchester,B5 3B,False,True,2024-10-25
4229,2011,9,Delivery,Meridian Pharma Logistics Plant,8690 Canal Street,Manchester,B8 8B,False,False,2025-05-20
4230,2011,2,Production Site,Meridian Pharma Logistics Annex,3259 Foundry Way,Nashville,60968,False,True,2025-09-01
4231,2012,6,Billing,Cobalt Foods Co-op HQ,7196 Canal Street,Austin,32497,True,True,2024-07-18
4232,2012,6,Delivery,Cobalt Foods Co-op DC,9659 Dockside Lane,Dallas,11538,False,True,2023-10-31
4233,2012,7,Delivery,Cobalt Foods Co-op Plant,42 Mill Lane,Ottawa,25028,False,True,
4234,2012,6,Returns,Cobalt Foods Co-op Annex,1203 Station Road,Dallas,62067,False,True,2023-08-02
4235,2013,5,Billing,Bluevale Foods Manufacturi HQ,2207 Harvester Road,San Diego,99912,True,True,2024-06-28
4236,2013,5,Cross-Dock,Bluevale Foods Manufacturi DC,7580 Mill Lane,Oakland,50960,False,True,
4237,2013,5,Production Site,Bluevale Foods Manufacturi Plant,5073 Crescent Drive,Oakland,13454,False,True,2023-07-14
4238,2013,5,Delivery, Bluevale Foods Manufacturi Annex,1190 Foundry Way,San Diego,26208,False,True,2023-11-12
4239,2014,3,Billing,Briar Nutrition Distributi HQ,7311 Juniper Avenue,Chicago,38405,True,True,2023-08-02
4240,2014,9,Cross-Dock,Briar Nutrition Distributi DC,8762 Vine Street,Bristol,B2 9B,False,True,2025-08-16
4241,2014,4,Cross-Dock,Briar Nutrition Distributi Plant,5699 Juniper Avenue,Denver,96458,False,True,2024-11-15
4242,2015,1,Billing,Meridian Biologics Partner HQ,8422 Mill Lane,Boston,83818,True,True,2024-04-15
4243,2016,2,Billing,Helix Meal Systems Co-op HQ,343 Crescent Drive,Orlando,54652,True,True,2023-09-16
4244,2016,2,Cross-Dock,Helix Meal Systems Co-op DC,5661 Foundry Way,Atlanta,73373,False,True,2023-01-02
4245,2017,10,Billing,Everfield Pharma Supply HQ,5505 Ridgeview Road,Munich,EH4 4A,True,True,2023-06-23
4246,2017,10,Returns,Everfield Pharma Supply DC,7552 Market Row,Munich,L3 2A,False,True,2023-10-26
4247,2017,10,Delivery,Everfield Pharma Supply Plant,5952 Foundry Way,Munich,M9 7A,False,True,2023-12-15
4248,2017,10,Production Site,Everfield Pharma Supply Annex,7190 Canal Street,Berlin,M5 2A,False,True,2024-10-14
4249,2018,4,Billing,Cobalt Cold Foods Holdings HQ,6122 Station Road,Phoenix,62890,True,True,
4250,2018,4,Cross-Dock,Cobalt Cold Foods Holdings DC,9575 Dockside Lane,Albuquerque,90132,False,True,2023-03-21
4251,2018,4,Production Site,Cobalt Cold Foods Holdings Plant,1579 Canal Street,Las Vegas,58479,False,True,2023-11-04
4252,2019,9,Billing,Crescent Biologics Co-op HQ,6391 Dockside Lane,Bristol,EH6 5A,True,True,2024-07-18
4253,2020,8,Billing,Orchard Laboratories Partn HQ,9746 Dockside Lane,Quebec City,13413,True,True,2023-07-21
4254,2020,8,Production Site,Orchard Laboratories Partn DC,677 Dockside Lane,Laval,78627,False,True,2024-10-22
4255,2020,8,Production Site,Orchard Laboratories Partn Plant,1252 Mill Lane,Laval,17283,False,True,2025-12-24
4256,2021,11,Billing,Summit Seafood Supply HQ,6414 Harvester Road,Amsterdam,EH4 7D,True,True,2025-04-23
4257,2021,11,Cross-Dock,Summit Seafood Supply DC,2341 Foundry Way,Eindhoven,L6 9A,False,True,2024-04-19
4258,2021,2,Delivery,Summit Seafood Supply Plant,4560 Crescent Drive,Charlotte,93112,False,False,2025-07-09
4259,2022,1,Billing,Helix Nutrition Foods HQ,5589 Mill Lane,Hartford,48922,True,True,2026-01-12
4260,2022,1,Returns, Helix Nutrition Foods DC,8722 Harvester Road,Hartford,47379,False,True,2025-10-04
4261,2023,5,Billing,Forge Meal Systems Supply HQ,4258 Dockside Lane,Los Angeles,62351,True,True,2026-01-10
4262,2023,5,Production Site,Forge Meal Systems Supply DC,6747 Juniper Avenue,Los Angeles,80081,False,True,2025-10-22
4263,2023,5,Delivery,Forge Meal Systems Supply Plant,1963 Vine Street,Oakland,57138,False,True,2023-06-14
4264,2024,5,Billing,Meridian Pharma Labs HQ,5920 Vine Street,San Diego,75793,True,True,2025-12-02
4265,2024,5,Delivery,Meridian Pharma Labs DC,2068 Vine Street,San Diego,46222,False,True,2025-06-21
4266,2025,7,Billing,Aster Specialty Produce Ho HQ,9802 Crescent Drive,Hamilton,54764,True,True,2025-08-08
4267,2025,7,Returns,Aster Specialty Produce Ho DC,186 Station Road,Hamilton,36660,False,True,2024-04-04
4268,2025,7,Delivery,Aster Specialty Produce Ho Plant,4591 Canal Street,London,86506,False,True,2023-02-10
4269,2026,9,Billing,Lakeside Meal Systems Mfg HQ,8330 Ridgeview Road,Bristol,L3 4B,True,True,2025-11-27
4270,2026,9,Delivery,Lakeside Meal Systems Mfg DC,6732 Ridgeview Road,Leeds,M3 5C,False,False,2026-01-09
4271,2027,10,Billing,Lantern Dairy Group HQ,3499 Canal Street,Munich,B4 6D,True,True,2024-10-21
4272,2027,10,Cross-Dock,Lantern Dairy Group DC,3273 Harvester Road,Munich,EH8 6C,False,True,2024-04-25
4273,2028,10,Billing,Brightwell Floral Logistic HQ,637 Harvester Road,Munich,M3 7C,True,True,2025-03-30
4274,2029,7,Billing,crescent ingredients group HQ,6238 Juniper Avenue,London,66854,True,True,2026-02-02
4275,2029,7,Cross-Dock,crescent ingredients group DC,3847 Vine Street,Ottawa,38606,False,True,2025-03-14
4276,2029,7,Cross-Dock,crescent ingredients group Plant,7075 Ridgeview Road,Ottawa,15714,False,True,2023-04-09
4277,2030,3,Billing,Orchard Dairy Group HQ,5941 Crescent Drive,Minneapolis,79405,True,True,2023-08-06
4278,2030,3,Production Site,Orchard Dairy Group DC,557 Vine Street,Minneapolis,40989,False,True,2023-10-11
4279,2031,2,Billing,Cobalt Floral Logistics Ho HQ,2424 Canal Street,Charlotte,13336,True,True,2023-08-04
4280,2032,6,Billing,Ardent Beverage Logistics HQ,5142 Dockside Lane,Austin,26550,True,True,2023-11-20
4281,2033,9,Billing,Cardinal Nutrition Partner HQ,9225 Crescent Drive,Leeds,B6 4A,True,True,2026-01-26
4282,2034,4,Billing,lakeside nutrition logisti hq,9479 Ridgeview Road,Albuquerque,98489,True,True,2023-12-31
4283,2035,7,Billing,Cedar Beverage Distributio HQ,2960 Mill Lane,Hamilton,11664,True,True,2024-01-12
4284,2035,7,Delivery,Cedar Beverage Distributio DC ,5311 Vine Street,London,43005,False,True,2024-10-16
4285,2036,2,Billing,Crown Seafood Group HQ,2609 Foundry Way,Charlotte,50626,True,True,2024-06-21
4286,2036,2,Delivery,Crown Seafood Group DC,153 Marlow Parkway,Charlotte,31142,False,True,2023-04-06
4287,2037,10,Billing,brightwell seafood partner HQ,8353 Vine Street,Munich,SE5 6A,True,True,2024-07-22
4288,2037,7,Delivery,brightwell seafood partner DC,7377 Ridgeview Road,London,99309,False,True,2025-05-14
4289,2037,7,Delivery,brightwell seafood partner Plant,9180 Station Road,Ottawa,67368,False,False,2025-05-18
4290,2037,7,Cross-Dock,brightwell seafood partner Annex,2775 Dockside Lane,Hamilton,83747,False,True,2023-01-06
4291,2038,5,Billing,Crescent Cold Foods Supply HQ,7815 Vine Street,Oakland,45331,True,True,2025-04-03
4292,2038,9,Returns,Crescent Cold Foods Supply DC,9430 Juniper Avenue,Leeds,B9 5A,False,True,2025-05-26
4293,2038,9,Delivery,Crescent Cold Foods Supply Plant,3219 Marlow Parkway,London,M1 4B,False,True,
4294,2038,11,Production Site,Crescent Cold Foods Supply Annex,519 Station Road,Eindhoven,M2 5C,False,True,2025-01-08
4295,2039,11,Billing,Everfield Ingredients Food HQ,7733 Station Road,Amsterdam,SE5 1D,True,True,2026-03-10
4296,2039,11,Returns,EVERFIELD INGREDIENTS FOOD DC,2819 Marlow Parkway,Utrecht,M4 7A,False,False,
4297,2039,11,Returns,Everfield Ingredients Food Plant,6655 Market Row,Amsterdam,M3 4B,False,False,2026-03-18
4298,2040,2,Billing,Forge Foods Logistics HQ,3556 Canal Street,Charlotte,26493,True,True,2023-10-03
4299,2040,2,Returns,Forge Foods Logistics DC ,7239 Station Road,Orlando,54650,False,True,2025-10-31
4300,2040,2,Delivery,Forge Foods Logistics Plant,2524 Ridgeview Road,Charlotte,95619,False,False,2023-12-05
4301,2040,2,Delivery,Forge Foods Logistics Annex,22 Mill Lane,Charlotte,60621,False,True,2023-09-24
4302,2041,7,Billing, Lantern Foods Labs HQ,3957 Ridgeview Road,Toronto,29063,True,True,2024-03-31
4303,2042,8,Billing,Cedar Laboratories Holding HQ,5883 Mill Lane,Sherbrooke,61421,True,True,2023-03-08
4304,2043,2,Billing,Rivebrend Dairy Manufactur HQ,1359 Market Row,Orlando,20561,True,True,2026-02-18
4305,2043,7,Delivery,Riverbend Dairy Manufactur DC,2742 Station Road,London,30375,False,False,2023-09-20
4306,2044,3,Billing,Orchard Floral Logistics L HQ,61 Canal Street,COLUMBUS,43292,True,True,2025-11-03
4307,2044,3,Production Site,Orchard Floral Logistics L DC,9067 Market Row,Detroit,78467,False,True,2025-12-16
4308,2044,3,Returns,Orchard Floral Logistics L Plant,4037 Market Row,Minneapolis,36207,False,True,2024-02-16
4309,2044,4,Cross-Dock,Orchard Floral Logistics L Annex,8210 Dockside Lane,Albuquerque,60520,False,True,2026-02-10
4310,2045,9,Billing,Briar Beverage Foods HQ,6771 Juniper Avenue,Bristol,B7 6A,True,True,2024-05-09
4311,2045,8,Delivery,Briar Beverage Foods DC,879 Juniper Avenue,Quebec City,65052,False,False,2025-06-30
4312,2045,8,Production Site,Briar Beverage Foods Plant,513 Crescent Drive,Montreal,16145,False,True,2024-04-08
4313,2045,8,Returns, Briar Beverage Foods Annex,8903 Ridgeview Road,Laval,13254,False,True,2024-02-19
4314,2046,7,Billing,Everfield Floral Logistics HQ,9376 Mill Lane,London,16955,True,True,2023-02-11
4315,2046,7,Production Site,Everfield Floral Logistics DC,8333 Station Road,Toronto,24077,False,True,2024-07-06
4316,2047,2,Billing,Harbor Ingredients Co-op HQ,8981 Canal Street,Nashville,62643,True,True,
4317,2048,4,Billing,FORGE LABORATORIES PARTNER HQ,8715 Ridgeview Road,albuquerque,99504,True,True,2024-03-23
4318,2048,4,Production Site,FORGE LABORATORIES PARTNER DC,3259 Juniper Avenue,Phoenix,48258,False,True,2023-11-04
4319,2049,7,Billing,Keystone Nutrition Dist. HQ,1491 Vine Street,Ottawa,16416,True,True,2025-01-25
4320,2049,7,Returns,Keystone Nutrition Dist. DC,5330 Mill Lane,Toronto,73715,False,False,2024-09-29
4321,2050,10,Billing,Cedar Specialty Produce Ho HQ,6209 Market Row,Berlin,M5 5B,True,False,2025-05-08
4322,2051,5,Billing,Briar Pharma Partners HQ,9425 Vine Street,San Diego,16275,True,True,2024-07-17
4323,2051,1,Production Site,Briar Pharma Partners DC,3172 Marlow Parkway,Newark,53177,False,True,2023-01-25
4324,2051,1,Cross-Dock,Briar Pharma Partners Plant,3783 Juniper Avenue,Newark,80340,False,False,2024-08-10
4325,2052,8,Billing,Mosaic Beverage Group HQ,1796 Ridgeview Road,Montreal,10007,True,True,2025-02-11
4326,2053,2,Billing,Forge Pet Nutrition Group HQ,2474 Juniper Avenue,Orlando,64939,True,True,2024-04-05
4327,2053,2,Returns,Forge Pet Nutrition Group DC,3532 Marlow Parkway,orlando,73050,False,True,2024-05-05
4328,2054,1,Billing,Cardinal Meal Systems Food HQ,8775 Marlow Parkway,Newark,14463,True,True,2025-02-12
4329,2054,1,Delivery,Cardinal Meal Systems Food DC,5433 Marlow Parkway,Boston,20908,False,True,2024-05-04
4330,2055,11,Billing,Crown Laboratories Co-op HQ,3961 Vine Street,Amsterdam,M3 1A,True,False,2024-01-30
4331,2055,11,Production Site,Crown Laboratories Co-op DC,7186 Marlow Parkway,Eindhoven,B6 2C,False,False,2025-03-17
4332,2055,11,Production Site,Crown Laboratories Co-op Plant,9889 Marlow Parkway,Utrecht,M9 2C,False,True,
4333,2056,6,Billing,Briar Laboratories Supply HQ,6475 Juniper Avenue,Houston,11838,True,True,2024-03-04
4334,2056,1,Returns,Briar Laboratories Supply DC,7710 Station Road,Hartford,55972,False,False,2025-11-07
4335,2057,5,Billing,Bluevale Seafood Group  HQ ,5698 Crescent Drive,Los Angeles,94207,True,True,2023-04-27
4336,2057,4,Cross-Dock,Bluevale Seafood Group  DC,501 Vine Street,Las Vegas,61816,False,True,2023-12-31
4337,2057,5,Delivery,Bluevale Seafood Group  Plant,6658 Marlow Parkway,Los Angeles,14801,False,True,2023-12-25
4338,2058,6,Billing,Granite Floral Logistics H HQ,8930 Harvester Road,Houston,97697,True,True,2025-05-06
4339,2058,6,Returns,Granite Floral Logistics H DC,921 Canal Street,Austin,27316,False,True,2024-08-20
4340,2059,10,Billing,Everfield Foods Holdings HQ,3045 Station Road,Cologne,B7 5D,True,True,
4341,2059,3,Delivery,Everfield Foods Holdings DC,7673 Crescent Drive,Minneapolis,51815,False,True,2023-09-22
4342,2060,6,Billing,Oakmont Laboratories Holdi HQ,72 Dockside Lane,Austin,19042,True,False,2024-08-29
4343,2061,4,Billing,Summit Ingredients Partner HQ,3479 Dockside Lane,Las Vegas,23358,True,True,2024-09-06
4344,2062,3,Billing,Granite Pet Nutrition Hold HQ,9847 Station Road,Detroit,49262,True,True,2024-09-04
4345,2063,5,Billing,Trinity Laboratories Partn HQ,6462 Station Road,Oakland,72883,True,True,2023-09-10
4346,2064,9,Billing,Mosaic Pet Nutrition Logis HQ,2985 Crescent Drive,Manchester,L2 9C,True,True,2026-02-18
4347,2065,11,Billing,Harbor Specialty Produce D HQ,4622 Vine Street,Rotterdam,B9 2D,True,True,
4348,2066,11,Billing,keystone beverage foods HQ,2037 Crescent Drive,Utrecht,L8 5B,True,False,2023-08-28
4349,2066,8,Production Site,keystone beverage foods DC,635 Crescent Drive,Laval,36904,False,True,2025-04-11
4350,2066,8,Delivery,keystone beverage foods Plant,8787 Harvester Road,Laval,28012,False,True,2025-02-03
4351,2066,10,Cross-Dock,keystone beverage foods Annex,1918 Market Row,Berlin,L5 9B,False,True,2024-10-10
4352,2067,1,Billing,Keystone Dairy Mfg HQ,6364 Mill Lane,Boston,27651,True,True,2023-03-03
4353,2067,1,Returns,Keystone Dairy Mfg DC,936 Vine Street,Boston,70657,False,True,2024-12-11
4354,2067,1,Returns,Keystone Dairy Mfg Plant,774 Harvester Road,Portland,30596,False,True,2024-03-25
4355,2068,7,Billing,Summit Laboratories Supply HQ,4157 Juniper Avenue,Hamilton,26443,True,True,2024-08-08
4356,2069,7,Billing,Westline Pet Nutrition Log HQ,6118 Harvester Road,Toronto,35236,True,True,2023-12-23
4357,2070,6,Billing,Northwind Pharma Supply HQ,4926 Market Row,Dallas,77215,True,True,2025-02-28
4358,2070,6,Delivery,Northwind Pharma Supply DC,8642 Station Road,Austin,26643,False,False,2024-10-27
4359,2070,6,Cross-Dock,Northwind Pharma Supply Plant,298 Foundry Way,San Antonio,73849,False,True,2025-03-09
4360,2071,4,Billing,Keystone Biologics Labs HQ,2771 Market Row,Denver,70751,True,True,2023-05-01
4361,2072,11,Billing,Pioneer Biologics Manufact HQ,8689 Ridgeview Road,Amsterdam,L8 9B,True,True,2024-10-26
4362,2073,1,Billing,Ardent Meal Systems Supply HQ,8418 Canal Street,Newark,83420,True,True,2026-01-02
4363,2074,8,Billing,Cardinal Seafood Logistics HQ,1171 Foundry Way,Montreal,86263,True,True,2025-02-21
4364,2074,8,Returns,Cardinal Seafood Logistics DC,3612 Ridgeview Road,Quebec City,71832,False,True,2025-07-22
4365,2075,10,Billing,Brightwell Cold Foods Food HQ,2380 Crescent Drive,HAMBURG,L9 9B,True,True,2024-07-04
4366,2076,2,Billing,Riverbend Specialty Produc HQ,8968 Dockside Lane,Atlanta,96655,True,True,2024-05-16
4367,2076,6,Cross-Dock,Riverbend Specialty Produc DC,3226 Crescent Drive,San Antonio,53790,False,True,2023-03-14
4368,2076,6,Cross-Dock,Riverbend Specialty Produc Plant,3614 Marlow Parkway,Austin,98106,False,True,2024-12-03
4369,2077,2,Billing,Cardinal Specialty Produce HQ,7213 Marlow Parkway,Atlanta,73851,True,True,2025-02-24
4370,2077,10,Production Site,Cardinal Specialty Produce DC,9513 Canal Street,Cologne,L8 6A,False,True,2024-07-21
4371,2077,2,Delivery,Cardinal Specialty Produce Plant,8565 Market Row,Orlando,42783,False,True,2025-11-04
4372,2077,2,Cross-Dock,Cardinal Specialty Produce Annex,909 Juniper Avenue,Orlando,63893,False,True,2023-01-18
4373,2078,5,Billing,Cardinal Foods Manufacturi HQ,5212 Harvester Road,San Diego,82304,True,True,2026-02-08
4374,2079,2,Billing,Lakeside Specialty Prdouce HQ,1923 Crescent Drive,Orlando,92986,True,True,2023-11-28
4375,2079,2,Delivery,Lakeside Specialty Prdouce DC,3830 Vine Street,Nashville,72673,False,True,2024-08-26
4376,2079,2,Cross-Dock,Lakeside Specialty Prdouce Plant,7605 Vine Street,Nashville,85637,False,True,2024-08-06
4377,2079,2,Delivery,Lakeside Specialty Prdouce Annex,5641 Market Row,Charlotte,81974,False,True,2025-01-16
4378,2080,2,Billing,Brightwell Meal Systems Di HQ,2383 Juniper Avenue,NASHVILLE,63902,True,True,2024-04-14
4379,2080,1,Delivery,Brightwell Meal Systems Di DC,5412 Mill Lane,Boston,80135,False,True,2024-09-10
4380,2081,2,Billing,Forge Beverage Distributio HQ,2852 Foundry Way,Atlanta,57947,True,True,2025-10-08
4381,2082,7,Billing,CEDAR SEAFOOD GROUP HQ,3530 Dockside Lane, Hamilton,79314,True,True,2023-10-26
4382,2083,9,Billing,Briar Laboratories Distrib HQ,6118 Dockside Lane,Manchester,M6 4B,True,True,2025-04-18
4383,2084,8,Billing,Westline Cold Foods Co-op HQ,8105 Market Row,Montreal,66304,True,True,2023-11-03
4384,2085,9,Billing,Ardent Foods Group HQ,2564 Crescent Drive,Bristol,M5 6A,True,True,2024-02-01
4385,2085,7,Production Site,Ardent Foods Group DC,6983 Harvester Road,London,70130,False,True,2024-05-11
4386,2085,7,Cross-Dock,Ardent Foods Group Plant,8949 Ridgeview Road,Ottawa,32198,False,True,2025-11-08
4387,2086,11,Billing, Mosaic Meal Systems Distri HQ,7044 Juniper Avenue,Eindhoven,L2 9D,True,True,2025-04-10
4388,2086,11,Cross-Dock,Mosaic Meal Systems Distri DC,7430 Crescent Drive,Eindhoven,EH1 3D,False,True,2023-08-14
4389,2086,11,Cross-Dock,Mosaic Meal Systems Distri Plant,9405 Vine Street,Amsterdam,B6 8B,False,True,2025-04-29
4390,2087,8,Billing,Everfield Dairy Group HQ,5414 Mill Lane,Quebec City,32707,True,True,2026-02-03
4391,2088,6,Billing,Meridian Seafoo dDistribut HQ,3078 Station Road,Houston,76423,True,True,2026-02-20
4392,2088,2,Production Site,Meridian Seafood Distribut DC,9129 Juniper Avenue,Orlando,70071,False,True,2025-03-26
4393,2089,10,Billing,Forge Foods Manufacturing HQ,2254 Canal Street,Berlin,SE6 1D,True,False,2024-12-22
4394,2089,10,Returns,Forge Foods Manufacturing DC,3681 Canal Street,Munich,M3 1B,False,True,2024-08-30
4395,2089,1,Delivery,Forge Foods Manufacturing Plant,1751 Crescent Drive,Portland,81723,False,True,2025-02-17
4396,2089,10,Cross-Dock,Forge Foods Manufacturing Annex,5172 Dockside Lane,Munich,B7 3C,False,False,2023-09-12
4397,2090,3,Billing,Solace Floral Logistics Lo HQ,9628 Juniper Avenue,Columbus,39335,True,True,2025-11-15
4398,2090,3,Delivery,Solace Floral Logistics Lo DC,3305 Juniper Avenue,Minneapolis,95683,False,True,2023-08-18
4399,2091,9,Billing,Pioneer Ingredients Labs HQ,729 Foundry Way,Bristol,EH7 1A,True,True,2025-06-24
4400,2091,9,Cross-Dock,Pioneer Ingredients Labs DC,9487 Ridgeview Road,Leeds,B7 1C,False,True,2026-02-15
4401,2091,9,Delivery,Pioneer Ingredients Labs Plant,5754 Canal Street,Leeds,M8 6D,False,True,2024-01-20
4402,2092,11,Billing,Westline Ingredients Partn HQ,7953 Market Row,Rotterdam,EH1 1D,True,True,2023-11-30
4403,2093,6,Billing,Everfield Ingredients Grou HQ,6446 Vine Street,Houston,14287,True,True,2023-09-03
4404,2093,6,Returns,Everfield Ingredients Grou DC,7252 Mill Lane,Austin,29398,False,True,2024-03-13
4405,2093,6,Returns,Everfield Ingredients Grou Plant,9368 Juniper Avenue,San Antonio,90269,False,True,2024-09-06
4406,2094,5,Billing,Summit Pharma Supply HQ,4597 Harvester Road,San Diego ,76971,True,True,
4407,2095,7,Billing,Crown Biologics Distributi HQ,1885 Ridgeview Road,Ottawa,92598,True,True,2026-01-02
4408,2095,6,Returns,Crown Biologics Distributi DC,2455 Harvester Road,Dallas,35152,False,True,2023-02-03
4409,2095,7,Cross-Dock,Crown Biologics Distributi Plant,9721 Crescent Drive,London,10265,False,True,2024-08-20
4410,2096,11,Billing,Mosaic Seafood Logistics HQ,540 Dockside Lane,Eindhoven,SE5 9B,True,False,2024-09-18
4411,2096,11,Cross-Dock,Mosaic Seafood Logistics DC,3887 Harvester Road,Amsterdam,SE9 4A,False,True,2023-04-30
4412,2096,10,Production Site,Mosaic Seafood Logistics Plant,110 Dockside Lane,Cologne,M5 1C,False,True,2023-02-17
4413,2096,11,Production Site,Mosaic Seafood Logistics Annex,2699 Marlow Parkway,Amsterdam,B2 2B,False,True,2023-09-21
4414,2097,10,Billing,Solace Biologics Supply HQ,3616 Crescent Drive,Munich,M2 7D,True,False,2026-01-15
4415,2098,7,Billing,Lakeside Ingredients Group HQ,6038 Harvester Road,Toronto,38231,True,True,2024-09-22
4416,2099,5,Billing,Ardent Floral Logistics Ma HQ,961 Harvester Road,Oakland,18662,True,True,2025-11-10
4417,2099,5,Production Site,Ardent Floral Logistics Ma DC,9295 Crescent Drive,Seattle,53415,False,True,2024-09-06
4418,2099,5,Cross-Dock,Ardent Floral Logistics Ma Plant,9607 Canal Street,Oakland,17170,False,True,2023-02-08
4419,2100,9,Billing,Bluevale Meal Systems Food HQ,7880 Ridgeview Road,London,EH8 4D,True,True,2023-02-07
4420,2100,9,Returns,Bluevale Meal Systems Food DC,136 Harvester Road,Bristol,M4 2A,False,False,2023-02-07
4421,2101,4,Billing,Northwind Cold Foods Co-op HQ,9054 Harvester Road,Las Vegas,11096,True,True,2025-04-11
4422,2102,10,Billing,Oakmont Ingredients Partne HQ,2476 Harvester Road,Munich,B7 7A,True,False,2024-01-09
4423,2103,1,Billing,Ardent Foods Holdings HQ,9500 Vine Street,Boston,94220,True,True,2025-05-25
4424,2104,5,Billing,PIONEER FOODS FOODS HQ,9229 Ridgeview Road,Oakland,65008,True,True,2026-03-04
4425,2105,3,Billing,Granite Floral Logistics C HQ,2320 Canal Street,Minneapolis,65038,True,True,2025-05-05
4426,2105,5,Returns,Granite Floral Logistics C DC,2902 Ridgeview Road,Seattle,38582,False,True,2025-02-14
4427,2105,5,Returns,Granite Floral Logistics C Plant,8430 Market Row,Oakland,80813,False,True,2025-06-17
4428,2105,5,Cross-Dock,Granite Floral Logistics C Annex,4042 Harvester Road,San Diego,34553,False,True,2024-11-25
4429,2106,1,Billing,Crescent Cold Foods Co-op HQ,6364 Mill Lane,Newark,86561,True,True,2023-06-19
4430,2107,9,Billing,Westline Seafood Logistics HQ,8830 Market Row,Bristol,B2 5D,True,True,2023-11-25
4431,2107,7,Returns,Westline Seafood Logistics DC,7321 Vine Street,London,41730,False,True,2026-02-07
4432,2107,7,Delivery,Westline Seafood Logistics Plant,7308 Vine Street,London,99776,False,True,2025-07-16
4433,2107,7,Returns,Westline Seafood Logistics Annex,2838 Market Row,Hamilton,31995,False,True,2023-07-09
4434,2108,6,Billing,Westline Laboratories Part HQ,9916 Station Road,Houston,58821,True,True,2024-05-10
4435,2109,3,Billing,Aster Laboratories Foods HQ,7603 Juniper Avenue,Columbus,44399,True,True,2023-01-21
4436,2109,3,Production Site,Aster Laboratories Foods DC,1797 Juniper Avenue,Minneapolis,83822,False,True,2025-04-13
4437,2109,3,Returns,Aster Laboratories Foods Plant,6248 Juniper Avenue,Chicago,22212,False,True,2025-04-13
4438,2109,3,Production Site,Aster Laboratories Foods Annex,8154 Ridgeview Road,Chicago,83002,False,True,2023-09-20
4439,2110,10,Billing,Northwind Meal Systems Gro HQ,4924 Vine Street,Hamburg,B5 6A,True,True,2024-01-10
4440,2111,1,Billing,Lakeside Ingredients Partn HQ,9671 Crescent Drive,Newark,87195,True,True,2023-02-03
4441,2112,10,Billing,Brightwell Ingredients Dis HQ,795 Dockside Lane,Munich,L5 7C,True,True,2024-08-21
4442,2113,10,Billing,Northwind Specialty Produc HQ,7423 Foundry Way,Munich,M1 2D,True,False,2023-04-29
4443,2113,10,Delivery,Northwind Specialty Produc DC,1303 Harvester Road,Hamburg,B7 6D,False,True,2024-04-14
4444,2113,1,Delivery,Northwind Specialty Produc Plant,8151 Juniper Avenue,Portland,24584,False,True,2023-05-23
4445,2114,10,Billing,Lantern Pharma Distributio HQ,6490 Ridgeview Road,Munich,SE2 1B,True,True,2024-08-01
4446,2115,5,Billing,Cardinal Floral Logistics  HQ,7505 Vine Street,San Diego,87349,True,True,2024-04-09
4447,2115,8,Returns,Cardinal Floral Logistics  DC,3605 Station Road,Montreal,42925,False,True,2026-02-18
4448,2116,3,Billing,Helix Ingredients Supply HQ,3943 Vine Street,Chicago,35006,True,True,2024-05-05
4449,2117,5,Billing,Pioneer Nutrition Manufact HQ,7318 Juniper Avenue,San Diego,66786,True,True,2025-09-25
4450,2118,4,Billing,Aster Seafood Co-op HQ,5416 Juniper Avenue,LAS VEGAS,39926,True,True,2023-09-03
4451,2118,10,Production Site,Aster Seafood Co-op DC,4899 Canal Street,Munich,M7 3A,False,True,2025-12-25
4452,2118,4,Cross-Dock,Aster Seafood Co-op Plant,8452 Crescent Drive,Albuquerque,21684,False,True,
4453,2119,11,Billing,Cedar Nutrition Co-op HQ,3335 Harvester Road,Utrecht,L7 3B,True,True,2024-07-22
4454,2120,4,Billing,Lantern Pet Nutrition Part HQ,8793 Market Row,Las Vegas,43509,True,True,
4455,2121,1,Billing,Solace Dairy Foods HQ,964 Harvester Road,Newark,71663,True,True,2025-10-27
4456,2121,3,Returns,Solace Dairy Foods DC ,26 Marlow Parkway,Detroit,17441,False,True,2025-07-19
4457,2122,11,Billing,Crescent Foods Supply HQ,6784 Ridgeview Road,Utrecht,L5 8C,True,False,2026-01-07
4458,2122,9,Cross-Dock,Crescent Foods Supply DC,3763 Marlow Parkway,Bristol,EH2 1A,False,True,2025-01-22
4459,2123,8,Billing,ARDENT PET NUTRITION SUPPL HQ,4591 Marlow Parkway,Laval,13061,True,True,
4460,2123,3,Delivery,Ardent Pet Nutrition Suppl DC,2030 Vine Street,Detroit,98069,False,True,2025-07-01
4461,2123,3,Cross-Dock,ARDENT PET NUTRITION SUPPL PLANT,7487 Mill Lane,Chicago,24532,False,True,2023-04-05
4462,2124,11,Billing,Bluevale Cold Foods Holdin HQ,584 Harvester Road,Eindhoven,EH4 9C,True,True,2025-10-26
4463,2124,11,Returns,Bluevale Cold Foods Holdin DC,9378 Juniper Avenue,Rotterdam,SE2 5C,False,True,2025-09-21
4464,2125,9,Billing,FORGE COLD FOODS LABS HQ,2807 Ridgeview Road,London,SE3 4D,True,False,2023-04-28
4465,2125,9,Production Site,FORGE COLD FOODS LABS DC,8695 Mill Lane,Bristol,EH6 9D,False,True,2024-10-06
4466,2126,1,Billing,Forge Meal Systems Distrib HQ,6006 Marlow Parkway, Boston,59911,True,True,
4467,2127,4,Billing,Meridian Nutrition Supply HQ,263 Vine Street,LAS VEGAS,20430,True,False,2024-09-27
4468,2127,4,Delivery,Meridian Nutrition Supply DC,4142 Canal Street,Phoenix,78710,False,True,2023-11-08
4469,2128,6,Billing,Aster Meal Systems Group HQ,2945 Ridgeview Road,San Antonio,93044,True,False,2023-03-07
4470,2128,6,Production Site,Aster Meal Systems Group DC,9548 Station Road,San Antonio,55835,False,True,2025-02-20
4471,2129,10,Billing,Crown Biologics Supply HQ,1785 Vine Street,Berlin,EH3 8B,True,True,2025-11-04
4472,2130,11,Billing,Everfield Nutrition Manufa HQ,8329 Vine Street,Rotterdam,B3 9C,True,True,2023-09-01
4473,2130,8,Delivery,Everfield Nutrition Manufa DC,7984 Dockside Lane,Sherbrooke,37408,False,True,
4474,2130,8,Delivery,Everfield Nutrition Manufa Plant,1754 Market Row,laval,48033,False,True,2023-08-16
4475,2130,8,Cross-Dock,Everfield Nutrition Manufa Annex,7660 Station Road,Quebec City,63301,False,True,2024-02-12
4476,2131,2,Billing,cobalt cold foods partners hq,2625 Vine Street,Charlotte,15806,True,True,2024-04-09
4477,2131,2,Delivery,Cobalt Cold Foods Partners DC,5386 Marlow Parkway,Orlando,65900,False,True,2024-03-06
4478,2131,2,Cross-Dock,Cobalt Cold Foods Partners Plant,9685 Ridgeview Road,Charlotte,59195,False,True,2026-03-10
4479,2131,2,Returns,Cobalt Cold Foods Partners Annex,5482 Canal Street,Atlanta,81212,False,True,
4480,2132,4,Billing,Granite Cold Foods Manufac HQ,7369 Market Row,Las Vegsa,57240,True,True,2024-02-12
4481,2133,1,Billing,Westline Specialty Produce HQ,5327 Foundry Way,Hartford,44419,True,True,2024-09-10
4482,2133,1,Production Site,Westline Specialty Produce DC,4373 Juniper Avenue,Newark,87050,False,True,2023-02-04
4483,2133,9,Returns,Westline Specialty Produce Plant,8985 Crescent Drive,Leeds,L8 5A,False,True,2026-03-03
4484,2133,1,Cross-Dock,Westline Specialty Produce Annex,854 Dockside Lane,Hartford,23972,False,True,2024-06-28
4485,2134,5,Billing,Everfield Biologics Logist HQ,8136 Marlow Parkway,Los Angeles,37546,True,True,2025-06-07
4486,2135,7,Billing,Mosaic Nutrition Supply HQ,4081 Station Road,HAMILTON,93339,True,True,2024-12-17
4487,2136,10,Billing,Westline Nutrition Co-op HQ,7962 Marlow Parkway,Berlin,EH9 2A,True,True,2023-07-29
4488,2136,10,Production Site,Westline Nutrition Co-op DC,6732 Market Row,Hamburg,M9 8A,False,True,2026-02-04
4489,2136,10,Cross-Dock,Westline Nurtition Co-op Plant,8239 Marlow Parkway,Cologne,EH5 7A,False,True,2023-01-04
4490,2137,2,Billing,Cedar Pharma Labs HQ,227 Crescent Drive,Nashville,44076,True,True,2023-07-08
4491,2138,2,Billing,Brightwell Nutrition Labs HQ,7608 Dockside Lane,Charlotte,67204,True,True,2024-10-12
4492,2138,2,Cross-Dock,Brightwell Nutrition Labs DC,5215 Station Road,Charlotte,93650,False,True,2026-03-26
4493,2138,2,Delivery,Brightwell Nutrition Labs Plant,1861 Vine Street,Atlanta,79387,False,True,2023-12-25
4494,2138,2,Delivery,Brightwell Nutrition Labs Annex,400 Ridgeview Road,Atlanta,99593,False,True,2025-05-11
4495,2139,8,Billing,Crown Specialty Produce Lo HQ,739 Vine Street,Sherbrooke,88168,True,True,2023-02-24
4496,2140,6,Billing,Helix Beverage Supply HQ,9135 Vine Street,Austin,54162,True,True,2024-09-08
4497,2140,6,Cross-Dock,Helix Beverage Supply DC,190 Marlow Parkway,San Antonio,38089,False,True,2024-08-03
4498,2140,6,Cross-Dock,Helix Beverage Supply Plant,6357 Ridgeview Road,San Antonio,24234,False,True,2024-08-05
4499,2140,6,Delivery,Helix Beverage Supply Annex,163 Juniper Avenue,Austin,16325,False,True,2025-08-13
4500,2141,2,Billing,Solace Meal Systems Group HQ,4112 Vine Street,Charlotte,55769,True,True,2025-12-13
4501,2141,2,Production Site,Solace Meal Systems Group DC,5180 Station Road,Nashville,60744,False,True,2023-01-01
4502,2141,2,Delivery,Solace Meal Systems Group Plant,2445 Market Row,Nashville,10115,False,True,2025-02-09
4503,2142,1,Billing, Crescent Floral Logistics HQ,361 Ridgeview Road,Portland,57399,True,True,2024-06-19
4504,2143,3,Billing,Riverbend Pet Nutrition Su HQ,9958 Foundry Way,Columbus,77857,True,True,2025-03-11
4505,2143,6,Production Site,Riverbend Pet Nutrition Su DC,5262 Juniper Avenue,Houston,86744,False,True,2024-05-24
4506,2143,6,Delivery,Riverbend Pet Nutrition Su Plant,9524 Market Row,Austin,79226,False,True,2024-10-23
4507,2143,6,Returns,Riverbend Pet Nutrition Su Annex,5272 Canal Street,Austin,31321,False,True,2026-03-10
4508,2144,6,Billing, Helix Laboratories Group HQ,5189 Marlow Parkway,San Antonio,86556,True,True,2023-02-05
4509,2144,6,Production Site,Helix Laboratories Group DC,8874 Crescent Drive,Houston,38399,False,True,2025-12-28
4510,2145,9,Billing,Westline Nutrition Co-op HQ,8344 Station Road,Bristol,EH3 7A,True,True,2023-01-23
4511,2145,9,Cross-Dock,Westline Nutrition Co-op DC,3795 Station Road,Bristol,L9 6A,False,True,2025-07-03
4512,2145,9,Production Site,Westline Nutrition Co-op Plant,9816 Canal Street,Leeds,L2 3B,False,True,2023-12-24
4513,2146,6,Billing,Cardinal Nutrition Logisti HQ,5608 Harvester Road,Houston,33055,True,True,2025-03-15
4514,2146,6,Delivery,Cardinal Nutrition Logisti DC,2188 Foundry Way,San Antonio,44174,False,True,2023-03-04
4515,2146,6,Delivery,Cardinal Nutrition Logisti Plant,5700 Juniper Avenue,San Antonio,31216,False,True,2023-01-30
4516,2146,6,Cross-Dock,Cardinal Nutrition Logisti Annex,4572 Canal Street,Houston,67649,False,True,2025-12-12
4517,2147,9,Billing,Mosaic Meal Systems Logist HQ,1664 Dockside Lane,London,M1 3C,True,True,2023-07-25
4518,2147,9,Returns,Mosaic Meal Systems Logist DC,1640 Market Row,Leeds,B2 7A,False,True,2023-11-12
4519,2147,10,Delivery,Mosaic Meal Systems Logist Plant,5702 Canal Street,Cologne,EH5 5A,False,True,2023-02-15
4520,2147,8,Cross-Dock,Mosaic Meal Systems Logist Annex,3730 Crescent Drive,Sherbrooke,28054,False,False,2024-10-14
4521,2148,2,Billing,Aster Floral Logistics Lab HQ,9891 Foundry Way,Nashville,32154,True,True,2025-06-01
4522,2148,7,Cross-Dock,Aster Floral Logistics Lab DC,3256 Ridgeview Road,Hamilton,38966,False,True,2025-10-31
4523,2148,7,Production Site,Aster Floral Logistics Lab Plant,1532 Dockside Lane,Toronto,22021,False,True,2026-02-06
4524,2149,2,Billing,Westline Pet Nutrition Co- HQ,790 Vine Street,Orlando,29336,True,True,2024-04-02
4525,2149,2,Returns,Westline Pet Nutrition Co- DC,5209 Canal Street,Atlanta,16618,False,True,2024-05-24
4526,2150,10,Billing,Lantern Dairy Distribution HQ,5389 Market Row,Munich,L6 2B,True,True,2023-05-23
4527,2150,2,Delivery,Lantern Dairy Distribution DC,114 Mill Lane,Nashville,96052,False,True,2024-08-16
4528,2151,7,Billing,Ardent Seafood Manufacturi HQ,786 Harvester Road,Hamilton,83872,True,True,2023-03-12
4529,2152,5,Billing,Keystone Biologics Holding HQ,9226 Juniper Avenue,Oakland,12928,True,True,2023-01-27
4530,2153,11,Billing,Westline Ingredients Manuf HQ,8186 Station Road,Eindhoven,SE1 5D,True,True,2024-06-19
4531,2154,3,Billing,Keystone Nutrition Partner HQ,7583 Canal Street,Chicago,33857,True,True,2023-10-20
4532,2155,3,Billing,Northwind Ingredients Manu HQ,9411 Juniper Avenue,Columbus,81954,True,True,2025-09-22
4533,2156,11,Billing,Lakeside Cold Foods Supply HQ,1921 Marlow Parkway,Utrecht,L5 7D,True,True,2025-03-15
4534,2156,11,Production Site,Lakeside Cold Foods Supply DC,9752 Foundry Way,Amsterdam,M3 8B,False,True,2024-11-19
4535,2156,11,Delivery,Lakeside Cold Foods Supply Plant,9774 Foundry Way,Eindhoven,B5 9A,False,True,2025-10-05
4536,2157,5,Billing,Cedar Specialty Produce Lo HQ,9172 Foundry Way,Oakland,27699,True,True,2026-02-26
4537,2157,5,Delivery,Cedar Specialty Produce Lo DC,9394 Harvester Road,Seattle,68337,False,True,2026-01-07
4538,2157,5,Delivery,Cedar Specialty Produce Lo Plant,2272 Canal Street,Seattle,91233,False,True,2023-06-21
4539,2158,11,Billing,mosaic foods dist. hq,4893 Marlow Parkway,Utrecht,L8 6D,True,True,2023-01-08
4540,2159,3,Billing,Mosaic Laboratories Logist HQ,6433 Vine Street,Columbus,98141,True,True,2025-12-30
4541,2159,3,Production Site,Mosaic Laboratories Logist DC,8437 Harvester Road,Columbus,22683,False,False,2023-05-23
4542,2159,3,Production Site,Mosaic Laboratories Logist Plant,6911 Canal Street,Minneapolis,35328,False,False,2024-07-11
4543,2159,3,Delivery,Mosaic Laboratories Logist Annex,9278 Market Row,Detroit,70544,False,True,2025-04-22
4544,2160,8,Billing,CARDINAL BEVERAGE GROUP HQ,444 Market Row,Laval,89590,True,True,2025-10-17
4545,2160,9,Cross-Dock,Cardinal Beverage Group DC,9196 Station Road,Bristol,M3 3C,False,True,
4546,2160,9,Production Site,Cardinal Beverage Group Plant,3114 Marlow Parkway,Leeds,SE5 5D,False,True,2023-03-06
4547,2160,3,Cross-Dock,Cardinal Beverage Group Annex,2165 Market Row,Columbus,15642,False,True,2025-04-29
4548,2161,5,Billing,Cedar Specialty Produce La HQ,3508 Ridgeview Road,San Diego,77648,True,True,2025-12-14
4549,2161,5,Production Site,Cedar Specialty Produce La DC,2862 Vine Street,Seattle,73241,False,True,2024-03-23
4550,2161,5,Delivery,Cedar Specialty Produce La Plant,4917 Harvester Road,San Diego,78964,False,True,2023-11-16
4551,2161,1,Cross-Dock,Cedar Specialty Produce La Annex,4757 Mill Lane,Newark,59595,False,True,
4552,2162,11,Billing,Lantern Biologics Labs HQ,5214 Dockside Lane,Eindhoven,B4 3D,True,True,2023-12-16
4553,2163,10,Billing,Pioneer Cold Foods Foods HQ,864 Dockside Lane,Cologne,B9 2C,True,True,2023-05-27
4554,2163,10,Cross-Dock,Pioneer Cold Foods Foods DC,6375 Foundry Way,Cologne,EH2 4C,False,True,2024-02-22
4555,2163,10,Cross-Dock,Pioneer Cold Foods Foods Plant,1131 Juniper Avenue,Cologne ,EH1 9A,False,True,2024-02-16
4556,2163,10,Cross-Dock,Pioneer Cold Foods Foods Annex,8625 Canal Street,Cologne,B9 3D,False,True,2024-01-05
4557,2164,4,Billing,Mosaic Nutrition Dist. HQ,7475 Foundry Way,Albuquerque,33803,True,True,2024-10-18
4558,2164,10,Returns,Mosaic Nutrition Dist. DC,913 Dockside Lane,Berlin ,EH9 3A,False,True,2024-01-27
4559,2164,10,Delivery,Mosaic Nutrition Dist. Plant,9889 Harvester Road,Munich,L3 5A,False,True,2025-12-05
4560,2165,3,Billing,Solace Pharma Manufacturin HQ,8790 Dockside Lane,Minneapolis,18144,True,True,2025-11-01
4561,2165,3,Returns,Solace Pharma Manufacturin DC,7363 Foundry Way,Minneapolis,30236,False,True,
4562,2165,1,Production Site,Solace Pharma Manufacturin Plant,5032 Foundry Way,Boston,29513,False,True,2024-01-11
4563,2165,3,Production Site,Solace Pharma Manufacturin Annex,4821 Crescent Drive,Minneapolis,61565,False,True,2024-03-29
4564,2166,4,Billing,Brightwell Pharma Co-op HQ,6262 Station Road,Phoenix,28352,True,True,2024-12-24
4565,2166,5,Production Site,Brightwell Pharma Co-op DC,9742 Market Row,Seattle,35722,False,False,2024-12-17
4566,2167,7,Billing,Briar Seafood Logistics HQ,7386 Foundry Way,Toronto,99696,True,False,2025-02-27
4567,2167,7,Cross-Dock,Briar Seafood Logistics DC,6221 Ridgeview Road,Hamilton,28197,False,True,2025-06-09
4568,2168,11,Billing,Forge Beverage Distributio HQ,9326 Station Road,Eindhoven,SE8 3D,True,True,2025-01-13
4569,2168,11,Production Site,Forge Beverage Distirbutio DC,129 Harvester Road,Utrecht,M9 8C,False,True,2026-01-26
4570,2168,11,Delivery,Forge Beverage Distributio Plant,4780 Crescent Drive,Eindhoven,EH8 8B,False,True,2024-06-27
4571,2168,11,Production Site,Foreg Beverage Distributio Annex,9087 Juniper Avenue,Eindhoven,L9 2D,False,True,2023-08-29
4572,2169,3,Billing,Brightwell Floral Logistic HQ,9182 Ridgeview Road,Columbus,54194,True,True,2023-02-22
4573,2170,5,Billing,Cedar Cold Foods Manufactu HQ,4798 Dockside Lane,San Diego,81196,True,True,2024-04-05
4574,2170,5,Production Site,Cedar Cold Foods Manufactu DC,9410 Crescent Drive,Seattle,40233,False,True,2023-07-08
4575,2170,5,Cross-Dock,Cedar Cold Foods Manufactu Plant,7111 Juniper Avenue,Seattle,76266,False,True,2023-06-28
4576,2170,5,Returns,Cedar Cold Foods Manufactu Annex,7074 Crescent Drive,Oakland,54242,False,True,2026-01-20
4577,2171,4,Billing,Cobalt Pharma Manufacturin HQ,4279 Marlow Parkway,Las Vegas,85912,True,True,2025-12-05
4578,2172,6,Billing,Everfield Cold Foods Foods HQ,1983 Mill Lane,San Antonio,42118,True,True,
4579,2172,6,Production Site,Everfield Cold Foods Foods DC,643 Juniper Avenue,Houston,75806,False,True,2025-10-31
4580,2172,6,Cross-Dock,Everfield Cold Foods Foods Plant,5011 Foundry Way,San Antonio,34905,False,True,2024-10-05
4581,2173,11,Billing,Forge Foods Labs HQ,9045 Market Row,Amsterdam,L2 5B,True,True,2025-01-21
4582,2173,7,Cross-Dock,Forge Foods Labs DC,7654 Foundry Way,London,47965,False,True,2023-10-25
4583,2173,11,Returns,Forge Foods Labs Plant,5751 Juniper Avenue,Utrecht,EH6 2A,False,True,2024-08-13
4584,2174,10,Billing,Ardent Cold Foods Manufact HQ,3716 Foundry Way,Hamburg,B3 6C,True,True,2023-01-29
4585,2175,7,Billing,Briar Seafood Holdings HQ,4725 Ridgeview Road,Hamilton,18167,True,True,2025-12-11
4586,2175,6,Production Site,Briar Seafood Holdings DC,495 Mill Lane,San Antonio,67689,False,False,2023-09-04
4587,2176,11,Billing,Trinity Pet Nutrition Part HQ,2251 Dockside Lane,Eindhoven,M5 1D,True,True,
4588,2177,5,Billing,Helix Ingredients Group HQ,2886 Foundry Way,Los Angeles,83549,True,True,2025-06-30
4589,2177,5,Cross-Dock,Helix Ingredients Group DC,9141 Station Road,Los Angeles,13905,False,True,2024-12-18
4590,2178,3,Billing,Forge Dairy Holdings HQ,9597 Station Road,Chicago,83953,True,True,2025-09-30
4591,2179,7,Billing,NORTHWIND PHARMA CO-OP HQ,3700 Juniper Avenue,Hamilton,33134,True,True,2024-08-25
4592,2179,7,Production Site,northwind pharma co-op dc,1061 Mill Lane,Toronto,76930,False,True,2023-07-05
4593,2179,7,Delivery,NORTHWIND PHARMA CO-OP Plant,4758 Ridgeview Road,Toronto,88825,False,True,2025-04-22
4594,2179,7,Production Site,NORTHWIND PHARMA CO-OP Annex,3584 Station Road,Hamilton,36582,False,True,2025-05-04
4595,2180,7,Billing,Vantage Biologics Holdings HQ,9026 Market Row,Toronto,52514,True,True,
4596,2181,5,Billing,cardinal beverage group hq,778 Vine Street,Oakland,81434,True,True,2025-11-17
4597,2181,5,Production Site,Cardinal Beverage Group DC,9867 Mill Lane,San Diego,41907,False,True,2026-03-12
4598,2182,9,Billing,Orchard Laboratories Manuf HQ,3582 Harvester Road,London,M4 1B,True,True,2024-06-29
4599,2183,11,Billing,Orchard Foods Logistics HQ,5419 Canal Street,Rotterdam,EH3 2D,True,True,
4600,2183,11,Returns,Orchard Foods Logistics DC,2734 Harvester Road,Amsterdam,B5 4B,False,True,2023-11-11
4601,2183,11,Returns,Orchard Foods Logistics Plant,1048 Crescent Drive,Rotterdam,SE5 2D,False,True,2023-08-21
4602,2183,11,Cross-Dock,Orchard Foods Logistics Annex,7879 Canal Street,Amsterdam,B4 8B,False,True,2026-01-07
4603,2184,3,Billing,Westline Seafood Co-op HQ,7738 Harvester Road,Chicago,27477,True,True,2024-12-05
4604,2185,1,Billing,Oakmont Nutrition Co-op HQ,6258 Foundry Way,Hartford,10820,True,True,2023-08-26
4605,2185,8,Production Site,Oakmont Nutrition Co-op DC,5788 Market Row,Quebec City,11166,False,True,2026-01-21
4606,2185,1,Returns,Oakmont Nutrition Co-op Plant,1205 Ridgeview Road,Hartford,73520,False,False,2025-02-07
4607,2186,8,Billing,Northwind Laboratories Co- HQ,1150 Juniper Avenue,SHERBROOKE,43492,True,True,2024-04-26
4608,2186,8,Delivery,Northwind Laboratories Co- DC,1192 Dockside Lane,Quebec City,64336,False,True,2025-08-09
4609,2187,4,Billing,Solace Beverage Partners HQ,7992 Vine Street,Phoenix,73741,True,False,2023-01-24
4610,2188,1,Billing,Arednt Foods Holdings HQ,8709 Harvester Road,Hartford,64604,True,True,2025-01-11
4611,2189,8,Billing,Westline Nutrition Labs  HQ,7365 Market Row,Laval,96837,True,False,2024-01-07
4612,2189,8,Delivery,Westline Nutrition Labs  DC,4672 Canal Street,Laval,89008,False,True,2024-05-04
4613,2189,8,Production Site,Westline Nutrition Labs  Plant,6633 Mill Lane,Montreal,26660,False,True,2025-06-08
4614,2190,1,Billing,Mosaic Seafood Logistics HQ,3968 Harvester Road,Newark,85951,True,True,2025-08-08
4615,2191,10,Billing, Ardent Dairy Supply HQ,1770 Station Road,Cologne,EH1 6A,True,True,2024-01-01
4616,2191,5,Returns, Ardent Dairy Supply DC,6197 Juniper Avenue,San Diego,87378,False,True,2023-10-09
4617,2191,10,Delivery, Ardent Dairy Supply Plant,1180 Crescent Drive,Munich,M8 7B,False,False,2025-06-14
4618,2192,8,Billing,Lantern Pet Nutrition Dist HQ,7365 Crescent Drive,Sherbrooke,14121,True,True,2024-06-11
4619,2192,8,Cross-Dock,Lantern Pet Nutrition Dist DC,3547 Mill Lane,Quebec City,94490,False,True,2025-08-29
4620,2192,4,Delivery,Lantern Pet Nutrition Dist Plant,7169 Canal Street,Phoenix,33697,False,True,2025-10-18
4621,2193,10,Billing,Lakeside Nutrition Mfg HQ,6749 Foundry Way,Cologne,SE7 1A,True,True,2025-12-05
4622,2193,10,Cross-Dock,lakeside nutrition mfg dc,4162 Crescent Drive,Hamburg,M7 3B,False,True,2024-02-18
4623,2194,10,Billing,OAKMONT PET NUTRITION HOLD HQ,5271 Marlow Parkway,Cologne,B1 5A,True,True,2024-09-21
4624,2195,2,Billing,Pioneer Beverage Co-op HQ,447 Canal Street,Atlanta,57679,True,True,2024-08-17
4625,2195,2,Production Site,Pioneer Beverage Co-op DC,6667 Harvester Road,Atlanta,30829,False,True,2024-03-18
4626,2196,6,Billing,Lakeside Ingredients Partn HQ,6908 Crescent Drive,Dallas,27093,True,True,
4627,2196,6,Production Site,Lakeside Ingredients Partn DC,9737 Mill Lane,Dallas,13809,False,True,2025-07-05
4628,2196,6,Returns,Lakeside Ingredients Partn Plant,2366 Vine Street,Austin,79134,False,True,2025-12-29
4629,2197,4,Billing,meridian cold foods co-op HQ,2552 Crescent Drive,Las Vegas,73861,True,True,2025-06-15
4630,2197,4,Production Site,meridian cold foods co-op DC,9285 Harvester Road,Phoenix,10614,False,True,2023-12-21
4631,2197,4,Delivery,meridian cold foods co-op Plant,792 Dockside Lane,Las Vegas,65833,False,True,2025-04-23
4632,2197,4,Delivery,meridian cold foods co-op Annex,3655 Vine Street,Las Vegas,28407,False,True,2023-03-11
4633,2198,7,Billing,Crown Dairy Co-op HQ,5294 Market Row,London,21780,True,True,2024-11-25
4634,2198,7,Cross-Dock,Crown Dairy Co-op DC,8013 Crescent Drive,London,94748,False,True,2024-04-04
4635,2198,7,Production Site,Crown Dairy Co-op Plant,9242 Vine Street,Toronto,63613,False,True,2025-03-15
4636,2199,8,Billing,Crescent Biologics Co-op HQ,6644 Canal Street,Quebec City,69199,True,True,2023-04-28
4637,2199,8,Cross-Dock,Crescent Biologics Co-op DC,8128 Market Row,Laval,67311,False,True,2025-08-21
4638,2199,1,Cross-Dock,Crescent Biologics Co-op Plant,9721 Crescent Drive,Portland,94893,False,True,2026-01-03
4639,2199,4,Production Site,Crescent Biologics Co-op Annex,7507 Crescent Drive,Phoenix,51921,False,True,2023-10-09
4640,2200,7,Billing,BRIAR FLORAL LOGISTICS GRO HQ,925 Foundry Way,Toronto,87990,True,True,2023-11-01
4641,2200,7,Returns, BRIAR FLORAL LOGISTICS GRO DC,9660 Foundry Way,Hamilton,69588,False,True,2023-04-05
4642,2201,7,Billing,Cardinal Pharma Co-op HQ,7550 Dockside Lane,Toronto,57907,True,True,2023-11-19
4643,2202,6,Billing,Aster Nutrition Foods HQ,8210 Foundry Way,Houston,84787,True,True,2024-12-14
4644,2203,10,Billing,VANTAGE INGREDIENTS LABS HQ,2962 Mill Lane,Munich,EH6 6C,True,True,2025-09-14
4645,2204,2,Billing,Brightwell Foods Foods HQ,1386 Harvester Road,Charlotte,19337,True,True,2024-08-12
4646,2204,6,Returns,Brightwell Foods Foods DC,2554 Harvester Road,Dallas,42837,False,False,2026-01-04
4647,2205,5,Billing,Keystone Beverage Distribu HQ,1503 Canal Street,Seattle,62502,True,True,2024-01-20
4648,2206,6,Billing,Ardent Laboratories Group HQ,9868 Marlow Parkway,DALLAS,90112,True,True,2025-01-10
4649,2207,4,Billing,Northwind Ingredients Logi HQ,5082 Vine Street,Phoenix,62365,True,True,2026-01-22
4650,2207,6,Production Site,Northwind Ingredients Logi DC,711 Vine Street,San Antonio,39314,False,True,2024-02-28
4651,2208,7,Billing,Lantern Pharma Supply HQ,8242 Crescent Drive,Toronto,97531,True,True,2025-04-07
4652,2208,11,Production Site,Lantern Pharma Supply DC,8027 Marlow Parkway,Amsterdam,B7 5B,False,True,2024-08-07
4653,2209,9,Billing,Aster Cold Foods Holdings HQ,7231 Ridgeview Road,Manchester,M1 8D,True,True,2025-08-22
4654,2209,5,Returns,Aster Cold Foods Holdings DC,9920 Harvester Road,Seattle,47643,False,True,2023-12-27
4655,2209,5,Returns,Aster Cold Foods Holdings Plant,9139 Harvester Road,Oakland,78522,False,True,
4656,2209,5,Production Site,Aster Cold Foods Holdings Annex,8914 Ridgeview Road,Oakland,82101,False,True,2023-01-11
4657,2210,9,Billing,Lakesid eFloral Logistics  HQ,6592 Ridgeview Road,Manchester,EH4 2D,True,True,2026-01-02
4658,2211,2,Billing,Cedar Biologics Holdings HQ,2005 Crescent Drive,Nashville,10324,True,True,2024-02-22
4659,2212,3,Billing,Ardent Beverage Distributi HQ,2957 Ridgeview Road,Columbus,82560,True,True,2025-11-20
4660,2213,11,Billing,Crown Seafood Manufacturin HQ,6640 Canal Street,Rotterdam,SE2 1D,True,True,2024-08-14
4661,2213,7,Cross-Dock,Crown Seafood Manufacturin DC ,7334 Station Road,London,70908,False,True,2024-08-31
4662,2213,11,Delivery,Crown Seafood Manufacturin Plant,3930 Canal Street,Amsterdam,SE6 3B,False,True,2023-05-07
4663,2213,11,Production Site,Crown Seafood Manufacturin Annex,9815 Vine Street,Eindhoven,EH9 6B,False,True,2024-04-19
4664,2214,7,Billing,WESTLINE PET NUTRITION MAN HQ,3390 Marlow Parkway,Ottawa,82247,True,True,2024-07-22
4665,2214,7,Production Site,WESTLINE PET NUTRITION MAN DC,8580 Vine Street,Ottawa,15960,False,True,2023-05-11
4666,2214,7,Returns,WESTLINE PET NUTRITION MAN Plant,2329 Marlow Parkway,London,21743,False,True,2024-03-03
4667,2214,7,Cross-Dock,WESTLINE PET NUTRITION MAN Annex,7694 Dockside Lane,Ottawa,39563,False,False,2023-06-17
4668,2215,3,Billing,Lakeside Foods Holdings HQ,2091 Marlow Parkway,Minneapolis,30423,True,False,2024-02-07
4669,2215,3,Returns,Lakeside Foods Holdings DC,4158 Canal Street,Columbus,32784,False,True,2025-05-30
4670,2215,3,Cross-Dock,Lakeside Foods Holdings Plant,5074 Mill Lane,Columbus,24172,False,True,2024-06-27
4671,2216,7,Billing,Lantern Ingredients Holdin HQ,64 Crescent Drive,Hamilton,88957,True,True,2024-03-05
4672,2216,7,Returns,Lantern Ingredients Holdin DC,4487 Crescent Drive,Ottawa,82324,False,False,
4673,2216,1,Returns,LANTERN INGREDIENTS HOLDIN PLANT,9319 Marlow Parkway,Boston,27585,False,False,2023-08-25
4674,2217,5,Billing,Oakmont Specialty Produce  HQ,9042 Juniper Avenue,Los Angeles,99473,True,True,2025-10-04
4675,2218,2,Billing,Westline Seafood Foods HQ,796 Crescent Drive,Nashville,41383,True,True,2026-03-15
4676,2218,3,Returns,Westline Seafood Foods DC,2812 Station Road,Detroit,16599,False,True,2025-06-06
4677,2219,1,Billing,Ardent Floral Logistics Mf HQ,7209 Crescent Drive,Hartford,49728,True,True,2024-03-11
4678,2219,1,Returns,Ardent Floral Logistics Mf DC,9878 Ridgeview Road,Hartford,18631,False,True,2024-03-14
4679,2219,1,Delivery,Ardent Floral Logistics Mf Plant,1324 Vine Street,Newark,50061,False,True,2023-10-12
4680,2220,7,Billing,Westline Laboratories Co-o HQ,1208 Crescent Drive,London,96107,True,True,2025-12-07
4681,2220,7,Returns,Westline Laboratories Co-o DC,4404 Market Row,Hamilton,74688,False,True,2023-07-28
4682,2220,2,Returns,Westline Laboratories Co-o Plant,590 Marlow Parkway,Nashville,36340,False,True,
4683,2221,8,Billing,Ardent Meal Systems Partne HQ,7788 Foundry Way,Sherbrooke,29061,True,True,2026-02-25
4684,2221,8,Returns,Ardnet Meal Systems Partne DC,2175 Canal Street,Montreal,61226,False,True,2024-09-14
4685,2221,3,Cross-Dock,Ardent Meal Systems Partne Plant,2198 Harvester Road,Columbus,41804,False,True,2023-09-18
4686,2222,9,Billing,Northwind Cold Foods Logis HQ,9734 Station Road,Leeds,EH9 8D,True,True,2025-09-30
4687,2223,9,Billing,Harbor Beverage Group HQ,899 Juniper Avenue,London,SE4 3B,True,True,2023-08-23
4688,2223,9,Production Site,Harbor Beverage Group DC,1892 Mill Lane,leeds,L6 8C,False,True,2024-10-28
4689,2223,9,Production Site,Harbor Beverage Group Plant,1745 Ridgeview Road,Leeds,L6 8C,False,False,2025-11-23
4690,2224,7,Billing,Bluevale Specialty Produce HQ,3455 Dockside Lane,Ottawa,98617,True,True,2023-11-23
4691,2224,10,Production Site,Bluevale Specialty Produce DC,6041 Foundry Way,Berlin,M6 4D,False,True,2023-11-27
4692,2224,10,Production Site,Bluevale Specialty Produce Plant,7076 Harvester Road,Berlin,EH7 6D,False,True,2024-03-26
4693,2225,6,Billing,Cobalt Dairy Group HQ,2198 Market Row,Houston,13949,True,True,2024-11-23
4694,2225,6,Cross-Dock,cobalt dairy group dc,510 Crescent Drive,San Antonio,16010,False,True,2026-02-10
4695,2225,6,Returns,Cobalt Dairy Group Plant,7041 Marlow Parkway,Dallas,85529,False,True,2026-01-25
4696,2226,5,Billing,Harbor Foods Co-op HQ,1221 Foundry Way,Seattle,64223,True,True,2024-07-30
4697,2226,3,Returns,Harbor Foods Co-op DC,2018 Foundry Way,Columbus,58331,False,False,2025-08-18
4698,2226,5,Delivery,Harbor Foods Co-op Plant,5250 Dockside Lane,Oakland,66910,False,True,2025-02-21
4699,2226,5,Cross-Dock,Harbor Foods Co-op Annex,6530 Harvester Road,Los Angeles,98583,False,True,2023-11-12
4700,2227,5,Billing,Vantage Floral Logistics H HQ,7135 Mill Lane,San Diego,95963,True,True,2024-09-27
4701,2228,2,Billing,Pioneer Seafood Partners HQ,8072 Ridgeview Road,Charlotte,30026,True,True,2023-01-09
4702,2229,3,Billing,Cobalt Foods Logistics HQ,1655 Market Row,Chicago,44577,True,True,2025-06-18
4703,2229,10,Returns,Cobalt Foods Logistics DC,3225 Canal Street,Hamburg,B6 9B,False,True,2026-01-21
4704,2230,5,Billing,Crescent Foods Dist. HQ,6735 Mill Lane,Seattle,11646,True,True,2026-03-15
4705,2230,7,Cross-Dock,Crescent Foods Dist. DC,1470 Juniper Avenue,Ottawa,29595,False,True,2023-11-25
4706,2230,7,Delivery,Crescent Foods Dist. Plant,7772 Foundry Way,Ottawa,85339,False,True,2023-08-02
4707,2231,9,Billing,Vantage Seafood Holdings HQ,5925 Mill Lane,Leeds,EH3 1A,True,True,2025-03-02
4708,2231,9,Production Site,Vantage Seafood Holdings DC,3060 Marlow Parkway,Leeds,SE2 6B,False,True,2023-08-17
4709,2232,2,Billing,Cardinal Meal Systems Dist HQ,5771 Station Road,Orlando,78111,True,True,2024-04-01
4710,2232,2,Returns,Cardinal Meal Systems Dist DC,767 Crescent Drive,Nashville,29541,False,True,2025-10-13
4711,2232,2,Returns,Cardinal Meal Systems Dist Plant,8884 Market Row,Charlotte,21610,False,True,2023-01-18
4712,2232,2,Production Site,Cardinal Meal Systems Dist Annex,1921 Market Row,Atlanta,37477,False,True,2023-02-24
4713,2233,11,Billing,Lakeside Biologics Foods HQ,7070 Harvester Road,Amsterdam,B8 3B,True,True,
4714,2234,7,Billing,Briar Specialty Produce Lo HQ,6199 Dockside Lane,London,62592,True,True,2023-12-01
4715,2234,7,Returns,Briar Specialty Produce Lo DC,206 Crescent Drive,London,47926,False,True,2023-09-07
4716,2234,7,Production Site,Briar Specialty Produce Lo Plant,5180 Crescent Drive,hamilton,13781,False,True,2023-08-07
4717,2234,4,Production Site,Briar Specialty Produce Lo Annex,4380 Canal Street,Denver,88166,False,True,2024-01-27
4718,2235,5,Billing,Crescent Foods Holdings HQ,2059 Juniper Avenue,San Diego,86023,True,True,2023-05-13
4719,2235,5,Returns,Crescent Foods Holdings DC,9158 Canal Street,Oakland,21660,False,True,2024-01-02
4720,2236,4,Billing,Aster Ingredients Group HQ,7875 Harvester Road,Las Vegas,90044,True,True,2024-12-15
4721,2236,4,Delivery,Aster Ingredients Group DC,5451 Station Road,Albuquerque,31286,False,True,
4722,2236,7,Production Site,Aster Ingredients Group Plant,6829 Marlow Parkway,London,54228,False,True,2024-02-15
4723,2237,7,Billing,Forge Meal Systems Manufac HQ,5973 Mill Lane,Hamilton,16072,True,True,2025-02-20
4724,2238,5,Billing,Briar Nutrition Logistics HQ,6787 Marlow Parkway,oakland,84066,True,False,2024-08-11
4725,2238,5,Cross-Dock,Briar Nutrition Logistics DC,5365 Market Row,Oakland,24511,False,False,2025-02-14
4726,2238,5,Delivery,Briar Nutrition Logistics Plant,3143 Mill Lane,Oakland,56255,False,True,2024-07-24
4727,2239,4,Billing,Briar Pet Nutrition Mfg HQ,4176 Canal Street,Las Vegas ,24453,True,False,
4728,2239,7,Returns,Briar Pet Nutrition Mfg DC,6479 Vine Street,London,39554,False,True,2024-02-06
4729,2239,7,Delivery,Briar Pet Nutrition Mfg Plant,9571 Dockside Lane,London,26703,False,True,2024-01-29
4730,2239,7,Returns,Briar Pet Nutrition Mfg Annex,209 Juniper Avenue,Toronto,19104,False,True,2024-09-08
4731,2240,7,Billing,Forge Specialty Produce Fo HQ,6158 Foundry Way,Toronto,62754,True,False,2023-07-25
4732,2241,6,Billing,Lakeside Ingredients Distr HQ,5864 Vine Street,Dallas,12830,True,True,2025-04-09
4733,2242,2,Billing,Everfield Specialty Produc HQ,1528 Juniper Avenue,Nashville,77218,True,True,2023-11-08
4734,2243,5,Billing,Everfield Laboratories Man HQ,6119 Ridgeview Road,San Diego,42613,True,False,2024-03-24
4735,2244,7,Billing,Briar Nutrition Logistics HQ,9406 Mill Lane,Toronto,69722,True,False,2024-08-22
4736,2244,4,Delivery,Briar Nutrition Logistics DC,8107 Marlow Parkway,Las Vegas,37788,False,True,2025-02-12
4737,2244,7,Production Site,Briar Nutrition Logistics Plant,4515 Ridgeview Road,Londno,99062,False,True,2023-09-15
4738,2244,7,Production Site,Briar Nutrition Logistics Annex,1899 Dockside Lane,London,34091,False,True,2024-03-29
4739,2245,7,Billing,Aster Pet Nutrition Group HQ,4675 Market Row,Toronto,46150,True,True,2023-03-26
4740,2245,7,Delivery,Aster Pet Nutrition Group DC,1848 Canal Street,Toronto,69196,False,True,2025-02-20
4741,2245,7,Cross-Dock,Aster Pet Nutrition Group Plant,2029 Mill Lane,Ottawa,78459,False,True,2025-12-25
4742,2245,7,Delivery,Aster Pet Nutrition Group Annex ,8216 Vine Street,Hamilton,50688,False,True,2025-04-30
4743,2246,9,Billing,Orchard Beverage Manufactu HQ,68 Station Road,Manchester,EH6 4C,True,True,2024-02-02
4744,2246,4,Returns,Orchard Beverage Manufactu DC,3500 Foundry Way,Las Vegas,70063,False,False,2024-09-14
4745,2246,4,Cross-Dock,Orchard Beverage Manufactu Plant,1665 Mill Lane,Las Vegas,48199,False,True,2023-03-02
4746,2247,5,Billing,orchard foods distribution hq,4749 Market Row,Oakland,65787,True,True,2023-09-30
4747,2247,5,Delivery,Orchard Foods Distribution DC,4438 Station Road,Los Angeles,67919,False,True,2025-01-18
4748,2247,5,Production Site,Orchard Foods Distribution Plant,6798 Vine Street,Oakland,70654,False,True,2024-04-24
4749,2247,6,Cross-Dock,Orchard Foods Distribution Annex,7472 Vine Street,Dallas,60803,False,True,2023-01-27
4750,2248,2,Billing,Trinity Laboratories Co-op HQ,4199 Ridgeview Road,Charoltte,19540,True,True,2024-08-17
4751,2248,2,Cross-Dock,Trinity Laboratories Co-op DC,9001 Crescent Drive,Orlando,20314,False,False,2023-05-17
4752,2249,5,Billing,Harbor Ingredients Dist. HQ,528 Ridgeview Road,Oakland,91638,True,True,2023-05-16
4753,2249,5,Cross-Dock,Harbor Ingredients Dist. DC,6021 Dockside Lane,Los Angeles ,51516,False,True,2023-11-24
4754,2249,5,Returns,Harbor Ingredients Dist. Plant,9400 Mill Lane,Los Angeles,85099,False,True,2023-07-23
4755,2250,8,Billing,Lantern Ingredients Supply HQ,2746 Mill Lane,Laval,38079,True,True,2025-01-29
4756,2250,8,Returns,Lantern Ingredients Supply DC ,3879 Harvester Road,Quebec City ,39952,False,True,2025-09-24
4757,2250,8,Production Site,Lantern Ingredients Supply Plant,6252 Dockside Lane,Laval,60423,False,True,2024-06-27
4758,2251,6,Billing,Oakmont Pharma Partners HQ,8256 Juniper Avenue,Dallas,93317,True,False,2024-02-12
4759,2251,10,Delivery,Oakmont Pharma Partners DC,7111 Marlow Parkway,Hamburg,EH2 5D,False,True,2024-02-29
4760,2251,6,Cross-Dock,Oakmont Pharma Partners Plant,753 Station Road,San Antonio,27586,False,True,
4761,2251,6,Cross-Dock,Oakmont Pharma Partners Annex,2574 Marlow Parkway,Dallas,90727,False,True,2023-12-23
4762,2252,5,Billing,Helix Nutrition Labs HQ,2839 Juniper Avenue,San Diego,82658,True,True,
4763,2252,1,Cross-Dock,Helix Nutrition Labs DC,6875 Foundry Way,Newark,62107,False,True,2025-10-03
4764,2252,3,Delivery,Helix Nutrition Labs Plant,9115 Crescent Drive,Detroit,76443,False,True,2023-07-14
4765,2253,2,Billing,Harbor Beverage Group HQ,700 Mill Lane,Charlotte,44609,True,False,2025-11-04
4766,2253,6,Delivery,Harbor Beverage Group DC,2953 Mill Lane, Dallas,76820,False,False,2024-02-25
4767,2254,6,Billing,Meridian Seafood Group HQ,9487 Vine Street,Austin,87579,True,True,2023-05-19
4768,2255,9,Billing,Helix Foods Partners HQ,6763 Dockside Lane,Leeds,SE8 6B,True,True,2024-03-19
4769,2255,9,Cross-Dock,Helix Foods Partners DC,4861 Dockside Lane,Manchester,EH9 1D,False,True,2025-01-06
4770,2255,9,Delivery,Helix Foods Partners Plant,3965 Canal Street,Manchester,EH1 6D,False,True,2024-07-27
4771,2256,6,Billing,Helix Nutrition Co-op HQ,8984 Foundry Way,Houston ,88902,True,True,2025-10-24
4772,2256,6,Cross-Dock,Helix Nutrition Co-op DC,2516 Marlow Parkway,Austin,58527,False,True,2026-02-10
4773,2257,6,Billing,Crescent Pet Nutrition Foo HQ,6455 Marlow Parkway,Houston,43051,True,True,
4774,2257,6,Production Site,Crescent Pet Nutrition Foo DC,7733 Ridgeview Road,Austin,15145,False,True,2025-09-13
4775,2257,6,Returns,Crescent Pet Nutrition Foo Plant,737 Vine Street,Austin,34454,False,True,
4776,2257,6,Delivery,Crescent Pet Nutrition Foo Annex,8244 Crescent Drive,Dallas,97613,False,False,
4777,2258,6,Billing,Aster Laboratories Foods HQ,581 Ridgeview Road,Houston,52526,True,True,2025-09-21
4778,2258,6,Production Site,Aster Laboratories Foods DC,6535 Ridgeview Road,San Antonio,18336,False,True,2026-01-19
4779,2258,6,Production Site,Aster Laboratories Foods Plant,4343 Market Row,Houston,11831,False,True,2023-06-25
4780,2258,6,Returns,Aster Laboratories Foods Annex,4567 Market Row,San Antonio,15554,False,True,2023-01-03
4781,2259,5,Billing,Oakmont Beverage Manufactu HQ,2043 Mill Lane, San Diego,35457,True,True,2023-06-02
4782,2260,11,Billing,Cobalt Specialty Produce D HQ,6407 Market Row,Eindhoven,L1 3B,True,True,2025-10-26
4783,2260,1,Production Site,Cobalt Specialty Produce D DC,1166 Dockside Lane,Portland,72234,False,True,2024-08-03
4784,2260,8,Returns,Cobalt Specialty Produce D Plant,8449 Vine Street,Sherbrooke,80049,False,True,2023-08-30
4785,2261,4,Billing,Westline Beverage Holdings HQ,2585 Dockside Lane,Albuquerque,39227,True,True,2024-11-15
4786,2261,3,Cross-Dock,Westline Beverage Holdings DC,6596 Station Road,Minneapolis,67705,False,True,2023-11-23
4787,2262,4,Billing,Harbor Pharma Manufacturin HQ,2836 Harvester Road,Phoenix,14145,True,True,2024-05-09
4788,2263,8,Billing,Crown Floral Logistics Hol HQ,9611 Ridgeview Road,Sherbrooke,19909,True,True,
4789,2263,8,Returns,Crown Floral Logistics Hol DC,8476 Foundry Way,Laval,92019,False,True,2026-02-12
4790,2263,8,Returns,Crown Floral Logistics Hol Plant,9612 Dockside Lane,laval,80586,False,False,
4791,2263,9,Cross-Dock,Crown Floral Logistics Hol Annex,2870 Mill Lane,London,M3 1B,False,True,2023-11-24
4792,2264,9,Billing,Ardent Ingredients Co-op HQ,6894 Station Road,Leeds,L5 5A,True,True,2023-12-20
4793,2264,6,Cross-Dock,Ardent Ingredients Co-op DC,9152 Dockside Lane,Houston,38711,False,True,
4794,2264,6,Returns,Ardent Ingredients Co-op Plant,8901 Dockside Lane,San Antonio,90895,False,True,2025-08-07
4795,2265,7,Billing, Aster Meal Systems Holdin HQ,4927 Dockside Lane,Ottawa,68996,True,True,2023-06-05
4796,2266,1,Billing,Cardinal Pet Nutrition Hol HQ,1894 Harvester Road,Newark,37871,True,True,
4797,2267,2,Billing,Orchard Specialty Produce  HQ,6973 Market Row,Nashville,40657,True,True,2023-04-29
4798,2267,3,Delivery,Orchard Specialty Produce  DC,2488 Vine Street,Columbus,51937,False,True,2024-08-05
4799,2267,1,Cross-Dock,ORCHARD SPECIALTY PRODUCE  PLANT,6829 Ridgeview Road,PORTLAND,55759,False,True,2025-12-20
4800,2268,3,Billing,Westline Biologics Foods HQ,5137 Vine Street,Chicago ,33484,True,True,
4801,2268,3,Cross-Dock,Westline Biologics Foods DC,3115 Ridgeview Road,Detroit,28141,False,True,2026-01-03
4802,2269,4,Billing,Everfield Biologics Group HQ,9392 Dockside Lane,denver,31821,True,True,
4803,2269,4,Returns,Everfield Biologics Group DC,7268 Crescent Drive,Las Vegas,61224,False,True,2026-03-04
4804,2270,11,Billing,Lantern Floral Logistics P HQ,4789 Canal Street,Utrecht,L8 1D,True,True,2025-12-10
4805,2270,11,Returns,Lantern Floral Logistics P DC,6408 Juniper Avenue,Eindhoven,B1 7C,False,True,2025-02-06
4806,2270,10,Returns,Lantern Floral Logistics P Plant,7521 Harvester Road,Munich,B3 3B,False,True,2025-11-07
4807,2271,8,Billing,Forge Beverage Partners HQ,7997 Juniper Avenue,Montreal,64860,True,True,
4808,2271,8,Returns,Forge Beverage Partners DC,8793 Station Road,Quebec City,96198,False,True,2025-04-10
4809,2271,8,Cross-Dock,Forge Beverage Partners Plant,3761 Station Road,Quebec City,43441,False,True,2025-07-22
4810,2272,10,Billing,Meridian Biologics Dist. HQ,3282 Market Row,BERLIN,EH7 4C,True,False,2023-10-10
4811,2273,6,Billing,Lakeside Biologics Logisti HQ,5033 Ridgeview Road,Houston,77057,True,True,2023-12-13
4812,2274,4,Billing,Mosaic Laboratories Logist HQ,3581 Harvester Road,Denver,39396,True,True,2025-07-07
4813,2274,4,Returns,Mosaic Laboratories Logist DC,1151 Market Row,Albuquerque,89164,False,True,2025-06-16
4814,2274,4,Delivery,Mosaic Laboratories Logist Plant ,8364 Station Road,Denver,84813,False,True,2024-11-21
4815,2274,4,Returns,Mosaic Laboratories Logist Annex,9408 Harvester Road,Phoenix,85879,False,False,2023-03-30
4816,2275,6,Billing,Northwind Nutrition Logist HQ,9326 Mill Lane,Austin,39005,True,True,2026-02-04
4817,2276,7,Billing,TRINITY BEVERAGE PARTNERS HQ,451 Marlow Parkway,Toronto,19514,True,True,2025-11-15
4818,2277,4,Billing,Solace Meal Systems Manufa HQ,7644 Dockside Lane,Denver,94674,True,False,2023-07-21
4819,2277,4,Cross-Dock,Solace Meal Systems Manufa DC,2768 Vine Street,Las Vegas,91005,False,True,2023-11-29
4820,2278,11,Billing,Ardent Dairy Labs HQ,4016 Market Row,Amsterdam ,B5 3D,True,False,2024-04-28
4821,2279,2,Billing,Solace Meal Systems Partne HQ,1765 Canal Street, Charlotte,69537,True,True,2024-02-03
4822,2279,2,Returns,Solace Meal Systems Partne DC,8605 Station Road,Atlanta,10935,False,True,
4823,2279,2,Cross-Dock,Solace Meal Systems Partne Plant,361 Market Row,Nashville,12330,False,True,2025-06-02
4824,2280,7,Billing,Summit Nutrition Labs HQ,6620 Juniper Avenue,Hamilton,51714,True,True,2025-04-19
4825,2281,9,Billing,Ardent Ingredients Supply HQ,8309 Juniper Avenue,London,EH4 1D,True,True,2023-07-25
4826,2282,10,Billing,Forge Seafood Partners HQ,7506 Vine Street,Cologne,B3 2C,True,True,2025-12-16
4827,2282,8,Production Site,Forge Seafood Partners DC,5560 Harvester Road,Quebec City,15577,False,False,
4828,2283,5,Billing,Cardinal Ingredients Partn HQ,8474 Foundry Way,San Diego,68273,True,True,2024-07-23
4829,2283,5,Delivery,Cardinal Ingredients Partn DC,1042 Foundry Way,Oakland,59370,False,True,2023-07-10
4830,2284,6,Billing,Meridian Meal Systems Dist HQ,8154 Dockside Lane,Austin,34213,True,True,
4831,2284,4,Delivery,Meridian Meal Systems Dist DC,5037 Harvester Road,Phoenix,83174,False,True,2023-02-23
4832,2284,6,Delivery,Meridian Meal Systems Dist Plant,6581 Market Row,Houston,81511,False,False,2025-10-06
4833,2285,9,Billing,Cobalt Foods Foods HQ,6384 Foundry Way,Bristol,L9 2C,True,False,2025-10-14
4834,2286,10,Billing,Helix Biologics Labs HQ,298 Mill Lane,Hamburg,B7 9A,True,True,2025-05-08
4835,2287,9,Billing,Crown Floral Logistics Sup HQ,9539 Station Road,Manchester,B2 1A,True,True,2025-12-21
4836,2287,4,Cross-Dock,Crown Floral Logistics Sup DC,5300 Crescent Drive,Phoenix,72066,False,False,2023-03-22
4837,2287,4,Delivery,Crown Floral Logistics Sup Plant,364 Ridgeview Road,Denver,44156,False,True,2023-09-06
4838,2288,10,Billing,Trinity Foods Labs HQ,5077 Foundry Way,Cologen,B7 5B,True,True,2025-02-23
4839,2289,8,Billing,Lakeside Pharma Co-op HQ,4806 Marlow Parkway,Quebec City,46312,True,True,2023-07-10
4840,2289,8,Delivery,Lakeside Pharma Co-op DC,2897 Crescent Drive,Laval,18690,False,True,2025-01-30
4841,2289,9,Production Site,Lakeside Pharma Co-op Plant,3659 Dockside Lane,Manchester,M7 6C,False,True,2023-12-18
4842,2290,9,Billing,Orchard Cold Foods Labs HQ,2297 Ridgeview Road,Bristol,L4 5B,True,True,2024-09-01
4843,2291,5,Billing,Cobalt Biologics Labs HQ,1085 Dockside Lane,San Diego,95261,True,False,2025-06-10
4844,2292,9,Billing,Crescent Laboratories Dist HQ,9367 Juniper Avenue,Manchester,M1 3B,True,True,2024-12-21
4845,2292,5,Cross-Dock,Crescent Laboratories Dist DC,2083 Foundry Way,Oakland,27331,False,True,2025-08-23
4846,2293,4,Billing,Brightwell Pet Nutrition C HQ,4825 Foundry Way,Las Vegas,94022,True,True,2023-03-29
4847,2294,6,Billing,Brightwell Biologics Dist. HQ,6339 Mill Lane, Austin,87180,True,True,2023-07-14
4848,2294,6,Production Site,Brightwell Biologics Dist. DC,3714 Juniper Avenue,San Antonio,56926,False,True,2023-11-02
4849,2295,10,Billing,Crown Specialty Produce La HQ,2396 Vine Street,Berlin,L3 9D,True,True,2023-06-14
4850,2296,10,Billing,Trinity Pet Nutrition Logi HQ,4102 Crescent Drive,Munich,L8 4C,True,True,2023-09-29
4851,2296,5,Cross-Dock,Trinity Pet Nutrition Logi DC,6597 Ridgeview Road,Seattle,68400,False,True,2023-10-23
4852,2296,10,Production Site,Trinity Pet Nutrition Logi Plant,3038 Mill Lane,Hamburg,B6 1A,False,True,2024-01-27
4853,2297,8,Billing,Keystone Pharma Labs HQ,4204 Foundry Way,Quebec City ,48691,True,True,2025-01-23
4854,2298,3,Billing,Granite Specialty Produce  HQ,1185 Harvester Road,Chicago,84541,True,True,2024-02-22
4855,2298,3,Production Site,Granite Specialty Produce  DC,9692 Market Row,Minneapolis,32602,False,False,2023-07-04
4856,2298,3,Production Site,Granite Specialty Produce  Plant,5926 Foundry Way,Columbus,10456,False,True,2025-02-14
4857,2299,3,Billing,Oakmont Specialty Produce  HQ,1299 Dockside Lane,Minneapolis,85384,True,True,2024-04-06
4858,2300,1,Billing,Cardinal Meal Systems Part HQ,9009 Marlow Parkway,Boston,39680,True,True,2023-02-10
4859,2300,1,Cross-Dock,Cardinal Meal Systems Part DC,6249 Dockside Lane,Newark,93651,False,True,2024-03-15
4860,2301,6,Billing,Lantern Specialty Produce  HQ,926 Canal Street,Austin,65328,True,True,2025-12-23
4861,2301,10,Delivery,Lantern Specialty Produce  DC,5335 Station Road,Munich,EH3 4C,False,True,2023-02-13
4862,2302,4,Billing,Cardinal Meal Systems Grou HQ,7366 Mill Lane,Las Vegas,67600,True,True,2024-04-23
4863,2302,4,Production Site,Cardinal Meal Systems Grou DC,389 Crescent Drive,Denver,81058,False,True,2025-11-24
4864,2302,4,Cross-Dock,Cardinal Meal Systems Grou Plant,9155 Station Road,Denver,74640,False,True,2023-08-08
4865,2302,4,Cross-Dock,Cardinal Meal Systems Grou Annex,8695 Market Row,Albuquerque,67486,False,True,2025-09-14
4866,2303,9,Billing,Cardinal Beverage Holdings HQ,8381 Foundry Way,Manchester,SE7 7C,True,True,2024-07-04
4867,2303,9,Delivery,Cardinal Beverage Holdings DC,2646 Mill Lane,Lodnon,SE7 4B,False,True,2024-01-09
4868,2303,9,Production Site,Cardinal Beverage Holdings Plant,1934 Dockside Lane,Leeds,M6 8D,False,True,2024-08-11
4869,2303,9,Returns,Cardinal Beverage Holdings Annex,4224 Ridgeview Road,Bristol,SE9 7D,False,True,2023-04-24
4870,2304,5,Billing,Ardent Pet Nutrition Labs HQ,894 Station Road,Oakland,45631,True,True,2024-10-19
4871,2305,5,Billing,Cedar Nutrition Co-op HQ,7262 Vine Street,Oakland,34441,True,True,2025-06-29
4872,2305,5,Production Site,Cedar Nutrition Co-op DC,3171 Dockside Lane,Oakland,54545,False,True,2024-08-02
4873,2305,5,Cross-Dock,Cedar Nutrition Co-op Plant,9757 Vine Street,Seattle,39292,False,True,2025-12-12
4874,2306,10,Billing,Brightwell Ingredients Dis HQ,6009 Market Row,Munich,SE3 6D,True,True,2023-11-03
4875,2307,6,Billing,Aster Ingredients Group HQ,1430 Marlow Parkway,Austin,94689,True,True,
4876,2307,5,Delivery,Aster Ingredients Group DC,496 Crescent Drive,Los Angeles,67469,False,False,2025-04-01
4877,2307,6,Delivery,Aster Ingredients Group Plant,7143 Ridgeview Road,Houston,27060,False,True,2023-02-26
4878,2308,4,Billing,Cardinal Laboratories Food HQ,4387 Ridgeview Road,Denver,26080,True,True,2024-02-10
4879,2308,3,Delivery,Cardinal Laboratories Food DC,334 Crescent Drive,chicago,15564,False,True,2023-06-30
4880,2309,9,Billing,Crescent Dairy Logistics HQ,8343 Ridgeview Road,Leeds,L2 9D,True,True,2024-09-20
4881,2309,9,Cross-Dock,Crescent Dairy Logistics DC,643 Marlow Parkway,London,L5 8C,False,True,2023-03-31
4882,2310,3,Billing,Cardinal Floral Logistics  HQ,855 Harvester Road,Detroit,80168,True,True,2024-02-08
4883,2310,3,Delivery,Cardinal Floral Logistics  DC,9675 Juniper Avenue,Minneapolis,77356,False,True,2023-02-12
4884,2310,3,Cross-Dock,Cardinal Floral Logistics  Plant,3566 Market Row,Minneapolis,87422,False,True,2023-12-18
4885,2311,3,Billing,Oakmont Nutrition Foods HQ,310 Foundry Way,Columbus,58081,True,True,2025-07-09
4886,2312,3,Billing,Everfield Laboratories Sup HQ ,4689 Market Row,Columbus,50688,True,True,2023-09-03
4887,2312,11,Delivery,Everfield Laboratories Sup DC,2993 Station Road,Rotterdam,M6 8B,False,True,2023-03-26
4888,2312,3,Delivery,Everfield Laboratories Sup Plant,643 Canal Street,Minneapolis,16478,False,True,2026-03-13
4889,2313,5,Billing,Everfield Meal Systems Dis HQ,5949 Dockside Lane,Los Angeles,71348,True,True,2024-05-04
4890,2313,5,Delivery,Everfield Meal Systems Dis DC,2305 Mill Lane,Los Angeles,97901,False,True,2025-09-29
4891,2313,5,Returns,Everfield Meal Systems Dis Plant,7950 Canal Street,San Diego,19025,False,True,2024-03-12
4892,2314,10,Billing,Briar Floral Logistics Par HQ,2353 Marlow Parkway,Cologne,EH3 4D,True,True,2025-04-10
4893,2314,1,Production Site,Briar Floral Logistics Par DC,7448 Market Row,Hartford,20404,False,True,2026-01-03
4894,2314,10,Returns,Briar Floral Logistics Par Plant,5620 Mill Lane,Berlin,SE5 8D,False,True,2025-12-15
4895,2315,9,Billing,Ardent Ingredients Dist. HQ,7554 Mill Lane, Manchester,L2 3A,True,False,2025-02-20
4896,2315,6,Returns,Ardent Ingredients Dist. DC,6661 Mill Lane,Dallas,25992,False,True,2025-09-21
4897,2316,10,Billing,Trinity Pet Nutrition Logi HQ,7452 Marlow Parkway,Munich,L9 2A,True,True,2023-12-21
4898,2316,10,Delivery,Trinity Pet Nutrition Logi DC,5298 Marlow Parkway,Cologne,M5 9A,False,True,2025-04-01
4899,2317,2,Billing,Summit Pet Nutrition Labs HQ,4366 Ridgeview Road,Orlando,40986,True,True,2025-06-12
4900,2317,2,Cross-Dock,Summit Pet Nutrition Labs DC,649 Crescent Drive,Orlando,73543,False,False,2024-04-09
4901,2317,2,Returns,Summit Pet Nutrition Labs Plant,4081 Dockside Lane,Charlotte,18546,False,True,2024-09-21
4902,2318,8,Billing,Forge Dairy Group HQ,5080 Market Row,Sherbrooke,38103,True,True,2024-09-30
4903,2319,3,Billing,Westline Specialty Produce HQ,5897 Mill Lane,Detroit,85810,True,True,2024-06-30
4904,2319,3,Production Site,Westline Specialty Produce DC,2025 Canal Street,Minneapolis,73036,False,True,2023-04-17
4905,2319,7,Returns,Westline Specialty Produce Plant,4099 Juniper Avenue,Ottawa,70411,False,True,
4906,2320,2,Billing,Summit Pharma Supply HQ,4617 Canal Street,Charlotte,13888,True,True,2026-01-10
4907,2320,4,Cross-Dock,Summit Pharma Supply DC,8096 Ridgeview Road,Denver,57401,False,True,2023-09-18
4908,2320,4,Delivery,Summit Pharma Supply Plant,3883 Ridgeview Road,Las Vegas,16386,False,True,
4909,2320,4,Delivery,Summit Pharma Supply Annex,3749 Crescent Drive,Las Vegas,27186,False,True,2023-10-04
4910,2321,4,Billing,summit meal systems logist HQ,634 Vine Street,las vegas,35667,True,False,2026-01-03
4911,2321,4,Delivery,summit meal systems logist DC,1513 Canal Street,Las Vegas,41072,False,True,2024-12-04
4912,2322,6,Billing,Brightwell Dairy Holdings HQ,700 Ridgeview Road,Austin,42460,True,True,2023-07-23
4913,2322,6,Cross-Dock,Brightwell Dairy Holdings DC,7934 Mill Lane,Houston,22038,False,True,2023-08-25
4914,2322,6,Delivery,Brightwell Dairy Holdings Plant,8492 Foundry Way,San Antonio,47989,False,True,2024-12-28
4915,2323,6,Billing,Harbor Dairy Co-op HQ,4129 Dockside Lane,Houston,63195,True,True,
4916,2324,10,Billing, Westline Dairy Foods HQ,1479 Ridgeview Road,Munich,EH6 9A,True,True,2023-05-29
4917,2324,10,Production Site, Westline Dairy Foods DC,5830 Dockside Lane,Munich,M5 8C,False,True,2025-05-21
4918,2325,7,Billing,Cardinal Beverage Foods HQ,5466 Ridgeview Road,Hamilton,57864,True,True,
4919,2326,7,Billing,Granite Ingredients Labs HQ,8044 Marlow Parkway,Toronto,60372,True,True,2025-12-31
4920,2327,6,Billing,Mosaic Floral Logistics Pa HQ,8437 Crescent Drive,Austin,64900,True,True,2026-02-17
4921,2328,7,Billing,Oakmont Ingredients Logist HQ,2626 Vine Street,Ottawa,63012,True,True,2024-10-05
4922,2329,8,Billing,Mosaic Meal Systems Supply HQ,5120 Ridgeview Road,Laval,58372,True,True,2023-03-11
4923,2329,8,Cross-Dock,Mosaic Meal Systems Supply DC,3254 Foundry Way,Quebec City,32268,False,True,
4924,2329,8,Delivery,Mosaic Meal Systems Supply Plant,8818 Dockside Lane,Laval,88648,False,True,2024-01-05
4925,2330,1,Billing,Harbor Floral Logistics Gr HQ,9577 Market Row,Boston,30264,True,True,2024-11-03
4926,2330,10,Returns,Harbor Floral Logistics Gr DC,4186 Vine Street,Berlin,EH3 7C,False,True,2024-01-30
4927,2331,5,Billing,Orchard Cold Foods Distrib HQ,920 Marlow Parkway,Los Angeles,37220,True,True,2023-04-22
4928,2331,5,Production Site,Orchard Cold Foods Distrib DC,3863 Marlow Parkway,Los Angeles,99129,False,True,2023-09-22
4929,2332,9,Billing, Orchard Pet Nutrition Foo HQ,4700 Marlow Parkway,Bristol,B6 2B,True,True,2025-01-29
4930,2332,9,Delivery, Orchard Pet Nutrition Foo DC,1206 Ridgeview Road,London,M2 8D,False,True,2026-02-07
4931,2332,9,Returns, Orchard Pet Nutrition Foo Plant,7761 Market Row,Manchester,B2 9D,False,True,2023-03-23
4932,2333,6,Billing,Granite Pet Nutrition Food HQ,2247 Market Row,Houston,12856,True,True,2023-04-20
4933,2334,3,Billing,Ardent Nutrition Supply HQ,1405 Dockside Lane,Columbus,73607,True,True,2023-11-28
4934,2334,4,Delivery,Ardent Nutrition Supply DC,7456 Marlow Parkway,Albuquerque,25891,False,True,2025-10-18
4935,2334,3,Delivery,Ardent Nutrition Supply Plant,721 Vine Street,Minneapolis,20325,False,True,2023-01-23
4936,2334,3,Delivery,ardent nutrition supply annex,3035 Canal Street,Chicago,69928,False,True,2025-07-05
4937,2335,1,Billing,Mosaic Meal Systems Foods HQ,1495 Vine Street,Newark,62710,True,True,
4938,2336,1,Billing,Northwind Dairy Distributi HQ,4986 Ridgeview Road,Bosotn,64438,True,True,2024-11-06
4939,2336,1,Returns,Northwind Dairy Distributi DC,1678 Ridgeview Road,Newark,86922,False,True,2023-05-19
4940,2336,1,Production Site,Northwind Dairy Distributi Plant,9171 Market Row,Newark,97086,False,True,2024-06-04
4941,2336,1,Delivery,Northwind Dairy Distributi Annex,7763 Marlow Parkway,Portland,61207,False,True,2024-02-28
4942,2337,10,Billing,Riverbend Biologics Mfg HQ,3853 Canal Street,Hamburg,SE9 5A,True,True,2023-06-17
4943,2338,10,Billing,Lantern Pharma Distributio HQ,6034 Crescent Drive,Berlin,L4 7A,True,True,2025-04-01
4944,2338,6,Returns,Lantern Pharma Distributio DC,757 Crescent Drive,San Antonio,39137,False,True,2023-03-07
4945,2339,3,Billing,Riverbend Dairy Partners HQ,9206 Marlow Parkway,Columbus,80161,True,True,2024-05-14
4946,2339,5,Delivery,Riverbend Dairy Partners DC,6371 Vine Street,Oakland,36044,False,True,2025-03-02
4947,2339,3,Production Site,Riverbend Dairy Partners Plant,2190 Canal Street,Minneapolis,12688,False,True,2023-05-01
4948,2339,3,Delivery,Riverbend Dairy Partners Annex,2652 Station Road,Minneapolis,69035,False,True,2023-07-23
4949,2340,3,Billing,Granite Floral Logistics L HQ,811 Marlow Parkway,Detroit,41633,True,True,2025-04-14
4950,2341,6,Billing, Bluevale Beverage Supply HQ,5111 Foundry Way,Austin,30243,True,True,2024-07-18
4951,2341,6,Returns,Bluevale Beverage Supply DC,4225 Canal Street,Houston,22149,False,True,2024-05-30
4952,2341,6,Returns,Bluevale Beverage Supply Plant,313 Marlow Parkway,Houston,47508,False,True,2023-06-26
4953,2341,9,Delivery,Bluevale Beverage Supply Annex,2362 Ridgeview Road,Bristol,M6 5C,False,True,2024-06-06
4954,2342,8,Billing,Mosaic Nutrition Group HQ,9997 Marlow Parkway,Laval,82766,True,False,2023-10-13
4955,2342,8,Delivery,Mosaic Nutrition Group DC,1818 Marlow Parkway,Quebec City,79499,False,True,2025-02-13
4956,2343,8,Billing,Cardinal Biologics Manufac HQ,5991 Foundry Way,Sherbrooke,51605,True,True,2024-01-25
4957,2344,3,Billing,Ardent Cold Foods Labs HQ,9946 Harvester Road,Chicago,50284,True,True,2023-06-12
4958,2344,3,Returns,Ardent Cold Foods Labs DC,7269 Station Road,Chicago,91337,False,True,2025-01-14
4959,2345,7,Billing,Bluevale Beverage Foods HQ,8695 Market Row,Hamilton,46084,True,True,2025-12-01
4960,2345,3,Cross-Dock,Bluevale Beverage Foods DC,2183 Vine Street,Columbus,35218,False,True,2024-10-09
4961,2346,3,Billing,Cedar Laboratories Distrib HQ,8174 Canal Street,Detroit,49372,True,True,2024-01-01
4962,2346,3,Returns,Cedar Laboratories Distrib DC,3341 Station Road,Chicago,11601,False,True,2024-11-30
4963,2347,9,Billing,Briar Seafood Group HQ,3215 Ridgeview Road,Leeds,SE2 1B,True,True,2023-05-15
4964,2347,10,Delivery,Briar Seafood Group DC,8541 Dockside Lane,Cologne,SE5 3A,False,True,2024-11-25
4965,2348,6,Billing,Lakeside Specialty Produce HQ,2530 Mill Lane,Austin,63810,True,True,2024-12-26
4966,2348,6,Returns,Lakeside Specialty Produce DC,4270 Mill Lane,Austin,85064,False,True,
4967,2349,5,Billing,Solace Specialty Produce H HQ,3274 Mill Lane,San Diego,10297,True,True,2023-10-07
4968,2349,3,Production Site,Solace Specialty Produce H DC,1206 Foundry Way,Columbus,66236,False,False,2023-10-07
4969,2350,4,Billing,Aster Specialty Produce La HQ,9102 Foundry Way,Denver,89515,True,False,2024-11-12
4970,2350,9,Cross-Dock,Aster Specialty Produce La DC,577 Dockside Lane,Leeds,SE3 4A,False,True,2026-01-03
4971,2351,4,Billing,Summit Seafood Logistics HQ,7183 Mill Lane,Phoenix,28491,True,True,2023-08-15
4972,2352,1,Billing,Briar Biologics Manufactur HQ,5230 Vine Street,Portland,43083,True,True,2024-03-15
4973,2352,5,Cross-Dock,Briar Biologics Manufactur DC,5278 Crescent Drive,Seattle,59121,False,True,2024-11-02
4974,2352,5,Delivery,Briar Biologics Manufactur Plant,864 Station Road,San Diego,31550,False,True,2024-12-02
4975,2353,7,Billing,Bluevale Biologics Partner HQ,1984 Vine Street,Toronto,14444,True,True,2024-07-15
4976,2354,9,Billing,Solace Nutrition Co-op HQ,308 Station Road,Bristol,EH9 5A,True,True,2023-05-05
4977,2354,5,Cross-Dock,Solace Nutrition Co-op DC,427 Harvester Road,Oakland,75462,False,True,2023-12-09
4978,2354,3,Returns,Solace Nutrition Co-op Plant,8526 Mill Lane,Detroit,83639,False,True,2023-08-07
4979,2355,7,Billing,Granite Biologics Partners HQ,3685 Station Road,LONDON,62268,True,True,2024-11-03
4980,2355,7,Returns,Granite Biologics Partners DC,7949 Market Row,Toronto,54226,False,True,2025-11-05
4981,2356,5,Billing,Trinity Nutrition Supply HQ,4035 Crescent Drive,Los Angeles,14272,True,True,2025-07-05
4982,2357,11,Billing,Harbor Pharma Labs HQ,8519 Mill Lane,Amsterdam,B5 4A,True,True,2023-01-21
4983,2358,4,Billing,Pioneer Cold Foods Labs HQ,286 Marlow Parkway,Las Vegas,62147,True,True,2025-04-28
4984,2359,7,Billing,Everfield Nutrition Manufa HQ,7664 Vine Street,London,19532,True,False,
4985,2359,6,Cross-Dock,Everfield Nutrition Manufa DC,2985 Mill Lane,Dallas,32526,False,True,2024-11-11
4986,2359,7,Delivery,Everfield Nutrition Manufa Plant,4905 Mill Lane,Hamilton,50661,False,True,2023-12-22
4987,2359,7,Production Site,Everfield Nutrition Manufa Annex,3952 Foundry Way,Hamilton,85173,False,False,2024-02-07
4988,2360,2,Billing,Lantern Pet Nutrition Hold HQ,2741 Station Road,Nashville,30491,True,True,2023-01-24
4989,2360,2,Delivery,Lantern Pet Nutrition Hold DC,1266 Vine Street,Atlanta,37188,False,True,2026-02-09
4990,2361,7,Billing,Harbor Floral Logistics Fo HQ,8883 Juniper Avenue,Hamilton,87305,True,True,2026-01-31
4991,2361,1,Returns,harbor floral logistics fo dc,6854 Mill Lane,Hartfodr,59271,False,True,2025-04-06
4992,2361,7,Delivery,Harbor Floral Logistics Fo Plant,1974 Marlow Parkway,Ottawa,78571,False,True,2024-02-15
4993,2361,7,Delivery,Harbor Floral Logistics Fo Annex,7414 Mill Lane,London,76150,False,True,2024-01-02
4994,2362,10,Billing,Helix Floral Logistics Log HQ,5416 Harvester Road,Hamburg,M3 1B,True,True,2023-01-07
4995,2363,11,Billing,Pioneer Nutrition Supply HQ,4348 Harvester Road,Amsterdam,EH1 7B,True,True,2024-11-09
4996,2364,5,Billing,Mosaic Pet Nutrition Co-op HQ,3936 Canal Street,San Diego,85183,True,True,2024-11-11
4997,2365,7,Billing,Everfield Pet Nutrition Su HQ,8714 Station Road,Toronto,48765,True,True,2026-01-26
4998,2365,11,Delivery,everfield pet nutrition su dc,4926 Foundry Way,Amsterdam,M7 3D,False,True,2024-01-23
4999,2366,6,Billing,Crown Meal Systems Mfg HQ,4287 Vine Street,Austin,17389,True,True,2023-09-06
5000,2367,10,Billing,Forge Cold Foods Supply HQ,5690 Crescent Drive,Berlin,SE5 3C,True,True,2025-09-19
5001,2367,10,Returns,Forge Cold Foods Supply DC,7763 Marlow Parkway,Cologne,B8 8B,False,True,2025-12-10
5002,2367,10,Delivery,Forge Cold Foods Supply Plant,1299 Marlow Parkway,Hamburg,EH7 4B,False,True,2023-07-18
5003,2367,10,Cross-Dock,Forge Cold Foods Supply Annex,6419 Harvester Road,Hamburg,EH6 2D,False,True,2023-06-13
5004,2368,11,Billing,Trinity Foods Holdings HQ,2369 Marlow Parkway,Rotterdam,L4 5B,True,True,2025-05-05
5005,2368,11,Delivery,Trinity Foods HoldingsD C,3538 Market Row,Rotterdam,M6 9B,False,True,2025-03-03
5006,2368,11,Returns,Trinity Foods Holdings Plant,9444 Juniper Avenue,Rotterdam,B2 1B,False,True,
5007,2369,8,Billing,Helix Pet Nutrition Group HQ,5123 Market Row,Montreal,91584,True,True,2025-06-03
5008,2369,1,Production Site,Helix Pet Nutrition Group DC,9488 Marlow Parkway,Newark,77693,False,True,2026-01-13
5009,2369,1,Delivery,Helix Pet Nutrition Group Plant,4921 Juniper Avenue,Portland,65043,False,True,2025-05-21
5010,2369,1,Production Site,Helix Pet Nutrition Group Annex,8061 Mill Lane,Portland,28116,False,True,2025-06-19
5011,2370,3,Billing,Granite Beverage Co-op HQ,8286 Foundry Way,Detroit,17396,True,True,2025-12-18
5012,2370,3,Returns,Granite Beverage Co-op DC,9624 Crescent Drive,Minneapolis,15255,False,True,2026-02-25
5013,2371,8,Billing,Summit Beverage Labs HQ,4293 Harvester Road,Laval,49609,True,True,2024-04-11
5014,2371,8,Delivery,Summit Beverage Labs DC,9512 Market Row,Motnreal,20980,False,True,2023-08-21
5015,2371,8,Delivery,Summit Beverage Labs Plant ,6983 Market Row,Sherrbooke,15041,False,True,
5016,2372,3,Billing,Westline Beverage Co-op HQ,9799 Harvester Road,Detroit,59046,True,True,2025-02-20
5017,2372,3,Delivery,Westline Beverage Co-op DC,7756 Crescent Drive,Detroit,59692,False,True,2026-03-25
5018,2372,3,Returns,Westline Beverage Co-op Plant,422 Vine Street,Columbus,66126,False,True,2023-05-26
5019,2372,3,Delivery,Westline Beverage Co-op Annex,4809 Harvester Road,Columbus,23520,False,True,2025-10-30
5020,2373,6,Billing,Crescent Laboratories Labs HQ,6360 Foundry Way,Houston,90784,True,True,2025-03-21
5021,2374,8,Billing,Ardent Pet Nutrition Group HQ,5933 Ridgeview Road,Montreal,19589,True,True,2025-07-11
5022,2374,7,Cross-Dock,Ardent Pet Nutrition Group DC,4604 Foundry Way,Torotno,27534,False,True,2023-02-20
5023,2374,8,Cross-Dock,Ardent Pet Nutrition Group Plant,8353 Marlow Parkway,Quebec City,62815,False,False,
5024,2374,8,Delivery,Ardent Pet Nutrition Group Annex,5666 Canal Street,Montreal,59217,False,True,2023-04-21
5025,2375,4,Billing,Cardinal Laboratories Hold HQ,5797 Crescent Drive,Las Vegas,26888,True,True,2026-03-07
5026,2376,11,Billing,Riverbend Nutrition Group HQ,9832 Marlow Parkway,Eindhoven,M4 8C,True,True,2024-09-09
5027,2376,11,Delivery,Riverbend Nutrition Group DC,9326 Ridgeview Road,Amsterdam,SE4 6B,False,True,2024-01-26
5028,2376,11,Production Site,Riverbend Nutrition Group Plant,5226 Juniper Avenue,Rotterdam,EH1 2B,False,True,2024-09-05
5029,2377,6,Billing,Everfield Meal Systems Lab HQ,9072 Canal Street,Houston,83703,True,True,2023-07-21
5030,2377,6,Cross-Dock,Everfield Meal Systems Lab DC,268 Juniper Avenue,Dallas,23863,False,True,2025-07-08
5031,2377,6,Cross-Dock,everfield meal systems lab plant,5947 Ridgeview Road,Austin,33387,False,True,2023-02-13
5032,2378,6,Billing,Westline Seafood Partners HQ,8499 Ridgeview Road,Houston,54519,True,False,2025-03-20
5033,2379,10,Billing,Riverbend Floral Logistics HQ,8098 Harvester Road,Cologne,L9 3B,True,True,2023-10-28
5034,2379,10,Cross-Dock,Riverbend Floral Logistics DC,1546 Foundry Way,Munich,EH5 8B,False,True,2025-07-17
5035,2379,8,Returns,Riverbend Floral Logistics Plant,8668 Canal Street,Sherbrooke,32146,False,True,2024-08-11
5036,2380,2,Billing,Keystone Dairy Logistics HQ,5632 Mill Lane,Nashville,38457,True,True,2025-05-23
5037,2380,2,Production Site,Keystone Dairy Logistics DC,5889 Dockside Lane,Nashville,50101,False,True,2023-01-12
5038,2381,6,Billing,Lakeside Meal Systems Supp HQ,2990 Harvester Road,Austin,58207,True,True,
5039,2381,6,Returns,Lakeside Meal Systems Supp DC,4192 Harvester Road,Dallas,40618,False,True,2026-02-13
5040,2381,6,Returns,Lakeside Meal Systems Supp Plant,7028 Juniper Avenue,San Antonio,81139,False,False,2025-01-06
5041,2382,10,Billing,Cedar Foods Manufacturing HQ,3944 Canal Street,Hamburg,SE6 4B,True,True,2024-11-04
5042,2382,1,Returns,Cedar Foods Manufacturing DC,3972 Station Road,Hartford,79753,False,False,2024-01-20
5043,2382,1,Delivery,Cedar Foods Manufacturing Plant,3552 Juniper Avenue, Newark,37402,False,True,2026-01-15
5044,2383,5,Billing,Oakmont Pharma Holdings HQ,587 Market Row,San Diego,70530,True,True,2025-07-14
5045,2383,11,Returns,Oakmont Pharma Holdings DC,1533 Mill Lane,Eindhoven,M3 4D,False,True,2026-01-12
5046,2383,11,Returns,Oakmont Pharma Holdings Plant,7688 Marlow Parkway,Utrecht,EH6 4D,False,True,2025-02-12
5047,2383,11,Production Site,Oakmont Pharma Holdings Annex ,4893 Mill Lane,Eindhoven,SE5 9A,False,True,2025-04-06
5048,2384,2,Billing,Bluevale Laboratories Labs HQ,7504 Canal Street,Charlotte,36685,True,True,
5049,2385,4,Billing,Lakeside Meal Systems Grou HQ,644 Dockside Lane,Las Vegas,31045,True,True,2026-03-25
5050,2385,4,Production Site,Lakeside Meal Systems Grou DC,359 Vine Street,Denver,72530,False,True,2023-09-21
5051,2385,4,Cross-Dock,Lakeside Meal Systems Grou Plant,2012 Juniper Avenue,Albuquerque,99420,False,True,2024-11-26
5052,2386,6,Billing,Riverbend Biologics Foods HQ,5220 Station Road,San Antonio,38885,True,True,2023-07-26
5053,2386,6,Production Site,Riverbend Biologics Foods DC,9395 Dockside Lane,San Antonio,23710,False,True,2025-08-06
5054,2387,2,Billing, Briar Specialty Produce L HQ,9468 Market Row,Nashville,94023,True,True,2023-01-26
5055,2388,9,Billing,Granite Floral Logistics L HQ,2587 Marlow Parkway,Manchester,B4 5B,True,True,2025-10-01
5056,2388,9,Production Site,Granite Floral Logistics L DC,710 Crescent Drive,Bristol,SE1 8B,False,True,2023-03-23
5057,2388,9,Delivery,Granite Floral Logistics L Plant,3062 Station Road,Manchester,B1 5D,False,True,2023-08-25
5058,2389,5,Billing,Northwind Foods Supply HQ,3563 Market Row,Los Angeles,56281,True,True,2026-02-05
5059,2389,5,Returns,Northwind Foods Supply DC,2597 Dockside Lane,Oakland,91848,False,True,2024-06-25
5060,2389,5,Delivery,Northwind Foods Supply Plant,1838 Mill Lane,Oakland,28974,False,True,2024-06-23
5061,2389,5,Production Site,Northwind Foods Supply Annex,3549 Harvester Road,Seattle,58467,False,True,2025-09-28
5062,2390,7,Billing,Northwind Floral Logistics HQ,1147 Juniper Avenue,Ottawa,28547,True,True,
5063,2390,7,Returns,Northwind Floral Logistics DC,9950 Canal Street,Ottawa ,80914,False,True,2023-06-04
5064,2390,7,Cross-Dock,Northwind Floral Logistics Plant,4283 Juniper Avenue,Ottawa,50297,False,True,2024-07-28
5065,2390,7,Production Site,Northwind Floral Logistics Annex,42 Foundry Way,ottawa,37169,False,True,2026-01-12
5066,2391,1,Billing,Granite Floral Logistics M HQ,7134 Ridgeview Road,Hartford,70961,True,True,2025-07-02
5067,2391,1,Returns,Granite Floral Logistics M DC,5072 Canal Street,Boston,47292,False,False,2026-01-07
5068,2391,1,Production Site,Granite Floral Logistics M Plant,6458 Market Row,Boston,82352,False,False,2023-01-12
5069,2391,1,Delivery,Granite Floral Logistics M Annex,9534 Canal Street,Boston,17533,False,True,2024-08-25
5070,2392,3,Billing,Forge Biologics Distributi HQ,508 Harvester Road,Detroit,29934,True,True,2025-07-08
5071,2392,2,Cross-Dock,Forge Biologics Distributi DC,1518 Market Row,Orlando,53713,False,True,2024-08-19
5072,2393,11,Billing,Meridian Dairy Supply HQ,9354 Marlow Parkway,Rotterdam,L1 9C,True,True,2025-09-27
5073,2393,7,Production Site,Meridian Dairy Supply DC,8819 Harvester Road,Ottawa,43375,False,True,
5074,2393,7,Delivery,Meridian Dairy Supply Plant,2171 Ridgeview Road,London,22912,False,True,2025-08-12
5075,2394,8,Billing,Helix Cold Foods Dist. HQ,5096 Marlow Parkway,Laval,88303,True,True,2023-12-01
5076,2394,9,Cross-Dock,Helix Cold Foods Dist. DC,4554 Harvester Road,Manchester,EH1 9D,False,True,2023-10-27
5077,2395,3,Billing,Lakeside Cold Foods Co-op HQ,2412 Station Road,Minneapolis,34283,True,True,2024-05-10
5078,2396,8,Billing,Briar Cold Foods Foods HQ,5277 Marlow Parkway,Quebec City,84962,True,True,2023-08-11
5079,2396,8,Returns,Briar Cold Foods Foods DC,7308 Foundry Way,Sherbrooke,45695,False,True,2025-07-17
5080,2396,8,Delivery,Briar Cold Foods Foods Plant,5383 Crescent Drive,Laval,98040,False,True,2024-01-25
5081,2397,9,Billing,Crescent Cold Foods Labs HQ,1644 Foundry Way,London,B7 6A,True,True,2025-11-03
5082,2398,5,Billing,Crescent Nutrition Labs HQ,8184 Mill Lane,Los Angeles,88910,True,True,2026-01-02
5083,2398,5,Production Site,Crescent Nutrition Labs DC,3856 Station Road,Oakland,83524,False,True,2023-06-03
5084,2399,10,Billing,Solace Foods Foods HQ,9968 Dockside Lane,Hamburg,SE6 7D,True,True,2024-05-22
5085,2399,11,Delivery,Solace Foods Foods DC,8329 Station Road,Amsterdam,M9 4C,False,True,2024-07-16
5086,2399,2,Cross-Dock,Solace Foods Foods Plant,8755 Juniper Avenue,charlotte,36496,False,True,2023-09-28
5087,2399,10,Production Site,Solace Foods Foods Annex,4462 Ridgeview Road,Cologne,M2 1D,False,False,2023-01-06
5088,2400,11,Billing, Cedar Biologics Distribut HQ,5809 Canal Street,Utrecht ,SE7 3D,True,True,2023-04-26
5089,2400,11,Returns, Cedar Biologics Distribut DC,420 Market Row,Amsterdam,SE4 3A,False,True,2025-05-11
5090,2400,11,Delivery, Cedar Biologics Distribut Plant,969 Mill Lane,Eindhoven,SE8 2D,False,False,2024-09-13
5091,2400,9,Production Site, Cedar Biologics Distribut Annex,3481 Crescent Drive,Bristol,L6 8B,False,True,2025-06-03
5092,2401,3,Billing,Mosaic Meal Systems Dist. HQ,9877 Crescent Drive,Chicago,43942,True,True,2025-05-16
5093,2402,11,Billing,Vantage Pharma Group HQ,9049 Crescent Drive,Eindhoven,B9 2B,True,False,2023-08-09
5094,2403,4,Billing,Briar Pharma Foods HQ,5613 Station Road,LAS VEGAS,36118,True,True,2024-06-15
5095,2403,4,Production Site,Briar Pharma Foods DC,1687 Canal Street,Las Vegas,79166,False,True,2025-02-21
5096,2404,5,Billing,Westline Meal Systems Supp HQ,7030 Marlow Parkway,San Diego,35771,True,True,2024-08-21
5097,2405,9,Billing,Lakeside Pharma Logistics HQ,3509 Harvester Road,Manchester,M1 5B,True,True,2025-10-14
5098,2405,9,Production Site,Lakeside Pharma Logistics DC,6595 Market Row,Leeds,L3 5B,False,True,2024-04-24
5099,2405,3,Returns,Lakeside Pharma Logistics Plant,44 Juniper Avenue,Chicago,23107,False,True,2025-01-26
5100,2405,9,Returns,Lakeside Pharma Logistics Annex,2705 Ridgeview Road,London,SE4 4B,False,False,2025-02-14
5101,2406,8,Billing,Westline Meal Sytsems Food HQ,5799 Ridgeview Road,Montreal,78013,True,True,2024-04-04
5102,2407,1,Billing,Oakmont Beverage Distribut HQ,269 Dockside Lane,Boston,59530,True,False,2023-04-13
5103,2408,8,Billing,Mosaic Meal Systems Partne HQ,9072 Marlow Parkway,Quebec City,80702,True,True,2024-11-06
5104,2408,8,Production Site,Mosaic Meal Systems Partne DC,815 Mill Lane,Sherbrooke,15843,False,True,2025-07-21
5105,2409,10,Billing,Cedar Nutrition Holdings HQ,2184 Vine Street,Hamburg,B7 4D,True,True,2024-01-28
5106,2410,9,Billing, KEYSTONE BIOLOGICS MANUFA HQ,901 Dockside Lane,Bristol,SE2 9D,True,True,2024-12-01
5107,2411,8,Billing,Crown Laboratories Partner HQ,2518 Foundry Way,Montreal,15179,True,True,
5108,2411,2,Production Site,Crown Laboratories Partner DC,5645 Juniper Avenue,Charlotte,47849,False,True,2023-04-02
5109,2411,8,Returns,Crown Laboratories Partner Plant,25 Canal Street,Quebec City,46144,False,True,2024-05-11
5110,2412,7,Billing,Cobalt Pet Nutrition Holdi HQ,1943 Dockside Lane,Hamilton,35788,True,True,2024-02-14
5111,2412,7,Returns,Cobalt Pet Nutrition Holdi DC,7955 Station Road,London,77297,False,True,2023-04-01
5112,2412,8,Cross-Dock,Cobalt Pet Nutrition Holdi Plant,8175 Canal Street,Montreal,32140,False,True,2025-06-04
5113,2412,7,Production Site,Cobalt Pet Nutrition Holdi Annex,5197 Juniper Avenue,London,39563,False,False,2023-07-26
5114,2413,5,Billing,Cedar Floral Logistics Par HQ,2894 Mill Lane,Seattle,45405,True,True,2023-02-17
5115,2414,5,Billing,Solace Laboratories Logist HQ,3712 Ridgeview Road,Seattle,95949,True,True,2026-01-05
5116,2415,10,Billing,Aster Dairy Foods HQ,9827 Ridgeview Road,Hamburg,SE4 4B,True,True,2024-12-20
5117,2415,4,Cross-Dock,Aster Dairy Foods DC,4629 Canal Street,Albuquerque,32786,False,True,2025-01-12
5118,2416,6,Billing,Cedar Seafood Logistics HQ,5145 Vine Street,Austin,39800,True,True,2025-09-23
5119,2416,6,Returns,Cedar Seafood Logistics DC,7102 Dockside Lane,Austin,97504,False,True,2025-02-28
5120,2416,6,Returns,Cedar Seafood Logistics Plant,4808 Harvester Road,San Antonio,55837,False,True,2024-03-05
5121,2417,4,Billing,Lantern Floral Logistics P HQ,4480 Canal Street,Denver,91054,True,False,2023-04-30
5122,2418,1,Billing,Trinity Specialty Produce  HQ,8071 Harvester Road,Portland,99884,True,True,2023-07-20
5123,2418,6,Cross-Dock,Trinity Specialty Produce  DC,5641 Juniper Avenue,San Antonio,60666,False,True,2023-08-21
5124,2419,3,Billing,Briar Dairy Partners HQ,8452 Ridgeview Road,Minneapolis,57628,True,True,2025-12-17
5125,2419,3,Returns,Briar Dairy Partners DC,4793 Marlow Parkway,Columbus,81985,False,True,2024-04-25
5126,2419,3,Returns,Briar Dairy Partners Plant,2318 Juniper Avenue,Detroit,27906,False,True,2023-02-14
5127,2420,9,Billing,Westline Floral Logistics  HQ,5125 Juniper Avenue,Manchester,EH3 7B,True,True,2025-05-13
5128,2420,7,Production Site,Westline Floral Logistics  DC,7383 Station Road,London ,87183,False,True,2026-03-01
5129,2420,7,Production Site,Westline Floral Logistics  Plant,7945 Crescent Drive,Ottawa,39517,False,True,2024-02-09
5130,2420,1,Cross-Dock,Westline Floral Logistics  Annex,5747 Harvester Road,Boston,64085,False,True,2025-02-23
5131,2421,4,Billing,CRESCENT FLORAL LOGISTICS  HQ,8984 Marlow Parkway,Las Vegas,91282,True,False,2023-05-31
5132,2421,6,Delivery,CRESCENT FLORAL LOGISTICS  DC ,1894 Crescent Drive,Dallas,95925,False,False,2025-05-19
5133,2421,3,Cross-Dock,CRESCENT FLORAL LOGISTICS  Plant,4153 Market Row,Columbus,35633,False,True,2025-12-24
5134,2421,4,Delivery,CRESCENT FLORAL LOGISTICS  Annex,6418 Canal Street,Phoenix,87330,False,False,2025-12-03
5135,2422,4,Billing,Mosaic Pharma Co-op HQ,4334 Marlow Parkway,Las Vegas,15252,True,True,2025-05-27
5136,2422,6,Returns,Mosaic Pharma Co-op DC,4813 Vine Street,Houston,28361,False,True,2023-02-22
5137,2422,6,Cross-Dock,Mosaic Pharma Co-op Plant,8506 Harvester Road,San Antonio,37734,False,True,2025-04-02
5138,2422,6,Delivery,Mosaic Pharma Co-op Annex,9642 Juniper Avenue,Austin,90271,False,True,2025-03-10
5139,2423,2,Billing,Helix Nutrition Co-op HQ,7748 Marlow Parkway,Atlanta,85203,True,True,2025-09-11
5140,2424,1,Billing,Oakmont Pharma Partners HQ,1786 Mill Lane,hartford,24299,True,True,2025-12-18
5141,2425,2,Billing,Summit Dairy Partners HQ,9054 Harvester Road,Atalnta,24578,True,True,2024-10-02
5142,2425,2,Cross-Dock,Summit Dairy Partners DC,8194 Canal Street,Atlanta,97278,False,True,
5143,2425,2,Cross-Dock,Summit Dairy Partners Plant,9477 Marlow Parkway,Orlando,67375,False,True,2025-03-22
5144,2426,5,Billing,Meridian Foods Co-op  HQ,5295 Market Row,San Diego,69677,True,False,2023-04-30
5145,2426,5,Cross-Dock,Meridian Foods Co-op  DC,2770 Juniper Avenue,Oakland,95420,False,True,2023-07-03
5146,2426,9,Returns,Meridian Foods Co-op  Plant,3717 Juniper Avenue,Manchester,SE6 5C,False,True,2025-03-27
5147,2427,5,Billing, Vantage Meal Systems Labs HQ,2668 Mill Lane,Seattle,23999,True,True,
5148,2427,5,Production Site, Vantage Meal ySstems Labs DC,5609 Juniper Avenue,San Diego,81593,False,True,2023-08-17
5149,2427,8,Returns, Vantage Meal Systems Labs Plant,5595 Foundry Way,Montreal,36319,False,True,2023-03-05
5150,2428,5,Billing, Granite Floral Logistics  HQ,4441 Crescent Drive,San Diego,81957,True,True,2023-11-14
5151,2429,4,Billing, Pioneer Seafood Partners HQ,5092 Station Road,Las Vegas,13667,True,False,2023-09-05
5152,2429,4,Delivery, Pioneer Seafood Partners DC,5880 Ridgeview Road,Phoenix,37346,False,False,2024-10-03
5153,2430,4,Billing,Brightwell Dairy Foods HQ,4450 Vine Street,Albuquerque,70553,True,True,2025-10-08
5154,2431,4,Billing,Brightwell Laboratories La HQ,1780 Dockside Lane,Albuquerque,39621,True,True,2025-03-16
5155,2431,4,Returns,Brightwell Laboratories La DC,1153 Station Road,Las Vegas,79125,False,False,2023-03-26
5156,2432,5,Billing, GRANITE INGREDIENTS GROUP HQ,8341 Market Row,Oakland,89018,True,True,2023-02-27
5157,2432,5,Cross-Dock, GRANITE INGREDIENTS GROUP DC,4611 Station Road,Oakland,66526,False,True,2025-03-01
5158,2433,10,Billing, Harbor Sefaood Co-op HQ,4161 Crescent Drive,Cologne,EH6 8D,True,True,2024-09-22
5159,2433,10,Returns, Harbor Seafood Co-op DC,6081 Vine Street,Munich,M1 4C,False,True,2023-03-28
5160,2434,5,Billing,Northwind Foods Foods  HQ,8622 Canal Street,San Diego,32596,True,True,2024-09-02
5161,2434,5,Returns,Northwind Foods Foods  DC,2254 Foundry Way,Oakland,59059,False,True,2026-02-05
5162,2435,4,Billing, Oakmont eBverage Foods HQ,5924 Market Row,Denver,48591,True,True,2023-05-22
5163,2435,4,Cross-Dock, Oakmont Beverage Foods DC,9740 Dockside Lane,Phoenix,55077,False,True,2025-02-14
5164,2436,6,Billing,Solace Pet Nutrition Suppl HQ,9415 Canal Street,Austin,39220,True,True,2023-10-14
5165,2436,6,Delivery,Solace Pet Nutrition Suppl DC,4275 Ridgeview Road,San Antonio,58497,False,True,2023-01-19
5166,2436,6,Delivery,Solace Pet Nutrition Suppl Plant,6387 Vine Street,San Antonio,24345,False,True,2024-12-28
5167,2437,10,Billing,Lakeside Pharma Logistics HQ,2419 Canal Street,Hamburg,EH9 8A,True,True,2025-01-08
5168,2438,6,Billing,Astre Pharma Co-op HQ,3615 Foundry Way,Houston,62893,True,True,2023-05-17
5169,2438,4,Production Site,Astre Pharma Co-op DC,4825 Crescent Drive,Las Vegas,95792,False,True,2023-10-18
5170,2439,1,Billing,Aster Biologics Holdings  HQ,3587 Marlow Parkway,Hartford,55805,True,True,
5171,2440,11,Billing,Ardent Laboratories Supply HQ,3462 Dockside Lane,Amsterdam,SE3 7B,True,True,2025-12-31
5172,2440,11,Delivery,Ardent Laboratories Supply DC,3543 Mill Lane,Eindhoven,L5 3D,False,False,
5173,2441,8,Billing,meridian specialty produce HQ,2347 Dockside Lane,Laval,67324,True,True,2025-02-07
5174,2442,1,Billing,LANTERN INGREDIENTS PARTNE HQ,7808 Crescent Drive,Portland,35253,True,True,2025-03-24
5175,2442,5,Returns,LANTERN INGREDIENTS PARTNE DC,2652 Dockside Lane,Oakland,92409,False,True,2025-04-10
5176,2442,5,Cross-Dock,LANTERN INGREDIENTS PARTNE Plant,4400 Harvester Road,San Diego,30290,False,True,2025-08-31
5177,2442,5,Returns,LANTERN INGREDIENTS PARTNE Annex,6237 Foundry Way,Oakland,78987,False,True,2026-01-07
5178,2443,11,Billing,meridian seafood supply HQ,8764 Ridgeview Road,Utrecht,SE9 7D,True,True,2025-08-25
5179,2443,6,Production Site,meridian seafood supply DC,8062 Mill Lane,Austin,21230,False,False,2024-12-16
5180,2443,11,Production Site,meridian seafood supply Plant,1956 Crescent Drive, Utrecht,B6 2A,False,True,2023-08-27
5181,2443,11,Returns,meridian seafood supply Annex,4056 Mill Lane,Amsterdam,M2 6A,False,True,2025-04-06
5182,2444,7,Billing,Brightwell Specialty Produ HQ,7201 Canal Street,Ottawa,33227,True,False,2025-07-01
5183,2444,7,Delivery,Brightwell Specialty Produ DC,6996 Vine Street,London,22012,False,True,2023-05-31
5184,2444,7,Returns,Brightwell Specialty Produ Plant,2379 Marlow Parkway,Ottawa,74298,False,True,2025-05-28
5185,2444,7,Returns,Brightwell Specialty Produ Annex,9206 Canal Street,London,71418,False,True,2025-04-02
5186,2445,2,Billing, uSmmit Cold Foods Logisti HQ,5132 Station Road,Charlotte,15514,True,True,2025-12-14
5187,2446,4,Billing,solace meal systems co-op HQ,6599 Foundry Way,Denver,97022,True,True,2024-01-31
5188,2446,4,Delivery,solace meal systems co-op DC,9566 Mill Lane,Denver,83517,False,True,2023-09-09
5189,2447,1,Billing,Vantage Seafood Partners HQ,9679 Vine Street,Hartford,80315,True,True,2024-01-25
5190,2447,1,Production Site,Vantage Seafood Partners DC,9330 Vine Street,Portland,48583,False,True,2024-02-22
5191,2447,11,Delivery,Vantage Seafood Partners Plant,1564 Vine Street,Eindhoven,L4 1A,False,True,2024-02-06
5192,2448,11,Billing,Pioneer Beverage Labs HQ,1476 Crescent Drive,Eindhoven,SE8 4D,True,True,2025-07-03
5193,2449,7,Billing,Forge Dairy Group HQ,6760 Station Road,Hamilton,65940,True,True,
5194,2450,8,Billing,Harbor Ingredient sCo-op  HQ,4501 Canal Street,Montreal,48592,True,True,2025-02-24
5195,2450,8,Cross-Dock,Harbor Ingredient sCo-op  DC,997 Market Row,Sherbrooke,23799,False,True,2026-02-27
5196,2450,8,Production Site,Harbor Ingredient sCo-op  Plant,6337 Harvester Road,LAVAL,30902,False,True,2023-08-30
5197,2451,4,Billing,brightwell laboratories co HQ,2881 Dockside Lane,Phoenix,81851,True,True,2023-12-17
5198,2451,4,Returns,brightwell laboratories co DC,1558 Station Road,Denver,46002,False,True,2023-04-10
5199,2452,11,Billing,Meridian Meal Systems Labs HQ,267 Station Road,Rotterdam,SE2 6A,True,True,2024-04-02
5200,2452,3,Delivery,Meridian Meal Systems Labs DC,5954 Canal Street,Columbus,24674,False,True,2023-07-06
5201,2453,9,Billing,Solace Pet uNtrition Manuf HQ,885 Crescent Drive,Manchester,B2 8A,True,True,2023-09-14
5202,2453,9,Returns,Solace Pet uNtrition Manuf DC,2454 Marlow Parkway,Leeds,M7 5D,False,True,2024-08-01
5203,2453,9,Production Site,Solace Pet uNtrition Manuf Plant,1068 Foundry Way,Bristol,M3 4B,False,True,2026-03-22
5204,2454,2,Billing,VANTAGE MEAL SYSTEMS LABS HQ,6444 Juniper Avenue,nashville,18558,True,True,2023-01-02
5205,2454,2,Production Site,VANTAGE MEAL SYSTEMS LABS DC,3195 Foundry Way,Orlando,69738,False,True,2026-01-08
5206,2454,2,Returns,VANTAGE MEAL SYSTEMS LABS Plant,1881 Harvester Road, Orlando,88385,False,True,2026-01-02
5207,2455,9,Billing,Lakeside Floral Logistics  HQ,382 Ridgeview Road,Bristol,B1 2D,True,False,2026-01-19
5208,2455,9,Returns,Lakeside Floral Logistics  DC,2350 Station Road,Leeds,SE1 8B,False,True,2026-01-15
5209,2455,9,Cross-Dock,Lakeside Floral Logistics  Plant,7794 Mill Lane,Leeds,M9 4B,False,True,2023-02-24
5210,2456,1,Billing,Orhcard Meal Systems Partn HQ,3877 Crescent Drive,Portland,62454,True,True,2025-02-03
5211,2456,4,Cross-Dock,Orhcard Meal Systems Partn DC,7875 Mill Lane,Phoenix,48741,False,True,2024-03-31
5212,2457,2,Billing, Crown Biologics Logistics HQ,4131 Vine Street,ORLANDO,19224,True,False,
5213,2457,10,Returns, Crown Biologics Logistics DC,1535 Station Road,Hamburg,SE2 8A,False,True,2025-04-04
5214,2457,10,Cross-Dock, Crown Biologics Logistics Plant,4826 Crescent Drive,Hamburg,L6 3C,False,True,2024-07-27
5215,2457,2,Delivery, Crown Biologics Logistics Annex,6056 Foundry Way,Nashville,28657,False,True,2024-10-16
5216,2458,11,Billing,Lantern Nutrition Holdings HQ,1457 Marlow Parkway,Amsterdam,SE8 2C,True,True,2025-04-16
5217,2459,4,Billing,Brightwell Seafood Labs  HQ,3857 Market Row,Las Vegas,37943,True,True,2025-02-18
5218,2459,2,Cross-Dock,Brightwell Seafood Labs  DC,5871 Market Row,Charlotte,54123,False,True,
5219,2459,2,Returns,Brightwell Seafood Labs  Plant,3901 Vine Street,Atlanta,23244,False,False,2025-09-19
5220,2459,2,Returns,Brightwell Seafood Labs  Annex,8140 Foundry Way,Orlando,74299,False,True,2025-01-06
5221,2460,2,Billing,Briar Floral Logistics Par HQ,8836 Canal Street,Nashville,63047,True,True,2025-04-21
5222,2460,2,Returns,Briar Floral Logistics Par DC,9173 Dockside Lane,Nashville,69099,False,True,2023-12-08
5223,2460,2,Delivery,Briar Floral Logistcis Par Plant,4469 Harvester Road,Orlando,77173,False,True,2023-04-13
5224,2460,2,Production Site,Briar Floral Logistics Par Annex,8874 Marlow Parkway,Nashville,95280,False,True,
5225,2461,11,Billing,Lantern Dairy Group  HQ,1832 Marlow Parkway,Utrecht,B8 1B,True,True,2025-11-10
5226,2461,11,Cross-Dock,Lantern Dairy Group  DC,6218 Mill Lane,Amsterdam,M9 2D,False,True,
5227,2461,11,Delivery,Lantern Dairy Group  Plant,2634 Station Road,Amsterdam,L8 1D,False,True,2026-03-15
5228,2461,11,Cross-Dock,Lantern Dairy Group  Annex,4767 Market Row,Eindhoven,L2 1C,False,True,2023-07-06
5229,2462,2,Billing,Aster Pharma Partners HQ,1239 Ridgeview Road,Nashville,16215,True,True,2024-07-22
5230,2462,6,Cross-Dock,Aster Pharma Partners DC,2042 Market Row,San Antonio,25074,False,True,2023-07-07
5231,2462,2,Returns,Aster Pharma Partners Plant,2216 Dockside Lane,Nashville,56056,False,True,2024-01-01
5232,2463,9,Billing,ARDENT COLD FOODS LABS HQ,4564 Canal Street,Leeds,L4 4D,True,True,2024-10-18
5233,2463,5,Cross-Dock,ARDENT COLD FOODS LABS DC,9350 Harvester Road,Oakland,11918,False,True,2023-03-30
5234,2463,8,Cross-Dock,ARDENT COLD FOODS LABS Plant,4899 Foundry Way,Sherbrooke,15172,False,True,2024-09-02
5235,2464,8,Billing,Pioneer Seafood Partners HQ,8123 Vine Street,Sherbrooke,24884,True,True,2023-09-27
5236,2464,8,Cross-Dock,Pioneer Seafood Partners DC,4400 Harvester Road,Sherbrooke,76167,False,True,2023-11-30
5237,2464,8,Cross-Dock,PIONEER SEAFOOD PARTNERS PLANT,2753 Vine Street,Laval,64359,False,True,2023-09-24
5238,2465,6,Billing,Briar Pet Nutrition Co-op  HQ,9068 Foundry Way,Houston,73474,True,True,2024-01-05
5239,2465,6,Production Site,Briar Pet Nutrition Co-op  DC,3254 Marlow Parkway,Austin,92335,False,True,2026-02-18
5240,2466,6,Billing,Crescent Dairy Labs  HQ,5600 Canal Street,Houston,80711,True,True,2024-02-21
5241,2467,8,Billing, Ardent Biologics Foods HQ,3860 Canal Street,Laval,67886,True,True,2026-01-02
5242,2468,9,Billing,Granite Spceialty Produce  HQ,5252 Vine Street,Bristol,EH1 7C,True,True,2025-01-10
5243,2468,9,Delivery,Granite Spceialty Produce  DC,8534 Mill Lane,Bristol,M8 2D,False,True,2024-05-27
5244,2469,8,Billing,brightwell laboratories la HQ,4158 Station Road,Montreal,10943,True,True,2024-12-17
5245,2470,11,Billing, Brightwell Seafood Partne HQ,6876 Ridgeview Road,Eindhoven,L9 7A,True,True,2025-04-16
5246,2470,11,Production Site, Brightwell Seafood Partne DC,7771 Vine Street,Utrecht,SE7 1C,False,True,2024-08-26
5247,2471,7,Billing,Solace Pet Nutrition Suppl HQ,7375 Market Row,Hamilton,46964,True,True,2023-05-18
5248,2471,7,Cross-Dock,Solace Pet Nutrition Suppl DC,3413 Mill Lane,Hamilton,44426,False,True,2024-07-16
5249,2472,7,Billing,briar nutrition logistics HQ,4325 Ridgeview Road,Hamilton,32985,True,True,2024-09-01
5250,2472,7,Cross-Dock,briar nutrition logistics DC,9162 Dockside Lane, London,69440,False,True,2024-04-11
5251,2472,6,Delivery,briar nutrition logistics Plant,8371 Station Road,Houston,41585,False,True,2025-07-25
5252,2473,8,Billing,GRANITE FLORAL LOGISTICS L HQ,3171 Canal Street,Montreal,76325,True,True,2023-03-02
5253,2473,8,Production Site,GRANITE FLORAL LOGISTICS L DC,1935 Vine Street,Quebec City,60339,False,True,2023-02-17
5254,2473,8,Cross-Dock,GRANITE FLORAL LOGISTICS L Plant,154 Foundry Way,Laval,68644,False,True,2025-05-26
5255,2474,5,Billing,KEYSTONE LABORATORIES CO-O HQ,9699 Market Row,Los Angeles,68884,True,True,2025-06-17
5256,2474,5,Returns,KEYSTONE LABORATORIES CO-O DC,4173 Canal Street,Oakland,59129,False,True,2024-01-27
5257,2474,5,Delivery,KEYSTONE LABORATORIES CO-O Plant,8443 Juniper Avenue,San Diego,71466,False,True,2023-12-11
5258,2475,10,Billing,Mosaic Pet Nutrition Logis HQ,1112 Dockside Lane,Cologne,SE7 6A,True,False,2024-03-14
5259,2476,1,Billing,Brightwell Dairy Partners  HQ,4815 Dockside Lane,Portland,75814,True,True,2024-06-02
5260,2477,5,Billing, Riverbend Pet Nutrition S HQ,9202 Marlow Parkway,Oakland,98490,True,True,2024-04-03
5261,2477,5,Delivery, Riverbend Pet Nutrition S DC,930 Canal Street,Los Angeles,15259,False,True,2025-01-10
5262,2477,4,Production Site, Riverbend Pet Nutrition S Plant,7047 Market Row,Phoenix,88938,False,False,2025-03-21
5263,2477,5,Returns, Riverbend Pet Nutrition S Annex,3005 Market Row,San Diego ,97017,False,True,
5264,2478,7,Billing,Crown Foods Manufacturing HQ,8761 Harvester Road,Hamilton,29369,True,True,2026-01-17
5265,2478,7,Production Site,Crown Foods Manufacturing DC,208 Harvester Road,London,56243,False,True,2024-10-13
5266,2479,5,Billing,Grnaite Biologics Supply HQ,1855 Canal Street,San Diego,14128,True,True,2025-11-29
5267,2479,5,Returns,Grnaite Biologics Supply DC,1987 Market Row,Los Angeles,73903,False,True,2025-06-20
5268,2479,5,Cross-Dock,Grnaite Biologics Supply Plant,3897 Canal Street,Oakland,56850,False,True,2025-06-18
5269,2480,10,Billing,PIONEER LABORATORIES CO-OP HQ,1425 Station Road,Hamburg,M2 3B,True,True,
5270,2481,7,Billing,Cardinal Cold Foods Logist HQ,6387 Canal Street,Hamilton,47502,True,True,2023-10-26
5271,2481,9,Delivery,Cardinal Cold Foods Logist DC,6612 Vine Street,London,L5 9B,False,False,2025-06-01
5272,2481,9,Delivery,Cardinal Cold Foods Logist Plant,2539 Foundry Way,London,SE6 6B,False,True,2023-08-15
5273,2482,1,Billing,Ardent BiologicsF oods HQ,3302 Canal Street,Portland,40743,True,True,2023-04-18
5274,2482,1,Cross-Dock,Ardent BiologicsF oods DC,9742 Canal Street,Newark,84646,False,True,
5275,2483,5,Billing, Cobalt Pet Nutrition Foods HQ,3758 Harvester Road,San Diego,23261,True,True,2024-08-25
5276,2483,5,Returns,Cobalt Pet Nutrition Foods DC,4522 Canal Street,Seattle,19564,False,True,
5277,2483,5,Production Site,Cobalt Pet Nutrition Foods Plant,2287 Harvester Road,Seattle,59049,False,True,2023-09-10
5278,2484,8,Billing,Harobr Pharma Group HQ,2031 Station Road,Quebec City,77569,True,True,2026-03-17
5279,2484,8,Production Site,Harobr Pharma Group DC,2200 Juniper Avenue,Montreal,45808,False,True,2025-08-17
5280,2485,8,Billing,Westline Seafood Patrners HQ,4627 Ridgeview Road,Sherbrooke,28935,True,True,2025-04-25
5281,2486,6,Billing,OAKMONT BIOLOGICS HOLDINGS HQ,9878 Canal Street,San Antonio,32162,True,True,2025-01-15
5282,2487,3,Billing, Pioneer Dairy Dist. HQ,8241 Juniper Avenue,Chicago,38168,True,False,2024-08-18
5283,2487,6,Cross-Dock, Pioneer Dairy Dist. DC,3729 Vine Street,Austin,85107,False,True,2023-10-29
5284,2487,3,Returns, Pioneer Dairy Dist. Plant,1031 Vine Street,Columbus,46336,False,True,2024-07-14
5285,2487,3,Delivery, Pioneer Dairy Dist. Annex,5031 Market Row,Columbus,12494,False,True,2024-11-05
5286,2488,4,Billing,Cardinal Meal Systems Grou HQ,7637 Marlow Parkway,Denver,86943,True,True,2025-06-22
5287,2489,4,Billing,Brightwell Dairy Supply HQ,7147 Marlow Parkway,Las Vegas,40748,True,True,2025-08-17
5288,2490,8,Billing,Keystone Cold Foods Fodos HQ,6248 Canal Street,Montreal,51248,True,True,2024-01-07
5289,2490,8,Cross-Dock,Keystone Cold Foods Fodos DC,7652 Foundry Way,Laval,62515,False,True,2024-04-26
5290,2491,8,Billing,Granite Ingredients Logist HQ,7504 Foundry Way,Quebec City,72584,True,True,2023-09-03
5291,2492,1,Billing,Lantern Nutrition Dist. HQ,7742 Juniper Avenue,PORTLAND,41246,True,True,
5292,2492,1,Cross-Dock,Lantern Nutrition Dist. DC,8433 Foundry Way,Newark,32264,False,True,2025-03-08
5293,2492,1,Production Site,Lantern Nutrition Dist. Plant,5596 Foundry Way,Portland,68582,False,True,2024-05-26
5294,2493,11,Billing,Summit Laboratories Manufa HQ,422 Canal Street,Eindhoven,M8 9C,True,True,2025-08-23
5295,2493,8,Delivery,Summit Laboratories Manufa DC,3738 Vine Street,Montreal,57089,False,True,2023-01-03
5296,2493,8,Returns,Summit Laboratories Manufa Plant,6372 Station Road,Quebec City,47249,False,True,2023-02-05
5297,2493,8,Delivery,Summit Laboratories Manufa Annex,2304 Dockside Lane,Sherbrooke,33506,False,True,2024-07-02
5298,2494,10,Billing,Keystone Florla Logistics  HQ,354 Vine Street,Hamburg,B1 1D,True,True,2024-07-18
5299,2494,1,Cross-Dock,Keystone Florla Logistics  DC,2035 Canal Street,Portland,64794,False,True,2024-06-08
5300,2494,10,Returns,Keystone Florla Logistics  Plant,8941 Canal Street,Berlin,SE7 8A,False,True,
5301,2494,10,Production Site,Keystone Florla Logistics  Annex,3679 Market Row,Munich,SE6 3D,False,True,2025-01-21
5302,2495,5,Billing, Cardinal Cold Foods Logis HQ,1853 Dockside Lane,Seattle,67422,True,True,2025-07-22
5303,2496,6,Billing,VANTAGE COLD FOODS LABS HQ,3518 Station Road,Austin,90727,True,True,2024-11-29
5304,2497,10,Billing, Briar Specialty Produce F HQ,8099 Vine Street,Munich,B1 2B,True,True,2025-05-03
5305,2498,2,Billing, COBALT DAIRY PARTNERS HQ,9092 Canal Street,Charlotte,47387,True,True,2025-12-26
5306,2499,10,Billing,lakeside cold foods supply HQ,3131 Market Row,Hamburg,L6 5A,True,False,2025-07-14
5307,2499,10,Production Site,lakeside cold foods supply DC,7661 Market Row,Munich,M9 6D,False,True,2025-07-24
5308,2499,10,Delivery,lakeside cold foods supply Plant,6120 Crescent Drive,Berlin,M7 1D,False,True,2025-05-21
5309,2500,6,Billing,FORGE FLORAL LOGISTICS PAR HQ,6776 Harvester Road,Houston,16933,True,True,2024-05-26
